# Salamandra provisional fuselage OML
# DRAFT - NOT FOR MANUFACTURE
# family=integrated_spindle authority=[I]
# units=millimetres axes=x_aft,y_starboard,z_up
v -474.700160 5.000000 -5.000000
v -474.700160 4.981437 -4.537499
v -474.700160 4.925878 -4.093882
v -474.700160 4.833715 -3.662532
v -474.700160 4.705597 -3.244559
v -474.700160 4.542425 -2.842050
v -474.700160 4.345345 -2.457376
v -474.700160 4.115737 -2.092971
v -474.700160 3.855201 -1.751231
v -474.700160 3.565546 -1.434454
v -474.700160 3.248769 -1.144799
v -474.700160 2.907029 -0.884263
v -474.700160 2.542624 -0.654655
v -474.700160 2.157950 -0.457575
v -474.700160 1.755441 -0.294403
v -474.700160 1.337468 -0.166285
v -474.700160 0.906118 -0.074122
v -474.700160 0.462501 -0.018563
v -474.700160 0.000000 0.000000
v -474.700160 -0.462501 -0.018563
v -474.700160 -0.906118 -0.074122
v -474.700160 -1.337468 -0.166285
v -474.700160 -1.755441 -0.294403
v -474.700160 -2.157950 -0.457575
v -474.700160 -2.542624 -0.654655
v -474.700160 -2.907029 -0.884263
v -474.700160 -3.248769 -1.144799
v -474.700160 -3.565546 -1.434454
v -474.700160 -3.855201 -1.751231
v -474.700160 -4.115737 -2.092971
v -474.700160 -4.345345 -2.457376
v -474.700160 -4.542425 -2.842050
v -474.700160 -4.705597 -3.244559
v -474.700160 -4.833715 -3.662532
v -474.700160 -4.925878 -4.093882
v -474.700160 -4.981437 -4.537499
v -474.700160 -5.000000 -5.000000
v -474.700160 -4.981437 -5.462501
v -474.700160 -4.925878 -5.906118
v -474.700160 -4.833715 -6.337468
v -474.700160 -4.705597 -6.755441
v -474.700160 -4.542425 -7.157950
v -474.700160 -4.345345 -7.542624
v -474.700160 -4.115737 -7.907029
v -474.700160 -3.855201 -8.248769
v -474.700160 -3.565546 -8.565546
v -474.700160 -3.248769 -8.855201
v -474.700160 -2.907029 -9.115737
v -474.700160 -2.542624 -9.345345
v -474.700160 -2.157950 -9.542425
v -474.700160 -1.755441 -9.705597
v -474.700160 -1.337468 -9.833715
v -474.700160 -0.906118 -9.925878
v -474.700160 -0.462501 -9.981437
v -474.700160 -0.000000 -10.000000
v -474.700160 0.462501 -9.981437
v -474.700160 0.906118 -9.925878
v -474.700160 1.337468 -9.833715
v -474.700160 1.755441 -9.705597
v -474.700160 2.157950 -9.542425
v -474.700160 2.542624 -9.345345
v -474.700160 2.907029 -9.115737
v -474.700160 3.248769 -8.855201
v -474.700160 3.565546 -8.565546
v -474.700160 3.855201 -8.248769
v -474.700160 4.115737 -7.907029
v -474.700160 4.345345 -7.542624
v -474.700160 4.542425 -7.157950
v -474.700160 4.705597 -6.755441
v -474.700160 4.833715 -6.337468
v -474.700160 4.925878 -5.906118
v -474.700160 4.981437 -5.462501
v -465.453908 13.036728 -4.846784
v -465.453908 12.988516 -3.082701
v -465.453908 12.844215 -1.399721
v -465.453908 12.604831 0.233483
v -465.453908 12.272028 1.814035
v -465.453908 11.848117 3.334703
v -465.453908 11.336035 4.786945
v -465.453908 10.739317 6.161866
v -465.453908 10.062067 7.450658
v -465.453908 9.308911 8.644836
v -465.453908 8.484956 9.736402
v -465.453908 7.595719 10.717957
v -465.453908 6.647054 11.582793
v -465.453908 5.645040 12.324966
v -465.453908 4.595814 12.939350
v -465.453908 3.505269 13.421689
v -465.453908 2.378395 13.768633
v -465.453908 1.217177 13.977771
v -465.453908 0.000000 14.047646
v -465.453908 -1.217177 13.977771
v -465.453908 -2.378395 13.768633
v -465.453908 -3.505269 13.421689
v -465.453908 -4.595814 12.939350
v -465.453908 -5.645040 12.324966
v -465.453908 -6.647054 11.582793
v -465.453908 -7.595719 10.717957
v -465.453908 -8.484956 9.736402
v -465.453908 -9.308911 8.644836
v -465.453908 -10.062067 7.450658
v -465.453908 -10.739317 6.161866
v -465.453908 -11.336035 4.786945
v -465.453908 -11.848117 3.334703
v -465.453908 -12.272028 1.814035
v -465.453908 -12.604831 0.233483
v -465.453908 -12.844215 -1.399721
v -465.453908 -12.988516 -3.082701
v -465.453908 -13.036728 -4.846784
v -465.453908 -12.988516 -6.548771
v -465.453908 -12.844215 -8.172511
v -465.453908 -12.604831 -9.748226
v -465.453908 -12.272028 -11.273142
v -465.453908 -11.848117 -12.740283
v -465.453908 -11.336035 -14.141406
v -465.453908 -10.739317 -15.467930
v -465.453908 -10.062067 -16.711356
v -465.453908 -9.308911 -17.863499
v -465.453908 -8.484956 -18.916642
v -465.453908 -7.595719 -19.863646
v -465.453908 -6.647054 -20.698041
v -465.453908 -5.645040 -21.414089
v -465.453908 -4.595814 -22.006846
v -465.453908 -3.505269 -22.472207
v -465.453908 -2.378395 -22.806939
v -465.453908 -1.217177 -23.008715
v -465.453908 -0.000000 -23.076131
v -465.453908 1.217177 -23.008715
v -465.453908 2.378395 -22.806939
v -465.453908 3.505269 -22.472207
v -465.453908 4.595814 -22.006846
v -465.453908 5.645040 -21.414089
v -465.453908 6.647054 -20.698041
v -465.453908 7.595719 -19.863646
v -465.453908 8.484956 -18.916642
v -465.453908 9.308911 -17.863499
v -465.453908 10.062067 -16.711356
v -465.453908 10.739317 -15.467930
v -465.453908 11.336035 -14.141406
v -465.453908 11.848117 -12.740283
v -465.453908 12.272028 -11.273142
v -465.453908 12.604831 -9.748226
v -465.453908 12.844215 -8.172511
v -465.453908 12.988516 -6.548771
v -456.207656 21.515377 -4.276620
v -456.207656 21.436898 -1.361626
v -456.207656 21.201984 1.367288
v -456.207656 20.812199 3.997242
v -456.207656 20.270132 6.531166
v -456.207656 19.579377 8.961222
v -456.207656 18.744494 11.276109
v -456.207656 17.770970 13.463315
v -456.207656 16.665159 15.510093
v -456.207656 15.434207 17.403977
v -456.207656 14.085969 19.133108
v -456.207656 12.628888 20.686454
v -456.207656 11.071837 22.053973
v -456.207656 9.423891 23.226742
v -456.207656 7.693958 24.197054
v -456.207656 5.890083 24.958501
v -456.207656 4.017843 25.506037
v -456.207656 2.075156 25.836023
v -456.207656 0.000000 25.946263
v -456.207656 -2.075156 25.836023
v -456.207656 -4.017843 25.506037
v -456.207656 -5.890083 24.958501
v -456.207656 -7.693958 24.197054
v -456.207656 -9.423891 23.226742
v -456.207656 -11.071837 22.053973
v -456.207656 -12.628888 20.686454
v -456.207656 -14.085969 19.133108
v -456.207656 -15.434207 17.403977
v -456.207656 -16.665159 15.510093
v -456.207656 -17.770970 13.463315
v -456.207656 -18.744494 11.276109
v -456.207656 -19.579377 8.961222
v -456.207656 -20.270132 6.531166
v -456.207656 -20.812199 3.997242
v -456.207656 -21.201984 1.367288
v -456.207656 -21.436898 -1.361626
v -456.207656 -21.515377 -4.276620
v -456.207656 -21.436898 -6.845713
v -456.207656 -21.201984 -9.250807
v -456.207656 -20.812199 -11.568684
v -456.207656 -20.270132 -13.801925
v -456.207656 -19.579377 -15.943624
v -456.207656 -18.744494 -17.983820
v -456.207656 -17.770970 -19.911486
v -456.207656 -16.665159 -21.715388
v -456.207656 -15.434207 -23.384539
v -456.207656 -14.085969 -24.908486
v -456.207656 -12.628888 -26.277508
v -456.207656 -11.071837 -27.482754
v -456.207656 -9.423891 -28.516358
v -456.207656 -7.693958 -29.371530
v -456.207656 -5.890083 -30.042622
v -456.207656 -4.017843 -30.525185
v -456.207656 -2.075156 -30.816014
v -456.207656 -0.000000 -30.913173
v -456.207656 2.075156 -30.816014
v -456.207656 4.017843 -30.525185
v -456.207656 5.890083 -30.042622
v -456.207656 7.693958 -29.371530
v -456.207656 9.423891 -28.516358
v -456.207656 11.071837 -27.482754
v -456.207656 12.628888 -26.277508
v -456.207656 14.085969 -24.908486
v -456.207656 15.434207 -23.384539
v -456.207656 16.665159 -21.715388
v -456.207656 17.770970 -19.911486
v -456.207656 18.744494 -17.983820
v -456.207656 19.579377 -15.943624
v -456.207656 20.270132 -13.801925
v -456.207656 20.812199 -11.568684
v -456.207656 21.201984 -9.250807
v -456.207656 21.436898 -6.845713
v -446.961404 30.995014 -3.241181
v -446.961404 30.884250 0.800775
v -446.961404 30.552646 4.480387
v -446.961404 30.002260 7.990882
v -446.961404 29.236500 11.351371
v -446.961404 28.260088 14.558926
v -446.961404 27.079010 17.603268
v -446.961404 25.700447 20.471198
v -446.961404 24.132689 23.148463
v -446.961404 22.385019 25.620710
v -446.961404 20.467567 27.874049
v -446.961404 18.391104 29.895422
v -446.961404 16.166764 31.672858
v -446.961404 13.805600 33.195669
v -446.961404 11.317850 34.454596
v -446.961404 8.711486 35.441920
v -446.961404 5.988778 36.151554
v -446.961404 3.134904 36.579105
v -446.961404 0.000000 36.721918
v -446.961404 -3.134904 36.579105
v -446.961404 -5.988778 36.151554
v -446.961404 -8.711486 35.441920
v -446.961404 -11.317850 34.454596
v -446.961404 -13.805600 33.195669
v -446.961404 -16.166764 31.672858
v -446.961404 -18.391104 29.895422
v -446.961404 -20.467567 27.874049
v -446.961404 -22.385019 25.620710
v -446.961404 -24.132689 23.148463
v -446.961404 -25.700447 20.471198
v -446.961404 -27.079010 17.603268
v -446.961404 -28.260088 14.558926
v -446.961404 -29.236500 11.351371
v -446.961404 -30.002260 7.990882
v -446.961404 -30.552646 4.480387
v -446.961404 -30.884250 0.800775
v -446.961404 -30.995014 -3.241181
v -446.961404 -30.884250 -6.242260
v -446.961404 -30.552646 -8.974305
v -446.961404 -30.002260 -11.580784
v -446.961404 -29.236500 -14.075886
v -446.961404 -28.260088 -16.457437
v -446.961404 -27.079010 -18.717805
v -446.961404 -25.700447 -20.847191
v -446.961404 -24.132689 -22.835012
v -446.961404 -22.385019 -24.670611
v -446.961404 -20.467567 -26.343674
v -446.961404 -18.391104 -27.844507
v -446.961404 -16.166764 -29.164221
v -446.961404 -13.805600 -30.294880
v -446.961404 -11.317850 -31.229610
v -446.961404 -8.711486 -31.962681
v -446.961404 -5.988778 -32.489572
v -446.961404 -3.134904 -32.807020
v -446.961404 -0.000000 -32.913056
v -446.961404 3.134904 -32.807020
v -446.961404 5.988778 -32.489572
v -446.961404 8.711486 -31.962681
v -446.961404 11.317850 -31.229610
v -446.961404 13.805600 -30.294880
v -446.961404 16.166764 -29.164221
v -446.961404 18.391104 -27.844507
v -446.961404 20.467567 -26.343674
v -446.961404 22.385019 -24.670611
v -446.961404 24.132689 -22.835012
v -446.961404 25.700447 -20.847191
v -446.961404 27.079010 -18.717805
v -446.961404 28.260088 -16.457437
v -446.961404 29.236500 -14.075886
v -446.961404 30.002260 -11.580784
v -446.961404 30.552646 -8.974305
v -446.961404 30.884250 -6.242260
v -437.715152 43.159282 -0.270183
v -437.715152 43.012297 5.348009
v -437.715152 42.572103 10.140430
v -437.715152 41.840987 14.608627
v -437.715152 40.822721 18.823447
v -437.715152 39.522514 22.803529
v -437.715152 37.946934 26.549723
v -437.715152 36.103797 30.055202
v -437.715152 34.002025 33.309576
v -437.715152 31.651446 36.300908
v -437.715152 29.062516 39.016842
v -437.715152 26.245930 41.445296
v -437.715152 23.212017 43.574915
v -437.715152 19.969772 45.395392
v -437.715152 16.525102 46.897692
v -437.715152 12.877271 48.074229
v -437.715152 9.010148 48.918984
v -437.715152 4.862417 49.427597
v -437.715152 0.000000 49.597429
v -437.715152 -4.862417 49.427597
v -437.715152 -9.010148 48.918984
v -437.715152 -12.877271 48.074229
v -437.715152 -16.525102 46.897692
v -437.715152 -19.969772 45.395392
v -437.715152 -23.212017 43.574915
v -437.715152 -26.245930 41.445296
v -437.715152 -29.062516 39.016842
v -437.715152 -31.651446 36.300908
v -437.715152 -34.002025 33.309576
v -437.715152 -36.103797 30.055202
v -437.715152 -37.946934 26.549723
v -437.715152 -39.522514 22.803529
v -437.715152 -40.822721 18.823447
v -437.715152 -41.840987 14.608627
v -437.715152 -42.572103 10.140430
v -437.715152 -43.012297 5.348009
v -437.715152 -43.159282 -0.270183
v -437.715152 -43.012297 -3.837662
v -437.715152 -42.572103 -6.880788
v -437.715152 -41.840987 -9.718037
v -437.715152 -40.822721 -12.394393
v -437.715152 -39.522514 -14.921694
v -437.715152 -37.946934 -17.300479
v -437.715152 -36.103797 -19.526414
v -437.715152 -34.002025 -21.592899
v -437.715152 -31.651446 -23.492357
v -437.715152 -29.062516 -25.216940
v -437.715152 -26.245930 -26.758978
v -437.715152 -23.212017 -28.111258
v -437.715152 -19.969772 -29.267237
v -437.715152 -16.525102 -30.221179
v -437.715152 -12.877271 -30.968265
v -437.715152 -9.010148 -31.504674
v -437.715152 -4.862417 -31.827636
v -437.715152 -0.000000 -31.935478
v -437.715152 4.862417 -31.827636
v -437.715152 9.010148 -31.504674
v -437.715152 12.877271 -30.968265
v -437.715152 16.525102 -30.221179
v -437.715152 19.969772 -29.267237
v -437.715152 23.212017 -28.111258
v -437.715152 26.245930 -26.758978
v -437.715152 29.062516 -25.216940
v -437.715152 31.651446 -23.492357
v -437.715152 34.002025 -21.592899
v -437.715152 36.103797 -19.526414
v -437.715152 37.946934 -17.300479
v -437.715152 39.522514 -14.921694
v -437.715152 40.822721 -12.394393
v -437.715152 41.840987 -9.718037
v -437.715152 42.572103 -6.880788
v -437.715152 43.012297 -3.837662
v -428.468900 47.326495 1.145074
v -428.468900 47.170677 7.445365
v -428.468900 46.703925 12.582233
v -428.468900 45.928342 17.297749
v -428.468900 44.847391 21.701943
v -428.468900 43.465832 25.830870
v -428.468900 41.789636 29.695373
v -428.468900 39.825844 33.295213
v -428.468900 37.582397 36.624744
v -428.468900 35.067876 39.675655
v -428.468900 32.291147 42.438467
v -428.468900 29.260838 44.903439
v -428.468900 25.984512 47.061141
v -428.468900 22.467308 48.902850
v -428.468900 18.709443 50.420828
v -428.468900 14.701051 51.608516
v -428.468900 10.409313 52.460682
v -428.468900 5.734090 52.973522
v -428.468900 0.000000 53.144726
v -428.468900 -5.734090 52.973522
v -428.468900 -10.409313 52.460682
v -428.468900 -14.701051 51.608516
v -428.468900 -18.709443 50.420828
v -428.468900 -22.467308 48.902850
v -428.468900 -25.984512 47.061141
v -428.468900 -29.260838 44.903439
v -428.468900 -32.291147 42.438467
v -428.468900 -35.067876 39.675655
v -428.468900 -37.582397 36.624744
v -428.468900 -39.825844 33.295213
v -428.468900 -41.789636 29.695373
v -428.468900 -43.465832 25.830870
v -428.468900 -44.847391 21.701943
v -428.468900 -45.928342 17.297749
v -428.468900 -46.703925 12.582233
v -428.468900 -47.170677 7.445365
v -428.468900 -47.326495 1.145074
v -428.468900 -47.170677 -2.732034
v -428.468900 -46.703925 -5.893189
v -428.468900 -45.928342 -8.795050
v -428.468900 -44.847391 -11.505327
v -428.468900 -43.465832 -14.046209
v -428.468900 -41.789636 -16.424369
v -428.468900 -39.825844 -18.639658
v -428.468900 -37.582397 -20.688604
v -428.468900 -35.067876 -22.566090
v -428.468900 -32.291147 -24.266285
v -428.468900 -29.260838 -25.783193
v -428.468900 -25.984512 -27.111012
v -428.468900 -22.467308 -28.244373
v -428.468900 -18.709443 -29.178515
v -428.468900 -14.701051 -29.909401
v -428.468900 -10.409313 -30.433812
v -428.468900 -5.734090 -30.749406
v -428.468900 -0.000000 -30.854763
v -428.468900 5.734090 -30.749406
v -428.468900 10.409313 -30.433812
v -428.468900 14.701051 -29.909401
v -428.468900 18.709443 -29.178515
v -428.468900 22.467308 -28.244373
v -428.468900 25.984512 -27.111012
v -428.468900 29.260838 -25.783193
v -428.468900 32.291147 -24.266285
v -428.468900 35.067876 -22.566090
v -428.468900 37.582397 -20.688604
v -428.468900 39.825844 -18.639658
v -428.468900 41.789636 -16.424369
v -428.468900 43.465832 -14.046209
v -428.468900 44.847391 -11.505327
v -428.468900 45.928342 -8.795050
v -428.468900 46.703925 -5.893189
v -428.468900 47.170677 -2.732034
v -419.222648 48.844714 1.841469
v -419.222648 48.687935 8.477249
v -419.222648 48.218230 13.708332
v -419.222648 47.437476 18.456118
v -419.222648 46.348764 22.858426
v -419.222648 44.956323 26.963838
v -419.222648 43.265424 30.790589
v -419.222648 41.282231 34.343490
v -419.222648 39.013599 37.620668
v -419.222648 36.466784 40.616796
v -419.222648 33.649035 43.324837
v -419.222648 30.566968 45.737086
v -419.222648 27.225594 47.845826
v -419.222648 23.626674 49.643768
v -419.222648 19.765683 51.124358
v -419.222648 15.625473 52.281991
v -419.222648 11.160353 53.112170
v -419.222648 6.240709 53.611611
v -419.222648 0.000000 53.778314
v -419.222648 -6.240709 53.611611
v -419.222648 -11.160353 53.112170
v -419.222648 -15.625473 52.281991
v -419.222648 -19.765683 51.124358
v -419.222648 -23.626674 49.643768
v -419.222648 -27.225594 47.845826
v -419.222648 -30.566968 45.737086
v -419.222648 -33.649035 43.324837
v -419.222648 -36.466784 40.616796
v -419.222648 -39.013599 37.620668
v -419.222648 -41.282231 34.343490
v -419.222648 -43.265424 30.790589
v -419.222648 -44.956323 26.963838
v -419.222648 -46.348764 22.858426
v -419.222648 -47.437476 18.456118
v -419.222648 -48.218230 13.708332
v -419.222648 -48.687935 8.477249
v -419.222648 -48.844714 1.841469
v -419.222648 -48.687935 -2.243248
v -419.222648 -48.218230 -5.463292
v -419.222648 -47.437476 -8.385836
v -419.222648 -46.348764 -11.095719
v -419.222648 -44.956323 -13.622845
v -419.222648 -43.265424 -15.978438
v -419.222648 -41.282231 -18.165460
v -419.222648 -39.013599 -20.182758
v -419.222648 -36.466784 -22.027053
v -419.222648 -33.649035 -23.694014
v -419.222648 -30.566968 -25.178897
v -419.222648 -27.225594 -26.476952
v -419.222648 -23.626674 -27.583692
v -419.222648 -19.765683 -28.495083
v -419.222648 -15.625473 -29.207676
v -419.222648 -11.160353 -29.718700
v -419.222648 -6.240709 -30.026136
v -419.222648 -0.000000 -30.128752
v -419.222648 6.240709 -30.026136
v -419.222648 11.160353 -29.718700
v -419.222648 15.625473 -29.207676
v -419.222648 19.765683 -28.495083
v -419.222648 23.626674 -27.583692
v -419.222648 27.225594 -26.476952
v -419.222648 30.566968 -25.178897
v -419.222648 33.649035 -23.694014
v -419.222648 36.466784 -22.027053
v -419.222648 39.013599 -20.182758
v -419.222648 41.282231 -18.165460
v -419.222648 43.265424 -15.978438
v -419.222648 44.956323 -13.622845
v -419.222648 46.348764 -11.095719
v -419.222648 47.437476 -8.385836
v -419.222648 48.218230 -5.463292
v -419.222648 48.687935 -2.243248
v -409.976396 49.996897 2.438541
v -409.976396 49.840099 9.360500
v -409.976396 49.370265 14.653088
v -409.976396 48.589065 19.408356
v -409.976396 47.499235 23.789247
v -409.976396 46.104507 27.855521
v -409.976396 44.409493 31.631968
v -409.976396 42.419529 35.127858
v -409.976396 40.140452 38.344644
v -409.976396 37.578273 41.279622
v -409.976396 34.738717 43.927903
v -409.976396 31.626516 46.283568
v -409.976396 28.244284 48.340404
v -409.976396 24.590618 50.092379
v -409.976396 20.656547 51.533976
v -409.976396 16.418089 52.660429
v -409.976396 11.817425 53.467881
v -409.976396 6.696911 53.953504
v -409.976396 0.000000 54.115572
v -409.976396 -6.696911 53.953504
v -409.976396 -11.817425 53.467881
v -409.976396 -16.418089 52.660429
v -409.976396 -20.656547 51.533976
v -409.976396 -24.590618 50.092379
v -409.976396 -28.244284 48.340404
v -409.976396 -31.626516 46.283568
v -409.976396 -34.738717 43.927903
v -409.976396 -37.578273 41.279622
v -409.976396 -40.140452 38.344644
v -409.976396 -42.419529 35.127858
v -409.976396 -44.409493 31.631968
v -409.976396 -46.104507 27.855521
v -409.976396 -47.499235 23.789247
v -409.976396 -48.589065 19.408356
v -409.976396 -49.370265 14.653088
v -409.976396 -49.840099 9.360500
v -409.976396 -49.996897 2.438541
v -409.976396 -49.840099 -1.827250
v -409.976396 -49.370265 -5.088909
v -409.976396 -48.589065 -8.019435
v -409.976396 -47.499235 -10.719244
v -409.976396 -46.104507 -13.225164
v -409.976396 -44.409493 -15.552472
v -409.976396 -42.419529 -17.706882
v -409.976396 -40.140452 -19.689288
v -409.976396 -37.578273 -21.498025
v -409.976396 -34.738717 -23.130079
v -409.976396 -31.626516 -24.581804
v -409.976396 -28.244284 -25.849368
v -409.976396 -24.590618 -26.929057
v -409.976396 -20.656547 -27.817469
v -409.976396 -16.418089 -28.511667
v -409.976396 -11.817425 -29.009275
v -409.976396 -6.696911 -29.308550
v -409.976396 -0.000000 -29.408427
v -409.976396 6.696911 -29.308550
v -409.976396 11.817425 -29.009275
v -409.976396 16.418089 -28.511667
v -409.976396 20.656547 -27.817469
v -409.976396 24.590618 -26.929057
v -409.976396 28.244284 -25.849368
v -409.976396 31.626516 -24.581804
v -409.976396 34.738717 -23.130079
v -409.976396 37.578273 -21.498025
v -409.976396 40.140452 -19.689288
v -409.976396 42.419529 -17.706882
v -409.976396 44.409493 -15.552472
v -409.976396 46.104507 -13.225164
v -409.976396 47.499235 -10.719244
v -409.976396 48.589065 -8.019435
v -409.976396 49.370265 -5.088909
v -409.976396 49.840099 -1.827250
v -400.730144 50.728227 2.905246
v -400.730144 50.572348 10.046179
v -400.730144 50.105211 15.362257
v -400.730144 49.328294 20.097188
v -400.730144 48.244018 24.435172
v -400.730144 46.855660 28.445352
v -400.730144 45.167242 32.158005
v -400.730144 43.183353 35.586141
v -400.730144 40.908912 38.734007
v -400.730144 38.348815 41.601111
v -400.730144 35.507425 44.184376
v -400.730144 32.387791 46.479400
v -400.730144 28.990401 48.481243
v -400.730144 25.311045 50.184942
v -400.730144 21.336832 51.585864
v -400.730144 17.037754 52.679953
v -400.730144 12.345289 53.463900
v -400.730144 7.076888 53.935265
v -400.730144 0.000000 54.092555
v -400.730144 -7.076888 53.935265
v -400.730144 -12.345289 53.463900
v -400.730144 -17.037754 52.679953
v -400.730144 -21.336832 51.585864
v -400.730144 -25.311045 50.184942
v -400.730144 -28.990401 48.481243
v -400.730144 -32.387791 46.479400
v -400.730144 -35.507425 44.184376
v -400.730144 -38.348815 41.601111
v -400.730144 -40.908912 38.734007
v -400.730144 -43.183353 35.586141
v -400.730144 -45.167242 32.158005
v -400.730144 -46.855660 28.445352
v -400.730144 -48.244018 24.435172
v -400.730144 -49.328294 20.097188
v -400.730144 -50.105211 15.362257
v -400.730144 -50.572348 10.046179
v -400.730144 -50.728227 2.905246
v -400.730144 -50.572348 -1.504905
v -400.730144 -50.105211 -4.788048
v -400.730144 -49.328294 -7.712282
v -400.730144 -48.244018 -10.391366
v -400.730144 -46.855660 -12.868003
v -400.730144 -45.167242 -15.160890
v -400.730144 -43.183353 -17.278064
v -400.730144 -40.908912 -19.222147
v -400.730144 -38.348815 -20.992834
v -400.730144 -35.507425 -22.588226
v -400.730144 -32.387791 -24.005605
v -400.730144 -28.990401 -25.241917
v -400.730144 -25.311045 -26.294100
v -400.730144 -21.336832 -27.159292
v -400.730144 -17.037754 -27.834988
v -400.730144 -12.345289 -28.319144
v -400.730144 -7.076888 -28.610253
v -400.730144 -0.000000 -28.707393
v -400.730144 7.076888 -28.610253
v -400.730144 12.345289 -28.319144
v -400.730144 17.037754 -27.834988
v -400.730144 21.336832 -27.159292
v -400.730144 25.311045 -26.294100
v -400.730144 28.990401 -25.241917
v -400.730144 32.387791 -24.005605
v -400.730144 35.507425 -22.588226
v -400.730144 38.348815 -20.992834
v -400.730144 40.908912 -19.222147
v -400.730144 43.183353 -17.278064
v -400.730144 45.167242 -15.160890
v -400.730144 46.855660 -12.868003
v -400.730144 48.244018 -10.391366
v -400.730144 49.328294 -7.712282
v -400.730144 50.105211 -4.788048
v -400.730144 50.572348 -1.504905
v -391.483892 51.147695 3.247496
v -391.483892 50.993270 10.542362
v -391.483892 50.530439 15.849884
v -391.483892 49.760517 20.542425
v -391.483892 48.685648 24.821394
v -391.483892 47.308717 28.763482
v -391.483892 45.633231 32.403390
v -391.483892 43.663136 35.757153
v -391.483892 41.402557 38.831291
v -391.483892 38.855427 41.627122
v -391.483892 36.024935 44.143062
v -391.483892 32.912686 46.375960
v -391.483892 29.517346 48.321930
v -391.483892 25.832313 49.976898
v -391.483892 21.841354 51.336968
v -391.483892 17.509337 52.398675
v -391.483892 12.758622 53.159169
v -391.483892 7.385301 53.616333
v -391.483892 0.000000 53.768867
v -391.483892 -7.385301 53.616333
v -391.483892 -12.758622 53.159169
v -391.483892 -17.509337 52.398675
v -391.483892 -21.841354 51.336968
v -391.483892 -25.832313 49.976898
v -391.483892 -29.517346 48.321930
v -391.483892 -32.912686 46.375960
v -391.483892 -36.024935 44.143062
v -391.483892 -38.855427 41.627122
v -391.483892 -41.402557 38.831291
v -391.483892 -43.663136 35.757153
v -391.483892 -45.633231 32.403390
v -391.483892 -47.308717 28.763482
v -391.483892 -48.685648 24.821394
v -391.483892 -49.760517 20.542425
v -391.483892 -50.530439 15.849884
v -391.483892 -50.993270 10.542362
v -391.483892 -51.147695 3.247496
v -391.483892 -50.993270 -1.270536
v -391.483892 -50.530439 -4.557719
v -391.483892 -49.760517 -7.464016
v -391.483892 -48.685648 -10.114171
v -391.483892 -47.308717 -12.555680
v -391.483892 -45.633231 -14.810036
v -391.483892 -43.663136 -16.887169
v -391.483892 -41.402557 -18.791118
v -391.483892 -38.855427 -20.522700
v -391.483892 -36.024935 -22.080933
v -391.483892 -32.912686 -23.463865
v -391.483892 -29.517346 -24.669090
v -391.483892 -25.832313 -25.694085
v -391.483892 -21.841354 -26.536436
v -391.483892 -17.509337 -27.193999
v -391.483892 -12.758622 -27.665006
v -391.483892 -7.385301 -27.948148
v -391.483892 -0.000000 -28.042619
v -391.483892 7.385301 -27.948148
v -391.483892 12.758622 -27.665006
v -391.483892 17.509337 -27.193999
v -391.483892 21.841354 -26.536436
v -391.483892 25.832313 -25.694085
v -391.483892 29.517346 -24.669090
v -391.483892 32.912686 -23.463865
v -391.483892 36.024935 -22.080933
v -391.483892 38.855427 -20.522700
v -391.483892 41.402557 -18.791118
v -391.483892 43.663136 -16.887169
v -391.483892 45.633231 -14.810036
v -391.483892 47.308717 -12.555680
v -391.483892 48.685648 -10.114171
v -391.483892 49.760517 -7.464016
v -391.483892 50.530439 -4.557719
v -391.483892 50.993270 -1.270536
v -382.237640 51.448349 3.494795
v -382.237640 51.295351 10.894823
v -382.237640 50.836754 16.174084
v -382.237640 50.073737 20.812551
v -382.237640 49.008208 25.025401
v -382.237640 47.642725 28.895333
v -382.237640 45.980360 32.460571
v -382.237640 44.024515 35.739575
v -382.237640 41.778645 38.740698
v -382.237640 39.245868 41.466724
v -382.237640 36.428385 43.917285
v -382.237640 33.326576 46.090254
v -382.237640 29.937563 47.982612
v -382.237640 26.252714 49.591015
v -382.237640 22.252947 50.912174
v -382.237640 17.898758 51.943115
v -382.237640 13.104673 52.681364
v -382.237640 7.648295 53.125075
v -382.237640 0.000000 53.273107
v -382.237640 -7.648295 53.125075
v -382.237640 -13.104673 52.681364
v -382.237640 -17.898758 51.943115
v -382.237640 -22.252947 50.912174
v -382.237640 -26.252714 49.591015
v -382.237640 -29.937563 47.982612
v -382.237640 -33.326576 46.090254
v -382.237640 -36.428385 43.917285
v -382.237640 -39.245868 41.466724
v -382.237640 -41.778645 38.740698
v -382.237640 -44.024515 35.739575
v -382.237640 -45.980360 32.460571
v -382.237640 -47.642725 28.895333
v -382.237640 -49.008208 25.025401
v -382.237640 -50.073737 20.812551
v -382.237640 -50.836754 16.174084
v -382.237640 -51.295351 10.894823
v -382.237640 -51.448349 3.494795
v -382.237640 -51.295351 -1.102349
v -382.237640 -50.836754 -4.382002
v -382.237640 -50.073737 -7.263572
v -382.237640 -49.008208 -9.880735
v -382.237640 -47.642725 -12.284866
v -382.237640 -45.980360 -14.499711
v -382.237640 -44.024515 -16.536737
v -382.237640 -41.778645 -18.401135
v -382.237640 -39.245868 -20.094634
v -382.237640 -36.428385 -21.617004
v -382.237640 -33.326576 -22.966924
v -382.237640 -29.937563 -24.142520
v -382.237640 -26.252714 -25.141714
v -382.237640 -22.252947 -25.962462
v -382.237640 -17.898758 -26.602917
v -382.237640 -13.104673 -27.061542
v -382.237640 -7.648295 -27.337189
v -382.237640 -0.000000 -27.429152
v -382.237640 7.648295 -27.337189
v -382.237640 13.104673 -27.061542
v -382.237640 17.898758 -26.602917
v -382.237640 22.252947 -25.962462
v -382.237640 26.252714 -25.141714
v -382.237640 29.937563 -24.142520
v -382.237640 33.326576 -22.966924
v -382.237640 36.428385 -21.617004
v -382.237640 39.245868 -20.094634
v -382.237640 41.778645 -18.401135
v -382.237640 44.024515 -16.536737
v -382.237640 45.980360 -14.499711
v -382.237640 47.642725 -12.284866
v -382.237640 49.008208 -9.880735
v -382.237640 50.073737 -7.263572
v -382.237640 50.836754 -4.382002
v -382.237640 51.295351 -1.102349
v -372.991388 51.827535 3.686867
v -372.991388 51.675437 11.165817
v -372.991388 51.219503 16.410784
v -372.991388 50.460794 20.994337
v -372.991388 49.401028 25.143039
v -372.991388 48.042484 28.944523
v -372.991388 46.387872 32.439904
v -372.991388 44.440137 35.649629
v -372.991388 42.202170 38.583561
v -372.991388 39.676399 41.245694
v -372.991388 36.864174 43.636662
v -372.991388 33.764827 45.755187
v -372.991388 30.374137 47.598969
v -372.991388 26.681686 49.165272
v -372.991388 22.665874 50.451309
v -372.991388 18.283267 51.454515
v -372.991388 13.441293 52.172730
v -372.991388 7.900614 52.604331
v -372.991388 0.000000 52.748311
v -372.991388 -7.900614 52.604331
v -372.991388 -13.441293 52.172730
v -372.991388 -18.283267 51.454515
v -372.991388 -22.665874 50.451309
v -372.991388 -26.681686 49.165272
v -372.991388 -30.374137 47.598969
v -372.991388 -33.764827 45.755187
v -372.991388 -36.864174 43.636662
v -372.991388 -39.676399 41.245694
v -372.991388 -42.202170 38.583561
v -372.991388 -44.440137 35.649629
v -372.991388 -46.387872 32.439904
v -372.991388 -48.042484 28.944523
v -372.991388 -49.401028 25.143039
v -372.991388 -50.460794 20.994337
v -372.991388 -51.219503 16.410784
v -372.991388 -51.675437 11.165817
v -372.991388 -51.827535 3.686867
v -372.991388 -51.675437 -0.971972
v -372.991388 -51.219503 -4.239204
v -372.991388 -50.460794 -7.094422
v -372.991388 -49.401028 -9.678761
v -372.991388 -48.042484 -12.046808
v -372.991388 -46.387872 -14.224175
v -372.991388 -44.440137 -16.223599
v -372.991388 -42.202170 -18.051225
v -372.991388 -39.676399 -19.709539
v -372.991388 -36.864174 -21.198938
v -372.991388 -33.764827 -22.518624
v -372.991388 -30.374137 -23.667165
v -372.991388 -26.681686 -24.642858
v -372.991388 -22.665874 -25.443965
v -372.991388 -18.283267 -26.068889
v -372.991388 -13.441293 -26.516284
v -372.991388 -7.900614 -26.785140
v -372.991388 -0.000000 -26.874829
v -372.991388 7.900614 -26.785140
v -372.991388 13.441293 -26.516284
v -372.991388 18.283267 -26.068889
v -372.991388 22.665874 -25.443965
v -372.991388 26.681686 -24.642858
v -372.991388 30.374137 -23.667165
v -372.991388 33.764827 -22.518624
v -372.991388 36.864174 -21.198938
v -372.991388 39.676399 -19.709539
v -372.991388 42.202170 -18.051225
v -372.991388 44.440137 -16.223599
v -372.991388 46.387872 -14.224175
v -372.991388 48.042484 -12.046808
v -372.991388 49.401028 -9.678761
v -372.991388 50.460794 -7.094422
v -372.991388 51.219503 -4.239204
v -372.991388 51.675437 -0.971972
v -363.745136 52.407145 3.860296
v -363.745136 52.255181 11.411904
v -363.745136 51.799617 16.626510
v -363.745136 51.041416 21.161581
v -363.745136 49.982130 25.253803
v -363.745136 48.623804 28.995148
v -363.745136 46.968838 32.429253
v -363.745136 45.019778 35.578297
v -363.745136 42.779024 38.453442
v -363.745136 40.248398 41.059727
v -363.745136 37.428495 43.398649
v -363.745136 34.317695 45.469657
v -363.745136 30.910547 47.271069
v -363.745136 27.194973 48.800665
v -363.745136 23.146978 50.056093
v -363.745136 18.719346 51.035134
v -363.745136 13.812568 51.735898
v -363.745136 8.170559 52.156952
v -363.745136 0.000000 52.297404
v -363.745136 -8.170559 52.156952
v -363.745136 -13.812568 51.735898
v -363.745136 -18.719346 51.035134
v -363.745136 -23.146978 50.056093
v -363.745136 -27.194973 48.800665
v -363.745136 -30.910547 47.271069
v -363.745136 -34.317695 45.469657
v -363.745136 -37.428495 43.398649
v -363.745136 -40.248398 41.059727
v -363.745136 -42.779024 38.453442
v -363.745136 -45.019778 35.578297
v -363.745136 -46.968838 32.429253
v -363.745136 -48.623804 28.995148
v -363.745136 -49.982130 25.253803
v -363.745136 -51.041416 21.161581
v -363.745136 -51.799617 16.626510
v -363.745136 -52.255181 11.411904
v -363.745136 -52.407145 3.860296
v -363.745136 -52.255181 -0.853550
v -363.745136 -51.799617 -4.108598
v -363.745136 -51.041416 -6.939468
v -363.745136 -49.982130 -9.493905
v -363.745136 -48.623804 -11.829317
v -363.745136 -46.968838 -13.972946
v -363.745136 -45.019778 -15.938634
v -363.745136 -42.779024 -17.733349
v -363.745136 -40.248398 -19.360238
v -363.745136 -37.428495 -20.820234
v -363.745136 -34.317695 -22.112993
v -363.745136 -30.910547 -23.237466
v -363.745136 -27.194973 -24.192267
v -363.745136 -23.146978 -24.975926
v -363.745136 -18.719346 -25.587061
v -363.745136 -13.812568 -26.024490
v -363.745136 -8.170559 -26.287319
v -363.745136 -0.000000 -26.374992
v -363.745136 8.170559 -26.287319
v -363.745136 13.812568 -26.024490
v -363.745136 18.719346 -25.587061
v -363.745136 23.146978 -24.975926
v -363.745136 27.194973 -24.192267
v -363.745136 30.910547 -23.237466
v -363.745136 34.317695 -22.112993
v -363.745136 37.428495 -20.820234
v -363.745136 40.248398 -19.360238
v -363.745136 42.779024 -17.733349
v -363.745136 45.019778 -15.938634
v -363.745136 46.968838 -13.972946
v -363.745136 48.623804 -11.829317
v -363.745136 49.982130 -9.493905
v -363.745136 51.041416 -6.939468
v -363.745136 51.799617 -4.108598
v -363.745136 52.255181 -0.853550
v -354.498884 53.154402 4.035190
v -354.498884 53.002020 11.661448
v -354.498884 52.545173 16.850904
v -354.498884 51.784736 21.343664
v -354.498884 50.722111 25.386010
v -354.498884 49.359128 29.073987
v -354.498884 47.697901 32.453579
v -354.498884 45.740613 35.548556
v -354.498884 43.489207 38.371276
v -354.498884 40.944933 40.927727
v -354.498884 38.107673 43.220190
v -354.498884 34.974896 45.248770
v -354.498884 31.539956 47.012342
v -354.498884 27.789139 48.509154
v -354.498884 23.696063 49.737240
v -354.498884 19.209692 50.694696
v -354.498884 14.223434 51.379870
v -354.498884 8.463951 51.791502
v -354.498884 0.000000 51.928802
v -354.498884 -8.463951 51.791502
v -354.498884 -14.223434 51.379870
v -354.498884 -19.209692 50.694696
v -354.498884 -23.696063 49.737240
v -354.498884 -27.789139 48.509154
v -354.498884 -31.539956 47.012342
v -354.498884 -34.974896 45.248770
v -354.498884 -38.107673 43.220190
v -354.498884 -40.944933 40.927727
v -354.498884 -43.489207 38.371276
v -354.498884 -45.740613 35.548556
v -354.498884 -47.697901 32.453579
v -354.498884 -49.359128 29.073987
v -354.498884 -50.722111 25.386010
v -354.498884 -51.784736 21.343664
v -354.498884 -52.545173 16.850904
v -354.498884 -53.002020 11.661448
v -354.498884 -53.154402 4.035190
v -354.498884 -53.002020 -0.732618
v -354.498884 -52.545173 -3.976979
v -354.498884 -51.784736 -6.785776
v -354.498884 -50.722111 -9.312983
v -354.498884 -49.359128 -11.618645
v -354.498884 -47.697901 -13.731509
v -354.498884 -45.740613 -15.666436
v -354.498884 -43.489207 -17.431153
v -354.498884 -40.944933 -19.029404
v -354.498884 -38.107673 -20.462613
v -354.498884 -34.974896 -21.730847
v -354.498884 -31.539956 -22.833402
v -354.498884 -27.789139 -23.769184
v -354.498884 -23.696063 -24.536963
v -354.498884 -19.209692 -25.135548
v -354.498884 -14.223434 -25.563908
v -354.498884 -8.463951 -25.821253
v -354.498884 -0.000000 -25.907091
v -354.498884 8.463951 -25.821253
v -354.498884 14.223434 -25.563908
v -354.498884 19.209692 -25.135548
v -354.498884 23.696063 -24.536963
v -354.498884 27.789139 -23.769184
v -354.498884 31.539956 -22.833402
v -354.498884 34.974896 -21.730847
v -354.498884 38.107673 -20.462613
v -354.498884 40.944933 -19.029404
v -354.498884 43.489207 -17.431153
v -354.498884 45.740613 -15.666436
v -354.498884 47.697901 -13.731509
v -354.498884 49.359128 -11.618645
v -354.498884 50.722111 -9.312983
v -354.498884 51.784736 -6.785776
v -354.498884 52.545173 -3.976979
v -354.498884 53.002020 -0.732618
v -345.252632 53.936979 4.212059
v -345.252632 53.784074 11.906465
v -345.252632 53.325629 17.067739
v -345.252632 52.562433 21.516477
v -345.252632 51.495743 25.508022
v -345.252632 50.127180 29.142232
v -345.252632 48.458581 32.467281
v -345.252632 46.491775 35.508425
v -345.252632 44.228259 38.279135
v -345.252632 41.668722 40.786285
v -345.252632 38.812346 43.032888
v -345.252632 35.655698 45.019663
v -345.252632 32.190947 46.746004
v -345.252632 28.402745 48.210596
v -345.252632 24.262320 49.411836
v -345.252632 19.714785 50.348111
v -345.252632 14.646373 51.017997
v -345.252632 8.766175 51.420392
v -345.252632 0.000000 51.554602
v -345.252632 -8.766175 51.420392
v -345.252632 -14.646373 51.017997
v -345.252632 -19.714785 50.348111
v -345.252632 -24.262320 49.411836
v -345.252632 -28.402745 48.210596
v -345.252632 -32.190947 46.746004
v -345.252632 -35.655698 45.019663
v -345.252632 -38.812346 43.032888
v -345.252632 -41.668722 40.786285
v -345.252632 -44.228259 38.279135
v -345.252632 -46.491775 35.508425
v -345.252632 -48.458581 32.467281
v -345.252632 -50.127180 29.142232
v -345.252632 -51.495743 25.508022
v -345.252632 -52.562433 21.516477
v -345.252632 -53.325629 17.067739
v -345.252632 -53.784074 11.906465
v -345.252632 -53.936979 4.212059
v -345.252632 -53.784074 -0.602815
v -345.252632 -53.325629 -3.832549
v -345.252632 -52.562433 -6.616405
v -345.252632 -51.495743 -9.114166
v -345.252632 -50.127180 -11.388320
v -345.252632 -48.458581 -13.469012
v -345.252632 -46.491775 -15.372047
v -345.252632 -44.228259 -17.105855
v -345.252632 -41.668722 -18.674737
v -345.252632 -38.812346 -20.080578
v -345.252632 -35.655698 -21.323828
v -345.252632 -32.190947 -22.404108
v -345.252632 -28.402745 -23.320596
v -345.252632 -24.262320 -24.072287
v -345.252632 -19.714785 -24.658173
v -345.252632 -14.646373 -25.077363
v -345.252632 -8.766175 -25.329167
v -345.252632 -0.000000 -25.413151
v -345.252632 8.766175 -25.329167
v -345.252632 14.646373 -25.077363
v -345.252632 19.714785 -24.658173
v -345.252632 24.262320 -24.072287
v -345.252632 28.402745 -23.320596
v -345.252632 32.190947 -22.404108
v -345.252632 35.655698 -21.323828
v -345.252632 38.812346 -20.080578
v -345.252632 41.668722 -18.674737
v -345.252632 44.228259 -17.105855
v -345.252632 46.491775 -15.372047
v -345.252632 48.458581 -13.469012
v -345.252632 50.127180 -11.388320
v -345.252632 51.495743 -9.114166
v -345.252632 52.562433 -6.616405
v -345.252632 53.325629 -3.832549
v -345.252632 53.784074 -0.602815
v -336.006380 54.751657 4.389235
v -336.006380 54.598111 12.134678
v -336.006380 54.137715 17.258886
v -336.006380 53.371177 21.657135
v -336.006380 52.299615 25.592833
v -336.006380 50.924450 29.169218
v -336.006380 49.247255 32.436414
v -336.006380 47.269516 35.421002
v -336.006380 44.992299 38.137458
v -336.006380 42.415754 40.593459
v -336.006380 39.538379 42.792684
v -336.006380 36.355863 44.736417
v -336.006380 32.859211 46.424528
v -336.006380 29.031465 47.856108
v -336.006380 24.841482 49.029888
v -336.006380 20.230540 49.944526
v -336.006380 15.077687 50.598809
v -336.006380 9.074323 50.991783
v -336.006380 0.000000 51.122843
v -336.006380 -9.074323 50.991783
v -336.006380 -15.077687 50.598809
v -336.006380 -20.230540 49.944526
v -336.006380 -24.841482 49.029888
v -336.006380 -29.031465 47.856108
v -336.006380 -32.859211 46.424528
v -336.006380 -36.355863 44.736417
v -336.006380 -39.538379 42.792684
v -336.006380 -42.415754 40.593459
v -336.006380 -44.992299 38.137458
v -336.006380 -47.269516 35.421002
v -336.006380 -49.247255 32.436414
v -336.006380 -50.924450 29.169218
v -336.006380 -52.299615 25.592833
v -336.006380 -53.371177 21.657135
v -336.006380 -54.137715 17.258886
v -336.006380 -54.598111 12.134678
v -336.006380 -54.751657 4.389235
v -336.006380 -54.598111 -0.453915
v -336.006380 -54.137715 -3.658032
v -336.006380 -53.371177 -6.408214
v -336.006380 -52.299615 -8.869167
v -336.006380 -50.924450 -11.105447
v -336.006380 -49.247255 -13.148392
v -336.006380 -47.269516 -15.014626
v -336.006380 -44.992299 -16.713200
v -336.006380 -42.415754 -18.248913
v -336.006380 -39.538379 -19.624067
v -336.006380 -36.355863 -20.839464
v -336.006380 -32.859211 -21.895024
v -336.006380 -29.031465 -22.790177
v -336.006380 -24.841482 -23.524130
v -336.006380 -20.230540 -24.096044
v -336.006380 -15.077687 -24.505161
v -336.006380 -9.074323 -24.750884
v -336.006380 -0.000000 -24.832834
v -336.006380 9.074323 -24.750884
v -336.006380 15.077687 -24.505161
v -336.006380 20.230540 -24.096044
v -336.006380 24.841482 -23.524130
v -336.006380 29.031465 -22.790177
v -336.006380 32.859211 -21.895024
v -336.006380 36.355863 -20.839464
v -336.006380 39.538379 -19.624067
v -336.006380 42.415754 -18.248913
v -336.006380 44.992299 -16.713200
v -336.006380 47.269516 -15.014626
v -336.006380 49.247255 -13.148392
v -336.006380 50.924450 -11.105447
v -336.006380 52.299615 -8.869167
v -336.006380 53.371177 -6.408214
v -336.006380 54.137715 -3.658032
v -336.006380 54.598111 -0.453915
v -326.760128 55.598547 4.560031
v -326.760128 55.444204 12.335369
v -326.760128 54.981391 17.413049
v -326.760128 54.210741 21.754316
v -326.760128 53.133241 25.629352
v -326.760128 51.750129 29.144229
v -326.760128 50.062727 32.350709
v -326.760128 48.072202 35.276511
v -326.760128 45.779214 37.936972
v -326.760128 43.183404 40.340474
v -326.760128 40.282619 42.491282
v -326.760128 37.071709 44.391181
v -326.760128 33.540560 46.040470
v -326.760128 29.670660 47.438599
v -326.760128 25.428556 48.584603
v -326.760128 20.751776 49.477387
v -326.760128 15.512303 50.115924
v -326.760128 9.384053 50.499396
v -326.760128 0.000000 50.627280
v -326.760128 -9.384053 50.499396
v -326.760128 -15.512303 50.115924
v -326.760128 -20.751776 49.477387
v -326.760128 -25.428556 48.584603
v -326.760128 -29.670660 47.438599
v -326.760128 -33.540560 46.040470
v -326.760128 -37.071709 44.391181
v -326.760128 -40.282619 42.491282
v -326.760128 -43.183404 40.340474
v -326.760128 -45.779214 37.936972
v -326.760128 -48.072202 35.276511
v -326.760128 -50.062727 32.350709
v -326.760128 -51.750129 29.144229
v -326.760128 -53.133241 25.629352
v -326.760128 -54.210741 21.754316
v -326.760128 -54.981391 17.413049
v -326.760128 -55.444204 12.335369
v -326.760128 -55.598547 4.560031
v -326.760128 -55.444204 -0.289708
v -326.760128 -54.981391 -3.456828
v -326.760128 -54.210741 -6.164622
v -326.760128 -53.133241 -8.581612
v -326.760128 -51.750129 -10.773958
v -326.760128 -50.062727 -12.773948
v -326.760128 -48.072202 -14.598869
v -326.760128 -45.779214 -16.258288
v -326.760128 -43.183404 -17.757432
v -326.760128 -40.282619 -19.098964
v -326.760128 -37.071709 -20.283995
v -326.760128 -33.540560 -21.312711
v -326.760128 -29.670660 -22.184771
v -326.760128 -25.428556 -22.899573
v -326.760128 -20.751776 -23.456431
v -326.760128 -15.512303 -23.854708
v -326.760128 -9.384053 -24.093893
v -326.760128 -0.000000 -24.173659
v -326.760128 9.384053 -24.093893
v -326.760128 15.512303 -23.854708
v -326.760128 20.751776 -23.456431
v -326.760128 25.428556 -22.899573
v -326.760128 29.670660 -22.184771
v -326.760128 33.540560 -21.312711
v -326.760128 37.071709 -20.283995
v -326.760128 40.282619 -19.098964
v -326.760128 43.183404 -17.757432
v -326.760128 45.779214 -16.258288
v -326.760128 48.072202 -14.598869
v -326.760128 50.062727 -12.773948
v -326.760128 51.750129 -10.773958
v -326.760128 53.133241 -8.581612
v -326.760128 54.210741 -6.164622
v -326.760128 54.981391 -3.456828
v -326.760128 55.444204 -0.289708
v -317.513876 56.460463 4.714072
v -317.513876 56.305176 12.499802
v -317.513876 55.839508 17.524534
v -317.513876 55.064024 21.805332
v -317.513876 53.979594 25.617790
v -317.513876 52.587287 29.070235
v -317.513876 50.888199 32.215749
v -317.513876 48.883206 35.082975
v -317.513876 46.572597 37.687971
v -317.513876 43.955542 40.039706
v -317.513876 41.029288 42.142948
v -317.513876 37.787902 43.999909
v -317.513876 34.220224 45.611256
v -317.513876 30.306274 46.976757
v -317.513876 26.010411 48.095709
v -317.513876 21.266585 48.967230
v -317.513876 15.940006 49.590462
v -317.513876 9.687752 49.964704
v -317.513876 0.000000 50.089503
v -317.513876 -9.687752 49.964704
v -317.513876 -15.940006 49.590462
v -317.513876 -21.266585 48.967230
v -317.513876 -26.010411 48.095709
v -317.513876 -30.306274 46.976757
v -317.513876 -34.220224 45.611256
v -317.513876 -37.787902 43.999909
v -317.513876 -41.029288 42.142948
v -317.513876 -43.955542 40.039706
v -317.513876 -46.572597 37.687971
v -317.513876 -48.883206 35.082975
v -317.513876 -50.888199 32.215749
v -317.513876 -52.587287 29.070235
v -317.513876 -53.979594 25.617790
v -317.513876 -55.064024 21.805332
v -317.513876 -55.839508 17.524534
v -317.513876 -56.305176 12.499802
v -317.513876 -56.460463 4.714072
v -317.513876 -56.305176 -0.125968
v -317.513876 -55.839508 -3.249619
v -317.513876 -55.064024 -5.910799
v -317.513876 -53.979594 -8.280834
v -317.513876 -52.587287 -10.427064
v -317.513876 -50.888199 -12.382489
v -317.513876 -48.883206 -14.164915
v -317.513876 -46.572597 -15.784324
v -317.513876 -43.955542 -17.246293
v -317.513876 -41.029288 -18.553784
v -317.513876 -37.787902 -19.708173
v -317.513876 -34.220224 -20.709876
v -317.513876 -30.306274 -21.558747
v -317.513876 -26.010411 -22.254349
v -317.513876 -21.266585 -22.796134
v -317.513876 -15.940006 -23.183569
v -317.513876 -9.687752 -23.416219
v -317.513876 -0.000000 -23.493801
v -317.513876 9.687752 -23.416219
v -317.513876 15.940006 -23.183569
v -317.513876 21.266585 -22.796134
v -317.513876 26.010411 -22.254349
v -317.513876 30.306274 -21.558747
v -317.513876 34.220224 -20.709876
v -317.513876 37.787902 -19.708173
v -317.513876 41.029288 -18.553784
v -317.513876 43.955542 -17.246293
v -317.513876 46.572597 -15.784324
v -317.513876 48.883206 -14.164915
v -317.513876 50.888199 -12.382489
v -317.513876 52.587287 -10.427064
v -317.513876 53.979594 -8.280834
v -317.513876 55.064024 -5.910799
v -317.513876 55.839508 -3.249619
v -317.513876 56.305176 -0.125968
v -308.267624 57.311554 4.840382
v -308.267624 57.155214 12.622668
v -308.267624 56.686369 17.593101
v -308.267624 55.905522 21.814506
v -308.267624 54.813441 25.566653
v -308.267624 53.411047 28.959600
v -308.267624 51.699238 32.047455
v -308.267624 49.678630 34.859594
v -308.267624 47.349182 37.412649
v -308.267624 44.709645 39.716070
v -308.267624 41.756724 41.775037
v -308.267624 38.483780 43.592119
v -308.267624 34.878698 45.168291
v -308.267624 30.920154 46.503585
v -308.267624 26.570493 47.597521
v -308.267624 21.760347 48.449396
v -308.267624 16.348625 49.058495
v -308.267624 9.976671 49.424217
v -308.267624 0.000000 49.546170
v -308.267624 -9.976671 49.424217
v -308.267624 -16.348625 49.058495
v -308.267624 -21.760347 48.449396
v -308.267624 -26.570493 47.597521
v -308.267624 -30.920154 46.503585
v -308.267624 -34.878698 45.168291
v -308.267624 -38.483780 43.592119
v -308.267624 -41.756724 41.775037
v -308.267624 -44.709645 39.716070
v -308.267624 -47.349182 37.412649
v -308.267624 -49.678630 34.859594
v -308.267624 -51.699238 32.047455
v -308.267624 -53.411047 28.959600
v -308.267624 -54.813441 25.566653
v -308.267624 -55.905522 21.814506
v -308.267624 -56.686369 17.593101
v -308.267624 -57.155214 12.622668
v -308.267624 -57.311554 4.840382
v -308.267624 -57.155214 0.015686
v -308.267624 -56.686369 -3.065778
v -308.267624 -55.905522 -5.682875
v -308.267624 -54.813441 -8.009050
v -308.267624 -53.411047 -10.112537
v -308.267624 -51.699238 -12.026880
v -308.267624 -49.678630 -13.770290
v -308.267624 -47.349182 -15.353078
v -308.267624 -44.709645 -16.781105
v -308.267624 -41.756724 -18.057579
v -308.267624 -38.483780 -19.184095
v -308.267624 -34.878698 -20.161256
v -308.267624 -30.920154 -20.989084
v -308.267624 -26.570493 -21.667278
v -308.267624 -21.760347 -22.195406
v -308.267624 -16.348625 -22.573022
v -308.267624 -9.976671 -22.799755
v -308.267624 -0.000000 -22.875360
v -308.267624 9.976671 -22.799755
v -308.267624 16.348625 -22.573022
v -308.267624 21.760347 -22.195406
v -308.267624 26.570493 -21.667278
v -308.267624 30.920154 -20.989084
v -308.267624 34.878698 -20.161256
v -308.267624 38.483780 -19.184095
v -308.267624 41.756724 -18.057579
v -308.267624 44.709645 -16.781105
v -308.267624 47.349182 -15.353078
v -308.267624 49.678630 -13.770290
v -308.267624 51.699238 -12.026880
v -308.267624 53.411047 -10.112537
v -308.267624 54.813441 -8.009050
v -308.267624 55.905522 -5.682875
v -308.267624 56.686369 -3.065778
v -308.267624 57.155214 0.015686
v -299.021372 58.125937 4.930466
v -299.021372 57.968487 12.703070
v -299.021372 57.496294 17.623254
v -299.021372 56.709809 21.790956
v -299.021372 55.609714 25.489154
v -299.021372 54.196804 28.829229
v -299.021372 52.471803 31.866082
v -299.021372 50.435108 34.629657
v -299.021372 48.086391 37.137043
v -299.021372 45.424036 39.398075
v -299.021372 42.444277 41.418261
v -299.021372 39.139853 43.200459
v -299.021372 35.497803 44.745897
v -299.021372 31.495607 46.054822
v -299.021372 27.093802 47.126934
v -299.021372 22.220037 47.961682
v -299.021372 16.727521 48.558464
v -299.021372 10.243328 48.916763
v -299.021372 0.000000 49.036235
v -299.021372 -10.243328 48.916763
v -299.021372 -16.727521 48.558464
v -299.021372 -22.220037 47.961682
v -299.021372 -27.093802 47.126934
v -299.021372 -31.495607 46.054822
v -299.021372 -35.497803 44.745897
v -299.021372 -39.139853 43.200459
v -299.021372 -42.444277 41.418261
v -299.021372 -45.424036 39.398075
v -299.021372 -48.086391 37.137043
v -299.021372 -50.435108 34.629657
v -299.021372 -52.471803 31.866082
v -299.021372 -54.196804 28.829229
v -299.021372 -55.609714 25.489154
v -299.021372 -56.709809 21.790956
v -299.021372 -57.496294 17.623254
v -299.021372 -57.968487 12.703070
v -299.021372 -58.125937 4.930466
v -299.021372 -57.968487 0.114534
v -299.021372 -57.496294 -2.934028
v -299.021372 -56.709809 -5.516351
v -299.021372 -55.609714 -7.807767
v -299.021372 -54.196804 -9.877289
v -299.021372 -52.471803 -11.758933
v -299.021372 -50.435108 -13.471254
v -299.021372 -48.086391 -15.024839
v -299.021372 -45.424036 -16.425782
v -299.021372 -42.444277 -17.677496
v -299.021372 -39.139853 -18.781752
v -299.021372 -35.497803 -19.739310
v -299.021372 -31.495607 -20.550325
v -299.021372 -27.093802 -21.214609
v -299.021372 -22.220037 -21.731822
v -299.021372 -16.727521 -22.101590
v -299.021372 -10.243328 -22.323593
v -299.021372 -0.000000 -22.397619
v -299.021372 10.243328 -22.323593
v -299.021372 16.727521 -22.101590
v -299.021372 22.220037 -21.731822
v -299.021372 27.093802 -21.214609
v -299.021372 31.495607 -20.550325
v -299.021372 35.497803 -19.739310
v -299.021372 39.139853 -18.781752
v -299.021372 42.444277 -17.677496
v -299.021372 45.424036 -16.425782
v -299.021372 48.086391 -15.024839
v -299.021372 50.435108 -13.471254
v -299.021372 52.471803 -11.758933
v -299.021372 54.196804 -9.877289
v -299.021372 55.609714 -7.807767
v -299.021372 56.709809 -5.516351
v -299.021372 57.496294 -2.934028
v -299.021372 57.968487 0.114534
v -289.775120 58.886334 4.981393
v -289.775120 58.727764 12.745159
v -289.775120 58.252196 17.623124
v -289.775120 57.460039 21.745960
v -289.775120 56.351903 25.399219
v -289.775120 54.928472 28.695342
v -289.775120 53.190332 31.689858
v -289.775120 51.137687 34.413167
v -289.775120 48.769968 36.882721
v -289.775120 46.085247 39.108661
v -289.775120 43.079351 41.096764
v -289.775120 39.744481 42.850118
v -289.775120 36.066942 44.370153
v -289.775120 32.023167 45.657289
v -289.775120 27.572103 46.711374
v -289.775120 22.638765 47.531977
v -289.775120 17.071313 48.118588
v -289.775120 10.484139 48.470758
v -289.775120 0.000000 48.588184
v -289.775120 -10.484139 48.470758
v -289.775120 -17.071313 48.118588
v -289.775120 -22.638765 47.531977
v -289.775120 -27.572103 46.711374
v -289.775120 -32.023167 45.657289
v -289.775120 -36.066942 44.370153
v -289.775120 -39.744481 42.850118
v -289.775120 -43.079351 41.096764
v -289.775120 -46.085247 39.108661
v -289.775120 -48.769968 36.882721
v -289.775120 -51.137687 34.413167
v -289.775120 -53.190332 31.689858
v -289.775120 -54.928472 28.695342
v -289.775120 -56.351903 25.399219
v -289.775120 -57.460039 21.745960
v -289.775120 -58.252196 17.623124
v -289.775120 -58.727764 12.745159
v -289.775120 -58.886334 4.981393
v -289.775120 -58.727764 0.157980
v -289.775120 -58.252196 -2.872565
v -289.775120 -57.460039 -5.433969
v -289.775120 -56.351903 -7.703639
v -289.775120 -54.928472 -9.751429
v -289.775120 -53.190332 -11.611839
v -289.775120 -51.137687 -13.303755
v -289.775120 -48.769968 -14.838021
v -289.775120 -46.085247 -16.220937
v -289.775120 -43.079351 -17.456090
v -289.775120 -39.744481 -18.545400
v -289.775120 -36.066942 -19.489756
v -289.775120 -32.023167 -20.289418
v -289.775120 -27.572103 -20.944292
v -289.775120 -22.638765 -21.454110
v -289.775120 -17.071313 -21.818556
v -289.775120 -10.484139 -22.037349
v -289.775120 -0.000000 -22.110302
v -289.775120 10.484139 -22.037349
v -289.775120 17.071313 -21.818556
v -289.775120 22.638765 -21.454110
v -289.775120 27.572103 -20.944292
v -289.775120 32.023167 -20.289418
v -289.775120 36.066942 -19.489756
v -289.775120 39.744481 -18.545400
v -289.775120 43.079351 -17.456090
v -289.775120 46.085247 -16.220937
v -289.775120 48.769968 -14.838021
v -289.775120 51.137687 -13.303755
v -289.775120 53.190332 -11.611839
v -289.775120 54.928472 -9.751429
v -289.775120 56.351903 -7.703639
v -289.775120 57.460039 -5.433969
v -289.775120 58.252196 -2.872565
v -289.775120 58.727764 0.157980
v -280.528868 59.592703 4.998881
v -280.528868 59.433034 12.758611
v -280.528868 58.954160 17.603172
v -280.528868 58.156453 21.690143
v -280.528868 57.040458 25.307330
v -280.528868 55.606773 28.568092
v -280.528868 53.855857 31.528497
v -280.528868 51.787754 34.219331
v -280.528868 49.401686 36.658352
v -280.528868 46.695453 38.855957
v -280.528868 43.664531 40.818142
v -280.528868 40.300650 42.548188
v -280.528868 36.589469 44.047690
v -280.528868 32.506498 45.317212
v -280.528868 28.009278 46.356722
v -280.528868 23.020477 47.165887
v -280.528868 17.383754 47.744273
v -280.528868 10.702168 48.091487
v -280.528868 0.000000 48.207256
v -280.528868 -10.702168 48.091487
v -280.528868 -17.383754 47.744273
v -280.528868 -23.020477 47.165887
v -280.528868 -28.009278 46.356722
v -280.528868 -32.506498 45.317212
v -280.528868 -36.589469 44.047690
v -280.528868 -40.300650 42.548188
v -280.528868 -43.664531 40.818142
v -280.528868 -46.695453 38.855957
v -280.528868 -49.401686 36.658352
v -280.528868 -51.787754 34.219331
v -280.528868 -53.855857 31.528497
v -280.528868 -55.606773 28.568092
v -280.528868 -57.040458 25.307330
v -280.528868 -58.156453 21.690143
v -280.528868 -58.954160 17.603172
v -280.528868 -59.433034 12.758611
v -280.528868 -59.592703 4.998881
v -280.528868 -59.433034 0.148962
v -280.528868 -58.954160 -2.878944
v -280.528868 -58.156453 -5.433347
v -280.528868 -57.040458 -7.694130
v -280.528868 -55.606773 -9.732143
v -280.528868 -53.855857 -11.582430
v -280.528868 -51.787754 -13.264231
v -280.528868 -49.401686 -14.788647
v -280.528868 -46.695453 -16.162175
v -280.528868 -43.664531 -17.388563
v -280.528868 -40.300650 -18.469861
v -280.528868 -36.589469 -19.407067
v -280.528868 -32.506498 -20.200533
v -280.528868 -28.009278 -20.850238
v -280.528868 -23.020477 -21.355976
v -280.528868 -17.383754 -21.717474
v -280.528868 -10.702168 -21.934486
v -280.528868 -0.000000 -22.006843
v -280.528868 10.702168 -21.934486
v -280.528868 17.383754 -21.717474
v -280.528868 23.020477 -21.355976
v -280.528868 28.009278 -20.850238
v -280.528868 32.506498 -20.200533
v -280.528868 36.589469 -19.407067
v -280.528868 40.300650 -18.469861
v -280.528868 43.664531 -17.388563
v -280.528868 46.695453 -16.162175
v -280.528868 49.401686 -14.788647
v -280.528868 51.787754 -13.264231
v -280.528868 53.855857 -11.582430
v -280.528868 55.606773 -9.732143
v -280.528868 57.040458 -7.694130
v -280.528868 58.156453 -5.433347
v -280.528868 58.954160 -2.878944
v -280.528868 59.433034 0.148962
v -271.282616 60.270022 4.999960
v -271.282616 60.109280 12.758807
v -271.282616 59.627176 17.574728
v -271.282616 58.824048 21.630630
v -271.282616 57.700385 25.216439
v -271.282616 56.256699 28.446370
v -271.282616 54.493336 31.376992
v -271.282616 52.410192 34.039444
v -271.282616 50.006294 36.451760
v -271.282616 47.279191 38.624569
v -271.282616 44.224028 40.564065
v -271.282616 40.832096 42.273699
v -271.282616 37.088453 43.755216
v -271.282616 32.967737 45.009307
v -271.282616 28.426167 46.036045
v -271.282616 23.384201 46.835187
v -271.282616 17.681242 47.406365
v -271.282616 10.909629 47.749234
v -271.282616 0.000000 47.863552
v -271.282616 -10.909629 47.749234
v -271.282616 -17.681242 47.406365
v -271.282616 -23.384201 46.835187
v -271.282616 -28.426167 46.036045
v -271.282616 -32.967737 45.009307
v -271.282616 -37.088453 43.755216
v -271.282616 -40.832096 42.273699
v -271.282616 -44.224028 40.564065
v -271.282616 -47.279191 38.624569
v -271.282616 -50.006294 36.451760
v -271.282616 -52.410192 34.039444
v -271.282616 -54.493336 31.376992
v -271.282616 -56.256699 28.446370
v -271.282616 -57.700385 25.216439
v -271.282616 -58.824048 21.630630
v -271.282616 -59.627176 17.574728
v -271.282616 -60.109280 12.758807
v -271.282616 -60.270022 4.999960
v -271.282616 -60.109280 0.112622
v -271.282616 -59.627176 -2.920952
v -271.282616 -58.824048 -5.475786
v -271.282616 -57.700385 -7.734506
v -271.282616 -56.256699 -9.769056
v -271.282616 -54.493336 -11.615071
v -271.282616 -52.410192 -13.292163
v -271.282616 -50.006294 -14.811693
v -271.282616 -47.279191 -16.180357
v -271.282616 -44.224028 -17.402055
v -271.282616 -40.832096 -18.478963
v -271.282616 -37.088453 -19.412178
v -271.282616 -32.967737 -20.202136
v -271.282616 -28.426167 -20.848884
v -271.282616 -23.384201 -21.352268
v -271.282616 -17.681242 -21.712056
v -271.282616 -10.909629 -21.928031
v -271.282616 -0.000000 -22.000040
v -271.282616 10.909629 -21.928031
v -271.282616 17.681242 -21.712056
v -271.282616 23.384201 -21.352268
v -271.282616 28.426167 -20.848884
v -271.282616 32.967737 -20.202136
v -271.282616 37.088453 -19.412178
v -271.282616 40.832096 -18.478963
v -271.282616 44.224028 -17.402055
v -271.282616 47.279191 -16.180357
v -271.282616 50.006294 -14.811693
v -271.282616 52.410192 -13.292163
v -271.282616 54.493336 -11.615071
v -271.282616 56.256699 -9.769056
v -271.282616 57.700385 -7.734506
v -271.282616 58.824048 -5.475786
v -271.282616 59.627176 -2.920952
v -271.282616 60.109280 0.112622
v -262.036364 60.940284 4.998370
v -262.036364 60.778496 12.755553
v -262.036364 60.293242 17.542747
v -262.036364 59.484827 21.567677
v -262.036364 58.353681 25.122302
v -262.036364 56.900234 28.321654
v -262.036364 55.124717 31.222776
v -262.036364 53.026875 33.857145
v -262.036364 50.605542 36.243060
v -262.036364 47.858015 38.391372
v -262.036364 44.779108 40.308463
v -262.036364 41.359674 41.997952
v -262.036364 37.584163 43.461725
v -262.036364 33.426346 44.700594
v -262.036364 28.841116 45.714739
v -262.036364 23.746716 46.503998
v -262.036364 17.978287 47.068071
v -262.036364 11.117400 47.406658
v -262.036364 0.000000 47.519545
v -262.036364 -11.117400 47.406658
v -262.036364 -17.978287 47.068071
v -262.036364 -23.746716 46.503998
v -262.036364 -28.841116 45.714739
v -262.036364 -33.426346 44.700594
v -262.036364 -37.584163 43.461725
v -262.036364 -41.359674 41.997952
v -262.036364 -44.779108 40.308463
v -262.036364 -47.858015 38.391372
v -262.036364 -50.605542 36.243060
v -262.036364 -53.026875 33.857145
v -262.036364 -55.124717 31.222776
v -262.036364 -56.900234 28.321654
v -262.036364 -58.353681 25.122302
v -262.036364 -59.484827 21.567677
v -262.036364 -60.293242 17.542747
v -262.036364 -60.778496 12.755553
v -262.036364 -60.940284 4.998370
v -262.036364 -60.778496 0.072732
v -262.036364 -60.293242 -2.967030
v -262.036364 -59.484827 -5.522771
v -262.036364 -58.353681 -7.779879
v -262.036364 -56.900234 -9.811396
v -262.036364 -55.124717 -11.653544
v -262.036364 -53.026875 -13.326310
v -262.036364 -50.605542 -14.841313
v -262.036364 -47.858015 -16.205443
v -262.036364 -44.779108 -17.422753
v -262.036364 -41.359674 -18.495541
v -262.036364 -37.584163 -19.425004
v -262.036364 -33.426346 -20.211659
v -262.036364 -28.841116 -20.855618
v -262.036364 -23.746716 -21.356780
v -262.036364 -17.978287 -21.714954
v -262.036364 -11.117400 -21.929949
v -262.036364 -0.000000 -22.001630
v -262.036364 11.117400 -21.929949
v -262.036364 17.978287 -21.714954
v -262.036364 23.746716 -21.356780
v -262.036364 28.841116 -20.855618
v -262.036364 33.426346 -20.211659
v -262.036364 37.584163 -19.425004
v -262.036364 41.359674 -18.495541
v -262.036364 44.779108 -17.422753
v -262.036364 47.858015 -16.205443
v -262.036364 50.605542 -14.841313
v -262.036364 53.026875 -13.326310
v -262.036364 55.124717 -11.653544
v -262.036364 56.900234 -9.811396
v -262.036364 58.353681 -7.779879
v -262.036364 59.484827 -5.522771
v -262.036364 60.293242 -2.967030
v -262.036364 60.778496 0.072732
v -252.790112 61.596521 4.992281
v -252.790112 61.433738 12.746547
v -252.790112 60.945488 17.504390
v -252.790112 60.132042 21.497935
v -252.790112 58.993771 25.021084
v -252.790112 57.531021 28.189644
v -252.790112 55.743907 31.061114
v -252.790112 53.632022 33.667291
v -252.790112 51.194005 36.026730
v -252.790112 48.426897 38.150495
v -252.790112 45.325182 40.045152
v -252.790112 41.879268 41.714479
v -252.790112 38.073000 43.160500
v -252.790112 33.879276 44.384149
v -252.790112 29.251658 45.385703
v -252.790112 24.106172 46.165084
v -252.790112 18.273681 46.722056
v -252.790112 11.324947 47.056364
v -252.790112 0.000000 47.167823
v -252.790112 -11.324947 47.056364
v -252.790112 -18.273681 46.722056
v -252.790112 -24.106172 46.165084
v -252.790112 -29.251658 45.385703
v -252.790112 -33.879276 44.384149
v -252.790112 -38.073000 43.160500
v -252.790112 -41.879268 41.714479
v -252.790112 -45.325182 40.045152
v -252.790112 -48.426897 38.150495
v -252.790112 -51.194005 36.026730
v -252.790112 -53.632022 33.667291
v -252.790112 -55.743907 31.061114
v -252.790112 -57.531021 28.189644
v -252.790112 -58.993771 25.021084
v -252.790112 -60.132042 21.497935
v -252.790112 -60.945488 17.504390
v -252.790112 -61.433738 12.746547
v -252.790112 -61.596521 4.992281
v -252.790112 -61.433738 0.028144
v -252.790112 -60.945488 -3.017739
v -252.790112 -60.132042 -5.574333
v -252.790112 -58.993771 -7.829787
v -252.790112 -57.531021 -9.858241
v -252.790112 -55.743907 -11.696503
v -252.790112 -53.632022 -13.364929
v -252.790112 -51.194005 -14.875398
v -252.790112 -48.426897 -16.234993
v -252.790112 -45.325182 -17.447917
v -252.790112 -41.879268 -18.516589
v -252.790112 -38.073000 -19.442305
v -252.790112 -33.879276 -20.225662
v -252.790112 -29.251658 -20.866839
v -252.790112 -24.106172 -21.365784
v -252.790112 -18.273681 -21.722348
v -252.790112 -11.324947 -21.936365
v -252.790112 -0.000000 -22.007719
v -252.790112 11.324947 -21.936365
v -252.790112 18.273681 -21.722348
v -252.790112 24.106172 -21.365784
v -252.790112 29.251658 -20.866839
v -252.790112 33.879276 -20.225662
v -252.790112 38.073000 -19.442305
v -252.790112 41.879268 -18.516589
v -252.790112 45.325182 -17.447917
v -252.790112 48.426897 -16.234993
v -252.790112 51.194005 -14.875398
v -252.790112 53.632022 -13.364929
v -252.790112 55.743907 -11.696503
v -252.790112 57.531021 -9.858241
v -252.790112 58.993771 -7.829787
v -252.790112 60.132042 -5.574333
v -252.790112 60.945488 -3.017739
v -252.790112 61.433738 0.028144
v -243.543860 62.232546 4.979401
v -243.543860 62.068833 12.729411
v -243.543860 61.577783 17.457310
v -243.543860 60.759631 21.419099
v -243.543860 59.614691 24.910526
v -243.543860 58.143221 28.048134
v -243.543860 56.345221 30.889850
v -243.543860 54.220131 33.467776
v -243.543860 51.766392 35.800711
v -243.543860 48.980792 37.899923
v -243.543860 45.857480 39.772155
v -243.543860 42.386423 41.421340
v -243.543860 38.550857 42.849635
v -243.543860 34.322811 44.058091
v -243.543860 29.654521 45.047082
v -243.543860 24.459802 45.816609
v -243.543860 18.565254 46.366497
v -243.543860 11.530851 46.696538
v -243.543860 0.000000 46.806571
v -243.543860 -11.530851 46.696538
v -243.543860 -18.565254 46.366497
v -243.543860 -24.459802 45.816609
v -243.543860 -29.654521 45.047082
v -243.543860 -34.322811 44.058091
v -243.543860 -38.550857 42.849635
v -243.543860 -42.386423 41.421340
v -243.543860 -45.857480 39.772155
v -243.543860 -48.980792 37.899923
v -243.543860 -51.766392 35.800711
v -243.543860 -54.220131 33.467776
v -243.543860 -56.345221 30.889850
v -243.543860 -58.143221 28.048134
v -243.543860 -59.614691 24.910526
v -243.543860 -60.759631 21.419099
v -243.543860 -61.577783 17.457310
v -243.543860 -62.068833 12.729411
v -243.543860 -62.232546 4.979401
v -243.543860 -62.068833 -0.023335
v -243.543860 -61.577783 -3.075257
v -243.543860 -60.759631 -5.632646
v -243.543860 -59.614691 -7.886409
v -243.543860 -58.143221 -9.911777
v -243.543860 -56.345221 -11.746142
v -243.543860 -54.220131 -13.410228
v -243.543860 -51.766392 -14.916169
v -243.543860 -48.980792 -16.271239
v -243.543860 -45.857480 -17.479790
v -243.543860 -42.386423 -18.544361
v -243.543860 -38.550857 -19.466345
v -243.543860 -34.322811 -20.246419
v -243.543860 -29.654521 -20.884826
v -243.543860 -24.459802 -21.381566
v -243.543860 -18.565254 -21.736526
v -243.543860 -11.530851 -21.949572
v -243.543860 -0.000000 -22.020599
v -243.543860 11.530851 -21.949572
v -243.543860 18.565254 -21.736526
v -243.543860 24.459802 -21.381566
v -243.543860 29.654521 -20.884826
v -243.543860 34.322811 -20.246419
v -243.543860 38.550857 -19.466345
v -243.543860 42.386423 -18.544361
v -243.543860 45.857480 -17.479790
v -243.543860 48.980792 -16.271239
v -243.543860 51.766392 -14.916169
v -243.543860 54.220131 -13.410228
v -243.543860 56.345221 -11.746142
v -243.543860 58.143221 -9.911777
v -243.543860 59.614691 -7.886409
v -243.543860 60.759631 -5.632646
v -243.543860 61.577783 -3.075257
v -243.543860 62.068833 -0.023335
v -234.297608 62.845087 4.958159
v -234.297608 62.680512 12.702566
v -234.297608 62.186863 17.400138
v -234.297608 61.364342 21.330029
v -234.297608 60.213203 24.789718
v -234.297608 58.733618 27.896436
v -234.297608 56.925471 30.708508
v -234.297608 54.788051 33.258326
v -234.297608 52.319601 35.564918
v -234.297608 49.516654 37.639748
v -234.297608 46.373031 39.489726
v -234.297608 42.878257 41.118933
v -234.297608 39.014967 42.529656
v -234.297608 34.754330 43.723055
v -234.297608 30.047269 44.699599
v -234.297608 24.805410 45.459365
v -234.297608 18.851139 46.002239
v -234.297608 11.733736 46.328053
v -234.297608 0.000000 46.436674
v -234.297608 -11.733736 46.328053
v -234.297608 -18.851139 46.002239
v -234.297608 -24.805410 45.459365
v -234.297608 -30.047269 44.699599
v -234.297608 -34.754330 43.723055
v -234.297608 -39.014967 42.529656
v -234.297608 -42.878257 41.118933
v -234.297608 -46.373031 39.489726
v -234.297608 -49.516654 37.639748
v -234.297608 -52.319601 35.564918
v -234.297608 -54.788051 33.258326
v -234.297608 -56.925471 30.708508
v -234.297608 -58.733618 27.896436
v -234.297608 -60.213203 24.789718
v -234.297608 -61.364342 21.330029
v -234.297608 -62.186863 17.400138
v -234.297608 -62.680512 12.702566
v -234.297608 -62.845087 4.958159
v -234.297608 -62.680512 -0.082981
v -234.297608 -62.186863 -3.140816
v -234.297608 -61.364342 -5.698936
v -234.297608 -60.213203 -7.950985
v -234.297608 -58.733618 -9.973269
v -234.297608 -56.925471 -11.803758
v -234.297608 -54.788051 -13.463535
v -234.297608 -52.319601 -14.964987
v -234.297608 -49.516654 -16.315575
v -234.297608 -46.373031 -17.519799
v -234.297608 -42.878257 -18.580314
v -234.297608 -39.014967 -19.498609
v -234.297608 -34.754330 -20.275439
v -234.297608 -30.047269 -20.911110
v -234.297608 -24.805410 -21.405672
v -234.297608 -18.851139 -21.759050
v -234.297608 -11.733736 -21.971135
v -234.297608 -0.000000 -22.041841
v -234.297608 11.733736 -21.971135
v -234.297608 18.851139 -21.759050
v -234.297608 24.805410 -21.405672
v -234.297608 30.047269 -20.911110
v -234.297608 34.754330 -20.275439
v -234.297608 39.014967 -19.498609
v -234.297608 42.878257 -18.580314
v -234.297608 46.373031 -17.519799
v -234.297608 49.516654 -16.315575
v -234.297608 52.319601 -14.964987
v -234.297608 54.788051 -13.463535
v -234.297608 56.925471 -11.803758
v -234.297608 58.733618 -9.973269
v -234.297608 60.213203 -7.950985
v -234.297608 61.364342 -5.698936
v -234.297608 62.186863 -3.140816
v -234.297608 62.680512 -0.082981
v -225.051356 63.433366 4.927626
v -225.051356 63.267988 12.665168
v -225.051356 62.771920 17.332392
v -225.051356 61.945328 21.230615
v -225.051356 60.788410 24.658918
v -225.051356 59.301252 27.735160
v -225.051356 57.483624 30.518040
v -225.051356 55.334664 33.040213
v -225.051356 52.852422 35.320924
v -225.051356 50.033181 37.371817
v -225.051356 46.870436 39.199963
v -225.051356 43.353282 40.809582
v -225.051356 39.463761 42.203082
v -225.051356 35.172198 43.381729
v -225.051356 30.428230 44.346082
v -225.051356 25.141338 45.096290
v -225.051356 19.129770 45.632296
v -225.051356 11.932301 45.953973
v -225.051356 0.000000 46.061213
v -225.051356 -11.932301 45.953973
v -225.051356 -19.129770 45.632296
v -225.051356 -25.141338 45.096290
v -225.051356 -30.428230 44.346082
v -225.051356 -35.172198 43.381729
v -225.051356 -39.463761 42.203082
v -225.051356 -43.353282 40.809582
v -225.051356 -46.870436 39.199963
v -225.051356 -50.033181 37.371817
v -225.051356 -52.852422 35.320924
v -225.051356 -55.334664 33.040213
v -225.051356 -57.483624 30.518040
v -225.051356 -59.301252 27.735160
v -225.051356 -60.788410 24.658918
v -225.051356 -61.945328 21.230615
v -225.051356 -62.771920 17.332392
v -225.051356 -63.267988 12.665168
v -225.051356 -63.433366 4.927626
v -225.051356 -63.267988 -0.151280
v -225.051356 -62.771920 -3.214836
v -225.051356 -61.945328 -5.773621
v -225.051356 -60.788410 -8.023952
v -225.051356 -59.301252 -10.043191
v -225.051356 -57.483624 -11.869867
v -225.051356 -55.334664 -13.525417
v -225.051356 -52.852422 -15.022470
v -225.051356 -50.033181 -16.368672
v -225.051356 -46.870436 -17.568664
v -225.051356 -43.353282 -18.625214
v -225.051356 -39.463761 -19.539905
v -225.051356 -35.172198 -20.313566
v -225.051356 -30.428230 -20.946565
v -225.051356 -25.141338 -21.439000
v -225.051356 -19.129770 -21.790834
v -225.051356 -11.932301 -22.001982
v -225.051356 -0.000000 -22.072374
v -225.051356 11.932301 -22.001982
v -225.051356 19.129770 -21.790834
v -225.051356 25.141338 -21.439000
v -225.051356 30.428230 -20.946565
v -225.051356 35.172198 -20.313566
v -225.051356 39.463761 -19.539905
v -225.051356 43.353282 -18.625214
v -225.051356 46.870436 -17.568664
v -225.051356 50.033181 -16.368672
v -225.051356 52.852422 -15.022470
v -225.051356 55.334664 -13.525417
v -225.051356 57.483624 -11.869867
v -225.051356 59.301252 -10.043191
v -225.051356 60.788410 -8.023952
v -225.051356 61.945328 -5.773621
v -225.051356 62.771920 -3.214836
v -225.051356 63.267988 -0.151280
v -215.805104 63.998676 4.887433
v -215.805104 63.832540 12.617033
v -215.805104 63.334186 17.254366
v -215.805104 62.503750 21.121632
v -215.805104 61.341369 24.519369
v -215.805104 59.847051 27.566002
v -215.805104 58.020452 30.320565
v -215.805104 55.860565 32.815958
v -215.805104 53.365251 35.071620
v -215.805104 50.530552 37.099367
v -215.805104 47.349646 38.906415
v -215.805104 43.811209 40.497113
v -215.805104 39.896711 41.873986
v -215.805104 35.575655 43.038396
v -215.805104 30.796430 43.990986
v -215.805104 25.466433 44.731974
v -215.805104 19.399890 45.261356
v -215.805104 12.125349 45.579043
v -215.805104 0.000000 45.684951
v -215.805104 -12.125349 45.579043
v -215.805104 -19.399890 45.261356
v -215.805104 -25.466433 44.731974
v -215.805104 -30.796430 43.990986
v -215.805104 -35.575655 43.038396
v -215.805104 -39.896711 41.873986
v -215.805104 -43.811209 40.497113
v -215.805104 -47.349646 38.906415
v -215.805104 -50.530552 37.099367
v -215.805104 -53.365251 35.071620
v -215.805104 -55.860565 32.815958
v -215.805104 -58.020452 30.320565
v -215.805104 -59.847051 27.566002
v -215.805104 -61.341369 24.519369
v -215.805104 -62.503750 21.121632
v -215.805104 -63.334186 17.254366
v -215.805104 -63.832540 12.617033
v -215.805104 -63.998676 4.887433
v -215.805104 -63.832540 -0.228054
v -215.805104 -63.334186 -3.297065
v -215.805104 -62.503750 -5.856441
v -215.805104 -61.341369 -8.105080
v -215.805104 -59.847051 -10.121357
v -215.805104 -58.020452 -11.944340
v -215.805104 -55.860565 -13.595803
v -215.805104 -53.365251 -15.088612
v -215.805104 -50.530552 -16.430585
v -215.805104 -47.349646 -17.626498
v -215.805104 -43.811209 -18.679230
v -215.805104 -39.896711 -19.590452
v -215.805104 -35.575655 -20.361064
v -215.805104 -30.796430 -20.991493
v -215.805104 -25.466433 -21.481882
v -215.805104 -19.399890 -21.832230
v -215.805104 -12.125349 -22.042477
v -215.805104 -0.000000 -22.112567
v -215.805104 12.125349 -22.042477
v -215.805104 19.399890 -21.832230
v -215.805104 25.466433 -21.481882
v -215.805104 30.796430 -20.991493
v -215.805104 35.575655 -20.361064
v -215.805104 39.896711 -19.590452
v -215.805104 43.811209 -18.679230
v -215.805104 47.349646 -17.626498
v -215.805104 50.530552 -16.430585
v -215.805104 53.365251 -15.088612
v -215.805104 55.860565 -13.595803
v -215.805104 58.020452 -11.944340
v -215.805104 59.847051 -10.121357
v -215.805104 61.341369 -8.105080
v -215.805104 62.503750 -5.856441
v -215.805104 63.334186 -3.297065
v -215.805104 63.832540 -0.228054
v -206.558852 64.543963 4.837688
v -206.558852 64.377094 12.558547
v -206.558852 63.876528 17.167009
v -206.558852 63.042370 21.004582
v -206.558852 61.874705 24.373102
v -206.558852 60.373459 27.391498
v -206.558852 58.538185 30.119098
v -206.558852 56.367736 32.589021
v -206.558852 53.859793 34.820884
v -206.558852 51.010165 36.826653
v -206.558852 47.811730 38.613682
v -206.558852 44.252762 40.186437
v -206.558852 40.314180 41.547547
v -206.558852 35.964701 42.698465
v -206.558852 31.151514 43.639910
v -206.558852 25.780013 44.372165
v -206.558852 19.660551 44.895273
v -206.558852 12.311817 45.209183
v -206.558852 0.000000 45.313828
v -206.558852 -12.311817 45.209183
v -206.558852 -19.660551 44.895273
v -206.558852 -25.780013 44.372165
v -206.558852 -31.151514 43.639910
v -206.558852 -35.964701 42.698465
v -206.558852 -40.314180 41.547547
v -206.558852 -44.252762 40.186437
v -206.558852 -47.811730 38.613682
v -206.558852 -51.010165 36.826653
v -206.558852 -53.859793 34.820884
v -206.558852 -56.367736 32.589021
v -206.558852 -58.538185 30.119098
v -206.558852 -60.373459 27.391498
v -206.558852 -61.874705 24.373102
v -206.558852 -63.042370 21.004582
v -206.558852 -63.876528 17.167009
v -206.558852 -64.377094 12.558547
v -206.558852 -64.543963 4.837688
v -206.558852 -64.377094 -0.312585
v -206.558852 -63.876528 -3.386704
v -206.558852 -63.042370 -5.946595
v -206.558852 -61.874705 -8.193598
v -206.558852 -60.373459 -10.207048
v -206.558852 -58.538185 -12.026521
v -206.558852 -56.367736 -13.674106
v -206.558852 -53.859793 -15.162892
v -206.558852 -51.010165 -16.500860
v -206.558852 -47.811730 -17.692915
v -206.558852 -44.252762 -18.742036
v -206.558852 -40.314180 -19.649978
v -206.558852 -35.964701 -20.417709
v -206.558852 -31.151514 -21.045709
v -206.558852 -25.780013 -21.534166
v -206.558852 -19.660551 -21.883111
v -206.558852 -12.311817 -22.092507
v -206.558852 -0.000000 -22.162312
v -206.558852 12.311817 -22.092507
v -206.558852 19.660551 -21.883111
v -206.558852 25.780013 -21.534166
v -206.558852 31.151514 -21.045709
v -206.558852 35.964701 -20.417709
v -206.558852 40.314180 -19.649978
v -206.558852 44.252762 -18.742036
v -206.558852 47.811730 -17.692915
v -206.558852 51.010165 -16.500860
v -206.558852 53.859793 -15.162892
v -206.558852 56.367736 -13.674106
v -206.558852 58.538185 -12.026521
v -206.558852 60.373459 -10.207048
v -206.558852 61.874705 -8.193598
v -206.558852 63.042370 -5.946595
v -206.558852 63.876528 -3.386704
v -206.558852 64.377094 -0.312585
v -197.312600 65.073409 4.778897
v -197.312600 64.905806 12.490578
v -197.312600 64.403031 17.071787
v -197.312600 63.565156 20.881514
v -197.312600 62.392218 24.222721
v -197.312600 60.884070 27.214775
v -197.312600 59.040165 29.917259
v -197.312600 56.859225 32.363483
v -197.312600 54.338765 34.573220
v -197.312600 51.474374 36.558573
v -197.312600 48.258647 38.327014
v -197.312600 44.679477 39.883117
v -197.312600 40.717265 41.229603
v -197.312600 36.339980 42.368008
v -197.312600 31.493673 43.299121
v -197.312600 26.081831 44.023280
v -197.312600 19.911116 44.540573
v -197.312600 12.490811 44.850981
v -197.312600 0.000000 44.954457
v -197.312600 -12.490811 44.850981
v -197.312600 -19.911116 44.540573
v -197.312600 -26.081831 44.023280
v -197.312600 -31.493673 43.299121
v -197.312600 -36.339980 42.368008
v -197.312600 -40.717265 41.229603
v -197.312600 -44.679477 39.883117
v -197.312600 -48.258647 38.327014
v -197.312600 -51.474374 36.558573
v -197.312600 -54.338765 34.573220
v -197.312600 -56.859225 32.363483
v -197.312600 -59.040165 29.917259
v -197.312600 -60.884070 27.214775
v -197.312600 -62.392218 24.222721
v -197.312600 -63.565156 20.881514
v -197.312600 -64.403031 17.071787
v -197.312600 -64.905806 12.490578
v -197.312600 -65.073409 4.778897
v -197.312600 -64.905806 -0.403741
v -197.312600 -64.403031 -3.482544
v -197.312600 -63.565156 -6.042872
v -197.312600 -62.392218 -8.288332
v -197.312600 -60.884070 -10.299143
v -197.312600 -59.040165 -12.115348
v -197.312600 -56.859225 -13.759334
v -197.312600 -54.338765 -15.244389
v -197.312600 -51.474374 -16.578646
v -197.312600 -48.258647 -17.767127
v -197.312600 -44.679477 -18.812907
v -197.312600 -40.717265 -19.717813
v -197.312600 -36.339980 -20.482879
v -197.312600 -31.493673 -21.108634
v -197.312600 -26.081831 -21.595305
v -197.312600 -19.911116 -21.942952
v -197.312600 -12.490811 -22.151562
v -197.312600 -0.000000 -22.221103
v -197.312600 12.490811 -22.151562
v -197.312600 19.911116 -21.942952
v -197.312600 26.081831 -21.595305
v -197.312600 31.493673 -21.108634
v -197.312600 36.339980 -20.482879
v -197.312600 40.717265 -19.717813
v -197.312600 44.679477 -18.812907
v -197.312600 48.258647 -17.767127
v -197.312600 51.474374 -16.578646
v -197.312600 54.338765 -15.244389
v -197.312600 56.859225 -13.759334
v -197.312600 59.040165 -12.115348
v -197.312600 60.884070 -10.299143
v -197.312600 62.392218 -8.288332
v -197.312600 63.565156 -6.042872
v -197.312600 64.403031 -3.482544
v -197.312600 64.905806 -0.403741
v -188.066348 65.592008 4.711882
v -188.066348 65.423646 12.414363
v -188.066348 64.918586 16.970540
v -188.066348 64.076874 20.754838
v -188.066348 62.898500 24.071177
v -188.066348 61.383252 27.039289
v -188.066348 59.530490 29.718977
v -188.066348 57.338820 32.143713
v -188.066348 54.805598 34.333405
v -188.066348 51.926217 36.300272
v -188.066348 48.693004 38.051892
v -188.066348 45.093504 39.592933
v -188.066348 41.107630 40.926196
v -188.066348 36.702655 42.053291
v -188.066348 31.823557 42.975065
v -188.066348 26.372031 43.691908
v -188.066348 20.151256 44.203948
v -188.066348 12.661636 44.511193
v -188.066348 0.000000 44.613613
v -188.066348 -12.661636 44.511193
v -188.066348 -20.151256 44.203948
v -188.066348 -26.372031 43.691908
v -188.066348 -31.823557 42.975065
v -188.066348 -36.702655 42.053291
v -188.066348 -41.107630 40.926196
v -188.066348 -45.093504 39.592933
v -188.066348 -48.693004 38.051892
v -188.066348 -51.926217 36.300272
v -188.066348 -54.805598 34.333405
v -188.066348 -57.338820 32.143713
v -188.066348 -59.530490 29.718977
v -188.066348 -61.383252 27.039289
v -188.066348 -62.898500 24.071177
v -188.066348 -64.076874 20.754838
v -188.066348 -64.918586 16.970540
v -188.066348 -65.423646 12.414363
v -188.066348 -65.592008 4.711882
v -188.066348 -65.423646 -0.500097
v -188.066348 -64.918586 -3.583090
v -188.066348 -64.076874 -6.143782
v -188.066348 -62.898500 -8.387824
v -188.066348 -61.383252 -10.396234
v -188.066348 -59.530490 -12.209479
v -188.066348 -57.338820 -13.850206
v -188.066348 -54.805598 -15.331888
v -188.066348 -51.926217 -16.662793
v -188.066348 -48.693004 -17.848049
v -188.066348 -45.093504 -18.890813
v -188.066348 -41.107630 -19.792982
v -188.066348 -36.702655 -20.555644
v -188.066348 -31.823557 -21.179375
v -188.066348 -26.372031 -21.664435
v -188.066348 -20.151256 -22.010914
v -188.066348 -12.661636 -22.218814
v -188.066348 -0.000000 -22.288118
v -188.066348 12.661636 -22.218814
v -188.066348 20.151256 -22.010914
v -188.066348 26.372031 -21.664435
v -188.066348 31.823557 -21.179375
v -188.066348 36.702655 -20.555644
v -188.066348 41.107630 -19.792982
v -188.066348 45.093504 -18.890813
v -188.066348 48.693004 -17.848049
v -188.066348 51.926217 -16.662793
v -188.066348 54.805598 -15.331888
v -188.066348 57.338820 -13.850206
v -188.066348 59.530490 -12.209479
v -188.066348 61.383252 -10.396234
v -188.066348 62.898500 -8.387824
v -188.066348 64.076874 -6.143782
v -188.066348 64.918586 -3.583090
v -188.066348 65.423646 -0.500097
v -178.820096 66.105146 4.637700
v -178.820096 65.935976 12.331398
v -178.820096 65.428482 16.865320
v -178.820096 64.582688 20.627125
v -178.820096 63.398542 23.921524
v -178.820096 61.875774 26.868549
v -178.820096 60.013665 29.528183
v -178.820096 57.810712 31.934031
v -178.820096 55.264134 34.106116
v -178.820096 52.369141 36.056757
v -178.820096 49.117822 37.793618
v -178.820096 45.497400 39.321447
v -178.820096 41.487343 40.643117
v -178.820096 37.054277 41.760296
v -178.820096 32.142190 42.673886
v -178.820096 26.651100 43.384318
v -178.820096 20.380941 43.891756
v -178.820096 12.823820 44.196229
v -178.820096 0.000000 44.297723
v -178.820096 -12.823820 44.196229
v -178.820096 -20.380941 43.891756
v -178.820096 -26.651100 43.384318
v -178.820096 -32.142190 42.673886
v -178.820096 -37.054277 41.760296
v -178.820096 -41.487343 40.643117
v -178.820096 -45.497400 39.321447
v -178.820096 -49.117822 37.793618
v -178.820096 -52.369141 36.056757
v -178.820096 -55.264134 34.106116
v -178.820096 -57.810712 31.934031
v -178.820096 -60.013665 29.528183
v -178.820096 -61.875774 26.868549
v -178.820096 -63.398542 23.921524
v -178.820096 -64.582688 20.627125
v -178.820096 -65.428482 16.865320
v -178.820096 -65.935976 12.331398
v -178.820096 -66.105146 4.637700
v -178.820096 -65.935976 -0.600064
v -178.820096 -65.428482 -3.686696
v -178.820096 -64.582688 -6.247681
v -178.820096 -63.398542 -8.490462
v -178.820096 -61.875774 -10.496757
v -178.820096 -60.013665 -12.307399
v -178.820096 -57.810712 -13.945268
v -178.820096 -55.264134 -15.423993
v -178.820096 -52.369141 -16.751963
v -178.820096 -49.117822 -17.934394
v -178.820096 -45.497400 -18.974519
v -178.820096 -41.487343 -19.874294
v -178.820096 -37.054277 -20.634854
v -178.820096 -32.142190 -21.256814
v -178.820096 -26.651100 -21.740466
v -178.820096 -20.380941 -22.085923
v -178.820096 -12.823820 -22.293204
v -178.820096 -0.000000 -22.362300
v -178.820096 12.823820 -22.293204
v -178.820096 20.380941 -22.085923
v -178.820096 26.651100 -21.740466
v -178.820096 32.142190 -21.256814
v -178.820096 37.054277 -20.634854
v -178.820096 41.487343 -19.874294
v -178.820096 45.497400 -18.974519
v -178.820096 49.117822 -17.934394
v -178.820096 52.369141 -16.751963
v -178.820096 55.264134 -15.423993
v -178.820096 57.810712 -13.945268
v -178.820096 60.013665 -12.307399
v -178.820096 61.875774 -10.496757
v -178.820096 63.398542 -8.490462
v -178.820096 64.582688 -6.247681
v -178.820096 65.428482 -3.686696
v -178.820096 65.935976 -0.600064
v -169.573844 66.618186 4.557563
v -169.573844 66.448134 12.243313
v -169.573844 65.937988 16.758225
v -169.573844 65.087753 20.500898
v -169.573844 63.897343 23.776678
v -169.573844 62.366435 26.705833
v -169.573844 60.494242 29.348490
v -169.573844 58.279169 31.738362
v -169.573844 55.718314 33.895562
v -169.573844 52.806727 35.832491
v -169.573844 49.536283 37.556887
v -169.573844 45.893918 39.073561
v -169.573844 41.858696 40.385444
v -169.573844 37.396653 41.494255
v -169.573844 32.450868 42.400939
v -169.573844 26.919817 43.105963
v -169.573844 20.600431 43.609517
v -169.573844 12.977147 43.911652
v -169.573844 0.000000 44.012366
v -169.573844 -12.977147 43.911652
v -169.573844 -20.600431 43.609517
v -169.573844 -26.919817 43.105963
v -169.573844 -32.450868 42.400939
v -169.573844 -37.396653 41.494255
v -169.573844 -41.858696 40.385444
v -169.573844 -45.893918 39.073561
v -169.573844 -49.536283 37.556887
v -169.573844 -52.806727 35.832491
v -169.573844 -55.718314 33.895562
v -169.573844 -58.279169 31.738362
v -169.573844 -60.494242 29.348490
v -169.573844 -62.366435 26.705833
v -169.573844 -63.897343 23.776678
v -169.573844 -65.087753 20.500898
v -169.573844 -65.937988 16.758225
v -169.573844 -66.448134 12.243313
v -169.573844 -66.618186 4.557563
v -169.573844 -66.448134 -0.702007
v -169.573844 -65.937988 -3.791684
v -169.573844 -65.087753 -6.352898
v -169.573844 -63.897343 -8.594603
v -169.573844 -62.366435 -10.599104
v -169.573844 -60.494242 -12.407546
v -169.573844 -58.279169 -14.043001
v -169.573844 -55.718314 -15.519232
v -169.573844 -52.806727 -16.844726
v -169.573844 -49.536283 -18.024777
v -169.573844 -45.893918 -19.062678
v -169.573844 -41.858696 -19.960435
v -169.573844 -37.396653 -20.719225
v -169.573844 -32.450868 -21.339694
v -169.573844 -26.919817 -21.822161
v -169.573844 -20.600431 -22.166757
v -169.573844 -12.977147 -22.373516
v -169.573844 -0.000000 -22.442437
v -169.573844 12.977147 -22.373516
v -169.573844 20.600431 -22.166757
v -169.573844 26.919817 -21.822161
v -169.573844 32.450868 -21.339694
v -169.573844 37.396653 -20.719225
v -169.573844 41.858696 -19.960435
v -169.573844 45.893918 -19.062678
v -169.573844 49.536283 -18.024777
v -169.573844 52.806727 -16.844726
v -169.573844 55.718314 -15.519232
v -169.573844 58.279169 -14.043001
v -169.573844 60.494242 -12.407546
v -169.573844 62.366435 -10.599104
v -169.573844 63.897343 -8.594603
v -169.573844 65.087753 -6.352898
v -169.573844 65.937988 -3.791684
v -169.573844 66.448134 -0.702007
v -160.327592 67.136041 4.472752
v -160.327592 66.965016 12.151750
v -160.327592 66.451945 16.651225
v -160.327592 65.596817 20.378421
v -160.327592 64.399517 23.639165
v -160.327592 62.859683 26.553906
v -160.327592 60.976469 29.182881
v -160.327592 58.748203 31.559885
v -160.327592 56.171879 33.705104
v -160.327592 53.242410 35.631000
v -160.327592 49.951489 37.345368
v -160.327592 46.285794 38.853071
v -160.327592 42.224031 40.157085
v -160.327592 37.731707 41.259170
v -160.327592 32.751072 42.160304
v -160.327592 27.179196 42.860981
v -160.327592 20.810260 43.361415
v -160.327592 13.121673 43.661672
v -160.327592 0.000000 43.761758
v -160.327592 -13.121673 43.661672
v -160.327592 -20.810260 43.361415
v -160.327592 -27.179196 42.860981
v -160.327592 -32.751072 42.160304
v -160.327592 -37.731707 41.259170
v -160.327592 -42.224031 40.157085
v -160.327592 -46.285794 38.853071
v -160.327592 -49.951489 37.345368
v -160.327592 -53.242410 35.631000
v -160.327592 -56.171879 33.705104
v -160.327592 -58.748203 31.559885
v -160.327592 -60.976469 29.182881
v -160.327592 -62.859683 26.553906
v -160.327592 -64.399517 23.639165
v -160.327592 -65.596817 20.378421
v -160.327592 -66.451945 16.651225
v -160.327592 -66.965016 12.151750
v -160.327592 -67.136041 4.472752
v -160.327592 -66.965016 -0.804371
v -160.327592 -66.451945 -3.896478
v -160.327592 -65.596817 -6.457864
v -160.327592 -64.399517 -8.698697
v -160.327592 -62.859683 -10.701751
v -160.327592 -60.976469 -12.508422
v -160.327592 -58.748203 -14.141935
v -160.327592 -56.171879 -15.616162
v -160.327592 -53.242410 -16.939667
v -160.327592 -49.951489 -18.117807
v -160.327592 -46.285794 -19.153923
v -160.327592 -42.224031 -20.050062
v -160.327592 -37.731707 -20.807431
v -160.327592 -32.751072 -21.426704
v -160.327592 -27.179196 -21.908220
v -160.327592 -20.810260 -22.252126
v -160.327592 -13.121673 -22.458467
v -160.327592 -0.000000 -22.527248
v -160.327592 13.121673 -22.458467
v -160.327592 20.810260 -22.252126
v -160.327592 27.179196 -21.908220
v -160.327592 32.751072 -21.426704
v -160.327592 37.731707 -20.807431
v -160.327592 42.224031 -20.050062
v -160.327592 46.285794 -19.153923
v -160.327592 49.951489 -18.117807
v -160.327592 53.242410 -16.939667
v -160.327592 56.171879 -15.616162
v -160.327592 58.748203 -14.141935
v -160.327592 60.976469 -12.508422
v -160.327592 62.859683 -10.701751
v -160.327592 64.399517 -8.698697
v -160.327592 65.596817 -6.457864
v -160.327592 66.451945 -3.896478
v -160.327592 66.965016 -0.804371
v -151.081340 67.662761 4.384545
v -151.081340 67.490658 12.058235
v -151.081340 66.974350 16.545998
v -151.081340 66.113812 20.261484
v -151.081340 64.908909 23.510869
v -151.081340 63.359246 26.414732
v -151.081340 61.463932 29.033387
v -151.081340 59.221232 31.400690
v -151.081340 56.628058 33.536881
v -151.081340 53.679207 35.454465
v -151.081340 50.366214 37.161282
v -151.081340 46.675539 38.662230
v -151.081340 42.585570 39.960322
v -151.081340 38.061345 41.057343
v -151.081340 33.044369 41.954300
v -151.081340 27.430438 42.651706
v -151.081340 21.011227 43.149792
v -151.081340 13.257762 43.448635
v -151.081340 0.000000 43.548249
v -151.081340 -13.257762 43.448635
v -151.081340 -21.011227 43.149792
v -151.081340 -27.430438 42.651706
v -151.081340 -33.044369 41.954300
v -151.081340 -38.061345 41.057343
v -151.081340 -42.585570 39.960322
v -151.081340 -46.675539 38.662230
v -151.081340 -50.366214 37.161282
v -151.081340 -53.679207 35.454465
v -151.081340 -56.628058 33.536881
v -151.081340 -59.221232 31.400690
v -151.081340 -61.463932 29.033387
v -151.081340 -63.359246 26.414732
v -151.081340 -64.908909 23.510869
v -151.081340 -66.113812 20.261484
v -151.081340 -66.974350 16.545998
v -151.081340 -67.490658 12.058235
v -151.081340 -67.662761 4.384545
v -151.081340 -67.490658 -0.905804
v -151.081340 -66.974350 -3.999729
v -151.081340 -66.113812 -6.561237
v -151.081340 -64.908909 -8.801408
v -151.081340 -63.359246 -10.803371
v -151.081340 -61.463932 -12.608708
v -151.081340 -59.221232 -14.240760
v -151.081340 -56.628058 -15.713479
v -151.081340 -53.679207 -17.035489
v -151.081340 -50.366214 -18.212192
v -151.081340 -46.675539 -19.246966
v -151.081340 -42.585570 -20.141888
v -151.081340 -38.061345 -20.898190
v -151.081340 -33.044369 -21.516564
v -151.081340 -27.430438 -21.997366
v -151.081340 -21.011227 -22.340753
v -151.081340 -13.257762 -22.546780
v -151.081340 -0.000000 -22.615455
v -151.081340 13.257762 -22.546780
v -151.081340 21.011227 -22.340753
v -151.081340 27.430438 -21.997366
v -151.081340 33.044369 -21.516564
v -151.081340 38.061345 -20.898190
v -151.081340 42.585570 -20.141888
v -151.081340 46.675539 -19.246966
v -151.081340 50.366214 -18.212192
v -151.081340 53.679207 -17.035489
v -151.081340 56.628058 -15.713479
v -151.081340 59.221232 -14.240760
v -151.081340 61.463932 -12.608708
v -151.081340 63.359246 -10.803371
v -151.081340 64.908909 -8.801408
v -151.081340 66.113812 -6.561237
v -151.081340 66.974350 -3.999729
v -151.081340 67.490658 -0.905804
v -141.835088 68.201108 4.294125
v -141.835088 68.027818 11.964066
v -141.835088 67.507944 16.443765
v -141.835088 66.641454 20.151207
v -141.835088 65.428198 23.392796
v -141.835088 63.867756 26.289199
v -141.835088 61.959205 28.900781
v -141.835088 59.700761 31.261438
v -141.835088 57.089271 33.391444
v -141.835088 54.119439 35.303337
v -141.835088 50.782669 37.004984
v -141.835088 47.065235 38.501309
v -141.835088 42.945250 39.795346
v -141.835088 38.387336 40.888902
v -141.835088 33.332332 41.783000
v -141.835088 27.674884 42.478169
v -141.835088 21.204399 42.974648
v -141.835088 13.386115 43.272523
v -141.835088 0.000000 43.371815
v -141.835088 -13.386115 43.272523
v -141.835088 -21.204399 42.974648
v -141.835088 -27.674884 42.478169
v -141.835088 -33.332332 41.783000
v -141.835088 -38.387336 40.888902
v -141.835088 -42.945250 39.795346
v -141.835088 -47.065235 38.501309
v -141.835088 -50.782669 37.004984
v -141.835088 -54.119439 35.303337
v -141.835088 -57.089271 33.391444
v -141.835088 -59.700761 31.261438
v -141.835088 -61.959205 28.900781
v -141.835088 -63.867756 26.289199
v -141.835088 -65.428198 23.392796
v -141.835088 -66.641454 20.151207
v -141.835088 -67.507944 16.443765
v -141.835088 -68.027818 11.964066
v -141.835088 -68.201108 4.294125
v -141.835088 -68.027818 -1.005277
v -141.835088 -67.507944 -4.100442
v -141.835088 -66.641454 -6.662029
v -141.835088 -65.428198 -8.901745
v -141.835088 -63.867756 -10.902960
v -141.835088 -61.959205 -12.707384
v -141.835088 -59.700761 -14.338436
v -141.835088 -57.089271 -15.810124
v -141.835088 -54.119439 -17.131111
v -141.835088 -50.782669 -18.306832
v -141.835088 -47.065235 -19.340690
v -141.835088 -42.945250 -20.234780
v -141.835088 -38.387336 -20.990353
v -141.835088 -33.332332 -21.608113
v -141.835088 -27.674884 -22.088427
v -141.835088 -21.204399 -22.431459
v -141.835088 -13.386115 -22.637271
v -141.835088 -0.000000 -22.705875
v -141.835088 13.386115 -22.637271
v -141.835088 21.204399 -22.431459
v -141.835088 27.674884 -22.088427
v -141.835088 33.332332 -21.608113
v -141.835088 38.387336 -20.990353
v -141.835088 42.945250 -20.234780
v -141.835088 47.065235 -19.340690
v -141.835088 50.782669 -18.306832
v -141.835088 54.119439 -17.131111
v -141.835088 57.089271 -15.810124
v -141.835088 59.700761 -14.338436
v -141.835088 61.959205 -12.707384
v -141.835088 63.867756 -10.902960
v -141.835088 65.428198 -8.901745
v -141.835088 66.641454 -6.662029
v -141.835088 67.507944 -4.100442
v -141.835088 68.027818 -1.005277
v -132.588836 68.752140 4.202509
v -132.588836 68.577557 11.870196
v -132.588836 68.053804 16.345137
v -132.588836 67.180842 20.047839
v -132.588836 65.958512 23.284840
v -132.588836 64.386380 26.176853
v -132.588836 62.463498 28.784274
v -132.588836 60.188050 31.141023
v -132.588836 57.556831 33.267393
v -132.588836 54.564472 35.175941
v -132.588836 51.202271 36.874548
v -132.588836 47.456343 38.368156
v -132.588836 43.304566 39.659810
v -132.588836 38.711192 40.751331
v -132.588836 33.616466 41.643749
v -132.588836 27.913991 42.337603
v -132.588836 21.391111 42.833138
v -132.588836 13.507813 43.130445
v -132.588836 0.000000 43.229547
v -132.588836 -13.507813 43.130445
v -132.588836 -21.391111 42.833138
v -132.588836 -27.913991 42.337603
v -132.588836 -33.616466 41.643749
v -132.588836 -38.711192 40.751331
v -132.588836 -43.304566 39.659810
v -132.588836 -47.456343 38.368156
v -132.588836 -51.202271 36.874548
v -132.588836 -54.564472 35.175941
v -132.588836 -57.556831 33.267393
v -132.588836 -60.188050 31.141023
v -132.588836 -62.463498 28.784274
v -132.588836 -64.386380 26.176853
v -132.588836 -65.958512 23.284840
v -132.588836 -67.180842 20.047839
v -132.588836 -68.053804 16.345137
v -132.588836 -68.577557 11.870196
v -132.588836 -68.752140 4.202509
v -132.588836 -68.577557 -1.102213
v -132.588836 -68.053804 -4.198103
v -132.588836 -67.180842 -6.759736
v -132.588836 -65.958512 -8.999184
v -132.588836 -64.386380 -10.999959
v -132.588836 -62.463498 -12.803846
v -132.588836 -60.188050 -14.434311
v -132.588836 -57.556831 -15.905394
v -132.588836 -54.564472 -17.225781
v -132.588836 -51.202271 -18.400925
v -132.588836 -47.456343 -19.434245
v -132.588836 -43.304566 -20.327847
v -132.588836 -38.711192 -21.082992
v -132.588836 -33.616466 -21.700392
v -132.588836 -27.913991 -22.180419
v -132.588836 -21.391111 -22.523244
v -132.588836 -13.507813 -22.728930
v -132.588836 -0.000000 -22.797491
v -132.588836 13.507813 -22.728930
v -132.588836 21.391111 -22.523244
v -132.588836 27.913991 -22.180419
v -132.588836 33.616466 -21.700392
v -132.588836 38.711192 -21.082992
v -132.588836 43.304566 -20.327847
v -132.588836 47.456343 -19.434245
v -132.588836 51.202271 -18.400925
v -132.588836 54.564472 -17.225781
v -132.588836 57.556831 -15.905394
v -132.588836 60.188050 -14.434311
v -132.588836 62.463498 -12.803846
v -132.588836 64.386380 -10.999959
v -132.588836 65.958512 -8.999184
v -132.588836 67.180842 -6.759736
v -132.588836 68.053804 -4.198103
v -132.588836 68.577557 -1.102213
v -123.342584 69.314786 4.110458
v -123.342584 69.138822 11.777138
v -123.342584 68.610925 16.249977
v -123.342584 67.731054 19.950588
v -123.342584 66.499045 23.185564
v -123.342584 64.914454 26.075641
v -123.342584 62.976319 28.681228
v -123.342584 60.682801 31.036254
v -123.342584 58.030656 33.161021
v -123.342584 55.014459 35.068095
v -123.342584 51.625421 36.765363
v -123.342584 47.849522 38.257774
v -123.342584 43.664432 39.548378
v -123.342584 39.034074 40.639002
v -123.342584 33.898151 41.530680
v -123.342584 28.149312 42.223954
v -123.342584 21.573001 42.719073
v -123.342584 13.624369 43.016131
v -123.342584 0.000000 43.115149
v -123.342584 -13.624369 43.016131
v -123.342584 -21.573001 42.719073
v -123.342584 -28.149312 42.223954
v -123.342584 -33.898151 41.530680
v -123.342584 -39.034074 40.639002
v -123.342584 -43.664432 39.548378
v -123.342584 -47.849522 38.257774
v -123.342584 -51.625421 36.765363
v -123.342584 -55.014459 35.068095
v -123.342584 -58.030656 33.161021
v -123.342584 -60.682801 31.036254
v -123.342584 -62.976319 28.681228
v -123.342584 -64.914454 26.075641
v -123.342584 -66.499045 23.185564
v -123.342584 -67.731054 19.950588
v -123.342584 -68.610925 16.249977
v -123.342584 -69.138822 11.777138
v -123.342584 -69.314786 4.110458
v -123.342584 -69.138822 -1.196606
v -123.342584 -68.610925 -4.292815
v -123.342584 -67.731054 -6.854468
v -123.342584 -66.499045 -9.093797
v -123.342584 -64.914454 -11.094379
v -123.342584 -62.976319 -12.898030
v -123.342584 -60.682801 -14.528237
v -123.342584 -58.030656 -15.999052
v -123.342584 -55.014459 -17.319175
v -123.342584 -51.625421 -18.494066
v -123.342584 -47.849522 -19.527149
v -123.342584 -43.664432 -20.420537
v -123.342584 -39.034074 -21.175493
v -123.342584 -33.898151 -21.792734
v -123.342584 -28.149312 -22.272636
v -123.342584 -21.573001 -22.615369
v -123.342584 -13.624369 -22.821000
v -123.342584 -0.000000 -22.889542
v -123.342584 13.624369 -22.821000
v -123.342584 21.573001 -22.615369
v -123.342584 28.149312 -22.272636
v -123.342584 33.898151 -21.792734
v -123.342584 39.034074 -21.175493
v -123.342584 43.664432 -20.420537
v -123.342584 47.849522 -19.527149
v -123.342584 51.625421 -18.494066
v -123.342584 55.014459 -17.319175
v -123.342584 58.030656 -15.999052
v -123.342584 60.682801 -14.528237
v -123.342584 62.976319 -12.898030
v -123.342584 64.914454 -11.094379
v -123.342584 66.499045 -9.093797
v -123.342584 67.731054 -6.854468
v -123.342584 68.610925 -4.292815
v -123.342584 69.138822 -1.196606
v -114.096332 69.885433 4.018402
v -114.096332 69.708030 11.684870
v -114.096332 69.175817 16.157271
v -114.096332 68.288752 19.857444
v -114.096332 67.046668 23.091998
v -114.096332 65.449117 25.981670
v -114.096332 63.495128 28.586874
v -114.096332 61.182843 30.941541
v -114.096332 58.508992 33.065973
v -114.096332 55.468101 34.972739
v -114.096332 52.051305 36.669728
v -114.096332 48.244464 38.161888
v -114.096332 44.025058 39.452274
v -114.096332 39.356708 40.542710
v -114.096332 34.178607 41.434234
v -114.096332 28.382504 42.127387
v -114.096332 21.752041 42.622420
v -114.096332 13.737798 42.919424
v -114.096332 0.000000 43.018425
v -114.096332 -13.737798 42.919424
v -114.096332 -21.752041 42.622420
v -114.096332 -28.382504 42.127387
v -114.096332 -34.178607 41.434234
v -114.096332 -39.356708 40.542710
v -114.096332 -44.025058 39.452274
v -114.096332 -48.244464 38.161888
v -114.096332 -52.051305 36.669728
v -114.096332 -55.468101 34.972739
v -114.096332 -58.508992 33.065973
v -114.096332 -61.182843 30.941541
v -114.096332 -63.495128 28.586874
v -114.096332 -65.449117 25.981670
v -114.096332 -67.046668 23.091998
v -114.096332 -68.288752 19.857444
v -114.096332 -69.175817 16.157271
v -114.096332 -69.708030 11.684870
v -114.096332 -69.885433 4.018402
v -114.096332 -69.708030 -1.289150
v -114.096332 -69.175817 -4.385425
v -114.096332 -68.288752 -6.947082
v -114.096332 -67.046668 -9.186387
v -114.096332 -65.449117 -11.186929
v -114.096332 -63.495128 -12.990530
v -114.096332 -61.182843 -14.620683
v -114.096332 -58.508992 -16.091443
v -114.096332 -55.468101 -17.411511
v -114.096332 -52.051305 -18.586349
v -114.096332 -48.244464 -19.619382
v -114.096332 -44.025058 -20.512725
v -114.096332 -39.356708 -21.267642
v -114.096332 -34.178607 -21.884851
v -114.096332 -28.382504 -22.364726
v -114.096332 -21.752041 -22.707440
v -114.096332 -13.737798 -22.913059
v -114.096332 -0.000000 -22.981598
v -114.096332 13.737798 -22.913059
v -114.096332 21.752041 -22.707440
v -114.096332 28.382504 -22.364726
v -114.096332 34.178607 -21.884851
v -114.096332 39.356708 -21.267642
v -114.096332 44.025058 -20.512725
v -114.096332 48.244464 -19.619382
v -114.096332 52.051305 -18.586349
v -114.096332 55.468101 -17.411511
v -114.096332 58.508992 -16.091443
v -114.096332 61.182843 -14.620683
v -114.096332 63.495128 -12.990530
v -114.096332 65.449117 -11.186929
v -114.096332 67.046668 -9.186387
v -114.096332 68.288752 -6.947082
v -114.096332 69.175817 -4.385425
v -114.096332 69.708030 -1.289150
v -104.850080 70.467920 3.922518
v -104.850080 70.289019 11.588389
v -104.850080 69.752311 16.061062
v -104.850080 68.857754 19.761605
v -104.850080 67.605182 22.996562
v -104.850080 65.994147 25.886647
v -104.850080 64.023670 28.492259
v -104.850080 61.691883 30.847321
v -104.850080 58.995492 32.972131
v -104.850080 55.928984 34.879250
v -104.850080 52.483427 36.576564
v -104.850080 48.644570 38.069018
v -104.850080 44.389720 39.359664
v -104.850080 39.682207 40.450324
v -104.850080 34.460740 41.342033
v -104.850080 28.616200 42.035333
v -104.850080 21.930494 42.530470
v -104.850080 13.849795 42.827539
v -104.850080 0.000000 42.926561
v -104.850080 -13.849795 42.827539
v -104.850080 -21.930494 42.530470
v -104.850080 -28.616200 42.035333
v -104.850080 -34.460740 41.342033
v -104.850080 -39.682207 40.450324
v -104.850080 -44.389720 39.359664
v -104.850080 -48.644570 38.069018
v -104.850080 -52.483427 36.576564
v -104.850080 -55.928984 34.879250
v -104.850080 -58.995492 32.972131
v -104.850080 -61.691883 30.847321
v -104.850080 -64.023670 28.492259
v -104.850080 -65.994147 25.886647
v -104.850080 -67.605182 22.996562
v -104.850080 -68.857754 19.761605
v -104.850080 -69.752311 16.061062
v -104.850080 -70.289019 11.588389
v -104.850080 -70.467920 3.922518
v -104.850080 -70.289019 -1.386457
v -104.850080 -69.752311 -4.483992
v -104.850080 -68.857754 -7.046792
v -104.850080 -67.605182 -9.287151
v -104.850080 -65.994147 -11.288671
v -104.850080 -64.023670 -13.093179
v -104.850080 -61.691883 -14.724171
v -104.850080 -58.995492 -16.195701
v -104.850080 -55.928984 -17.516470
v -104.850080 -52.483427 -18.691939
v -104.850080 -48.644570 -19.725534
v -104.850080 -44.389720 -20.619366
v -104.850080 -39.682207 -21.374700
v -104.850080 -34.460740 -21.992250
v -104.850080 -28.616200 -22.472393
v -104.850080 -21.930494 -22.815299
v -104.850080 -13.849795 -23.021033
v -104.850080 -0.000000 -23.089610
v -104.850080 13.849795 -23.021033
v -104.850080 21.930494 -22.815299
v -104.850080 28.616200 -22.472393
v -104.850080 34.460740 -21.992250
v -104.850080 39.682207 -21.374700
v -104.850080 44.389720 -20.619366
v -104.850080 48.644570 -19.725534
v -104.850080 52.483427 -18.691939
v -104.850080 55.928984 -17.516470
v -104.850080 58.995492 -16.195701
v -104.850080 61.691883 -14.724171
v -104.850080 64.023670 -13.093179
v -104.850080 65.994147 -11.288671
v -104.850080 67.605182 -9.287151
v -104.850080 68.857754 -7.046792
v -104.850080 69.752311 -4.483992
v -104.850080 70.289019 -1.386457
v -95.603828 71.121770 3.796591
v -95.603828 70.941028 11.456904
v -95.603828 70.398801 15.931918
v -95.603828 69.495054 19.635701
v -95.603828 68.229635 22.874213
v -95.603828 66.602110 25.767945
v -95.603828 64.611519 28.377173
v -95.603828 62.256009 30.735744
v -95.603828 59.532296 32.863897
v -95.603828 56.434869 34.774150
v -95.603828 52.954774 36.474353
v -95.603828 49.077708 37.969421
v -95.603828 44.780867 39.262380
v -95.603828 40.027378 40.355031
v -95.603828 34.755582 41.248393
v -95.603828 28.855665 41.942992
v -95.603828 22.108119 42.439066
v -95.603828 13.955545 42.736699
v -95.603828 0.000000 42.835909
v -95.603828 -13.955545 42.736699
v -95.603828 -22.108119 42.439066
v -95.603828 -28.855665 41.942992
v -95.603828 -34.755582 41.248393
v -95.603828 -40.027378 40.355031
v -95.603828 -44.780867 39.262380
v -95.603828 -49.077708 37.969421
v -95.603828 -52.954774 36.474353
v -95.603828 -56.434869 34.774150
v -95.603828 -59.532296 32.863897
v -95.603828 -62.256009 30.735744
v -95.603828 -64.611519 28.377173
v -95.603828 -66.602110 25.767945
v -95.603828 -68.229635 22.874213
v -95.603828 -69.495054 19.635701
v -95.603828 -70.398801 15.931918
v -95.603828 -70.941028 11.456904
v -95.603828 -71.121770 3.796591
v -95.603828 -70.941028 -1.524506
v -95.603828 -70.398801 -4.632993
v -95.603828 -69.495054 -7.205759
v -95.603828 -68.229635 -9.455332
v -95.603828 -66.602110 -11.465411
v -95.603828 -64.611519 -13.277864
v -95.603828 -62.256009 -14.916203
v -95.603828 -59.532296 -16.394486
v -95.603828 -56.434869 -17.721408
v -95.603828 -52.954774 -18.902423
v -95.603828 -49.077708 -19.940945
v -95.603828 -44.780867 -20.839075
v -95.603828 -40.027378 -21.598066
v -95.603828 -34.755582 -22.218624
v -95.603828 -28.855665 -22.701114
v -95.603828 -22.108119 -23.045703
v -95.603828 -13.955545 -23.252448
v -95.603828 -0.000000 -23.321363
v -95.603828 13.955545 -23.252448
v -95.603828 22.108119 -23.045703
v -95.603828 28.855665 -22.701114
v -95.603828 34.755582 -22.218624
v -95.603828 40.027378 -21.598066
v -95.603828 44.780867 -20.839075
v -95.603828 49.077708 -19.940945
v -95.603828 52.954774 -18.902423
v -95.603828 56.434869 -17.721408
v -95.603828 59.532296 -16.394486
v -95.603828 62.256009 -14.916203
v -95.603828 64.611519 -13.277864
v -95.603828 66.602110 -11.465411
v -95.603828 68.229635 -9.455332
v -95.603828 69.495054 -7.205759
v -95.603828 70.398801 -4.632993
v -95.603828 70.941028 -1.524506
v -86.357576 71.880582 3.621988
v -86.357576 71.697449 11.267471
v -86.357576 71.148057 15.747947
v -86.357576 70.232394 19.459554
v -86.357576 68.950339 22.706744
v -86.357576 67.301505 25.609423
v -86.357576 65.284992 28.227556
v -86.357576 62.899011 30.594785
v -86.357576 60.140350 32.731202
v -86.357576 57.003570 34.649212
v -86.357576 53.479780 36.356572
v -86.357576 49.554730 37.858119
v -86.357576 45.205630 39.156816
v -86.357576 40.395566 40.254411
v -86.357576 35.062731 41.151876
v -86.357576 29.096957 41.849703
v -86.357576 22.277949 42.348101
v -86.357576 14.046368 42.647137
v -86.357576 0.000000 42.746817
v -86.357576 -14.046368 42.647137
v -86.357576 -22.277949 42.348101
v -86.357576 -29.096957 41.849703
v -86.357576 -35.062731 41.151876
v -86.357576 -40.395566 40.254411
v -86.357576 -45.205630 39.156816
v -86.357576 -49.554730 37.858119
v -86.357576 -53.479780 36.356572
v -86.357576 -57.003570 34.649212
v -86.357576 -60.140350 32.731202
v -86.357576 -62.899011 30.594785
v -86.357576 -65.284992 28.227556
v -86.357576 -67.301505 25.609423
v -86.357576 -68.950339 22.706744
v -86.357576 -70.232394 19.459554
v -86.357576 -71.148057 15.747947
v -86.357576 -71.697449 11.267471
v -86.357576 -71.880582 3.621988
v -86.357576 -71.697449 -1.727330
v -86.357576 -71.148057 -4.862186
v -86.357576 -70.232394 -7.459088
v -86.357576 -68.950339 -9.731050
v -86.357576 -67.301505 -11.761969
v -86.357576 -65.284992 -13.593799
v -86.357576 -62.899011 -15.250079
v -86.357576 -60.140350 -16.744868
v -86.357576 -57.003570 -18.086842
v -86.357576 -53.479780 -19.281431
v -86.357576 -49.554730 -20.332020
v -86.357576 -45.205630 -21.240679
v -86.357576 -40.395566 -22.008634
v -86.357576 -35.062731 -22.636564
v -86.357576 -29.096957 -23.124813
v -86.357576 -22.277949 -23.473527
v -86.357576 -14.046368 -23.682754
v -86.357576 -0.000000 -23.752497
v -86.357576 14.046368 -23.682754
v -86.357576 22.277949 -23.473527
v -86.357576 29.096957 -23.124813
v -86.357576 35.062731 -22.636564
v -86.357576 40.395566 -22.008634
v -86.357576 45.205630 -21.240679
v -86.357576 49.554730 -20.332020
v -86.357576 53.479780 -19.281431
v -86.357576 57.003570 -18.086842
v -86.357576 60.140350 -16.744868
v -86.357576 62.899011 -15.250079
v -86.357576 65.284992 -13.593799
v -86.357576 67.301505 -11.761969
v -86.357576 68.950339 -9.731050
v -86.357576 70.232394 -7.459088
v -86.357576 71.148057 -4.862186
v -86.357576 71.697449 -1.727330
v -77.111324 72.723474 3.399045
v -77.111324 72.537412 11.018061
v -77.111324 71.979242 15.506621
v -77.111324 71.048989 19.230471
v -77.111324 69.746593 22.491455
v -77.111324 68.071750 25.408473
v -77.111324 66.023664 28.040945
v -77.111324 63.600671 30.422165
v -77.111324 60.799704 32.571972
v -77.111324 57.615479 34.502572
v -77.111324 54.039279 36.221565
v -77.111324 50.057025 37.733658
v -77.111324 45.646107 39.041702
v -77.111324 40.769773 40.147355
v -77.111324 35.366354 41.051513
v -77.111324 29.325781 41.754608
v -77.111324 22.427804 42.256802
v -77.111324 14.113296 42.558128
v -77.111324 0.000000 42.658573
v -77.111324 -14.113296 42.558128
v -77.111324 -22.427804 42.256802
v -77.111324 -29.325781 41.754608
v -77.111324 -35.366354 41.051513
v -77.111324 -40.769773 40.147355
v -77.111324 -45.646107 39.041702
v -77.111324 -50.057025 37.733658
v -77.111324 -54.039279 36.221565
v -77.111324 -57.615479 34.502572
v -77.111324 -60.799704 32.571972
v -77.111324 -63.600671 30.422165
v -77.111324 -66.023664 28.040945
v -77.111324 -68.071750 25.408473
v -77.111324 -69.746593 22.491455
v -77.111324 -71.048989 19.230471
v -77.111324 -71.979242 15.506621
v -77.111324 -72.537412 11.018061
v -77.111324 -72.723474 3.399045
v -77.111324 -72.537412 -1.991888
v -77.111324 -71.979242 -5.167826
v -77.111324 -71.048989 -7.802684
v -77.111324 -69.746593 -10.110035
v -77.111324 -68.071750 -12.174008
v -77.111324 -66.023664 -14.036648
v -77.111324 -63.600671 -15.721511
v -77.111324 -60.799704 -17.242634
v -77.111324 -57.615479 -18.608655
v -77.111324 -54.039279 -19.824951
v -77.111324 -50.057025 -20.894852
v -77.111324 -45.646107 -21.820375
v -77.111324 -40.769773 -22.602694
v -77.111324 -35.366354 -23.242443
v -77.111324 -29.325781 -23.739926
v -77.111324 -22.427804 -24.095260
v -77.111324 -14.113296 -24.308467
v -77.111324 -0.000000 -24.379539
v -77.111324 14.113296 -24.308467
v -77.111324 22.427804 -24.095260
v -77.111324 29.325781 -23.739926
v -77.111324 35.366354 -23.242443
v -77.111324 40.769773 -22.602694
v -77.111324 45.646107 -21.820375
v -77.111324 50.057025 -20.894852
v -77.111324 54.039279 -19.824951
v -77.111324 57.615479 -18.608655
v -77.111324 60.799704 -17.242634
v -77.111324 63.600671 -15.721511
v -77.111324 66.023664 -14.036648
v -77.111324 68.071750 -12.174008
v -77.111324 69.746593 -10.110035
v -77.111324 71.048989 -7.802684
v -77.111324 71.979242 -5.167826
v -77.111324 72.537412 -1.991888
v -67.865072 73.592771 3.141602
v -67.865072 73.403407 10.721794
v -67.865072 72.835349 15.219496
v -67.865072 71.888673 18.958503
v -67.865072 70.563403 22.236977
v -67.865072 68.859355 25.172390
v -67.865072 66.775881 27.823392
v -67.865072 64.311502 30.222778
v -67.865072 61.463365 32.390029
v -67.865072 58.226432 34.337079
v -67.865072 54.592259 36.071303
v -67.865072 50.547078 37.597225
v -67.865072 46.068619 38.917544
v -67.865072 41.120519 40.033789
v -67.865072 35.641563 40.946753
v -67.865072 29.522282 41.656781
v -67.865072 22.543416 42.163974
v -67.865072 14.148445 42.468317
v -67.865072 0.000000 42.569771
v -67.865072 -14.148445 42.468317
v -67.865072 -22.543416 42.163974
v -67.865072 -29.522282 41.656781
v -67.865072 -35.641563 40.946753
v -67.865072 -41.120519 40.033789
v -67.865072 -46.068619 38.917544
v -67.865072 -50.547078 37.597225
v -67.865072 -54.592259 36.071303
v -67.865072 -58.226432 34.337079
v -67.865072 -61.463365 32.390029
v -67.865072 -64.311502 30.222778
v -67.865072 -66.775881 27.823392
v -67.865072 -68.859355 25.172390
v -67.865072 -70.563403 22.236977
v -67.865072 -71.888673 18.958503
v -67.865072 -72.835349 15.219496
v -67.865072 -73.403407 10.721794
v -67.865072 -73.592771 3.141602
v -67.865072 -73.403407 -2.296184
v -67.865072 -72.835349 -5.522691
v -67.865072 -71.888673 -8.204935
v -67.865072 -70.563403 -10.556808
v -67.865072 -68.859355 -12.662580
v -67.865072 -66.775881 -14.564323
v -67.865072 -64.311502 -16.285566
v -67.865072 -61.463365 -17.840283
v -67.865072 -58.226432 -19.237034
v -67.865072 -54.592259 -20.481111
v -67.865072 -50.547078 -21.575758
v -67.865072 -46.068619 -22.522913
v -67.865072 -41.120519 -23.323671
v -67.865072 -35.641563 -23.978602
v -67.865072 -29.522282 -24.487954
v -67.865072 -22.543416 -24.851797
v -67.865072 -14.148445 -25.070124
v -67.865072 -0.000000 -25.142903
v -67.865072 14.148445 -25.070124
v -67.865072 22.543416 -24.851797
v -67.865072 29.522282 -24.487954
v -67.865072 35.641563 -23.978602
v -67.865072 41.120519 -23.323671
v -67.865072 46.068619 -22.522913
v -67.865072 50.547078 -21.575758
v -67.865072 54.592259 -20.481111
v -67.865072 58.226432 -19.237034
v -67.865072 61.463365 -17.840283
v -67.865072 64.311502 -16.285566
v -67.865072 66.775881 -14.564323
v -67.865072 68.859355 -12.662580
v -67.865072 70.563403 -10.556808
v -67.865072 71.888673 -8.204935
v -67.865072 72.835349 -5.522691
v -67.865072 73.403407 -2.296184
v -58.618820 74.411877 2.871470
v -58.618820 74.219106 10.401222
v -58.618820 73.640847 14.907041
v -58.618820 72.677239 18.661865
v -58.618820 71.328411 21.959267
v -58.618820 69.594324 24.914928
v -58.618820 67.474521 27.586534
v -58.618820 64.967753 30.006258
v -58.618820 62.071440 32.193139
v -58.618820 58.780864 34.158766
v -58.618820 55.087952 35.910241
v -58.618820 50.979359 37.451862
v -58.618820 46.433313 38.786139
v -58.618820 41.414046 39.914447
v -58.618820 35.861111 40.837450
v -58.618820 29.666131 41.555391
v -58.618820 22.611774 42.068291
v -58.618820 14.146486 42.376080
v -58.618820 0.000000 42.478687
v -58.618820 -14.146486 42.376080
v -58.618820 -22.611774 42.068291
v -58.618820 -29.666131 41.555391
v -58.618820 -35.861111 40.837450
v -58.618820 -41.414046 39.914447
v -58.618820 -46.433313 38.786139
v -58.618820 -50.979359 37.451862
v -58.618820 -55.087952 35.910241
v -58.618820 -58.780864 34.158766
v -58.618820 -62.071440 32.193139
v -58.618820 -64.967753 30.006258
v -58.618820 -67.474521 27.586534
v -58.618820 -69.594324 24.914928
v -58.618820 -71.328411 21.959267
v -58.618820 -72.677239 18.661865
v -58.618820 -73.640847 14.907041
v -58.618820 -74.219106 10.401222
v -58.618820 -74.411877 2.871470
v -58.618820 -74.219106 -2.607831
v -58.618820 -73.640847 -5.886657
v -58.618820 -72.677239 -8.618992
v -58.618820 -71.328411 -11.018469
v -58.618820 -69.594324 -13.169264
v -58.618820 -67.474521 -15.113356
v -58.618820 -64.967753 -16.874158
v -58.618820 -62.071440 -18.465523
v -58.618820 -58.780864 -19.895883
v -58.618820 -55.087952 -21.170409
v -58.618820 -50.979359 -22.292226
v -58.618820 -46.433313 -23.263162
v -58.618820 -41.414046 -24.084217
v -58.618820 -35.861111 -24.755874
v -58.618820 -29.666131 -25.278310
v -58.618820 -22.611774 -25.651540
v -58.618820 -14.146486 -25.875515
v -58.618820 -0.000000 -25.950180
v -58.618820 14.146486 -25.875515
v -58.618820 22.611774 -25.651540
v -58.618820 29.666131 -25.278310
v -58.618820 35.861111 -24.755874
v -58.618820 41.414046 -24.084217
v -58.618820 46.433313 -23.263162
v -58.618820 50.979359 -22.292226
v -58.618820 55.087952 -21.170409
v -58.618820 58.780864 -19.895883
v -58.618820 62.071440 -18.465523
v -58.618820 64.967753 -16.874158
v -58.618820 67.474521 -15.113356
v -58.618820 69.594324 -13.169264
v -58.618820 71.328411 -11.018469
v -58.618820 72.677239 -8.618992
v -58.618820 73.640847 -5.886657
v -58.618820 74.219106 -2.607831
v -49.372568 75.103161 2.612894
v -49.372568 74.907179 10.082592
v -49.372568 74.319312 14.593455
v -49.372568 73.339769 18.362328
v -49.372568 71.968794 21.677573
v -49.372568 70.206515 24.652823
v -49.372568 68.052684 27.344661
v -49.372568 65.506316 29.784556
v -49.372568 62.565145 31.991040
v -49.372568 59.224824 33.975315
v -49.372568 55.477716 35.744177
v -49.372568 51.310990 37.301670
v -49.372568 46.703491 38.650096
v -49.372568 41.620221 39.790654
v -49.372568 36.001757 40.723867
v -49.372568 29.741246 41.449864
v -49.372568 22.624102 41.968580
v -49.372568 14.105785 42.279884
v -49.372568 0.000000 42.383666
v -49.372568 -14.105785 42.279884
v -49.372568 -22.624102 41.968580
v -49.372568 -29.741246 41.449864
v -49.372568 -36.001757 40.723867
v -49.372568 -41.620221 39.790654
v -49.372568 -46.703491 38.650096
v -49.372568 -51.310990 37.301670
v -49.372568 -55.477716 35.744177
v -49.372568 -59.224824 33.975315
v -49.372568 -62.565145 31.991040
v -49.372568 -65.506316 29.784556
v -49.372568 -68.052684 27.344661
v -49.372568 -70.206515 24.652823
v -49.372568 -71.968794 21.677573
v -49.372568 -73.339769 18.362328
v -49.372568 -74.319312 14.593455
v -49.372568 -74.907179 10.082592
v -49.372568 -75.103161 2.612894
v -49.372568 -74.907179 -2.892510
v -49.372568 -74.319312 -6.217158
v -49.372568 -73.339769 -8.994937
v -49.372568 -71.968794 -11.438377
v -49.372568 -70.206515 -13.631230
v -49.372568 -68.052684 -15.615200
v -49.372568 -65.506316 -17.413480
v -49.372568 -62.565145 -19.039728
v -49.372568 -59.224824 -20.502202
v -49.372568 -55.477716 -21.805909
v -49.372568 -51.310990 -22.953831
v -49.372568 -46.703491 -23.947663
v -49.372568 -41.620221 -24.788290
v -49.372568 -36.001757 -25.476098
v -49.372568 -29.741246 -26.011181
v -49.372568 -22.624102 -26.393491
v -49.372568 -14.105785 -26.622932
v -49.372568 -0.000000 -26.699422
v -49.372568 14.105785 -26.622932
v -49.372568 22.624102 -26.393491
v -49.372568 29.741246 -26.011181
v -49.372568 36.001757 -25.476098
v -49.372568 41.620221 -24.788290
v -49.372568 46.703491 -23.947663
v -49.372568 51.310990 -22.953831
v -49.372568 55.477716 -21.805909
v -49.372568 59.224824 -20.502202
v -49.372568 62.565145 -19.039728
v -49.372568 65.506316 -17.413480
v -49.372568 68.052684 -15.615200
v -49.372568 70.206515 -13.631230
v -49.372568 71.968794 -11.438377
v -49.372568 73.339769 -8.994937
v -49.372568 74.319312 -6.217158
v -49.372568 74.907179 -2.892510
v -40.126316 75.605826 2.387020
v -40.126316 75.407102 9.789912
v -40.126316 74.811033 14.301222
v -40.126316 73.817898 18.080349
v -40.126316 72.428063 21.410147
v -40.126316 70.641823 24.402076
v -40.126316 68.459150 27.111551
v -40.126316 65.879333 29.569291
v -40.126316 62.900434 31.793299
v -40.126316 59.518501 33.794374
v -40.126316 55.726365 35.578988
v -40.126316 51.511759 37.150925
v -40.126316 46.854219 38.512270
v -40.126316 41.719630 39.664046
v -40.126316 36.049774 40.606629
v -40.126316 29.739642 41.340031
v -40.126316 22.578006 41.864099
v -40.126316 14.028849 42.178639
v -40.126316 0.000000 42.283504
v -40.126316 -14.028849 42.178639
v -40.126316 -22.578006 41.864099
v -40.126316 -29.739642 41.340031
v -40.126316 -36.049774 40.606629
v -40.126316 -41.719630 39.664046
v -40.126316 -46.854219 38.512270
v -40.126316 -51.511759 37.150925
v -40.126316 -55.726365 35.578988
v -40.126316 -59.518501 33.794374
v -40.126316 -62.900434 31.793299
v -40.126316 -65.879333 29.569291
v -40.126316 -68.459150 27.111551
v -40.126316 -70.641823 24.402076
v -40.126316 -72.428063 21.410147
v -40.126316 -73.817898 18.080349
v -40.126316 -74.811033 14.301222
v -40.126316 -75.407102 9.789912
v -40.126316 -75.605826 2.387020
v -40.126316 -75.407102 -3.121932
v -40.126316 -74.811033 -6.479078
v -40.126316 -73.817898 -9.291362
v -40.126316 -72.428063 -11.769271
v -40.126316 -70.641823 -13.995752
v -40.126316 -68.459150 -16.012040
v -40.126316 -65.879333 -17.840998
v -40.126316 -62.900434 -19.496020
v -40.126316 -59.518501 -20.985144
v -40.126316 -55.726365 -22.313186
v -40.126316 -51.511759 -23.482962
v -40.126316 -46.854219 -24.496024
v -40.126316 -41.719630 -25.353132
v -40.126316 -36.049774 -26.054566
v -40.126316 -29.739642 -26.600337
v -40.126316 -22.578006 -26.990328
v -40.126316 -14.028849 -27.224397
v -40.126316 -0.000000 -27.302433
v -40.126316 14.028849 -27.224397
v -40.126316 22.578006 -26.990328
v -40.126316 29.739642 -26.600337
v -40.126316 36.049774 -26.054566
v -40.126316 41.719630 -25.353132
v -40.126316 46.854219 -24.496024
v -40.126316 51.511759 -23.482962
v -40.126316 55.726365 -22.313186
v -40.126316 59.518501 -20.985144
v -40.126316 62.900434 -19.496020
v -40.126316 65.879333 -17.840998
v -40.126316 68.459150 -16.012040
v -40.126316 70.641823 -13.995752
v -40.126316 72.428063 -11.769271
v -40.126316 73.817898 -9.291362
v -40.126316 74.811033 -6.479078
v -40.126316 75.407102 -3.121932
v -30.880064 75.893794 2.206359
v -30.880064 75.692960 9.538781
v -30.880064 75.090583 14.045357
v -30.880064 74.087010 17.829843
v -30.880064 72.682723 21.169592
v -30.880064 70.878178 24.173889
v -30.880064 68.673559 26.896975
v -30.880064 66.068419 29.368825
v -30.880064 63.061145 31.606915
v -30.880064 59.648173 33.621646
v -30.880064 55.822804 35.419178
v -30.880064 51.573345 37.003039
v -30.880064 46.880046 38.375104
v -30.880064 41.709726 39.536225
v -30.880064 36.005470 40.486637
v -30.880064 29.664292 41.226242
v -30.880064 22.478692 41.754799
v -30.880064 13.922063 42.072057
v -30.880064 0.000000 42.177832
v -30.880064 -13.922063 42.072057
v -30.880064 -22.478692 41.754799
v -30.880064 -29.664292 41.226242
v -30.880064 -36.005470 40.486637
v -30.880064 -41.709726 39.536225
v -30.880064 -46.880046 38.375104
v -30.880064 -51.573345 37.003039
v -30.880064 -55.822804 35.419178
v -30.880064 -59.648173 33.621646
v -30.880064 -63.061145 31.606915
v -30.880064 -66.068419 29.368825
v -30.880064 -68.673559 26.896975
v -30.880064 -70.878178 24.173889
v -30.880064 -72.682723 21.169592
v -30.880064 -74.087010 17.829843
v -30.880064 -75.090583 14.045357
v -30.880064 -75.692960 9.538781
v -30.880064 -75.893794 2.206359
v -30.880064 -75.692960 -3.281183
v -30.880064 -75.090583 -6.653878
v -30.880064 -74.087010 -9.486165
v -30.880064 -72.682723 -11.985614
v -30.880064 -70.878178 -14.234012
v -30.880064 -68.673559 -16.271954
v -30.880064 -66.068419 -18.121872
v -30.880064 -63.061145 -19.796846
v -30.880064 -59.648173 -21.304659
v -30.880064 -55.822804 -22.649922
v -30.880064 -51.573345 -23.835274
v -30.880064 -46.880046 -24.862120
v -30.880064 -41.709726 -25.731096
v -30.880064 -36.005470 -26.442378
v -30.880064 -29.664292 -26.995894
v -30.880064 -22.478692 -27.391464
v -30.880064 -13.922063 -27.628898
v -30.880064 -0.000000 -27.708059
v -30.880064 13.922063 -27.628898
v -30.880064 22.478692 -27.391464
v -30.880064 29.664292 -26.995894
v -30.880064 36.005470 -26.442378
v -30.880064 41.709726 -25.731096
v -30.880064 46.880046 -24.862120
v -30.880064 51.573345 -23.835274
v -30.880064 55.822804 -22.649922
v -30.880064 59.648173 -21.304659
v -30.880064 63.061145 -19.796846
v -30.880064 66.068419 -18.121872
v -30.880064 68.673559 -16.271954
v -30.880064 70.878178 -14.234012
v -30.880064 72.682723 -11.985614
v -30.880064 74.087010 -9.486165
v -30.880064 75.090583 -6.653878
v -30.880064 75.692960 -3.281183
v -21.633812 75.993578 2.069255
v -21.633812 75.791239 9.330069
v -21.633812 75.184366 13.827406
v -21.633812 74.173370 17.612677
v -21.633812 72.758839 20.957919
v -21.633812 70.941377 23.970304
v -21.633812 68.721368 26.702937
v -21.633812 66.098610 29.185076
v -21.633812 63.071795 31.433692
v -21.633812 59.637730 33.458807
v -21.633812 55.790167 35.266283
v -21.633812 51.517971 36.859408
v -21.633812 46.802097 38.239863
v -21.633812 41.610304 39.408336
v -21.633812 35.887005 40.364934
v -21.633812 29.531303 41.109455
v -21.633812 22.339579 41.641579
v -21.633812 13.794987 41.960999
v -21.633812 0.000000 42.067498
v -21.633812 -13.794987 41.960999
v -21.633812 -22.339579 41.641579
v -21.633812 -29.531303 41.109455
v -21.633812 -35.887005 40.364934
v -21.633812 -41.610304 39.408336
v -21.633812 -46.802097 38.239863
v -21.633812 -51.517971 36.859408
v -21.633812 -55.790167 35.266283
v -21.633812 -59.637730 33.458807
v -21.633812 -63.071795 31.433692
v -21.633812 -66.098610 29.185076
v -21.633812 -68.721368 26.702937
v -21.633812 -70.941377 23.970304
v -21.633812 -72.758839 20.957919
v -21.633812 -74.173370 17.612677
v -21.633812 -75.184366 13.827406
v -21.633812 -75.791239 9.330069
v -21.633812 -75.993578 2.069255
v -21.633812 -75.791239 -3.375637
v -21.633812 -75.184366 -6.748194
v -21.633812 -74.173370 -9.586774
v -21.633812 -72.758839 -12.095374
v -21.633812 -70.941377 -14.354365
v -21.633812 -68.721368 -16.403570
v -21.633812 -66.098610 -18.264929
v -21.633812 -63.071795 -19.951168
v -21.633812 -59.637730 -21.469804
v -21.633812 -55.790167 -22.825233
v -21.633812 -51.517971 -24.019919
v -21.633812 -46.802097 -25.055124
v -21.633812 -41.610304 -25.931363
v -21.633812 -35.887005 -26.648717
v -21.633812 -29.531303 -27.207033
v -21.633812 -22.339579 -27.606074
v -21.633812 -13.794987 -27.845607
v -21.633812 -0.000000 -27.925471
v -21.633812 13.794987 -27.845607
v -21.633812 22.339579 -27.606074
v -21.633812 29.531303 -27.207033
v -21.633812 35.887005 -26.648717
v -21.633812 41.610304 -25.931363
v -21.633812 46.802097 -25.055124
v -21.633812 51.517971 -24.019919
v -21.633812 55.790167 -22.825233
v -21.633812 59.637730 -21.469804
v -21.633812 63.071795 -19.951168
v -21.633812 66.098610 -18.264929
v -21.633812 68.721368 -16.403570
v -21.633812 70.941377 -14.354365
v -21.633812 72.758839 -12.095374
v -21.633812 74.173370 -9.586774
v -21.633812 75.184366 -6.748194
v -21.633812 75.791239 -3.375637
v -12.387560 75.997768 1.954994
v -12.387560 75.794238 9.143996
v -12.387560 75.183815 13.629643
v -12.387560 74.166968 17.413186
v -12.387560 72.744385 20.761461
v -12.387560 70.916817 23.779572
v -12.387560 68.684833 26.519511
v -12.387560 66.048472 29.009832
v -12.387560 63.006719 31.267013
v -12.387560 59.556739 33.300708
v -12.387560 55.692726 35.116490
v -12.387560 51.404090 36.717416
v -12.387560 46.672491 38.104977
v -12.387560 41.466617 39.279708
v -12.387560 35.732218 40.241588
v -12.387560 29.370506 40.990317
v -12.387560 22.181790 41.525501
v -12.387560 13.659078 41.846777
v -12.387560 0.000000 41.953898
v -12.387560 -13.659078 41.846777
v -12.387560 -22.181790 41.525501
v -12.387560 -29.370506 40.990317
v -12.387560 -35.732218 40.241588
v -12.387560 -41.466617 39.279708
v -12.387560 -46.672491 38.104977
v -12.387560 -51.404090 36.717416
v -12.387560 -55.692726 35.116490
v -12.387560 -59.556739 33.300708
v -12.387560 -63.006719 31.267013
v -12.387560 -66.048472 29.009832
v -12.387560 -68.684833 26.519511
v -12.387560 -70.916817 23.779572
v -12.387560 -72.744385 20.761461
v -12.387560 -74.166968 17.413186
v -12.387560 -75.183815 13.629643
v -12.387560 -75.794238 9.143996
v -12.387560 -75.997768 1.954994
v -12.387560 -75.794238 -3.436801
v -12.387560 -75.183815 -6.801063
v -12.387560 -74.166968 -9.638742
v -12.387560 -72.744385 -12.149969
v -12.387560 -70.916817 -14.413570
v -12.387560 -68.684833 -16.468541
v -12.387560 -66.048472 -18.336296
v -12.387560 -63.006719 -20.029195
v -12.387560 -59.556739 -21.554479
v -12.387560 -55.692726 -22.916327
v -12.387560 -51.404090 -24.117031
v -12.387560 -46.672491 -25.157710
v -12.387560 -41.466617 -26.038765
v -12.387560 -35.732218 -26.760181
v -12.387560 -29.370506 -27.321732
v -12.387560 -22.181790 -27.723123
v -12.387560 -13.659078 -27.964082
v -12.387560 -0.000000 -28.044424
v -12.387560 13.659078 -27.964082
v -12.387560 22.181790 -27.723123
v -12.387560 29.370506 -27.321732
v -12.387560 35.732218 -26.760181
v -12.387560 41.466617 -26.038765
v -12.387560 46.672491 -25.157710
v -12.387560 51.404090 -24.117031
v -12.387560 55.692726 -22.916327
v -12.387560 59.556739 -21.554479
v -12.387560 63.006719 -20.029195
v -12.387560 66.048472 -18.336296
v -12.387560 68.684833 -16.468541
v -12.387560 70.916817 -14.413570
v -12.387560 72.744385 -12.149969
v -12.387560 74.166968 -9.638742
v -12.387560 75.183815 -6.801063
v -12.387560 75.794238 -3.436801
v -3.141308 75.913351 1.845784
v -3.141308 75.708855 8.955378
v -3.141308 75.095552 13.424408
v -3.141308 74.073973 17.202131
v -3.141308 72.644909 20.549877
v -3.141308 70.809256 23.570544
v -3.141308 68.567776 26.314944
v -3.141308 65.920750 28.810889
v -3.141308 62.867465 31.074338
v -3.141308 59.405456 33.114561
v -3.141308 55.529373 34.936831
v -3.141308 51.229197 36.543964
v -3.141308 46.487320 37.937258
v -3.141308 41.273417 39.117088
v -3.141308 35.534654 40.083306
v -3.141308 29.174497 40.835511
v -3.141308 21.997452 41.373231
v -3.141308 13.507041 41.696051
v -3.141308 0.000000 41.803690
v -3.141308 -13.507041 41.696051
v -3.141308 -21.997452 41.373231
v -3.141308 -29.174497 40.835511
v -3.141308 -35.534654 40.083306
v -3.141308 -41.273417 39.117088
v -3.141308 -46.487320 37.937258
v -3.141308 -51.229197 36.543964
v -3.141308 -55.529373 34.936831
v -3.141308 -59.405456 33.114561
v -3.141308 -62.867465 31.074338
v -3.141308 -65.920750 28.810889
v -3.141308 -68.567776 26.314944
v -3.141308 -70.809256 23.570544
v -3.141308 -72.644909 20.549877
v -3.141308 -74.073973 17.202131
v -3.141308 -75.095552 13.424408
v -3.141308 -75.708855 8.955378
v -3.141308 -75.913351 1.845784
v -3.141308 -75.708855 -3.488103
v -3.141308 -75.095552 -6.840939
v -3.141308 -74.073973 -9.675130
v -3.141308 -72.644909 -12.186736
v -3.141308 -70.809256 -14.452955
v -3.141308 -68.567776 -16.511908
v -3.141308 -65.920750 -18.384460
v -3.141308 -62.867465 -20.082586
v -3.141308 -59.405456 -21.613238
v -3.141308 -55.529373 -22.980374
v -3.141308 -51.229197 -24.186107
v -3.141308 -46.487320 -25.231409
v -3.141308 -41.273417 -26.116562
v -3.141308 -35.534654 -26.841456
v -3.141308 -29.174497 -27.405788
v -3.141308 -21.997452 -27.809206
v -3.141308 -13.507041 -28.051398
v -3.141308 -0.000000 -28.132153
v -3.141308 13.507041 -28.051398
v -3.141308 21.997452 -27.809206
v -3.141308 29.174497 -27.405788
v -3.141308 35.534654 -26.841456
v -3.141308 41.273417 -26.116562
v -3.141308 46.487320 -25.231409
v -3.141308 51.229197 -24.186107
v -3.141308 55.529373 -22.980374
v -3.141308 59.405456 -21.613238
v -3.141308 62.867465 -20.082586
v -3.141308 65.920750 -18.384460
v -3.141308 68.567776 -16.511908
v -3.141308 70.809256 -14.452955
v -3.141308 72.644909 -12.186736
v -3.141308 74.073973 -9.675130
v -3.141308 75.095552 -6.840939
v -3.141308 75.708855 -3.488103
v 6.104944 75.606320 1.745624
v 6.104944 75.401429 8.755970
v 6.104944 74.786960 13.196131
v 6.104944 73.763506 16.957849
v 6.104944 72.331962 20.296151
v 6.104944 70.493372 23.311414
v 6.104944 68.248695 26.053106
v 6.104944 65.598463 28.548202
v 6.104944 62.542276 30.812086
v 6.104944 59.078059 32.853608
v 6.104944 55.200947 34.677717
v 6.104944 50.901539 36.286975
v 6.104944 46.163032 37.682474
v 6.104944 40.956207 38.864425
v 6.104944 35.229835 39.832548
v 6.104944 28.889971 40.586338
v 6.104944 21.745984 41.125245
v 6.104944 13.313548 41.448798
v 6.104944 0.000000 41.556685
v 6.104944 -13.313548 41.448798
v 6.104944 -21.745984 41.125245
v 6.104944 -28.889971 40.586338
v 6.104944 -35.229835 39.832548
v 6.104944 -40.956207 38.864425
v 6.104944 -46.163032 37.682474
v 6.104944 -50.901539 36.286975
v 6.104944 -55.200947 34.677717
v 6.104944 -59.078059 32.853608
v 6.104944 -62.542276 30.812086
v 6.104944 -65.598463 28.548202
v 6.104944 -68.248695 26.053106
v 6.104944 -70.493372 23.311414
v 6.104944 -72.331962 20.296151
v 6.104944 -73.763506 16.957849
v 6.104944 -74.786960 13.196131
v 6.104944 -75.401429 8.755970
v 6.104944 -75.606320 1.745624
v 6.104944 -75.401429 -3.519913
v 6.104944 -74.786960 -6.854960
v 6.104944 -73.763506 -9.680422
v 6.104944 -72.331962 -12.187852
v 6.104944 -70.493372 -14.452644
v 6.104944 -68.248695 -16.511955
v 6.104944 -65.598463 -18.386044
v 6.104944 -62.542276 -20.086469
v 6.104944 -59.078059 -21.619875
v 6.104944 -55.200947 -22.989981
v 6.104944 -50.901539 -24.198710
v 6.104944 -46.163032 -25.246882
v 6.104944 -40.956207 -26.134656
v 6.104944 -35.229835 -26.861823
v 6.104944 -28.889971 -27.428002
v 6.104944 -21.745984 -27.832780
v 6.104944 -13.313548 -28.075803
v 6.104944 -0.000000 -28.156838
v 6.104944 13.313548 -28.075803
v 6.104944 21.745984 -27.832780
v 6.104944 28.889971 -27.428002
v 6.104944 35.229835 -26.861823
v 6.104944 40.956207 -26.134656
v 6.104944 46.163032 -25.246882
v 6.104944 50.901539 -24.198710
v 6.104944 55.200947 -22.989981
v 6.104944 59.078059 -21.619875
v 6.104944 62.542276 -20.086469
v 6.104944 65.598463 -18.386044
v 6.104944 68.248695 -16.511955
v 6.104944 70.493372 -14.452644
v 6.104944 72.331962 -12.187852
v 6.104944 73.763506 -9.680422
v 6.104944 74.786960 -6.854960
v 6.104944 75.401429 -3.519913
v 15.351196 74.994977 1.657232
v 15.351196 74.790482 8.542457
v 15.351196 74.177225 12.937663
v 15.351196 73.155860 16.669949
v 15.351196 71.727385 19.987023
v 15.351196 69.892994 22.986332
v 15.351196 67.653847 25.715794
v 15.351196 65.010735 28.201430
v 15.351196 61.963581 30.457979
v 15.351196 58.510724 32.493824
v 15.351196 54.647820 34.313565
v 15.351196 50.366143 35.919490
v 15.351196 45.649788 37.312476
v 15.351196 40.470785 38.492561
v 15.351196 34.779762 39.459331
v 15.351196 28.485799 40.212172
v 15.351196 21.403992 40.750457
v 15.351196 13.064332 41.073658
v 15.351196 0.000000 41.181432
v 15.351196 -13.064332 41.073658
v 15.351196 -21.403992 40.750457
v 15.351196 -28.485799 40.212172
v 15.351196 -34.779762 39.459331
v 15.351196 -40.470785 38.492561
v 15.351196 -45.649788 37.312476
v 15.351196 -50.366143 35.919490
v 15.351196 -54.647820 34.313565
v 15.351196 -58.510724 32.493824
v 15.351196 -61.963581 30.457979
v 15.351196 -65.010735 28.201430
v 15.351196 -67.653847 25.715794
v 15.351196 -69.892994 22.986332
v 15.351196 -71.727385 19.987023
v 15.351196 -73.155860 16.669949
v 15.351196 -74.177225 12.937663
v 15.351196 -74.790482 8.542457
v 15.351196 -74.994977 1.657232
v 15.351196 -74.790482 -3.526807
v 15.351196 -74.177225 -6.836055
v 15.351196 -73.155860 -9.646177
v 15.351196 -71.727385 -12.143675
v 15.351196 -69.892994 -14.401921
v 15.351196 -67.653847 -16.456994
v 15.351196 -65.010735 -18.328484
v 15.351196 -61.963581 -20.027490
v 15.351196 -58.510724 -21.560323
v 15.351196 -54.647820 -22.930446
v 15.351196 -50.366143 -24.139583
v 15.351196 -45.649788 -25.188393
v 15.351196 -40.470785 -26.076905
v 15.351196 -34.779762 -26.804807
v 15.351196 -28.485799 -27.371638
v 15.351196 -21.403992 -27.776925
v 15.351196 -13.064332 -28.020270
v 15.351196 -0.000000 -28.101415
v 15.351196 13.064332 -28.020270
v 15.351196 21.403992 -27.776925
v 15.351196 28.485799 -27.371638
v 15.351196 34.779762 -26.804807
v 15.351196 40.470785 -26.076905
v 15.351196 45.649788 -25.188393
v 15.351196 50.366143 -24.139583
v 15.351196 54.647820 -22.930446
v 15.351196 58.510724 -21.560323
v 15.351196 61.963581 -20.027490
v 15.351196 65.010735 -18.328484
v 15.351196 67.653847 -16.456994
v 15.351196 69.892994 -14.401921
v 15.351196 71.727385 -12.143675
v 15.351196 73.155860 -9.646177
v 15.351196 74.177225 -6.836055
v 15.351196 74.790482 -3.526807
v 24.597448 74.053109 1.580707
v 24.597448 73.849883 8.314406
v 24.597448 73.240451 12.648057
v 24.597448 72.225528 16.337011
v 24.597448 70.806216 19.620634
v 24.597448 68.983860 22.593033
v 24.597448 66.759822 25.300366
v 24.597448 64.135156 27.767582
v 24.597448 61.110125 30.008706
v 24.597448 57.683498 32.031609
v 24.597448 53.851489 33.840513
v 24.597448 49.606103 35.437415
v 24.597448 44.932427 36.822966
v 24.597448 39.803894 37.997027
v 24.597448 34.173244 38.959043
v 24.597448 27.953039 39.708292
v 24.597448 20.965010 40.244066
v 24.597448 12.755725 40.565783
v 24.597448 0.000000 40.673065
v 24.597448 -12.755725 40.565783
v 24.597448 -20.965010 40.244066
v 24.597448 -27.953039 39.708292
v 24.597448 -34.173244 38.959043
v 24.597448 -39.803894 37.997027
v 24.597448 -44.932427 36.822966
v 24.597448 -49.606103 35.437415
v 24.597448 -53.851489 33.840513
v 24.597448 -57.683498 32.031609
v 24.597448 -61.110125 30.008706
v 24.597448 -64.135156 27.767582
v 24.597448 -66.759822 25.300366
v 24.597448 -68.983860 22.593033
v 24.597448 -70.806216 19.620634
v 24.597448 -72.225528 16.337011
v 24.597448 -73.240451 12.648057
v 24.597448 -73.849883 8.314406
v 24.597448 -74.053109 1.580707
v 24.597448 -73.849883 -3.509123
v 24.597448 -73.240451 -6.784818
v 24.597448 -72.225528 -9.573204
v 24.597448 -70.806216 -12.055210
v 24.597448 -68.983860 -14.301970
v 24.597448 -66.759822 -16.348374
v 24.597448 -64.135156 -18.213279
v 24.597448 -61.110125 -19.907286
v 24.597448 -57.683498 -21.436347
v 24.597448 -53.851489 -22.803650
v 24.597448 -49.606103 -24.010708
v 24.597448 -44.932427 -25.058011
v 24.597448 -39.803894 -25.945453
v 24.597448 -34.173244 -26.672616
v 24.597448 -27.953039 -27.238954
v 24.597448 -20.965010 -27.643932
v 24.597448 -12.755725 -27.887109
v 24.597448 -0.000000 -27.968201
v 24.597448 12.755725 -27.887109
v 24.597448 20.965010 -27.643932
v 24.597448 27.953039 -27.238954
v 24.597448 34.173244 -26.672616
v 24.597448 39.803894 -25.945453
v 24.597448 44.932427 -25.058011
v 24.597448 49.606103 -24.010708
v 24.597448 53.851489 -22.803650
v 24.597448 57.683498 -21.436347
v 24.597448 61.110125 -19.907286
v 24.597448 64.135156 -18.213279
v 24.597448 66.759822 -16.348374
v 24.597448 68.983860 -14.301970
v 24.597448 70.806216 -12.055210
v 24.597448 72.225528 -9.573204
v 24.597448 73.240451 -6.784818
v 24.597448 73.849883 -3.509123
v 33.843700 72.798470 1.514151
v 33.843700 72.597346 8.073493
v 33.843700 71.994239 12.331007
v 33.843700 70.989924 15.964389
v 33.843700 69.585608 19.203785
v 33.843700 67.782782 22.139607
v 33.843700 65.583016 24.816074
v 33.843700 62.987628 27.256960
v 33.843700 59.997229 29.475512
v 33.843700 56.611037 31.479056
v 33.843700 52.825853 33.271408
v 33.843700 48.634464 34.854263
v 33.843700 44.023034 36.228033
v 33.843700 38.966533 37.392396
v 33.843700 33.420047 38.346653
v 33.843700 27.300036 39.089975
v 33.843700 20.435689 39.621570
v 33.843700 12.392202 39.940802
v 33.843700 0.000000 40.047260
v 33.843700 -12.392202 39.940802
v 33.843700 -20.435689 39.621570
v 33.843700 -27.300036 39.089975
v 33.843700 -33.420047 38.346653
v 33.843700 -38.966533 37.392396
v 33.843700 -44.023034 36.228033
v 33.843700 -48.634464 34.854263
v 33.843700 -52.825853 33.271408
v 33.843700 -56.611037 31.479056
v 33.843700 -59.997229 29.475512
v 33.843700 -62.987628 27.256960
v 33.843700 -65.583016 24.816074
v 33.843700 -67.782782 22.139607
v 33.843700 -69.585608 19.203785
v 33.843700 -70.989924 15.964389
v 33.843700 -71.994239 12.331007
v 33.843700 -72.597346 8.073493
v 33.843700 -72.798470 1.514151
v 33.843700 -72.597346 -3.471473
v 33.843700 -71.994239 -6.707523
v 33.843700 -70.989924 -9.469183
v 33.843700 -69.585608 -11.931382
v 33.843700 -67.782782 -14.162841
v 33.843700 -65.583016 -16.197169
v 33.843700 -62.987628 -18.052437
v 33.843700 -59.997229 -19.738713
v 33.843700 -56.611037 -21.261567
v 33.843700 -52.825853 -22.623897
v 33.843700 -48.634464 -23.826993
v 33.843700 -44.023034 -24.871167
v 33.843700 -38.966533 -25.756176
v 33.843700 -33.420047 -26.481488
v 33.843700 -27.300036 -27.046472
v 33.843700 -20.435689 -27.450527
v 33.843700 -12.392202 -27.693168
v 33.843700 -0.000000 -27.774085
v 33.843700 12.392202 -27.693168
v 33.843700 20.435689 -27.450527
v 33.843700 27.300036 -27.046472
v 33.843700 33.420047 -26.481488
v 33.843700 38.966533 -25.756176
v 33.843700 44.023034 -24.871167
v 33.843700 48.634464 -23.826993
v 33.843700 52.825853 -22.623897
v 33.843700 56.611037 -21.261567
v 33.843700 59.997229 -19.738713
v 33.843700 62.987628 -18.052437
v 33.843700 65.583016 -16.197169
v 33.843700 67.782782 -14.162841
v 33.843700 69.585608 -11.931382
v 33.843700 70.989924 -9.469183
v 33.843700 71.994239 -6.707523
v 33.843700 72.597346 -3.471473
v 43.089952 71.281250 1.454289
v 43.089952 71.082936 7.822767
v 43.089952 70.488281 11.993346
v 43.089952 69.498119 15.562073
v 43.089952 68.113757 18.749244
v 43.089952 66.336837 21.641316
v 43.089952 64.169130 24.280437
v 43.089952 61.612225 26.689130
v 43.089952 58.667085 28.879819
v 43.089952 55.333389 30.859253
v 43.089952 51.608549 32.630827
v 43.089952 47.486175 34.195917
v 43.089952 42.953567 35.554694
v 43.089952 37.987349 36.706645
v 43.089952 32.545133 37.650926
v 43.089952 26.547610 38.386596
v 43.089952 19.832085 38.912782
v 43.089952 11.984013 39.228791
v 43.089952 0.000000 39.334177
v 43.089952 -11.984013 39.228791
v 43.089952 -19.832085 38.912782
v 43.089952 -26.547610 38.386596
v 43.089952 -32.545133 37.650926
v 43.089952 -37.987349 36.706645
v 43.089952 -42.953567 35.554694
v 43.089952 -47.486175 34.195917
v 43.089952 -51.608549 32.630827
v 43.089952 -55.333389 30.859253
v 43.089952 -58.667085 28.879819
v 43.089952 -61.612225 26.689130
v 43.089952 -64.169130 24.280437
v 43.089952 -66.336837 21.641316
v 43.089952 -68.113757 18.749244
v 43.089952 -69.498119 15.562073
v 43.089952 -70.488281 11.993346
v 43.089952 -71.082936 7.822767
v 43.089952 -71.281250 1.454289
v 43.089952 -71.082936 -3.421276
v 43.089952 -70.488281 -6.614179
v 43.089952 -69.498119 -9.346317
v 43.089952 -68.113757 -11.786344
v 43.089952 -66.336837 -14.000450
v 43.089952 -64.169130 -16.020902
v 43.089952 -61.612225 -17.864944
v 43.089952 -58.667085 -19.542087
v 43.089952 -55.333389 -21.057498
v 43.089952 -51.608549 -22.413775
v 43.089952 -47.486175 -23.611973
v 43.089952 -42.953567 -24.652222
v 43.089952 -37.987349 -25.534130
v 43.089952 -32.545133 -26.257051
v 43.089952 -26.547610 -26.820264
v 43.089952 -19.832085 -27.223100
v 43.089952 -11.984013 -27.465029
v 43.089952 -0.000000 -27.545711
v 43.089952 11.984013 -27.465029
v 43.089952 19.832085 -27.223100
v 43.089952 26.547610 -26.820264
v 43.089952 32.545133 -26.257051
v 43.089952 37.987349 -25.534130
v 43.089952 42.953567 -24.652222
v 43.089952 47.486175 -23.611973
v 43.089952 51.608549 -22.413775
v 43.089952 55.333389 -21.057498
v 43.089952 58.667085 -19.542087
v 43.089952 61.612225 -17.864944
v 43.089952 64.169130 -16.020902
v 43.089952 66.336837 -14.000450
v 43.089952 68.113757 -11.786344
v 43.089952 69.498119 -9.346317
v 43.089952 70.488281 -6.614179
v 43.089952 71.082936 -3.421276
v 52.336204 69.572551 1.397095
v 52.336204 69.377575 7.565972
v 52.336204 68.792950 11.643597
v 52.336204 67.819571 15.142609
v 52.336204 66.458843 18.273112
v 52.336204 64.712557 21.117465
v 52.336204 62.582686 23.715667
v 52.336204 60.071090 26.088947
v 52.336204 57.179087 28.248878
v 52.336204 53.906827 30.201610
v 52.336204 50.252344 31.950106
v 52.336204 46.210096 33.495416
v 52.336204 41.768570 34.837459
v 52.336204 36.906110 35.975532
v 52.336204 31.582984 36.908641
v 52.336204 25.724337 37.635730
v 52.336204 19.176036 38.155845
v 52.336204 11.544878 38.468232
v 52.336204 0.000000 38.572416
v 52.336204 -11.544878 38.468232
v 52.336204 -19.176036 38.155845
v 52.336204 -25.724337 37.635730
v 52.336204 -31.582984 36.908641
v 52.336204 -36.906110 35.975532
v 52.336204 -41.768570 34.837459
v 52.336204 -46.210096 33.495416
v 52.336204 -50.252344 31.950106
v 52.336204 -53.906827 30.201610
v 52.336204 -57.179087 28.248878
v 52.336204 -60.071090 26.088947
v 52.336204 -62.582686 23.715667
v 52.336204 -64.712557 21.117465
v 52.336204 -66.458843 18.273112
v 52.336204 -67.819571 15.142609
v 52.336204 -68.792950 11.643597
v 52.336204 -69.377575 7.565972
v 52.336204 -69.572551 1.397095
v 52.336204 -69.377575 -3.367339
v 52.336204 -68.792950 -6.516627
v 52.336204 -67.819571 -9.219033
v 52.336204 -66.458843 -11.636827
v 52.336204 -64.712557 -13.833618
v 52.336204 -62.582686 -15.840297
v 52.336204 -60.071090 -17.673262
v 52.336204 -57.179087 -19.341450
v 52.336204 -53.906827 -20.849612
v 52.336204 -50.252344 -22.200035
v 52.336204 -46.210096 -23.393530
v 52.336204 -41.768570 -24.430035
v 52.336204 -36.906110 -25.309008
v 52.336204 -31.582984 -26.029679
v 52.336204 -25.724337 -26.591236
v 52.336204 -19.176036 -26.992938
v 52.336204 -11.544878 -27.234205
v 52.336204 -0.000000 -27.314670
v 52.336204 11.544878 -27.234205
v 52.336204 19.176036 -26.992938
v 52.336204 25.724337 -26.591236
v 52.336204 31.582984 -26.029679
v 52.336204 36.906110 -25.309008
v 52.336204 41.768570 -24.430035
v 52.336204 46.210096 -23.393530
v 52.336204 50.252344 -22.200035
v 52.336204 53.906827 -20.849612
v 52.336204 57.179087 -19.341450
v 52.336204 60.071090 -17.673262
v 52.336204 62.582686 -15.840297
v 52.336204 64.712557 -13.833618
v 52.336204 66.458843 -11.636827
v 52.336204 67.819571 -9.219033
v 52.336204 68.792950 -6.516627
v 52.336204 69.377575 -3.367339
v 61.582456 67.752865 1.338411
v 61.582456 67.561540 7.306935
v 61.582456 66.987891 11.290606
v 61.582456 66.032868 14.719095
v 61.582456 64.697976 17.792263
v 61.582456 62.985154 20.588340
v 61.582456 60.896575 23.145155
v 61.582456 58.434371 25.482629
v 61.582456 55.600218 27.611470
v 61.582456 52.394735 29.537225
v 61.582456 48.816591 31.262414
v 61.582456 44.861104 32.787754
v 61.582456 40.517966 34.112910
v 61.582456 35.767281 35.236982
v 61.582456 30.572038 36.158822
v 61.582456 24.861946 36.877260
v 61.582456 18.491652 37.391253
v 61.582456 11.089802 37.699990
v 61.582456 0.000000 37.802961
v 61.582456 -11.089802 37.699990
v 61.582456 -18.491652 37.391253
v 61.582456 -24.861946 36.877260
v 61.582456 -30.572038 36.158822
v 61.582456 -35.767281 35.236982
v 61.582456 -40.517966 34.112910
v 61.582456 -44.861104 32.787754
v 61.582456 -48.816591 31.262414
v 61.582456 -52.394735 29.537225
v 61.582456 -55.600218 27.611470
v 61.582456 -58.434371 25.482629
v 61.582456 -60.896575 23.145155
v 61.582456 -62.985154 20.588340
v 61.582456 -64.697976 17.792263
v 61.582456 -66.032868 14.719095
v 61.582456 -66.987891 11.290606
v 61.582456 -67.561540 7.306935
v 61.582456 -67.752865 1.338411
v 61.582456 -67.561540 -3.318470
v 61.582456 -66.987891 -6.426688
v 61.582456 -66.032868 -9.101731
v 61.582456 -64.697976 -11.499539
v 61.582456 -62.985154 -13.681149
v 61.582456 -60.896575 -15.676079
v 61.582456 -58.434371 -17.499869
v 61.582456 -55.600218 -19.160875
v 61.582456 -52.394735 -20.663426
v 61.582456 -48.816591 -22.009486
v 61.582456 -44.861104 -23.199617
v 61.582456 -40.517966 -24.233557
v 61.582456 -35.767281 -25.110603
v 61.582456 -30.572038 -25.829859
v 61.582456 -24.861946 -26.390412
v 61.582456 -18.491652 -26.791450
v 61.582456 -11.089802 -27.032340
v 61.582456 -0.000000 -27.112681
v 61.582456 11.089802 -27.032340
v 61.582456 18.491652 -26.791450
v 61.582456 24.861946 -26.390412
v 61.582456 30.572038 -25.829859
v 61.582456 35.767281 -25.110603
v 61.582456 40.517966 -24.233557
v 61.582456 44.861104 -23.199617
v 61.582456 48.816591 -22.009486
v 61.582456 52.394735 -20.663426
v 61.582456 55.600218 -19.160875
v 61.582456 58.434371 -17.499869
v 61.582456 60.896575 -15.676079
v 61.582456 62.985154 -13.681149
v 61.582456 64.697976 -11.499539
v 61.582456 66.032868 -9.101731
v 61.582456 66.987891 -6.426688
v 61.582456 67.561540 -3.318470
v 70.828708 65.900544 1.274569
v 70.828708 65.712977 7.049031
v 70.828708 65.150621 10.942268
v 70.828708 64.214484 14.303276
v 70.828708 62.906170 17.321876
v 70.828708 61.227764 20.072233
v 70.828708 59.181642 22.590034
v 70.828708 56.770206 24.893899
v 70.828708 53.995488 26.993677
v 70.828708 50.858583 28.894306
v 70.828708 47.358791 30.597863
v 70.828708 43.492291 32.104728
v 70.828708 39.249987 33.414305
v 70.828708 34.613745 34.525491
v 70.828708 29.549278 35.436982
v 70.828708 23.990872 36.147487
v 70.828708 17.801960 36.655874
v 70.828708 10.633009 36.961273
v 70.828708 0.000000 37.063134
v 70.828708 -10.633009 36.961273
v 70.828708 -17.801960 36.655874
v 70.828708 -23.990872 36.147487
v 70.828708 -29.549278 35.436982
v 70.828708 -34.613745 34.525491
v 70.828708 -39.249987 33.414305
v 70.828708 -43.492291 32.104728
v 70.828708 -47.358791 30.597863
v 70.828708 -50.858583 28.894306
v 70.828708 -53.995488 26.993677
v 70.828708 -56.770206 24.893899
v 70.828708 -59.181642 22.590034
v 70.828708 -61.227764 20.072233
v 70.828708 -62.906170 17.321876
v 70.828708 -64.214484 14.303276
v 70.828708 -65.150621 10.942268
v 70.828708 -65.712977 7.049031
v 70.828708 -65.900544 1.274569
v 70.828708 -65.712977 -3.282154
v 70.828708 -65.150621 -6.354373
v 70.828708 -64.214484 -9.006601
v 70.828708 -62.906170 -11.388628
v 70.828708 -61.227764 -13.558980
v 70.828708 -59.181642 -15.545819
v 70.828708 -56.770206 -17.363838
v 70.828708 -53.995488 -19.020807
v 70.828708 -50.858583 -20.520626
v 70.828708 -47.358791 -21.864931
v 70.828708 -43.492291 -23.054023
v 70.828708 -39.249987 -24.087432
v 70.828708 -34.613745 -24.964287
v 70.828708 -29.549278 -25.683560
v 70.828708 -23.990872 -26.244231
v 70.828708 -17.801960 -26.645408
v 70.828708 -10.633009 -26.886403
v 70.828708 -0.000000 -26.966784
v 70.828708 10.633009 -26.886403
v 70.828708 17.801960 -26.645408
v 70.828708 23.990872 -26.244231
v 70.828708 29.549278 -25.683560
v 70.828708 34.613745 -24.964287
v 70.828708 39.249987 -24.087432
v 70.828708 43.492291 -23.054023
v 70.828708 47.358791 -21.864931
v 70.828708 50.858583 -20.520626
v 70.828708 53.995488 -19.020807
v 70.828708 56.770206 -17.363838
v 70.828708 59.181642 -15.545819
v 70.828708 61.227764 -13.558980
v 70.828708 62.906170 -11.388628
v 70.828708 64.214484 -9.006601
v 70.828708 65.150621 -6.354373
v 70.828708 65.712977 -3.282154
v 80.074960 64.080279 1.203019
v 80.074960 63.896403 6.794743
v 80.074960 63.345134 10.604363
v 80.074960 62.427541 13.903762
v 80.074960 61.145328 16.873090
v 80.074960 59.500727 19.582583
v 80.074960 57.496316 22.065843
v 80.074960 55.134768 24.340221
v 80.074960 52.418473 26.414712
v 80.074960 49.348996 28.293654
v 80.074960 45.926267 29.978674
v 80.074960 42.147321 31.469813
v 80.074960 38.004257 32.766208
v 80.074960 33.480685 33.866550
v 80.074960 28.545004 34.769371
v 80.074960 23.135999 35.473255
v 80.074960 17.125730 35.976977
v 80.074960 10.186029 36.279601
v 80.074960 0.000000 36.380542
v 80.074960 -10.186029 36.279601
v 80.074960 -17.125730 35.976977
v 80.074960 -23.135999 35.473255
v 80.074960 -28.545004 34.769371
v 80.074960 -33.480685 33.866550
v 80.074960 -38.004257 32.766208
v 80.074960 -42.147321 31.469813
v 80.074960 -45.926267 29.978674
v 80.074960 -49.348996 28.293654
v 80.074960 -52.418473 26.414712
v 80.074960 -55.134768 24.340221
v 80.074960 -57.496316 22.065843
v 80.074960 -59.500727 19.582583
v 80.074960 -61.145328 16.873090
v 80.074960 -62.427541 13.903762
v 80.074960 -63.345134 10.604363
v 80.074960 -63.896403 6.794743
v 80.074960 -64.080279 1.203019
v 80.074960 -63.896403 -3.263291
v 80.074960 -63.345134 -6.306169
v 80.074960 -62.427541 -8.941516
v 80.074960 -61.145328 -11.313224
v 80.074960 -59.500727 -13.477392
v 80.074960 -57.496316 -15.460861
v 80.074960 -55.134768 -17.277487
v 80.074960 -52.418473 -18.934456
v 80.074960 -49.348996 -20.435234
v 80.074960 -45.926267 -21.781120
v 80.074960 -42.147321 -22.972145
v 80.074960 -38.004257 -24.007623
v 80.074960 -33.480685 -24.886505
v 80.074960 -28.545004 -25.607620
v 80.074960 -23.135999 -26.169837
v 80.074960 -17.125730 -26.572177
v 80.074960 -10.186029 -26.813894
v 80.074960 -0.000000 -26.894519
v 80.074960 10.186029 -26.813894
v 80.074960 17.125730 -26.572177
v 80.074960 23.135999 -26.169837
v 80.074960 28.545004 -25.607620
v 80.074960 33.480685 -24.886505
v 80.074960 38.004257 -24.007623
v 80.074960 42.147321 -22.972145
v 80.074960 45.926267 -21.781120
v 80.074960 49.348996 -20.435234
v 80.074960 52.418473 -18.934456
v 80.074960 55.134768 -17.277487
v 80.074960 57.496316 -15.460861
v 80.074960 59.500727 -13.477392
v 80.074960 61.145328 -11.313224
v 80.074960 62.427541 -8.941516
v 80.074960 63.345134 -6.306169
v 80.074960 63.896403 -3.263291
v 89.321212 62.331575 1.122942
v 89.321212 62.151213 6.545344
v 89.321212 61.610512 10.279532
v 89.321212 60.710594 13.524370
v 89.321212 59.453268 16.450783
v 89.321212 57.840911 19.125233
v 89.321212 55.876308 21.579313
v 89.321212 53.562401 23.829133
v 89.321212 50.901936 25.882855
v 89.321212 47.896949 27.744217
v 89.321212 44.547989 29.414398
v 89.321212 40.852937 30.893093
v 89.321212 36.805065 32.179170
v 89.321212 32.389689 33.271102
v 89.321212 27.577822 34.167255
v 89.321212 22.312627 34.866081
v 89.321212 16.474519 35.366258
v 89.321212 9.755976 35.666782
v 89.321212 0.000000 35.767027
v 89.321212 -9.755976 35.666782
v 89.321212 -16.474519 35.366258
v 89.321212 -22.312627 34.866081
v 89.321212 -27.577822 34.167255
v 89.321212 -32.389689 33.271102
v 89.321212 -36.805065 32.179170
v 89.321212 -40.852937 30.893093
v 89.321212 -44.547989 29.414398
v 89.321212 -47.896949 27.744217
v 89.321212 -50.901936 25.882855
v 89.321212 -53.562401 23.829133
v 89.321212 -55.876308 21.579313
v 89.321212 -57.840911 19.125233
v 89.321212 -59.453268 16.450783
v 89.321212 -60.710594 13.524370
v 89.321212 -61.610512 10.279532
v 89.321212 -62.151213 6.545344
v 89.321212 -62.331575 1.122942
v 89.321212 -62.151213 -3.262999
v 89.321212 -61.610512 -6.283417
v 89.321212 -60.710594 -8.908023
v 89.321212 -59.453268 -11.275068
v 89.321212 -57.840911 -13.438312
v 89.321212 -55.876308 -15.423309
v 89.321212 -53.562401 -17.243088
v 89.321212 -50.901936 -18.904253
v 89.321212 -47.896949 -20.409826
v 89.321212 -44.547989 -21.760762
v 89.321212 -40.852937 -22.956812
v 89.321212 -36.805065 -23.997063
v 89.321212 -32.389689 -24.880278
v 89.321212 -27.577822 -25.605137
v 89.321212 -22.312627 -26.170386
v 89.321212 -16.474519 -26.574957
v 89.321212 -9.755976 -26.818037
v 89.321212 -0.000000 -26.899121
v 89.321212 9.755976 -26.818037
v 89.321212 16.474519 -26.574957
v 89.321212 22.312627 -26.170386
v 89.321212 27.577822 -25.605137
v 89.321212 32.389689 -24.880278
v 89.321212 36.805065 -23.997063
v 89.321212 40.852937 -22.956812
v 89.321212 44.547989 -21.760762
v 89.321212 47.896949 -20.409826
v 89.321212 50.901936 -18.904253
v 89.321212 53.562401 -17.243088
v 89.321212 55.876308 -15.423309
v 89.321212 57.840911 -13.438312
v 89.321212 59.453268 -11.275068
v 89.321212 60.710594 -8.908023
v 89.321212 61.610512 -6.283417
v 89.321212 62.151213 -3.262999
v 98.567464 60.657220 1.035881
v 98.567464 60.480200 6.300680
v 98.567464 59.949540 9.966392
v 98.567464 59.066426 13.162639
v 98.567464 57.832763 16.051509
v 98.567464 56.251082 18.695839
v 98.567464 54.324367 21.125271
v 98.567464 52.055833 23.354704
v 98.567464 49.448578 25.391479
v 98.567464 46.505100 27.238739
v 98.567464 43.226564 28.897213
v 98.567464 39.611675 30.366247
v 98.567464 35.654854 31.644431
v 98.567464 31.343074 32.730020
v 98.567464 26.649891 33.621203
v 98.567464 21.522694 34.316299
v 98.567464 15.849962 34.813881
v 98.567464 9.344018 35.112876
v 98.567464 0.000000 35.212617
v 98.567464 -9.344018 35.112876
v 98.567464 -15.849962 34.813881
v 98.567464 -21.522694 34.316299
v 98.567464 -26.649891 33.621203
v 98.567464 -31.343074 32.730020
v 98.567464 -35.654854 31.644431
v 98.567464 -39.611675 30.366247
v 98.567464 -43.226564 28.897213
v 98.567464 -46.505100 27.238739
v 98.567464 -49.448578 25.391479
v 98.567464 -52.055833 23.354704
v 98.567464 -54.324367 21.125271
v 98.567464 -56.251082 18.695839
v 98.567464 -57.832763 16.051509
v 98.567464 -59.066426 13.162639
v 98.567464 -59.949540 9.966392
v 98.567464 -60.480200 6.300680
v 98.567464 -60.657220 1.035881
v 98.567464 -60.480200 -3.277504
v 98.567464 -59.949540 -6.280777
v 98.567464 -59.066426 -8.899423
v 98.567464 -57.832763 -11.266240
v 98.567464 -56.251082 -13.432707
v 98.567464 -54.324367 -15.423110
v 98.567464 -52.055833 -17.249658
v 98.567464 -49.448578 -18.918362
v 98.567464 -46.505100 -20.431800
v 98.567464 -43.226564 -21.790568
v 98.567464 -39.611675 -22.994129
v 98.567464 -35.654854 -24.041330
v 98.567464 -31.343074 -24.930740
v 98.567464 -26.649891 -25.660875
v 98.567464 -21.522694 -26.230358
v 98.567464 -15.849962 -26.638022
v 98.567464 -9.344018 -26.882985
v 98.567464 -0.000000 -26.964701
v 98.567464 9.344018 -26.882985
v 98.567464 15.849962 -26.638022
v 98.567464 21.522694 -26.230358
v 98.567464 26.649891 -25.660875
v 98.567464 31.343074 -24.930740
v 98.567464 35.654854 -24.041330
v 98.567464 39.611675 -22.994129
v 98.567464 43.226564 -21.790568
v 98.567464 46.505100 -20.431800
v 98.567464 49.448578 -18.918362
v 98.567464 52.055833 -17.249658
v 98.567464 54.324367 -15.423110
v 98.567464 56.251082 -13.432707
v 98.567464 57.832763 -11.266240
v 98.567464 59.066426 -8.899423
v 98.567464 59.949540 -6.280777
v 98.567464 60.480200 -3.277504
v 107.813716 59.009018 0.945005
v 107.813716 58.835312 6.058433
v 107.813716 58.314615 9.658710
v 107.813716 57.448168 12.808891
v 107.813716 56.237979 15.662468
v 107.813716 54.686721 18.278729
v 107.813716 52.797581 20.685400
v 107.813716 50.574036 22.896189
v 107.813716 48.019531 24.917617
v 107.813716 45.137017 26.752234
v 107.813716 41.928258 28.400321
v 107.813716 38.392767 29.860867
v 107.813716 34.526084 31.132186
v 107.813716 30.316799 32.212307
v 107.813716 25.740942 33.099244
v 107.813716 20.750017 33.791173
v 107.813716 15.240329 34.286567
v 107.813716 8.943420 34.584277
v 107.813716 0.000000 34.683594
v 107.813716 -8.943420 34.584277
v 107.813716 -15.240329 34.286567
v 107.813716 -20.750017 33.791173
v 107.813716 -25.740942 33.099244
v 107.813716 -30.316799 32.212307
v 107.813716 -34.526084 31.132186
v 107.813716 -38.392767 29.860867
v 107.813716 -41.928258 28.400321
v 107.813716 -45.137017 26.752234
v 107.813716 -48.019531 24.917617
v 107.813716 -50.574036 22.896189
v 107.813716 -52.797581 20.685400
v 107.813716 -54.686721 18.278729
v 107.813716 -56.237979 15.662468
v 107.813716 -57.448168 12.808891
v 107.813716 -58.314615 9.658710
v 107.813716 -58.835312 6.058433
v 107.813716 -59.009018 0.945005
v 107.813716 -58.835312 -3.299354
v 107.813716 -58.314615 -6.287734
v 107.813716 -57.448168 -8.902516
v 107.813716 -56.237979 -11.271104
v 107.813716 -54.686721 -13.442709
v 107.813716 -52.797581 -15.440347
v 107.813716 -50.574036 -17.275394
v 107.813716 -48.019531 -18.953263
v 107.813716 -45.137017 -20.476072
v 107.813716 -41.928258 -21.844053
v 107.813716 -38.392767 -23.056367
v 107.813716 -34.526084 -24.111615
v 107.813716 -30.316799 -25.008161
v 107.813716 -25.740942 -25.744355
v 107.813716 -20.750017 -26.318685
v 107.813716 -15.240329 -26.729883
v 107.813716 -8.943420 -26.976995
v 107.813716 -0.000000 -27.059432
v 107.813716 8.943420 -26.976995
v 107.813716 15.240329 -26.729883
v 107.813716 20.750017 -26.318685
v 107.813716 25.740942 -25.744355
v 107.813716 30.316799 -25.008161
v 107.813716 34.526084 -24.111615
v 107.813716 38.392767 -23.056367
v 107.813716 41.928258 -21.844053
v 107.813716 45.137017 -20.476072
v 107.813716 48.019531 -18.953263
v 107.813716 50.574036 -17.275394
v 107.813716 52.797581 -15.440347
v 107.813716 54.686721 -13.442709
v 107.813716 56.237979 -11.271104
v 107.813716 57.448168 -8.902516
v 107.813716 58.314615 -6.287734
v 107.813716 58.835312 -3.299354
v 117.059968 57.265459 0.839649
v 117.059968 57.095383 5.807661
v 117.059968 56.585594 9.345933
v 117.059968 55.737388 12.453076
v 117.059968 54.552869 15.274156
v 117.059968 53.034849 17.864966
v 117.059968 51.186706 20.251333
v 117.059968 49.012173 22.445772
v 117.059968 46.515032 24.453987
v 117.059968 43.698675 26.277926
v 117.059968 40.565454 27.917410
v 117.059968 37.115680 29.371069
v 117.059968 33.346003 30.636929
v 117.059968 29.246626 31.712787
v 117.059968 24.796052 32.596471
v 117.059968 19.949910 33.286014
v 117.059968 14.612362 33.779779
v 117.059968 8.534208 34.076543
v 117.059968 0.000000 34.175549
v 117.059968 -8.534208 34.076543
v 117.059968 -14.612362 33.779779
v 117.059968 -19.949910 33.286014
v 117.059968 -24.796052 32.596471
v 117.059968 -29.246626 31.712787
v 117.059968 -33.346003 30.636929
v 117.059968 -37.115680 29.371069
v 117.059968 -40.565454 27.917410
v 117.059968 -43.698675 26.277926
v 117.059968 -46.515032 24.453987
v 117.059968 -49.012173 22.445772
v 117.059968 -51.186706 20.251333
v 117.059968 -53.034849 17.864966
v 117.059968 -54.552869 15.274156
v 117.059968 -55.737388 12.453076
v 117.059968 -56.585594 9.345933
v 117.059968 -57.095383 5.807661
v 117.059968 -57.265459 0.839649
v 117.059968 -57.095383 -3.343739
v 117.059968 -56.585594 -6.323193
v 117.059968 -55.737388 -8.939609
v 117.059968 -54.552869 -11.315142
v 117.059968 -53.034849 -13.496771
v 117.059968 -51.186706 -15.506247
v 117.059968 -49.012173 -17.354107
v 117.059968 -46.515032 -19.045154
v 117.059968 -43.698675 -20.581029
v 117.059968 -40.565454 -21.961581
v 117.059968 -37.115680 -23.185656
v 117.059968 -33.346003 -24.251591
v 117.059968 -29.246626 -25.157534
v 117.059968 -24.796052 -25.901653
v 117.059968 -19.949910 -26.482293
v 117.059968 -14.612362 -26.898075
v 117.059968 -8.534208 -27.147969
v 117.059968 -0.000000 -27.231339
v 117.059968 8.534208 -27.147969
v 117.059968 14.612362 -26.898075
v 117.059968 19.949910 -26.482293
v 117.059968 24.796052 -25.901653
v 117.059968 29.246626 -25.157534
v 117.059968 33.346003 -24.251591
v 117.059968 37.115680 -23.185656
v 117.059968 40.565454 -21.961581
v 117.059968 43.698675 -20.581029
v 117.059968 46.515032 -19.045154
v 117.059968 49.012173 -17.354107
v 117.059968 51.186706 -15.506247
v 117.059968 53.034849 -13.496771
v 117.059968 54.552869 -11.315142
v 117.059968 55.737388 -8.939609
v 117.059968 56.585594 -6.323193
v 117.059968 57.095383 -3.343739
v 126.306220 55.326507 0.709064
v 126.306220 55.160658 5.539432
v 126.306220 54.663567 9.021301
v 126.306220 53.836580 12.090598
v 126.306220 52.681890 14.884096
v 126.306220 51.202441 17.454120
v 126.306220 49.401793 19.824599
v 126.306220 47.283920 22.006844
v 126.306220 44.852930 24.005721
v 126.306220 42.112646 25.822561
v 126.306220 39.066000 27.456704
v 126.306220 35.714097 28.906404
v 126.306220 32.054706 30.169378
v 126.306220 28.079667 31.243178
v 126.306220 23.770012 32.125435
v 126.306220 19.085614 32.814023
v 126.306220 13.938731 33.307189
v 126.306220 8.100011 33.603625
v 126.306220 0.000000 33.702528
v 126.306220 -8.100011 33.603625
v 126.306220 -13.938731 33.307189
v 126.306220 -19.085614 32.814023
v 126.306220 -23.770012 32.125435
v 126.306220 -28.079667 31.243178
v 126.306220 -32.054706 30.169378
v 126.306220 -35.714097 28.906404
v 126.306220 -39.066000 27.456704
v 126.306220 -42.112646 25.822561
v 126.306220 -44.852930 24.005721
v 126.306220 -47.283920 22.006844
v 126.306220 -49.401793 19.824599
v 126.306220 -51.202441 17.454120
v 126.306220 -52.681890 14.884096
v 126.306220 -53.836580 12.090598
v 126.306220 -54.663567 9.021301
v 126.306220 -55.160658 5.539432
v 126.306220 -55.326507 0.709064
v 126.306220 -55.160658 -3.427340
v 126.306220 -54.663567 -6.408979
v 126.306220 -53.836580 -9.037319
v 126.306220 -52.681890 -11.429484
v 126.306220 -51.202441 -13.630281
v 126.306220 -49.401793 -15.660200
v 126.306220 -47.283920 -17.528928
v 126.306220 -44.852930 -19.240633
v 126.306220 -42.112646 -20.796453
v 126.306220 -39.066000 -22.195824
v 126.306220 -35.714097 -23.437249
v 126.306220 -32.054706 -24.518775
v 126.306220 -28.079667 -25.438306
v 126.306220 -23.770012 -26.193811
v 126.306220 -19.085614 -26.783473
v 126.306220 -13.938731 -27.205787
v 126.306220 -8.100011 -27.459635
v 126.306220 -0.000000 -27.544329
v 126.306220 8.100011 -27.459635
v 126.306220 13.938731 -27.205787
v 126.306220 19.085614 -26.783473
v 126.306220 23.770012 -26.193811
v 126.306220 28.079667 -25.438306
v 126.306220 32.054706 -24.518775
v 126.306220 35.714097 -23.437249
v 126.306220 39.066000 -22.195824
v 126.306220 42.112646 -20.796453
v 126.306220 44.852930 -19.240633
v 126.306220 47.283920 -17.528928
v 126.306220 49.401793 -15.660200
v 126.306220 51.202441 -13.630281
v 126.306220 52.681890 -11.429484
v 126.306220 53.836580 -9.037319
v 126.306220 54.663567 -6.408979
v 126.306220 55.160658 -3.427340
v 135.552472 53.161731 0.556894
v 135.552472 53.000805 5.254813
v 135.552472 52.518498 8.684516
v 135.552472 51.716203 11.720121
v 135.552472 50.596193 14.490107
v 135.552472 49.161531 17.043303
v 135.552472 47.415944 19.401709
v 135.552472 45.363637 21.575400
v 135.552472 43.009024 23.568375
v 135.552472 40.356345 25.381317
v 135.552472 37.409099 27.013061
v 135.552472 34.169176 28.461455
v 135.552472 30.635470 29.723892
v 135.552472 26.801478 30.797656
v 135.552472 22.650821 31.680160
v 135.552472 18.147736 32.369113
v 135.552472 13.212841 32.862629
v 135.552472 7.637272 33.159311
v 135.552472 0.000000 33.258302
v 135.552472 -7.637272 33.159311
v 135.552472 -13.212841 32.862629
v 135.552472 -18.147736 32.369113
v 135.552472 -22.650821 31.680160
v 135.552472 -26.801478 30.797656
v 135.552472 -30.635470 29.723892
v 135.552472 -34.169176 28.461455
v 135.552472 -37.409099 27.013061
v 135.552472 -40.356345 25.381317
v 135.552472 -43.009024 23.568375
v 135.552472 -45.363637 21.575400
v 135.552472 -47.415944 19.401709
v 135.552472 -49.161531 17.043303
v 135.552472 -50.596193 14.490107
v 135.552472 -51.716203 11.720121
v 135.552472 -52.518498 8.684516
v 135.552472 -53.000805 5.254813
v 135.552472 -53.161731 0.556894
v 135.552472 -53.000805 -3.544690
v 135.552472 -52.518498 -6.539039
v 135.552472 -51.716203 -9.189316
v 135.552472 -50.596193 -11.607690
v 135.552472 -49.161531 -13.836793
v 135.552472 -47.415944 -15.895832
v 135.552472 -45.363637 -17.793603
v 135.552472 -43.009024 -19.533598
v 135.552472 -40.356345 -21.116411
v 135.552472 -37.409099 -22.541028
v 135.552472 -34.169176 -23.805569
v 135.552472 -30.635470 -24.907757
v 135.552472 -26.801478 -25.845221
v 135.552472 -22.650821 -26.615704
v 135.552472 -18.147736 -27.217203
v 135.552472 -13.212841 -27.648074
v 135.552472 -7.637272 -27.907097
v 135.552472 -0.000000 -27.993521
v 135.552472 7.637272 -27.907097
v 135.552472 13.212841 -27.648074
v 135.552472 18.147736 -27.217203
v 135.552472 22.650821 -26.615704
v 135.552472 26.801478 -25.845221
v 135.552472 30.635470 -24.907757
v 135.552472 34.169176 -23.805569
v 135.552472 37.409099 -22.541028
v 135.552472 40.356345 -21.116411
v 135.552472 43.009024 -19.533598
v 135.552472 45.363637 -17.793603
v 135.552472 47.415944 -15.895832
v 135.552472 49.161531 -13.836793
v 135.552472 50.596193 -11.607690
v 135.552472 51.716203 -9.189316
v 135.552472 52.518498 -6.539039
v 135.552472 53.000805 -3.544690
v 144.798724 50.793087 0.396606
v 144.798724 50.637738 4.962098
v 144.798724 50.172175 8.340176
v 144.798724 49.397832 11.343027
v 144.798724 48.317052 14.090674
v 144.798724 46.933005 16.628363
v 144.798724 45.249569 18.976100
v 144.798724 43.271157 21.142674
v 144.798724 41.002471 23.131177
v 144.798724 38.448144 24.941609
v 144.798724 35.612221 26.572272
v 144.798724 32.497360 28.020584
v 144.798724 29.103563 29.283587
v 144.798724 25.425988 30.358280
v 144.798724 21.450864 31.241845
v 144.798724 17.146853 31.931807
v 144.798724 12.443084 32.426141
v 144.798724 7.151545 32.723353
v 144.798724 0.000000 32.822527
v 144.798724 -7.151545 32.723353
v 144.798724 -12.443084 32.426141
v 144.798724 -17.146853 31.931807
v 144.798724 -21.450864 31.241845
v 144.798724 -25.425988 30.358280
v 144.798724 -29.103563 29.283587
v 144.798724 -32.497360 28.020584
v 144.798724 -35.612221 26.572272
v 144.798724 -38.448144 24.941609
v 144.798724 -41.002471 23.131177
v 144.798724 -43.271157 21.142674
v 144.798724 -45.249569 18.976100
v 144.798724 -46.933005 16.628363
v 144.798724 -48.317052 14.090674
v 144.798724 -49.397832 11.343027
v 144.798724 -50.172175 8.340176
v 144.798724 -50.637738 4.962098
v 144.798724 -50.793087 0.396606
v 144.798724 -50.637738 -3.675538
v 144.798724 -50.172175 -6.688580
v 144.798724 -49.397832 -9.366941
v 144.798724 -48.317052 -11.817677
v 144.798724 -46.933005 -14.081143
v 144.798724 -45.249569 -16.175182
v 144.798724 -43.271157 -18.107635
v 144.798724 -41.002471 -19.881260
v 144.798724 -38.448144 -21.496057
v 144.798724 -35.612221 -22.950510
v 144.798724 -32.497360 -24.242316
v 144.798724 -29.103563 -25.368839
v 144.798724 -25.425988 -26.327400
v 144.798724 -21.450864 -27.115487
v 144.798724 -17.146853 -27.730891
v 144.798724 -12.443084 -28.171808
v 144.798724 -7.151545 -28.436903
v 144.798724 -0.000000 -28.525360
v 144.798724 7.151545 -28.436903
v 144.798724 12.443084 -28.171808
v 144.798724 17.146853 -27.730891
v 144.798724 21.450864 -27.115487
v 144.798724 25.425988 -26.327400
v 144.798724 29.103563 -25.368839
v 144.798724 32.497360 -24.242316
v 144.798724 35.612221 -22.950510
v 144.798724 38.448144 -21.496057
v 144.798724 41.002471 -19.881260
v 144.798724 43.271157 -18.107635
v 144.798724 45.249569 -16.175182
v 144.798724 46.933005 -14.081143
v 144.798724 48.317052 -11.817677
v 144.798724 49.397832 -9.366941
v 144.798724 50.172175 -6.688580
v 144.798724 50.637738 -3.675538
v 154.044976 48.276446 0.246473
v 154.044976 48.127190 4.673663
v 154.044976 47.679916 7.995974
v 154.044976 46.936094 10.962789
v 154.044976 45.898124 13.685390
v 154.044976 44.569269 16.205292
v 154.044976 42.953540 18.540424
v 154.044976 41.055538 20.698233
v 154.044976 38.880224 22.680862
v 154.044976 36.432596 24.487593
v 154.044976 33.717213 26.116169
v 154.044976 30.737471 27.563555
v 154.044976 27.494444 28.826427
v 154.044976 23.984915 29.901483
v 154.044976 20.197689 30.785662
v 154.044976 16.105824 31.476295
v 154.044976 11.646921 31.971212
v 154.044976 6.653736 32.268814
v 154.044976 0.000000 32.368124
v 154.044976 -6.653736 32.268814
v 154.044976 -11.646921 31.971212
v 154.044976 -16.105824 31.476295
v 154.044976 -20.197689 30.785662
v 154.044976 -23.984915 29.901483
v 154.044976 -27.494444 28.826427
v 154.044976 -30.737471 27.563555
v 154.044976 -33.717213 26.116169
v 154.044976 -36.432596 24.487593
v 154.044976 -38.880224 22.680862
v 154.044976 -41.055538 20.698233
v 154.044976 -42.953540 18.540424
v 154.044976 -44.569269 16.205292
v 154.044976 -45.898124 13.685390
v 154.044976 -46.936094 10.962789
v 154.044976 -47.679916 7.995974
v 154.044976 -48.127190 4.673663
v 154.044976 -48.276446 0.246473
v 154.044976 -48.127190 -3.792752
v 154.044976 -47.679916 -6.823921
v 154.044976 -46.936094 -9.530748
v 154.044976 -45.898124 -12.014762
v 154.044976 -44.569269 -14.313840
v 154.044976 -42.953540 -16.444339
v 154.044976 -41.055538 -18.413055
v 154.044976 -38.880224 -20.221941
v 154.044976 -36.432596 -21.870345
v 154.044976 -33.717213 -23.356205
v 154.044976 -30.737471 -24.676754
v 154.044976 -27.494444 -25.828957
v 154.044976 -23.984915 -26.809804
v 154.044976 -20.197689 -27.616500
v 154.044976 -16.105824 -28.246611
v 154.044976 -11.646921 -28.698158
v 154.044976 -6.653736 -28.969680
v 154.044976 -0.000000 -29.060288
v 154.044976 6.653736 -28.969680
v 154.044976 11.646921 -28.698158
v 154.044976 16.105824 -28.246611
v 154.044976 20.197689 -27.616500
v 154.044976 23.984915 -26.809804
v 154.044976 27.494444 -25.828957
v 154.044976 30.737471 -24.676754
v 154.044976 33.717213 -23.356205
v 154.044976 36.432596 -21.870345
v 154.044976 38.880224 -20.221941
v 154.044976 41.055538 -18.413055
v 154.044976 42.953540 -16.444339
v 154.044976 44.569269 -14.313840
v 154.044976 45.898124 -12.014762
v 154.044976 46.936094 -9.530748
v 154.044976 47.679916 -6.823921
v 154.044976 48.127190 -3.792752
v 163.291228 45.683126 0.124554
v 163.291228 45.540291 4.402645
v 163.291228 45.112290 7.660680
v 163.291228 44.400619 10.584118
v 163.291228 43.407730 13.275147
v 163.291228 42.136961 15.771399
v 163.291228 40.592436 18.088631
v 163.291228 38.778920 20.232897
v 163.291228 36.701606 22.205350
v 163.291228 34.365823 24.004535
v 163.291228 31.776605 25.627614
v 163.291228 28.938036 27.071089
v 163.291228 25.852211 28.331258
v 163.291228 22.517468 29.404511
v 163.291228 18.925097 30.287538
v 163.291228 15.052421 30.977473
v 163.291228 10.845284 31.471996
v 163.291228 6.156627 31.769403
v 163.291228 0.000000 31.868656
v 163.291228 -6.156627 31.769403
v 163.291228 -10.845284 31.471996
v 163.291228 -15.052421 30.977473
v 163.291228 -18.925097 30.287538
v 163.291228 -22.517468 29.404511
v 163.291228 -25.852211 28.331258
v 163.291228 -28.938036 27.071089
v 163.291228 -31.776605 25.627614
v 163.291228 -34.365823 24.004535
v 163.291228 -36.701606 22.205350
v 163.291228 -38.778920 20.232897
v 163.291228 -40.592436 18.088631
v 163.291228 -42.136961 15.771399
v 163.291228 -43.407730 13.275147
v 163.291228 -44.400619 10.584118
v 163.291228 -45.112290 7.660680
v 163.291228 -45.540291 4.402645
v 163.291228 -45.683126 0.124554
v 163.291228 -45.540291 -3.869970
v 163.291228 -45.112290 -6.912050
v 163.291228 -44.400619 -9.641712
v 163.291228 -43.407730 -12.154370
v 163.291228 -42.136961 -14.485161
v 163.291228 -40.592436 -16.648799
v 163.291228 -38.778920 -18.650935
v 163.291228 -36.701606 -20.492647
v 163.291228 -34.365823 -22.172576
v 163.291228 -31.776605 -23.688071
v 163.291228 -28.938036 -25.035868
v 163.291228 -25.852211 -26.212508
v 163.291228 -22.517468 -27.214622
v 163.291228 -18.925097 -28.039118
v 163.291228 -15.052421 -28.683322
v 163.291228 -10.845284 -29.145066
v 163.291228 -6.156627 -29.422760
v 163.291228 -0.000000 -29.515434
v 163.291228 6.156627 -29.422760
v 163.291228 10.845284 -29.145066
v 163.291228 15.052421 -28.683322
v 163.291228 18.925097 -28.039118
v 163.291228 22.517468 -27.214622
v 163.291228 25.852211 -26.212508
v 163.291228 28.938036 -25.035868
v 163.291228 31.776605 -23.688071
v 163.291228 34.365823 -22.172576
v 163.291228 36.701606 -20.492647
v 163.291228 38.778920 -18.650935
v 163.291228 40.592436 -16.648799
v 163.291228 42.136961 -14.485161
v 163.291228 43.407730 -12.154370
v 163.291228 44.400619 -9.641712
v 163.291228 45.112290 -6.912050
v 163.291228 45.540291 -3.869970
v 172.537480 43.081414 0.043670
v 172.537480 42.945144 4.159388
v 172.537480 42.536845 7.341834
v 172.537480 41.858034 10.211788
v 172.537480 40.911202 12.862040
v 172.537480 39.699750 15.326197
v 172.537480 38.227897 17.617779
v 172.537480 36.500544 19.741402
v 172.537480 34.523087 21.697213
v 172.537480 32.301152 23.483003
v 172.537480 29.840200 25.095351
v 172.537480 27.144946 26.530292
v 172.537480 24.218435 27.783746
v 172.537480 21.060464 28.851796
v 172.537480 17.664671 29.730887
v 172.537480 14.012426 30.417955
v 172.537480 10.057415 30.910534
v 172.537480 5.671767 31.206817
v 172.537480 0.000000 31.305701
v 172.537480 -5.671767 31.206817
v 172.537480 -10.057415 30.910534
v 172.537480 -14.012426 30.417955
v 172.537480 -17.664671 29.730887
v 172.537480 -21.060464 28.851796
v 172.537480 -24.218435 27.783746
v 172.537480 -27.144946 26.530292
v 172.537480 -29.840200 25.095351
v 172.537480 -32.301152 23.483003
v 172.537480 -34.523087 21.697213
v 172.537480 -36.500544 19.741402
v 172.537480 -38.227897 17.617779
v 172.537480 -39.699750 15.326197
v 172.537480 -40.911202 12.862040
v 172.537480 -41.858034 10.211788
v 172.537480 -42.536845 7.341834
v 172.537480 -42.945144 4.159388
v 172.537480 -43.081414 0.043670
v 172.537480 -42.945144 -3.888910
v 172.537480 -42.536845 -6.929746
v 172.537480 -41.858034 -9.671995
v 172.537480 -40.911202 -12.204319
v 172.537480 -39.699750 -14.558828
v 172.537480 -38.227897 -16.748441
v 172.537480 -36.500544 -18.777569
v 172.537480 -34.523087 -20.646352
v 172.537480 -32.301152 -22.352680
v 172.537480 -29.840200 -23.893282
v 172.537480 -27.144946 -25.264373
v 172.537480 -24.218435 -26.462052
v 172.537480 -21.060464 -27.482577
v 172.537480 -17.664671 -28.322550
v 172.537480 -14.012426 -28.979046
v 172.537480 -10.057415 -29.449707
v 172.537480 -5.671767 -29.732806
v 172.537480 -0.000000 -29.827290
v 172.537480 5.671767 -29.732806
v 172.537480 10.057415 -29.449707
v 172.537480 14.012426 -28.979046
v 172.537480 17.664671 -28.322550
v 172.537480 21.060464 -27.482577
v 172.537480 24.218435 -26.462052
v 172.537480 27.144946 -25.264373
v 172.537480 29.840200 -23.893282
v 172.537480 32.301152 -22.352680
v 172.537480 34.523087 -20.646352
v 172.537480 36.500544 -18.777569
v 172.537480 38.227897 -16.748441
v 172.537480 39.699750 -14.558828
v 172.537480 40.911202 -12.204319
v 172.537480 41.858034 -9.671995
v 172.537480 42.536845 -6.929746
v 172.537480 42.945144 -3.888910
v 181.783732 40.518099 0.006388
v 181.783732 40.388411 3.947638
v 181.783732 39.999861 7.043104
v 181.783732 39.353982 9.849113
v 181.783732 38.453293 12.448891
v 181.783732 37.301244 14.871945
v 181.783732 35.902128 17.129523
v 181.783732 34.260961 19.224790
v 181.783732 32.383309 21.156883
v 181.783732 30.275053 22.922843
v 181.783732 27.942033 24.518671
v 181.783732 25.389535 25.939943
v 181.783732 22.621466 27.182212
v 181.783732 19.638968 28.241261
v 181.783732 16.437857 29.113295
v 181.783732 13.003277 29.795064
v 181.783732 9.296243 30.283957
v 181.783732 5.206807 30.578067
v 181.783732 0.000000 30.676234
v 181.783732 -5.206807 30.578067
v 181.783732 -9.296243 30.283957
v 181.783732 -13.003277 29.795064
v 181.783732 -16.437857 29.113295
v 181.783732 -19.638968 28.241261
v 181.783732 -22.621466 27.182212
v 181.783732 -25.389535 25.939943
v 181.783732 -27.942033 24.518671
v 181.783732 -30.275053 22.922843
v 181.783732 -32.383309 21.156883
v 181.783732 -34.260961 19.224790
v 181.783732 -35.902128 17.129523
v 181.783732 -37.301244 14.871945
v 181.783732 -38.453293 12.448891
v 181.783732 -39.353982 9.849113
v 181.783732 -39.999861 7.043104
v 181.783732 -40.388411 3.947638
v 181.783732 -40.518099 0.006388
v 181.783732 -40.388411 -3.846313
v 181.783732 -39.999861 -6.872232
v 181.783732 -39.353982 -9.615198
v 181.783732 -38.453293 -12.156566
v 181.783732 -37.301244 -14.525181
v 181.783732 -35.902128 -16.732037
v 181.783732 -34.260961 -18.780230
v 181.783732 -32.383309 -20.668914
v 181.783732 -30.275053 -22.395198
v 181.783732 -27.942033 -23.955171
v 181.783732 -25.389535 -25.344512
v 181.783732 -22.621466 -26.558870
v 181.783732 -19.638968 -27.594126
v 181.783732 -16.437857 -28.446568
v 181.783732 -13.003277 -29.113019
v 181.783732 -9.296243 -29.590928
v 181.783732 -5.206807 -29.878430
v 181.783732 -0.000000 -29.974391
v 181.783732 5.206807 -29.878430
v 181.783732 9.296243 -29.590928
v 181.783732 13.003277 -29.113019
v 181.783732 16.437857 -28.446568
v 181.783732 19.638968 -27.594126
v 181.783732 22.621466 -26.558870
v 181.783732 25.389535 -25.344512
v 181.783732 27.942033 -23.955171
v 181.783732 30.275053 -22.395198
v 181.783732 32.383309 -20.668914
v 181.783732 34.260961 -18.780230
v 181.783732 35.902128 -16.732037
v 181.783732 37.301244 -14.525181
v 181.783732 38.453293 -12.156566
v 181.783732 39.353982 -9.615198
v 181.783732 39.999861 -6.872232
v 181.783732 40.388411 -3.846313
v 191.029984 38.000000 0.000000
v 191.029984 37.876900 3.760499
v 191.029984 37.508117 6.761329
v 191.029984 36.895193 9.496063
v 191.029984 36.040666 12.038420
v 191.029984 34.948014 14.413828
v 191.029984 33.621585 16.631274
v 191.029984 32.066479 18.692485
v 191.029984 30.288400 20.595600
v 191.029984 28.293438 22.336925
v 191.029984 26.087760 23.911895
v 191.029984 23.677148 25.315641
v 191.029984 21.066280 26.543356
v 191.029984 18.257516 27.590537
v 191.029984 15.248666 28.453157
v 191.029984 12.028346 29.127784
v 191.029984 8.564350 29.611671
v 191.029984 4.763299 29.902816
v 191.029984 0.000000 30.000000
v 191.029984 -4.763299 29.902816
v 191.029984 -8.564350 29.611671
v 191.029984 -12.028346 29.127784
v 191.029984 -15.248666 28.453157
v 191.029984 -18.257516 27.590537
v 191.029984 -21.066280 26.543356
v 191.029984 -23.677148 25.315641
v 191.029984 -26.087760 23.911895
v 191.029984 -28.293438 22.336925
v 191.029984 -30.288400 20.595600
v 191.029984 -32.066479 18.692485
v 191.029984 -33.621585 16.631274
v 191.029984 -34.948014 14.413828
v 191.029984 -36.040666 12.038420
v 191.029984 -36.895193 9.496063
v 191.029984 -37.508117 6.761329
v 191.029984 -37.876900 3.760499
v 191.029984 -38.000000 0.000000
v 191.029984 -37.876900 -3.760499
v 191.029984 -37.508117 -6.761329
v 191.029984 -36.895193 -9.496063
v 191.029984 -36.040666 -12.038420
v 191.029984 -34.948014 -14.413828
v 191.029984 -33.621585 -16.631274
v 191.029984 -32.066479 -18.692485
v 191.029984 -30.288400 -20.595600
v 191.029984 -28.293438 -22.336925
v 191.029984 -26.087760 -23.911895
v 191.029984 -23.677148 -25.315641
v 191.029984 -21.066280 -26.543356
v 191.029984 -18.257516 -27.590537
v 191.029984 -15.248666 -28.453157
v 191.029984 -12.028346 -29.127784
v 191.029984 -8.564350 -29.611671
v 191.029984 -4.763299 -29.902816
v 191.029984 -0.000000 -30.000000
v 191.029984 4.763299 -29.902816
v 191.029984 8.564350 -29.611671
v 191.029984 12.028346 -29.127784
v 191.029984 15.248666 -28.453157
v 191.029984 18.257516 -27.590537
v 191.029984 21.066280 -26.543356
v 191.029984 23.677148 -25.315641
v 191.029984 26.087760 -23.911895
v 191.029984 28.293438 -22.336925
v 191.029984 30.288400 -20.595600
v 191.029984 32.066479 -18.692485
v 191.029984 33.621585 -16.631274
v 191.029984 34.948014 -14.413828
v 191.029984 36.040666 -12.038420
v 191.029984 36.895193 -9.496063
v 191.029984 37.508117 -6.761329
v 191.029984 37.876900 -3.760499
v 200.276236 35.484249 0.000000
v 200.276236 35.367886 3.575163
v 200.276236 35.019312 6.474706
v 200.276236 34.440069 9.131627
v 200.276236 33.632697 11.610284
v 200.276236 32.600686 13.932076
v 200.276236 31.348407 16.103761
v 200.276236 29.881011 18.125656
v 200.276236 28.204295 19.994921
v 200.276236 26.324506 21.707145
v 200.276236 24.248071 23.257216
v 200.276236 21.981193 24.639834
v 200.276236 19.529218 25.849846
v 200.276236 16.895590 26.882473
v 200.276236 14.079925 27.733468
v 200.276236 11.074029 28.399226
v 200.276236 7.851951 28.876868
v 200.276236 4.335641 29.164302
v 200.276236 0.000000 29.260255
v 200.276236 -4.335641 29.164302
v 200.276236 -7.851951 28.876868
v 200.276236 -11.074029 28.399226
v 200.276236 -14.079925 27.733468
v 200.276236 -16.895590 26.882473
v 200.276236 -19.529218 25.849846
v 200.276236 -21.981193 24.639834
v 200.276236 -24.248071 23.257216
v 200.276236 -26.324506 21.707145
v 200.276236 -28.204295 19.994921
v 200.276236 -29.881011 18.125656
v 200.276236 -31.348407 16.103761
v 200.276236 -32.600686 13.932076
v 200.276236 -33.632697 11.610284
v 200.276236 -34.440069 9.131627
v 200.276236 -35.019312 6.474706
v 200.276236 -35.367886 3.575163
v 200.276236 -35.484249 0.000000
v 200.276236 -35.367886 -3.654077
v 200.276236 -35.019312 -6.617622
v 200.276236 -34.440069 -9.333189
v 200.276236 -33.632697 -11.866557
v 200.276236 -32.600686 -14.239598
v 200.276236 -31.348407 -16.459219
v 200.276236 -29.881011 -18.525743
v 200.276236 -28.204295 -20.436268
v 200.276236 -26.324506 -22.186287
v 200.276236 -24.248071 -23.770572
v 200.276236 -21.981193 -25.183708
v 200.276236 -19.529218 -26.420429
v 200.276236 -16.895590 -27.475850
v 200.276236 -14.079925 -28.345628
v 200.276236 -11.074029 -29.026081
v 200.276236 -7.851951 -29.514267
v 200.276236 -4.335641 -29.808045
v 200.276236 -0.000000 -29.906116
v 200.276236 4.335641 -29.808045
v 200.276236 7.851951 -29.514267
v 200.276236 11.074029 -29.026081
v 200.276236 14.079925 -28.345628
v 200.276236 16.895590 -27.475850
v 200.276236 19.529218 -26.420429
v 200.276236 21.981193 -25.183708
v 200.276236 24.248071 -23.770572
v 200.276236 26.324506 -22.186287
v 200.276236 28.204295 -20.436268
v 200.276236 29.881011 -18.525743
v 200.276236 31.348407 -16.459219
v 200.276236 32.600686 -14.239598
v 200.276236 33.632697 -11.866557
v 200.276236 34.440069 -9.333189
v 200.276236 35.019312 -6.617622
v 200.276236 35.367886 -3.654077
v 209.522488 32.922420 0.000000
v 209.522488 32.813089 3.361495
v 209.522488 32.485607 6.133838
v 209.522488 31.941507 8.688740
v 209.522488 31.183313 11.080925
v 209.522488 30.214499 13.327678
v 209.522488 29.039431 15.433518
v 209.522488 27.663269 17.397374
v 209.522488 26.091855 19.215469
v 209.522488 24.331535 20.882726
v 209.522488 22.388929 22.393533
v 209.522488 20.270573 23.742212
v 209.522488 17.982384 24.923313
v 209.522488 15.528761 25.931825
v 209.522488 12.910954 26.763316
v 209.522488 10.123697 27.414042
v 209.522488 7.146849 27.881020
v 209.522488 3.916650 28.162083
v 209.522488 0.000000 28.255918
v 209.522488 -3.916650 28.162083
v 209.522488 -7.146849 27.881020
v 209.522488 -10.123697 27.414042
v 209.522488 -12.910954 26.763316
v 209.522488 -15.528761 25.931825
v 209.522488 -17.982384 24.923313
v 209.522488 -20.270573 23.742212
v 209.522488 -22.388929 22.393533
v 209.522488 -24.331535 20.882726
v 209.522488 -26.091855 19.215469
v 209.522488 -27.663269 17.397374
v 209.522488 -29.039431 15.433518
v 209.522488 -30.214499 13.327678
v 209.522488 -31.183313 11.080925
v 209.522488 -31.941507 8.688740
v 209.522488 -32.485607 6.133838
v 209.522488 -32.813089 3.361495
v 209.522488 -32.922420 0.000000
v 209.522488 -32.813089 -3.492272
v 209.522488 -32.485607 -6.372472
v 209.522488 -31.941507 -9.026772
v 209.522488 -31.183313 -11.512024
v 209.522488 -30.214499 -13.846186
v 209.522488 -29.039431 -16.033953
v 209.522488 -27.663269 -18.074211
v 209.522488 -26.091855 -19.963039
v 209.522488 -24.331535 -21.695159
v 209.522488 -22.388929 -23.264744
v 209.522488 -20.270573 -24.665892
v 209.522488 -17.982384 -25.892944
v 209.522488 -15.528761 -26.940691
v 209.522488 -12.910954 -27.804531
v 209.522488 -10.123697 -28.480574
v 209.522488 -7.146849 -28.965719
v 209.522488 -3.916650 -29.257717
v 209.522488 -0.000000 -29.355202
v 209.522488 3.916650 -29.257717
v 209.522488 7.146849 -28.965719
v 209.522488 10.123697 -28.480574
v 209.522488 12.910954 -27.804531
v 209.522488 15.528761 -26.940691
v 209.522488 17.982384 -25.892944
v 209.522488 20.270573 -24.665892
v 209.522488 22.388929 -23.264744
v 209.522488 24.331535 -21.695159
v 209.522488 26.091855 -19.963039
v 209.522488 27.663269 -18.074211
v 209.522488 29.039431 -16.033953
v 209.522488 30.214499 -13.846186
v 209.522488 31.183313 -11.512024
v 209.522488 31.941507 -9.026772
v 209.522488 32.485607 -6.372472
v 209.522488 32.813089 -3.492272
v 218.768740 30.286279 0.000000
v 218.768740 30.184372 3.107261
v 218.768740 29.879158 5.715262
v 218.768740 29.372143 8.133231
v 218.768740 28.665818 10.405928
v 218.768740 27.763613 12.546453
v 218.768740 26.669850 14.557105
v 218.768740 25.389654 16.435486
v 218.768740 23.928856 18.176967
v 218.768740 22.293837 19.775893
v 218.768740 20.491329 21.226247
v 218.768740 18.528116 22.522058
v 218.768740 16.410572 23.657664
v 218.768740 14.143916 24.627894
v 218.768740 11.730851 25.428200
v 218.768740 9.168785 26.054751
v 218.768740 6.442952 26.504502
v 218.768740 3.502890 26.775244
v 218.768740 0.000000 26.865641
v 218.768740 -3.502890 26.775244
v 218.768740 -6.442952 26.504502
v 218.768740 -9.168785 26.054751
v 218.768740 -11.730851 25.428200
v 218.768740 -14.143916 24.627894
v 218.768740 -16.410572 23.657664
v 218.768740 -18.528116 22.522058
v 218.768740 -20.491329 21.226247
v 218.768740 -22.293837 19.775893
v 218.768740 -23.928856 18.176967
v 218.768740 -25.389654 16.435486
v 218.768740 -26.669850 14.557105
v 218.768740 -27.763613 12.546453
v 218.768740 -28.665818 10.405928
v 218.768740 -29.372143 8.133231
v 218.768740 -29.879158 5.715262
v 218.768740 -30.184372 3.107261
v 218.768740 -30.286279 0.000000
v 218.768740 -30.184372 -3.255633
v 218.768740 -29.879158 -5.988167
v 218.768740 -29.372143 -8.521593
v 218.768740 -28.665818 -10.902812
v 218.768740 -27.763613 -13.145547
v 218.768740 -26.669850 -15.252208
v 218.768740 -25.389654 -17.220283
v 218.768740 -23.928856 -19.044920
v 218.768740 -22.293837 -20.720195
v 218.768740 -20.491329 -22.239804
v 218.768740 -18.528116 -23.597490
v 218.768740 -16.410572 -24.787321
v 218.768740 -14.143916 -25.803879
v 218.768740 -11.730851 -26.642400
v 218.768740 -9.168785 -27.298869
v 218.768740 -6.442952 -27.770095
v 218.768740 -3.502890 -28.053766
v 218.768740 -0.000000 -28.148479
v 218.768740 3.502890 -28.053766
v 218.768740 6.442952 -27.770095
v 218.768740 9.168785 -27.298869
v 218.768740 11.730851 -26.642400
v 218.768740 14.143916 -25.803879
v 218.768740 16.410572 -24.787321
v 218.768740 18.528116 -23.597490
v 218.768740 20.491329 -22.239804
v 218.768740 22.293837 -20.720195
v 218.768740 23.928856 -19.044920
v 218.768740 25.389654 -17.220283
v 218.768740 26.669850 -15.252208
v 218.768740 27.763613 -13.145547
v 218.768740 28.665818 -10.902812
v 218.768740 29.372143 -8.521593
v 218.768740 29.879158 -5.988167
v 218.768740 30.184372 -3.255633
v 228.014992 27.564284 0.000000
v 228.014992 27.470253 2.816151
v 228.014992 27.188652 5.223758
v 228.014992 26.720952 7.470231
v 228.014992 26.069583 9.590366
v 228.014992 25.237900 11.593151
v 228.014992 24.230135 13.478774
v 228.014992 23.051326 15.243636
v 228.014992 21.707226 16.882383
v 228.014992 20.204175 18.388910
v 228.014992 18.548931 19.756917
v 228.014992 16.748415 20.980255
v 228.014992 14.809334 22.053153
v 228.014992 12.737571 22.970375
v 228.014992 10.537082 23.727334
v 228.014992 8.207656 24.320180
v 228.014992 5.739423 24.745859
v 228.014992 3.094148 25.002159
v 228.014992 0.000000 25.087742
v 228.014992 -3.094148 25.002159
v 228.014992 -5.739423 24.745859
v 228.014992 -8.207656 24.320180
v 228.014992 -10.537082 23.727334
v 228.014992 -12.737571 22.970375
v 228.014992 -14.809334 22.053153
v 228.014992 -16.748415 20.980255
v 228.014992 -18.548931 19.756917
v 228.014992 -20.204175 18.388910
v 228.014992 -21.707226 16.882383
v 228.014992 -23.051326 15.243636
v 228.014992 -24.230135 13.478774
v 228.014992 -25.237900 11.593151
v 228.014992 -26.069583 9.590366
v 228.014992 -26.720952 7.470231
v 228.014992 -27.188652 5.223758
v 228.014992 -27.470253 2.816151
v 228.014992 -27.564284 0.000000
v 228.014992 -27.470253 -2.952251
v 228.014992 -27.188652 -5.476213
v 228.014992 -26.720952 -7.831254
v 228.014992 -26.069583 -10.053852
v 228.014992 -25.237900 -12.153428
v 228.014992 -24.230135 -14.130180
v 228.014992 -23.051326 -15.980335
v 228.014992 -21.707226 -17.698280
v 228.014992 -20.204175 -19.277614
v 228.014992 -18.548931 -20.711735
v 228.014992 -16.748415 -21.994195
v 228.014992 -14.809334 -23.118944
v 228.014992 -12.737571 -24.080493
v 228.014992 -10.537082 -24.874035
v 228.014992 -8.207656 -25.495532
v 228.014992 -5.739423 -25.941784
v 228.014992 -3.094148 -26.210470
v 228.014992 -0.000000 -26.300189
v 228.014992 3.094148 -26.210470
v 228.014992 5.739423 -25.941784
v 228.014992 8.207656 -25.495532
v 228.014992 10.537082 -24.874035
v 228.014992 12.737571 -24.080493
v 228.014992 14.809334 -23.118944
v 228.014992 16.748415 -21.994195
v 228.014992 18.548931 -20.711735
v 228.014992 20.204175 -19.277614
v 228.014992 21.707226 -17.698280
v 228.014992 23.051326 -15.980335
v 228.014992 24.230135 -14.130180
v 228.014992 25.237900 -12.153428
v 228.014992 26.069583 -10.053852
v 228.014992 26.720952 -7.831254
v 228.014992 27.188652 -5.476213
v 228.014992 27.470253 -2.952251
v 237.261244 24.758528 0.000000
v 237.261244 24.672846 2.501227
v 237.261244 24.416275 4.681336
v 237.261244 23.990230 6.729343
v 237.261244 23.397056 8.670550
v 237.261244 22.639991 10.510101
v 237.261244 21.723126 12.246289
v 237.261244 20.651349 13.874499
v 237.261244 19.430260 15.388819
v 237.261244 18.066070 16.782847
v 237.261244 16.565454 18.050139
v 237.261244 14.935348 19.184495
v 237.261244 13.182645 20.180144
v 237.261244 11.313707 21.031885
v 237.261244 9.333503 21.735176
v 237.261244 7.243871 22.286218
v 237.261244 5.039273 22.682000
v 237.261244 2.692472 22.920348
v 237.261244 0.000000 22.999944
v 237.261244 -2.692472 22.920348
v 237.261244 -5.039273 22.682000
v 237.261244 -7.243871 22.286218
v 237.261244 -9.333503 21.735176
v 237.261244 -11.313707 21.031885
v 237.261244 -13.182645 20.180144
v 237.261244 -14.935348 19.184495
v 237.261244 -16.565454 18.050139
v 237.261244 -18.066070 16.782847
v 237.261244 -19.430260 15.388819
v 237.261244 -20.651349 13.874499
v 237.261244 -21.723126 12.246289
v 237.261244 -22.639991 10.510101
v 237.261244 -23.397056 8.670550
v 237.261244 -23.990230 6.729343
v 237.261244 -24.416275 4.681336
v 237.261244 -24.672846 2.501227
v 237.261244 -24.758528 0.000000
v 237.261244 -24.672846 -2.605853
v 237.261244 -24.416275 -4.877155
v 237.261244 -23.990230 -7.010830
v 237.261244 -23.397056 -9.033238
v 237.261244 -22.639991 -10.949737
v 237.261244 -21.723126 -12.758549
v 237.261244 -20.651349 -14.454867
v 237.261244 -19.430260 -16.032531
v 237.261244 -18.066070 -17.484871
v 237.261244 -16.565454 -18.805174
v 237.261244 -14.935348 -19.986979
v 237.261244 -13.182645 -21.024277
v 237.261244 -11.313707 -21.911645
v 237.261244 -9.333503 -22.644355
v 237.261244 -7.243871 -23.218447
v 237.261244 -5.039273 -23.630785
v 237.261244 -2.692472 -23.879102
v 237.261244 -0.000000 -23.962028
v 237.261244 2.692472 -23.879102
v 237.261244 5.039273 -23.630785
v 237.261244 7.243871 -23.218447
v 237.261244 9.333503 -22.644355
v 237.261244 11.313707 -21.911645
v 237.261244 13.182645 -21.024277
v 237.261244 14.935348 -19.986979
v 237.261244 16.565454 -18.805174
v 237.261244 18.066070 -17.484871
v 237.261244 19.430260 -16.032531
v 237.261244 20.651349 -14.454867
v 237.261244 21.723126 -12.758549
v 237.261244 22.639991 -10.949737
v 237.261244 23.397056 -9.033238
v 237.261244 23.990230 -7.010830
v 237.261244 24.416275 -4.877155
v 237.261244 24.672846 -2.605853
v 246.507496 21.881685 0.000000
v 246.507496 21.804818 2.179014
v 246.507496 21.574668 4.117026
v 246.507496 21.192579 5.950648
v 246.507496 20.660772 7.696600
v 246.507496 19.982327 9.356639
v 246.507496 19.161137 10.927460
v 246.507496 18.201863 12.403662
v 246.507496 17.109869 13.778968
v 246.507496 15.891130 15.046837
v 246.507496 14.552119 16.200824
v 246.507496 13.099645 17.234801
v 246.507496 11.540611 18.143108
v 246.507496 9.881649 18.920669
v 246.507496 8.128464 19.563069
v 246.507496 6.284544 20.066620
v 246.507496 4.348036 20.428410
v 246.507496 2.301280 20.646332
v 246.507496 0.000000 20.719114
v 246.507496 -2.301280 20.646332
v 246.507496 -4.348036 20.428410
v 246.507496 -6.284544 20.066620
v 246.507496 -8.128464 19.563069
v 246.507496 -9.881649 18.920669
v 246.507496 -11.540611 18.143108
v 246.507496 -13.099645 17.234801
v 246.507496 -14.552119 16.200824
v 246.507496 -15.891130 15.046837
v 246.507496 -17.109869 13.778968
v 246.507496 -18.201863 12.403662
v 246.507496 -19.161137 10.927460
v 246.507496 -19.982327 9.356639
v 246.507496 -20.660772 7.696600
v 246.507496 -21.192579 5.950648
v 246.507496 -21.574668 4.117026
v 246.507496 -21.804818 2.179014
v 246.507496 -21.881685 0.000000
v 246.507496 -21.804818 -2.245107
v 246.507496 -21.574668 -4.241904
v 246.507496 -21.192579 -6.131143
v 246.507496 -20.660772 -7.930054
v 246.507496 -19.982327 -9.640445
v 246.507496 -19.161137 -11.258912
v 246.507496 -18.201863 -12.779891
v 246.507496 -17.109869 -14.196912
v 246.507496 -15.891130 -15.503238
v 246.507496 -14.552119 -16.692228
v 246.507496 -13.099645 -17.757568
v 246.507496 -11.540611 -18.693426
v 246.507496 -9.881649 -19.494572
v 246.507496 -8.128464 -20.156457
v 246.507496 -6.284544 -20.675282
v 246.507496 -4.348036 -21.048045
v 246.507496 -2.301280 -21.272577
v 246.507496 -0.000000 -21.347567
v 246.507496 2.301280 -21.272577
v 246.507496 4.348036 -21.048045
v 246.507496 6.284544 -20.675282
v 246.507496 8.128464 -20.156457
v 246.507496 9.881649 -19.494572
v 246.507496 11.540611 -18.693426
v 246.507496 13.099645 -17.757568
v 246.507496 14.552119 -16.692228
v 246.507496 15.891130 -15.503238
v 246.507496 17.109869 -14.196912
v 246.507496 18.201863 -12.779891
v 246.507496 19.161137 -11.258912
v 246.507496 19.982327 -9.640445
v 246.507496 20.660772 -7.930054
v 246.507496 21.192579 -6.131143
v 246.507496 21.574668 -4.241904
v 246.507496 21.804818 -2.245107
v 255.753748 18.953953 0.000000
v 255.753748 18.886334 1.864374
v 255.753748 18.683897 3.557670
v 255.753748 18.347890 5.171790
v 255.753748 17.880381 6.716112
v 255.753748 17.284235 8.189578
v 255.753748 16.563083 9.587643
v 255.753748 15.721282 10.904373
v 255.753748 14.763856 12.133317
v 255.753748 13.696433 13.267961
v 255.753748 12.525147 14.301991
v 255.753748 11.256516 15.229465
v 255.753748 9.897264 16.044933
v 255.753748 8.454050 16.743524
v 255.753748 6.933000 17.321021
v 255.753748 5.338807 17.773905
v 255.753748 3.672560 18.099400
v 255.753748 1.924582 18.295504
v 255.753748 0.000000 18.361007
v 255.753748 -1.924582 18.295504
v 255.753748 -3.672560 18.099400
v 255.753748 -5.338807 17.773905
v 255.753748 -6.933000 17.321021
v 255.753748 -8.454050 16.743524
v 255.753748 -9.897264 16.044933
v 255.753748 -11.256516 15.229465
v 255.753748 -12.525147 14.301991
v 255.753748 -13.696433 13.267961
v 255.753748 -14.763856 12.133317
v 255.753748 -15.721282 10.904373
v 255.753748 -16.563083 9.587643
v 255.753748 -17.284235 8.189578
v 255.753748 -17.880381 6.716112
v 255.753748 -18.347890 5.171790
v 255.753748 -18.683897 3.557670
v 255.753748 -18.886334 1.864374
v 255.753748 -18.953953 0.000000
v 255.753748 -18.886334 -1.894398
v 255.753748 -18.683897 -3.614961
v 255.753748 -18.347890 -5.255075
v 255.753748 -17.880381 -6.824266
v 255.753748 -17.284235 -8.321460
v 255.753748 -16.563083 -9.742040
v 255.753748 -15.721282 -11.079974
v 255.753748 -14.763856 -12.328708
v 255.753748 -13.696433 -13.481624
v 255.753748 -12.525147 -14.532306
v 255.753748 -11.256516 -15.474716
v 255.753748 -9.897264 -16.303316
v 255.753748 -8.454050 -17.013157
v 255.753748 -6.933000 -17.599953
v 255.753748 -5.338807 -18.060130
v 255.753748 -3.672560 -18.390867
v 255.753748 -1.924582 -18.590130
v 255.753748 -0.000000 -18.656687
v 255.753748 1.924582 -18.590130
v 255.753748 3.672560 -18.390867
v 255.753748 5.338807 -18.060130
v 255.753748 6.933000 -17.599953
v 255.753748 8.454050 -17.013157
v 255.753748 9.897264 -16.303316
v 255.753748 11.256516 -15.474716
v 255.753748 12.525147 -14.532306
v 255.753748 13.696433 -13.481624
v 255.753748 14.763856 -12.328708
v 255.753748 15.721282 -11.079974
v 255.753748 16.563083 -9.742040
v 255.753748 17.284235 -8.321460
v 255.753748 17.880381 -6.824266
v 255.753748 18.347890 -5.255075
v 255.753748 18.683897 -3.614961
v 255.753748 18.886334 -1.894398
v 265.000000 16.000000 0.000000
v 265.000000 15.942009 1.566311
v 265.000000 15.768415 3.019927
v 265.000000 15.480348 4.416404
v 265.000000 15.079682 5.759167
v 265.000000 14.569015 7.044988
v 265.000000 13.951643 8.268462
v 265.000000 13.231528 9.423385
v 265.000000 12.413255 10.503333
v 265.000000 11.501974 11.501974
v 265.000000 10.503333 12.413255
v 265.000000 9.423385 13.231528
v 265.000000 8.268462 13.951643
v 265.000000 7.044988 14.569015
v 265.000000 5.759167 15.079682
v 265.000000 4.416404 15.480348
v 265.000000 3.019927 15.768415
v 265.000000 1.566311 15.942009
v 265.000000 0.000000 16.000000
v 265.000000 -1.566311 15.942009
v 265.000000 -3.019927 15.768415
v 265.000000 -4.416404 15.480348
v 265.000000 -5.759167 15.079682
v 265.000000 -7.044988 14.569015
v 265.000000 -8.268462 13.951643
v 265.000000 -9.423385 13.231528
v 265.000000 -10.503333 12.413255
v 265.000000 -11.501974 11.501974
v 265.000000 -12.413255 10.503333
v 265.000000 -13.231528 9.423385
v 265.000000 -13.951643 8.268462
v 265.000000 -14.569015 7.044988
v 265.000000 -15.079682 5.759167
v 265.000000 -15.480348 4.416404
v 265.000000 -15.768415 3.019927
v 265.000000 -15.942009 1.566311
v 265.000000 -16.000000 0.000000
v 265.000000 -15.942009 -1.566311
v 265.000000 -15.768415 -3.019927
v 265.000000 -15.480348 -4.416404
v 265.000000 -15.079682 -5.759167
v 265.000000 -14.569015 -7.044988
v 265.000000 -13.951643 -8.268462
v 265.000000 -13.231528 -9.423385
v 265.000000 -12.413255 -10.503333
v 265.000000 -11.501974 -11.501974
v 265.000000 -10.503333 -12.413255
v 265.000000 -9.423385 -13.231528
v 265.000000 -8.268462 -13.951643
v 265.000000 -7.044988 -14.569015
v 265.000000 -5.759167 -15.079682
v 265.000000 -4.416404 -15.480348
v 265.000000 -3.019927 -15.768415
v 265.000000 -1.566311 -15.942009
v 265.000000 -0.000000 -16.000000
v 265.000000 1.566311 -15.942009
v 265.000000 3.019927 -15.768415
v 265.000000 4.416404 -15.480348
v 265.000000 5.759167 -15.079682
v 265.000000 7.044988 -14.569015
v 265.000000 8.268462 -13.951643
v 265.000000 9.423385 -13.231528
v 265.000000 10.503333 -12.413255
v 265.000000 11.501974 -11.501974
v 265.000000 12.413255 -10.503333
v 265.000000 13.231528 -9.423385
v 265.000000 13.951643 -8.268462
v 265.000000 14.569015 -7.044988
v 265.000000 15.079682 -5.759167
v 265.000000 15.480348 -4.416404
v 265.000000 15.768415 -3.019927
v 265.000000 15.942009 -1.566311
v -474.700160 0.000000 -5.000000
v 265.000000 0.000000 0.000000
f 1 74 73
f 1 2 74
f 2 75 74
f 2 3 75
f 3 76 75
f 3 4 76
f 4 77 76
f 4 5 77
f 5 78 77
f 5 6 78
f 6 79 78
f 6 7 79
f 7 80 79
f 7 8 80
f 8 81 80
f 8 9 81
f 9 82 81
f 9 10 82
f 10 83 82
f 10 11 83
f 11 84 83
f 11 12 84
f 12 85 84
f 12 13 85
f 13 86 85
f 13 14 86
f 14 87 86
f 14 15 87
f 15 88 87
f 15 16 88
f 16 89 88
f 16 17 89
f 17 90 89
f 17 18 90
f 18 91 90
f 18 19 91
f 19 92 91
f 19 20 92
f 20 93 92
f 20 21 93
f 21 94 93
f 21 22 94
f 22 95 94
f 22 23 95
f 23 96 95
f 23 24 96
f 24 97 96
f 24 25 97
f 25 98 97
f 25 26 98
f 26 99 98
f 26 27 99
f 27 100 99
f 27 28 100
f 28 101 100
f 28 29 101
f 29 102 101
f 29 30 102
f 30 103 102
f 30 31 103
f 31 104 103
f 31 32 104
f 32 105 104
f 32 33 105
f 33 106 105
f 33 34 106
f 34 107 106
f 34 35 107
f 35 108 107
f 35 36 108
f 36 109 108
f 36 37 109
f 37 110 109
f 37 38 110
f 38 111 110
f 38 39 111
f 39 112 111
f 39 40 112
f 40 113 112
f 40 41 113
f 41 114 113
f 41 42 114
f 42 115 114
f 42 43 115
f 43 116 115
f 43 44 116
f 44 117 116
f 44 45 117
f 45 118 117
f 45 46 118
f 46 119 118
f 46 47 119
f 47 120 119
f 47 48 120
f 48 121 120
f 48 49 121
f 49 122 121
f 49 50 122
f 50 123 122
f 50 51 123
f 51 124 123
f 51 52 124
f 52 125 124
f 52 53 125
f 53 126 125
f 53 54 126
f 54 127 126
f 54 55 127
f 55 128 127
f 55 56 128
f 56 129 128
f 56 57 129
f 57 130 129
f 57 58 130
f 58 131 130
f 58 59 131
f 59 132 131
f 59 60 132
f 60 133 132
f 60 61 133
f 61 134 133
f 61 62 134
f 62 135 134
f 62 63 135
f 63 136 135
f 63 64 136
f 64 137 136
f 64 65 137
f 65 138 137
f 65 66 138
f 66 139 138
f 66 67 139
f 67 140 139
f 67 68 140
f 68 141 140
f 68 69 141
f 69 142 141
f 69 70 142
f 70 143 142
f 70 71 143
f 71 144 143
f 71 72 144
f 72 73 144
f 72 1 73
f 73 146 145
f 73 74 146
f 74 147 146
f 74 75 147
f 75 148 147
f 75 76 148
f 76 149 148
f 76 77 149
f 77 150 149
f 77 78 150
f 78 151 150
f 78 79 151
f 79 152 151
f 79 80 152
f 80 153 152
f 80 81 153
f 81 154 153
f 81 82 154
f 82 155 154
f 82 83 155
f 83 156 155
f 83 84 156
f 84 157 156
f 84 85 157
f 85 158 157
f 85 86 158
f 86 159 158
f 86 87 159
f 87 160 159
f 87 88 160
f 88 161 160
f 88 89 161
f 89 162 161
f 89 90 162
f 90 163 162
f 90 91 163
f 91 164 163
f 91 92 164
f 92 165 164
f 92 93 165
f 93 166 165
f 93 94 166
f 94 167 166
f 94 95 167
f 95 168 167
f 95 96 168
f 96 169 168
f 96 97 169
f 97 170 169
f 97 98 170
f 98 171 170
f 98 99 171
f 99 172 171
f 99 100 172
f 100 173 172
f 100 101 173
f 101 174 173
f 101 102 174
f 102 175 174
f 102 103 175
f 103 176 175
f 103 104 176
f 104 177 176
f 104 105 177
f 105 178 177
f 105 106 178
f 106 179 178
f 106 107 179
f 107 180 179
f 107 108 180
f 108 181 180
f 108 109 181
f 109 182 181
f 109 110 182
f 110 183 182
f 110 111 183
f 111 184 183
f 111 112 184
f 112 185 184
f 112 113 185
f 113 186 185
f 113 114 186
f 114 187 186
f 114 115 187
f 115 188 187
f 115 116 188
f 116 189 188
f 116 117 189
f 117 190 189
f 117 118 190
f 118 191 190
f 118 119 191
f 119 192 191
f 119 120 192
f 120 193 192
f 120 121 193
f 121 194 193
f 121 122 194
f 122 195 194
f 122 123 195
f 123 196 195
f 123 124 196
f 124 197 196
f 124 125 197
f 125 198 197
f 125 126 198
f 126 199 198
f 126 127 199
f 127 200 199
f 127 128 200
f 128 201 200
f 128 129 201
f 129 202 201
f 129 130 202
f 130 203 202
f 130 131 203
f 131 204 203
f 131 132 204
f 132 205 204
f 132 133 205
f 133 206 205
f 133 134 206
f 134 207 206
f 134 135 207
f 135 208 207
f 135 136 208
f 136 209 208
f 136 137 209
f 137 210 209
f 137 138 210
f 138 211 210
f 138 139 211
f 139 212 211
f 139 140 212
f 140 213 212
f 140 141 213
f 141 214 213
f 141 142 214
f 142 215 214
f 142 143 215
f 143 216 215
f 143 144 216
f 144 145 216
f 144 73 145
f 145 218 217
f 145 146 218
f 146 219 218
f 146 147 219
f 147 220 219
f 147 148 220
f 148 221 220
f 148 149 221
f 149 222 221
f 149 150 222
f 150 223 222
f 150 151 223
f 151 224 223
f 151 152 224
f 152 225 224
f 152 153 225
f 153 226 225
f 153 154 226
f 154 227 226
f 154 155 227
f 155 228 227
f 155 156 228
f 156 229 228
f 156 157 229
f 157 230 229
f 157 158 230
f 158 231 230
f 158 159 231
f 159 232 231
f 159 160 232
f 160 233 232
f 160 161 233
f 161 234 233
f 161 162 234
f 162 235 234
f 162 163 235
f 163 236 235
f 163 164 236
f 164 237 236
f 164 165 237
f 165 238 237
f 165 166 238
f 166 239 238
f 166 167 239
f 167 240 239
f 167 168 240
f 168 241 240
f 168 169 241
f 169 242 241
f 169 170 242
f 170 243 242
f 170 171 243
f 171 244 243
f 171 172 244
f 172 245 244
f 172 173 245
f 173 246 245
f 173 174 246
f 174 247 246
f 174 175 247
f 175 248 247
f 175 176 248
f 176 249 248
f 176 177 249
f 177 250 249
f 177 178 250
f 178 251 250
f 178 179 251
f 179 252 251
f 179 180 252
f 180 253 252
f 180 181 253
f 181 254 253
f 181 182 254
f 182 255 254
f 182 183 255
f 183 256 255
f 183 184 256
f 184 257 256
f 184 185 257
f 185 258 257
f 185 186 258
f 186 259 258
f 186 187 259
f 187 260 259
f 187 188 260
f 188 261 260
f 188 189 261
f 189 262 261
f 189 190 262
f 190 263 262
f 190 191 263
f 191 264 263
f 191 192 264
f 192 265 264
f 192 193 265
f 193 266 265
f 193 194 266
f 194 267 266
f 194 195 267
f 195 268 267
f 195 196 268
f 196 269 268
f 196 197 269
f 197 270 269
f 197 198 270
f 198 271 270
f 198 199 271
f 199 272 271
f 199 200 272
f 200 273 272
f 200 201 273
f 201 274 273
f 201 202 274
f 202 275 274
f 202 203 275
f 203 276 275
f 203 204 276
f 204 277 276
f 204 205 277
f 205 278 277
f 205 206 278
f 206 279 278
f 206 207 279
f 207 280 279
f 207 208 280
f 208 281 280
f 208 209 281
f 209 282 281
f 209 210 282
f 210 283 282
f 210 211 283
f 211 284 283
f 211 212 284
f 212 285 284
f 212 213 285
f 213 286 285
f 213 214 286
f 214 287 286
f 214 215 287
f 215 288 287
f 215 216 288
f 216 217 288
f 216 145 217
f 217 290 289
f 217 218 290
f 218 291 290
f 218 219 291
f 219 292 291
f 219 220 292
f 220 293 292
f 220 221 293
f 221 294 293
f 221 222 294
f 222 295 294
f 222 223 295
f 223 296 295
f 223 224 296
f 224 297 296
f 224 225 297
f 225 298 297
f 225 226 298
f 226 299 298
f 226 227 299
f 227 300 299
f 227 228 300
f 228 301 300
f 228 229 301
f 229 302 301
f 229 230 302
f 230 303 302
f 230 231 303
f 231 304 303
f 231 232 304
f 232 305 304
f 232 233 305
f 233 306 305
f 233 234 306
f 234 307 306
f 234 235 307
f 235 308 307
f 235 236 308
f 236 309 308
f 236 237 309
f 237 310 309
f 237 238 310
f 238 311 310
f 238 239 311
f 239 312 311
f 239 240 312
f 240 313 312
f 240 241 313
f 241 314 313
f 241 242 314
f 242 315 314
f 242 243 315
f 243 316 315
f 243 244 316
f 244 317 316
f 244 245 317
f 245 318 317
f 245 246 318
f 246 319 318
f 246 247 319
f 247 320 319
f 247 248 320
f 248 321 320
f 248 249 321
f 249 322 321
f 249 250 322
f 250 323 322
f 250 251 323
f 251 324 323
f 251 252 324
f 252 325 324
f 252 253 325
f 253 326 325
f 253 254 326
f 254 327 326
f 254 255 327
f 255 328 327
f 255 256 328
f 256 329 328
f 256 257 329
f 257 330 329
f 257 258 330
f 258 331 330
f 258 259 331
f 259 332 331
f 259 260 332
f 260 333 332
f 260 261 333
f 261 334 333
f 261 262 334
f 262 335 334
f 262 263 335
f 263 336 335
f 263 264 336
f 264 337 336
f 264 265 337
f 265 338 337
f 265 266 338
f 266 339 338
f 266 267 339
f 267 340 339
f 267 268 340
f 268 341 340
f 268 269 341
f 269 342 341
f 269 270 342
f 270 343 342
f 270 271 343
f 271 344 343
f 271 272 344
f 272 345 344
f 272 273 345
f 273 346 345
f 273 274 346
f 274 347 346
f 274 275 347
f 275 348 347
f 275 276 348
f 276 349 348
f 276 277 349
f 277 350 349
f 277 278 350
f 278 351 350
f 278 279 351
f 279 352 351
f 279 280 352
f 280 353 352
f 280 281 353
f 281 354 353
f 281 282 354
f 282 355 354
f 282 283 355
f 283 356 355
f 283 284 356
f 284 357 356
f 284 285 357
f 285 358 357
f 285 286 358
f 286 359 358
f 286 287 359
f 287 360 359
f 287 288 360
f 288 289 360
f 288 217 289
f 289 362 361
f 289 290 362
f 290 363 362
f 290 291 363
f 291 364 363
f 291 292 364
f 292 365 364
f 292 293 365
f 293 366 365
f 293 294 366
f 294 367 366
f 294 295 367
f 295 368 367
f 295 296 368
f 296 369 368
f 296 297 369
f 297 370 369
f 297 298 370
f 298 371 370
f 298 299 371
f 299 372 371
f 299 300 372
f 300 373 372
f 300 301 373
f 301 374 373
f 301 302 374
f 302 375 374
f 302 303 375
f 303 376 375
f 303 304 376
f 304 377 376
f 304 305 377
f 305 378 377
f 305 306 378
f 306 379 378
f 306 307 379
f 307 380 379
f 307 308 380
f 308 381 380
f 308 309 381
f 309 382 381
f 309 310 382
f 310 383 382
f 310 311 383
f 311 384 383
f 311 312 384
f 312 385 384
f 312 313 385
f 313 386 385
f 313 314 386
f 314 387 386
f 314 315 387
f 315 388 387
f 315 316 388
f 316 389 388
f 316 317 389
f 317 390 389
f 317 318 390
f 318 391 390
f 318 319 391
f 319 392 391
f 319 320 392
f 320 393 392
f 320 321 393
f 321 394 393
f 321 322 394
f 322 395 394
f 322 323 395
f 323 396 395
f 323 324 396
f 324 397 396
f 324 325 397
f 325 398 397
f 325 326 398
f 326 399 398
f 326 327 399
f 327 400 399
f 327 328 400
f 328 401 400
f 328 329 401
f 329 402 401
f 329 330 402
f 330 403 402
f 330 331 403
f 331 404 403
f 331 332 404
f 332 405 404
f 332 333 405
f 333 406 405
f 333 334 406
f 334 407 406
f 334 335 407
f 335 408 407
f 335 336 408
f 336 409 408
f 336 337 409
f 337 410 409
f 337 338 410
f 338 411 410
f 338 339 411
f 339 412 411
f 339 340 412
f 340 413 412
f 340 341 413
f 341 414 413
f 341 342 414
f 342 415 414
f 342 343 415
f 343 416 415
f 343 344 416
f 344 417 416
f 344 345 417
f 345 418 417
f 345 346 418
f 346 419 418
f 346 347 419
f 347 420 419
f 347 348 420
f 348 421 420
f 348 349 421
f 349 422 421
f 349 350 422
f 350 423 422
f 350 351 423
f 351 424 423
f 351 352 424
f 352 425 424
f 352 353 425
f 353 426 425
f 353 354 426
f 354 427 426
f 354 355 427
f 355 428 427
f 355 356 428
f 356 429 428
f 356 357 429
f 357 430 429
f 357 358 430
f 358 431 430
f 358 359 431
f 359 432 431
f 359 360 432
f 360 361 432
f 360 289 361
f 361 434 433
f 361 362 434
f 362 435 434
f 362 363 435
f 363 436 435
f 363 364 436
f 364 437 436
f 364 365 437
f 365 438 437
f 365 366 438
f 366 439 438
f 366 367 439
f 367 440 439
f 367 368 440
f 368 441 440
f 368 369 441
f 369 442 441
f 369 370 442
f 370 443 442
f 370 371 443
f 371 444 443
f 371 372 444
f 372 445 444
f 372 373 445
f 373 446 445
f 373 374 446
f 374 447 446
f 374 375 447
f 375 448 447
f 375 376 448
f 376 449 448
f 376 377 449
f 377 450 449
f 377 378 450
f 378 451 450
f 378 379 451
f 379 452 451
f 379 380 452
f 380 453 452
f 380 381 453
f 381 454 453
f 381 382 454
f 382 455 454
f 382 383 455
f 383 456 455
f 383 384 456
f 384 457 456
f 384 385 457
f 385 458 457
f 385 386 458
f 386 459 458
f 386 387 459
f 387 460 459
f 387 388 460
f 388 461 460
f 388 389 461
f 389 462 461
f 389 390 462
f 390 463 462
f 390 391 463
f 391 464 463
f 391 392 464
f 392 465 464
f 392 393 465
f 393 466 465
f 393 394 466
f 394 467 466
f 394 395 467
f 395 468 467
f 395 396 468
f 396 469 468
f 396 397 469
f 397 470 469
f 397 398 470
f 398 471 470
f 398 399 471
f 399 472 471
f 399 400 472
f 400 473 472
f 400 401 473
f 401 474 473
f 401 402 474
f 402 475 474
f 402 403 475
f 403 476 475
f 403 404 476
f 404 477 476
f 404 405 477
f 405 478 477
f 405 406 478
f 406 479 478
f 406 407 479
f 407 480 479
f 407 408 480
f 408 481 480
f 408 409 481
f 409 482 481
f 409 410 482
f 410 483 482
f 410 411 483
f 411 484 483
f 411 412 484
f 412 485 484
f 412 413 485
f 413 486 485
f 413 414 486
f 414 487 486
f 414 415 487
f 415 488 487
f 415 416 488
f 416 489 488
f 416 417 489
f 417 490 489
f 417 418 490
f 418 491 490
f 418 419 491
f 419 492 491
f 419 420 492
f 420 493 492
f 420 421 493
f 421 494 493
f 421 422 494
f 422 495 494
f 422 423 495
f 423 496 495
f 423 424 496
f 424 497 496
f 424 425 497
f 425 498 497
f 425 426 498
f 426 499 498
f 426 427 499
f 427 500 499
f 427 428 500
f 428 501 500
f 428 429 501
f 429 502 501
f 429 430 502
f 430 503 502
f 430 431 503
f 431 504 503
f 431 432 504
f 432 433 504
f 432 361 433
f 433 506 505
f 433 434 506
f 434 507 506
f 434 435 507
f 435 508 507
f 435 436 508
f 436 509 508
f 436 437 509
f 437 510 509
f 437 438 510
f 438 511 510
f 438 439 511
f 439 512 511
f 439 440 512
f 440 513 512
f 440 441 513
f 441 514 513
f 441 442 514
f 442 515 514
f 442 443 515
f 443 516 515
f 443 444 516
f 444 517 516
f 444 445 517
f 445 518 517
f 445 446 518
f 446 519 518
f 446 447 519
f 447 520 519
f 447 448 520
f 448 521 520
f 448 449 521
f 449 522 521
f 449 450 522
f 450 523 522
f 450 451 523
f 451 524 523
f 451 452 524
f 452 525 524
f 452 453 525
f 453 526 525
f 453 454 526
f 454 527 526
f 454 455 527
f 455 528 527
f 455 456 528
f 456 529 528
f 456 457 529
f 457 530 529
f 457 458 530
f 458 531 530
f 458 459 531
f 459 532 531
f 459 460 532
f 460 533 532
f 460 461 533
f 461 534 533
f 461 462 534
f 462 535 534
f 462 463 535
f 463 536 535
f 463 464 536
f 464 537 536
f 464 465 537
f 465 538 537
f 465 466 538
f 466 539 538
f 466 467 539
f 467 540 539
f 467 468 540
f 468 541 540
f 468 469 541
f 469 542 541
f 469 470 542
f 470 543 542
f 470 471 543
f 471 544 543
f 471 472 544
f 472 545 544
f 472 473 545
f 473 546 545
f 473 474 546
f 474 547 546
f 474 475 547
f 475 548 547
f 475 476 548
f 476 549 548
f 476 477 549
f 477 550 549
f 477 478 550
f 478 551 550
f 478 479 551
f 479 552 551
f 479 480 552
f 480 553 552
f 480 481 553
f 481 554 553
f 481 482 554
f 482 555 554
f 482 483 555
f 483 556 555
f 483 484 556
f 484 557 556
f 484 485 557
f 485 558 557
f 485 486 558
f 486 559 558
f 486 487 559
f 487 560 559
f 487 488 560
f 488 561 560
f 488 489 561
f 489 562 561
f 489 490 562
f 490 563 562
f 490 491 563
f 491 564 563
f 491 492 564
f 492 565 564
f 492 493 565
f 493 566 565
f 493 494 566
f 494 567 566
f 494 495 567
f 495 568 567
f 495 496 568
f 496 569 568
f 496 497 569
f 497 570 569
f 497 498 570
f 498 571 570
f 498 499 571
f 499 572 571
f 499 500 572
f 500 573 572
f 500 501 573
f 501 574 573
f 501 502 574
f 502 575 574
f 502 503 575
f 503 576 575
f 503 504 576
f 504 505 576
f 504 433 505
f 505 578 577
f 505 506 578
f 506 579 578
f 506 507 579
f 507 580 579
f 507 508 580
f 508 581 580
f 508 509 581
f 509 582 581
f 509 510 582
f 510 583 582
f 510 511 583
f 511 584 583
f 511 512 584
f 512 585 584
f 512 513 585
f 513 586 585
f 513 514 586
f 514 587 586
f 514 515 587
f 515 588 587
f 515 516 588
f 516 589 588
f 516 517 589
f 517 590 589
f 517 518 590
f 518 591 590
f 518 519 591
f 519 592 591
f 519 520 592
f 520 593 592
f 520 521 593
f 521 594 593
f 521 522 594
f 522 595 594
f 522 523 595
f 523 596 595
f 523 524 596
f 524 597 596
f 524 525 597
f 525 598 597
f 525 526 598
f 526 599 598
f 526 527 599
f 527 600 599
f 527 528 600
f 528 601 600
f 528 529 601
f 529 602 601
f 529 530 602
f 530 603 602
f 530 531 603
f 531 604 603
f 531 532 604
f 532 605 604
f 532 533 605
f 533 606 605
f 533 534 606
f 534 607 606
f 534 535 607
f 535 608 607
f 535 536 608
f 536 609 608
f 536 537 609
f 537 610 609
f 537 538 610
f 538 611 610
f 538 539 611
f 539 612 611
f 539 540 612
f 540 613 612
f 540 541 613
f 541 614 613
f 541 542 614
f 542 615 614
f 542 543 615
f 543 616 615
f 543 544 616
f 544 617 616
f 544 545 617
f 545 618 617
f 545 546 618
f 546 619 618
f 546 547 619
f 547 620 619
f 547 548 620
f 548 621 620
f 548 549 621
f 549 622 621
f 549 550 622
f 550 623 622
f 550 551 623
f 551 624 623
f 551 552 624
f 552 625 624
f 552 553 625
f 553 626 625
f 553 554 626
f 554 627 626
f 554 555 627
f 555 628 627
f 555 556 628
f 556 629 628
f 556 557 629
f 557 630 629
f 557 558 630
f 558 631 630
f 558 559 631
f 559 632 631
f 559 560 632
f 560 633 632
f 560 561 633
f 561 634 633
f 561 562 634
f 562 635 634
f 562 563 635
f 563 636 635
f 563 564 636
f 564 637 636
f 564 565 637
f 565 638 637
f 565 566 638
f 566 639 638
f 566 567 639
f 567 640 639
f 567 568 640
f 568 641 640
f 568 569 641
f 569 642 641
f 569 570 642
f 570 643 642
f 570 571 643
f 571 644 643
f 571 572 644
f 572 645 644
f 572 573 645
f 573 646 645
f 573 574 646
f 574 647 646
f 574 575 647
f 575 648 647
f 575 576 648
f 576 577 648
f 576 505 577
f 577 650 649
f 577 578 650
f 578 651 650
f 578 579 651
f 579 652 651
f 579 580 652
f 580 653 652
f 580 581 653
f 581 654 653
f 581 582 654
f 582 655 654
f 582 583 655
f 583 656 655
f 583 584 656
f 584 657 656
f 584 585 657
f 585 658 657
f 585 586 658
f 586 659 658
f 586 587 659
f 587 660 659
f 587 588 660
f 588 661 660
f 588 589 661
f 589 662 661
f 589 590 662
f 590 663 662
f 590 591 663
f 591 664 663
f 591 592 664
f 592 665 664
f 592 593 665
f 593 666 665
f 593 594 666
f 594 667 666
f 594 595 667
f 595 668 667
f 595 596 668
f 596 669 668
f 596 597 669
f 597 670 669
f 597 598 670
f 598 671 670
f 598 599 671
f 599 672 671
f 599 600 672
f 600 673 672
f 600 601 673
f 601 674 673
f 601 602 674
f 602 675 674
f 602 603 675
f 603 676 675
f 603 604 676
f 604 677 676
f 604 605 677
f 605 678 677
f 605 606 678
f 606 679 678
f 606 607 679
f 607 680 679
f 607 608 680
f 608 681 680
f 608 609 681
f 609 682 681
f 609 610 682
f 610 683 682
f 610 611 683
f 611 684 683
f 611 612 684
f 612 685 684
f 612 613 685
f 613 686 685
f 613 614 686
f 614 687 686
f 614 615 687
f 615 688 687
f 615 616 688
f 616 689 688
f 616 617 689
f 617 690 689
f 617 618 690
f 618 691 690
f 618 619 691
f 619 692 691
f 619 620 692
f 620 693 692
f 620 621 693
f 621 694 693
f 621 622 694
f 622 695 694
f 622 623 695
f 623 696 695
f 623 624 696
f 624 697 696
f 624 625 697
f 625 698 697
f 625 626 698
f 626 699 698
f 626 627 699
f 627 700 699
f 627 628 700
f 628 701 700
f 628 629 701
f 629 702 701
f 629 630 702
f 630 703 702
f 630 631 703
f 631 704 703
f 631 632 704
f 632 705 704
f 632 633 705
f 633 706 705
f 633 634 706
f 634 707 706
f 634 635 707
f 635 708 707
f 635 636 708
f 636 709 708
f 636 637 709
f 637 710 709
f 637 638 710
f 638 711 710
f 638 639 711
f 639 712 711
f 639 640 712
f 640 713 712
f 640 641 713
f 641 714 713
f 641 642 714
f 642 715 714
f 642 643 715
f 643 716 715
f 643 644 716
f 644 717 716
f 644 645 717
f 645 718 717
f 645 646 718
f 646 719 718
f 646 647 719
f 647 720 719
f 647 648 720
f 648 649 720
f 648 577 649
f 649 722 721
f 649 650 722
f 650 723 722
f 650 651 723
f 651 724 723
f 651 652 724
f 652 725 724
f 652 653 725
f 653 726 725
f 653 654 726
f 654 727 726
f 654 655 727
f 655 728 727
f 655 656 728
f 656 729 728
f 656 657 729
f 657 730 729
f 657 658 730
f 658 731 730
f 658 659 731
f 659 732 731
f 659 660 732
f 660 733 732
f 660 661 733
f 661 734 733
f 661 662 734
f 662 735 734
f 662 663 735
f 663 736 735
f 663 664 736
f 664 737 736
f 664 665 737
f 665 738 737
f 665 666 738
f 666 739 738
f 666 667 739
f 667 740 739
f 667 668 740
f 668 741 740
f 668 669 741
f 669 742 741
f 669 670 742
f 670 743 742
f 670 671 743
f 671 744 743
f 671 672 744
f 672 745 744
f 672 673 745
f 673 746 745
f 673 674 746
f 674 747 746
f 674 675 747
f 675 748 747
f 675 676 748
f 676 749 748
f 676 677 749
f 677 750 749
f 677 678 750
f 678 751 750
f 678 679 751
f 679 752 751
f 679 680 752
f 680 753 752
f 680 681 753
f 681 754 753
f 681 682 754
f 682 755 754
f 682 683 755
f 683 756 755
f 683 684 756
f 684 757 756
f 684 685 757
f 685 758 757
f 685 686 758
f 686 759 758
f 686 687 759
f 687 760 759
f 687 688 760
f 688 761 760
f 688 689 761
f 689 762 761
f 689 690 762
f 690 763 762
f 690 691 763
f 691 764 763
f 691 692 764
f 692 765 764
f 692 693 765
f 693 766 765
f 693 694 766
f 694 767 766
f 694 695 767
f 695 768 767
f 695 696 768
f 696 769 768
f 696 697 769
f 697 770 769
f 697 698 770
f 698 771 770
f 698 699 771
f 699 772 771
f 699 700 772
f 700 773 772
f 700 701 773
f 701 774 773
f 701 702 774
f 702 775 774
f 702 703 775
f 703 776 775
f 703 704 776
f 704 777 776
f 704 705 777
f 705 778 777
f 705 706 778
f 706 779 778
f 706 707 779
f 707 780 779
f 707 708 780
f 708 781 780
f 708 709 781
f 709 782 781
f 709 710 782
f 710 783 782
f 710 711 783
f 711 784 783
f 711 712 784
f 712 785 784
f 712 713 785
f 713 786 785
f 713 714 786
f 714 787 786
f 714 715 787
f 715 788 787
f 715 716 788
f 716 789 788
f 716 717 789
f 717 790 789
f 717 718 790
f 718 791 790
f 718 719 791
f 719 792 791
f 719 720 792
f 720 721 792
f 720 649 721
f 721 794 793
f 721 722 794
f 722 795 794
f 722 723 795
f 723 796 795
f 723 724 796
f 724 797 796
f 724 725 797
f 725 798 797
f 725 726 798
f 726 799 798
f 726 727 799
f 727 800 799
f 727 728 800
f 728 801 800
f 728 729 801
f 729 802 801
f 729 730 802
f 730 803 802
f 730 731 803
f 731 804 803
f 731 732 804
f 732 805 804
f 732 733 805
f 733 806 805
f 733 734 806
f 734 807 806
f 734 735 807
f 735 808 807
f 735 736 808
f 736 809 808
f 736 737 809
f 737 810 809
f 737 738 810
f 738 811 810
f 738 739 811
f 739 812 811
f 739 740 812
f 740 813 812
f 740 741 813
f 741 814 813
f 741 742 814
f 742 815 814
f 742 743 815
f 743 816 815
f 743 744 816
f 744 817 816
f 744 745 817
f 745 818 817
f 745 746 818
f 746 819 818
f 746 747 819
f 747 820 819
f 747 748 820
f 748 821 820
f 748 749 821
f 749 822 821
f 749 750 822
f 750 823 822
f 750 751 823
f 751 824 823
f 751 752 824
f 752 825 824
f 752 753 825
f 753 826 825
f 753 754 826
f 754 827 826
f 754 755 827
f 755 828 827
f 755 756 828
f 756 829 828
f 756 757 829
f 757 830 829
f 757 758 830
f 758 831 830
f 758 759 831
f 759 832 831
f 759 760 832
f 760 833 832
f 760 761 833
f 761 834 833
f 761 762 834
f 762 835 834
f 762 763 835
f 763 836 835
f 763 764 836
f 764 837 836
f 764 765 837
f 765 838 837
f 765 766 838
f 766 839 838
f 766 767 839
f 767 840 839
f 767 768 840
f 768 841 840
f 768 769 841
f 769 842 841
f 769 770 842
f 770 843 842
f 770 771 843
f 771 844 843
f 771 772 844
f 772 845 844
f 772 773 845
f 773 846 845
f 773 774 846
f 774 847 846
f 774 775 847
f 775 848 847
f 775 776 848
f 776 849 848
f 776 777 849
f 777 850 849
f 777 778 850
f 778 851 850
f 778 779 851
f 779 852 851
f 779 780 852
f 780 853 852
f 780 781 853
f 781 854 853
f 781 782 854
f 782 855 854
f 782 783 855
f 783 856 855
f 783 784 856
f 784 857 856
f 784 785 857
f 785 858 857
f 785 786 858
f 786 859 858
f 786 787 859
f 787 860 859
f 787 788 860
f 788 861 860
f 788 789 861
f 789 862 861
f 789 790 862
f 790 863 862
f 790 791 863
f 791 864 863
f 791 792 864
f 792 793 864
f 792 721 793
f 793 866 865
f 793 794 866
f 794 867 866
f 794 795 867
f 795 868 867
f 795 796 868
f 796 869 868
f 796 797 869
f 797 870 869
f 797 798 870
f 798 871 870
f 798 799 871
f 799 872 871
f 799 800 872
f 800 873 872
f 800 801 873
f 801 874 873
f 801 802 874
f 802 875 874
f 802 803 875
f 803 876 875
f 803 804 876
f 804 877 876
f 804 805 877
f 805 878 877
f 805 806 878
f 806 879 878
f 806 807 879
f 807 880 879
f 807 808 880
f 808 881 880
f 808 809 881
f 809 882 881
f 809 810 882
f 810 883 882
f 810 811 883
f 811 884 883
f 811 812 884
f 812 885 884
f 812 813 885
f 813 886 885
f 813 814 886
f 814 887 886
f 814 815 887
f 815 888 887
f 815 816 888
f 816 889 888
f 816 817 889
f 817 890 889
f 817 818 890
f 818 891 890
f 818 819 891
f 819 892 891
f 819 820 892
f 820 893 892
f 820 821 893
f 821 894 893
f 821 822 894
f 822 895 894
f 822 823 895
f 823 896 895
f 823 824 896
f 824 897 896
f 824 825 897
f 825 898 897
f 825 826 898
f 826 899 898
f 826 827 899
f 827 900 899
f 827 828 900
f 828 901 900
f 828 829 901
f 829 902 901
f 829 830 902
f 830 903 902
f 830 831 903
f 831 904 903
f 831 832 904
f 832 905 904
f 832 833 905
f 833 906 905
f 833 834 906
f 834 907 906
f 834 835 907
f 835 908 907
f 835 836 908
f 836 909 908
f 836 837 909
f 837 910 909
f 837 838 910
f 838 911 910
f 838 839 911
f 839 912 911
f 839 840 912
f 840 913 912
f 840 841 913
f 841 914 913
f 841 842 914
f 842 915 914
f 842 843 915
f 843 916 915
f 843 844 916
f 844 917 916
f 844 845 917
f 845 918 917
f 845 846 918
f 846 919 918
f 846 847 919
f 847 920 919
f 847 848 920
f 848 921 920
f 848 849 921
f 849 922 921
f 849 850 922
f 850 923 922
f 850 851 923
f 851 924 923
f 851 852 924
f 852 925 924
f 852 853 925
f 853 926 925
f 853 854 926
f 854 927 926
f 854 855 927
f 855 928 927
f 855 856 928
f 856 929 928
f 856 857 929
f 857 930 929
f 857 858 930
f 858 931 930
f 858 859 931
f 859 932 931
f 859 860 932
f 860 933 932
f 860 861 933
f 861 934 933
f 861 862 934
f 862 935 934
f 862 863 935
f 863 936 935
f 863 864 936
f 864 865 936
f 864 793 865
f 865 938 937
f 865 866 938
f 866 939 938
f 866 867 939
f 867 940 939
f 867 868 940
f 868 941 940
f 868 869 941
f 869 942 941
f 869 870 942
f 870 943 942
f 870 871 943
f 871 944 943
f 871 872 944
f 872 945 944
f 872 873 945
f 873 946 945
f 873 874 946
f 874 947 946
f 874 875 947
f 875 948 947
f 875 876 948
f 876 949 948
f 876 877 949
f 877 950 949
f 877 878 950
f 878 951 950
f 878 879 951
f 879 952 951
f 879 880 952
f 880 953 952
f 880 881 953
f 881 954 953
f 881 882 954
f 882 955 954
f 882 883 955
f 883 956 955
f 883 884 956
f 884 957 956
f 884 885 957
f 885 958 957
f 885 886 958
f 886 959 958
f 886 887 959
f 887 960 959
f 887 888 960
f 888 961 960
f 888 889 961
f 889 962 961
f 889 890 962
f 890 963 962
f 890 891 963
f 891 964 963
f 891 892 964
f 892 965 964
f 892 893 965
f 893 966 965
f 893 894 966
f 894 967 966
f 894 895 967
f 895 968 967
f 895 896 968
f 896 969 968
f 896 897 969
f 897 970 969
f 897 898 970
f 898 971 970
f 898 899 971
f 899 972 971
f 899 900 972
f 900 973 972
f 900 901 973
f 901 974 973
f 901 902 974
f 902 975 974
f 902 903 975
f 903 976 975
f 903 904 976
f 904 977 976
f 904 905 977
f 905 978 977
f 905 906 978
f 906 979 978
f 906 907 979
f 907 980 979
f 907 908 980
f 908 981 980
f 908 909 981
f 909 982 981
f 909 910 982
f 910 983 982
f 910 911 983
f 911 984 983
f 911 912 984
f 912 985 984
f 912 913 985
f 913 986 985
f 913 914 986
f 914 987 986
f 914 915 987
f 915 988 987
f 915 916 988
f 916 989 988
f 916 917 989
f 917 990 989
f 917 918 990
f 918 991 990
f 918 919 991
f 919 992 991
f 919 920 992
f 920 993 992
f 920 921 993
f 921 994 993
f 921 922 994
f 922 995 994
f 922 923 995
f 923 996 995
f 923 924 996
f 924 997 996
f 924 925 997
f 925 998 997
f 925 926 998
f 926 999 998
f 926 927 999
f 927 1000 999
f 927 928 1000
f 928 1001 1000
f 928 929 1001
f 929 1002 1001
f 929 930 1002
f 930 1003 1002
f 930 931 1003
f 931 1004 1003
f 931 932 1004
f 932 1005 1004
f 932 933 1005
f 933 1006 1005
f 933 934 1006
f 934 1007 1006
f 934 935 1007
f 935 1008 1007
f 935 936 1008
f 936 937 1008
f 936 865 937
f 937 1010 1009
f 937 938 1010
f 938 1011 1010
f 938 939 1011
f 939 1012 1011
f 939 940 1012
f 940 1013 1012
f 940 941 1013
f 941 1014 1013
f 941 942 1014
f 942 1015 1014
f 942 943 1015
f 943 1016 1015
f 943 944 1016
f 944 1017 1016
f 944 945 1017
f 945 1018 1017
f 945 946 1018
f 946 1019 1018
f 946 947 1019
f 947 1020 1019
f 947 948 1020
f 948 1021 1020
f 948 949 1021
f 949 1022 1021
f 949 950 1022
f 950 1023 1022
f 950 951 1023
f 951 1024 1023
f 951 952 1024
f 952 1025 1024
f 952 953 1025
f 953 1026 1025
f 953 954 1026
f 954 1027 1026
f 954 955 1027
f 955 1028 1027
f 955 956 1028
f 956 1029 1028
f 956 957 1029
f 957 1030 1029
f 957 958 1030
f 958 1031 1030
f 958 959 1031
f 959 1032 1031
f 959 960 1032
f 960 1033 1032
f 960 961 1033
f 961 1034 1033
f 961 962 1034
f 962 1035 1034
f 962 963 1035
f 963 1036 1035
f 963 964 1036
f 964 1037 1036
f 964 965 1037
f 965 1038 1037
f 965 966 1038
f 966 1039 1038
f 966 967 1039
f 967 1040 1039
f 967 968 1040
f 968 1041 1040
f 968 969 1041
f 969 1042 1041
f 969 970 1042
f 970 1043 1042
f 970 971 1043
f 971 1044 1043
f 971 972 1044
f 972 1045 1044
f 972 973 1045
f 973 1046 1045
f 973 974 1046
f 974 1047 1046
f 974 975 1047
f 975 1048 1047
f 975 976 1048
f 976 1049 1048
f 976 977 1049
f 977 1050 1049
f 977 978 1050
f 978 1051 1050
f 978 979 1051
f 979 1052 1051
f 979 980 1052
f 980 1053 1052
f 980 981 1053
f 981 1054 1053
f 981 982 1054
f 982 1055 1054
f 982 983 1055
f 983 1056 1055
f 983 984 1056
f 984 1057 1056
f 984 985 1057
f 985 1058 1057
f 985 986 1058
f 986 1059 1058
f 986 987 1059
f 987 1060 1059
f 987 988 1060
f 988 1061 1060
f 988 989 1061
f 989 1062 1061
f 989 990 1062
f 990 1063 1062
f 990 991 1063
f 991 1064 1063
f 991 992 1064
f 992 1065 1064
f 992 993 1065
f 993 1066 1065
f 993 994 1066
f 994 1067 1066
f 994 995 1067
f 995 1068 1067
f 995 996 1068
f 996 1069 1068
f 996 997 1069
f 997 1070 1069
f 997 998 1070
f 998 1071 1070
f 998 999 1071
f 999 1072 1071
f 999 1000 1072
f 1000 1073 1072
f 1000 1001 1073
f 1001 1074 1073
f 1001 1002 1074
f 1002 1075 1074
f 1002 1003 1075
f 1003 1076 1075
f 1003 1004 1076
f 1004 1077 1076
f 1004 1005 1077
f 1005 1078 1077
f 1005 1006 1078
f 1006 1079 1078
f 1006 1007 1079
f 1007 1080 1079
f 1007 1008 1080
f 1008 1009 1080
f 1008 937 1009
f 1009 1082 1081
f 1009 1010 1082
f 1010 1083 1082
f 1010 1011 1083
f 1011 1084 1083
f 1011 1012 1084
f 1012 1085 1084
f 1012 1013 1085
f 1013 1086 1085
f 1013 1014 1086
f 1014 1087 1086
f 1014 1015 1087
f 1015 1088 1087
f 1015 1016 1088
f 1016 1089 1088
f 1016 1017 1089
f 1017 1090 1089
f 1017 1018 1090
f 1018 1091 1090
f 1018 1019 1091
f 1019 1092 1091
f 1019 1020 1092
f 1020 1093 1092
f 1020 1021 1093
f 1021 1094 1093
f 1021 1022 1094
f 1022 1095 1094
f 1022 1023 1095
f 1023 1096 1095
f 1023 1024 1096
f 1024 1097 1096
f 1024 1025 1097
f 1025 1098 1097
f 1025 1026 1098
f 1026 1099 1098
f 1026 1027 1099
f 1027 1100 1099
f 1027 1028 1100
f 1028 1101 1100
f 1028 1029 1101
f 1029 1102 1101
f 1029 1030 1102
f 1030 1103 1102
f 1030 1031 1103
f 1031 1104 1103
f 1031 1032 1104
f 1032 1105 1104
f 1032 1033 1105
f 1033 1106 1105
f 1033 1034 1106
f 1034 1107 1106
f 1034 1035 1107
f 1035 1108 1107
f 1035 1036 1108
f 1036 1109 1108
f 1036 1037 1109
f 1037 1110 1109
f 1037 1038 1110
f 1038 1111 1110
f 1038 1039 1111
f 1039 1112 1111
f 1039 1040 1112
f 1040 1113 1112
f 1040 1041 1113
f 1041 1114 1113
f 1041 1042 1114
f 1042 1115 1114
f 1042 1043 1115
f 1043 1116 1115
f 1043 1044 1116
f 1044 1117 1116
f 1044 1045 1117
f 1045 1118 1117
f 1045 1046 1118
f 1046 1119 1118
f 1046 1047 1119
f 1047 1120 1119
f 1047 1048 1120
f 1048 1121 1120
f 1048 1049 1121
f 1049 1122 1121
f 1049 1050 1122
f 1050 1123 1122
f 1050 1051 1123
f 1051 1124 1123
f 1051 1052 1124
f 1052 1125 1124
f 1052 1053 1125
f 1053 1126 1125
f 1053 1054 1126
f 1054 1127 1126
f 1054 1055 1127
f 1055 1128 1127
f 1055 1056 1128
f 1056 1129 1128
f 1056 1057 1129
f 1057 1130 1129
f 1057 1058 1130
f 1058 1131 1130
f 1058 1059 1131
f 1059 1132 1131
f 1059 1060 1132
f 1060 1133 1132
f 1060 1061 1133
f 1061 1134 1133
f 1061 1062 1134
f 1062 1135 1134
f 1062 1063 1135
f 1063 1136 1135
f 1063 1064 1136
f 1064 1137 1136
f 1064 1065 1137
f 1065 1138 1137
f 1065 1066 1138
f 1066 1139 1138
f 1066 1067 1139
f 1067 1140 1139
f 1067 1068 1140
f 1068 1141 1140
f 1068 1069 1141
f 1069 1142 1141
f 1069 1070 1142
f 1070 1143 1142
f 1070 1071 1143
f 1071 1144 1143
f 1071 1072 1144
f 1072 1145 1144
f 1072 1073 1145
f 1073 1146 1145
f 1073 1074 1146
f 1074 1147 1146
f 1074 1075 1147
f 1075 1148 1147
f 1075 1076 1148
f 1076 1149 1148
f 1076 1077 1149
f 1077 1150 1149
f 1077 1078 1150
f 1078 1151 1150
f 1078 1079 1151
f 1079 1152 1151
f 1079 1080 1152
f 1080 1081 1152
f 1080 1009 1081
f 1081 1154 1153
f 1081 1082 1154
f 1082 1155 1154
f 1082 1083 1155
f 1083 1156 1155
f 1083 1084 1156
f 1084 1157 1156
f 1084 1085 1157
f 1085 1158 1157
f 1085 1086 1158
f 1086 1159 1158
f 1086 1087 1159
f 1087 1160 1159
f 1087 1088 1160
f 1088 1161 1160
f 1088 1089 1161
f 1089 1162 1161
f 1089 1090 1162
f 1090 1163 1162
f 1090 1091 1163
f 1091 1164 1163
f 1091 1092 1164
f 1092 1165 1164
f 1092 1093 1165
f 1093 1166 1165
f 1093 1094 1166
f 1094 1167 1166
f 1094 1095 1167
f 1095 1168 1167
f 1095 1096 1168
f 1096 1169 1168
f 1096 1097 1169
f 1097 1170 1169
f 1097 1098 1170
f 1098 1171 1170
f 1098 1099 1171
f 1099 1172 1171
f 1099 1100 1172
f 1100 1173 1172
f 1100 1101 1173
f 1101 1174 1173
f 1101 1102 1174
f 1102 1175 1174
f 1102 1103 1175
f 1103 1176 1175
f 1103 1104 1176
f 1104 1177 1176
f 1104 1105 1177
f 1105 1178 1177
f 1105 1106 1178
f 1106 1179 1178
f 1106 1107 1179
f 1107 1180 1179
f 1107 1108 1180
f 1108 1181 1180
f 1108 1109 1181
f 1109 1182 1181
f 1109 1110 1182
f 1110 1183 1182
f 1110 1111 1183
f 1111 1184 1183
f 1111 1112 1184
f 1112 1185 1184
f 1112 1113 1185
f 1113 1186 1185
f 1113 1114 1186
f 1114 1187 1186
f 1114 1115 1187
f 1115 1188 1187
f 1115 1116 1188
f 1116 1189 1188
f 1116 1117 1189
f 1117 1190 1189
f 1117 1118 1190
f 1118 1191 1190
f 1118 1119 1191
f 1119 1192 1191
f 1119 1120 1192
f 1120 1193 1192
f 1120 1121 1193
f 1121 1194 1193
f 1121 1122 1194
f 1122 1195 1194
f 1122 1123 1195
f 1123 1196 1195
f 1123 1124 1196
f 1124 1197 1196
f 1124 1125 1197
f 1125 1198 1197
f 1125 1126 1198
f 1126 1199 1198
f 1126 1127 1199
f 1127 1200 1199
f 1127 1128 1200
f 1128 1201 1200
f 1128 1129 1201
f 1129 1202 1201
f 1129 1130 1202
f 1130 1203 1202
f 1130 1131 1203
f 1131 1204 1203
f 1131 1132 1204
f 1132 1205 1204
f 1132 1133 1205
f 1133 1206 1205
f 1133 1134 1206
f 1134 1207 1206
f 1134 1135 1207
f 1135 1208 1207
f 1135 1136 1208
f 1136 1209 1208
f 1136 1137 1209
f 1137 1210 1209
f 1137 1138 1210
f 1138 1211 1210
f 1138 1139 1211
f 1139 1212 1211
f 1139 1140 1212
f 1140 1213 1212
f 1140 1141 1213
f 1141 1214 1213
f 1141 1142 1214
f 1142 1215 1214
f 1142 1143 1215
f 1143 1216 1215
f 1143 1144 1216
f 1144 1217 1216
f 1144 1145 1217
f 1145 1218 1217
f 1145 1146 1218
f 1146 1219 1218
f 1146 1147 1219
f 1147 1220 1219
f 1147 1148 1220
f 1148 1221 1220
f 1148 1149 1221
f 1149 1222 1221
f 1149 1150 1222
f 1150 1223 1222
f 1150 1151 1223
f 1151 1224 1223
f 1151 1152 1224
f 1152 1153 1224
f 1152 1081 1153
f 1153 1226 1225
f 1153 1154 1226
f 1154 1227 1226
f 1154 1155 1227
f 1155 1228 1227
f 1155 1156 1228
f 1156 1229 1228
f 1156 1157 1229
f 1157 1230 1229
f 1157 1158 1230
f 1158 1231 1230
f 1158 1159 1231
f 1159 1232 1231
f 1159 1160 1232
f 1160 1233 1232
f 1160 1161 1233
f 1161 1234 1233
f 1161 1162 1234
f 1162 1235 1234
f 1162 1163 1235
f 1163 1236 1235
f 1163 1164 1236
f 1164 1237 1236
f 1164 1165 1237
f 1165 1238 1237
f 1165 1166 1238
f 1166 1239 1238
f 1166 1167 1239
f 1167 1240 1239
f 1167 1168 1240
f 1168 1241 1240
f 1168 1169 1241
f 1169 1242 1241
f 1169 1170 1242
f 1170 1243 1242
f 1170 1171 1243
f 1171 1244 1243
f 1171 1172 1244
f 1172 1245 1244
f 1172 1173 1245
f 1173 1246 1245
f 1173 1174 1246
f 1174 1247 1246
f 1174 1175 1247
f 1175 1248 1247
f 1175 1176 1248
f 1176 1249 1248
f 1176 1177 1249
f 1177 1250 1249
f 1177 1178 1250
f 1178 1251 1250
f 1178 1179 1251
f 1179 1252 1251
f 1179 1180 1252
f 1180 1253 1252
f 1180 1181 1253
f 1181 1254 1253
f 1181 1182 1254
f 1182 1255 1254
f 1182 1183 1255
f 1183 1256 1255
f 1183 1184 1256
f 1184 1257 1256
f 1184 1185 1257
f 1185 1258 1257
f 1185 1186 1258
f 1186 1259 1258
f 1186 1187 1259
f 1187 1260 1259
f 1187 1188 1260
f 1188 1261 1260
f 1188 1189 1261
f 1189 1262 1261
f 1189 1190 1262
f 1190 1263 1262
f 1190 1191 1263
f 1191 1264 1263
f 1191 1192 1264
f 1192 1265 1264
f 1192 1193 1265
f 1193 1266 1265
f 1193 1194 1266
f 1194 1267 1266
f 1194 1195 1267
f 1195 1268 1267
f 1195 1196 1268
f 1196 1269 1268
f 1196 1197 1269
f 1197 1270 1269
f 1197 1198 1270
f 1198 1271 1270
f 1198 1199 1271
f 1199 1272 1271
f 1199 1200 1272
f 1200 1273 1272
f 1200 1201 1273
f 1201 1274 1273
f 1201 1202 1274
f 1202 1275 1274
f 1202 1203 1275
f 1203 1276 1275
f 1203 1204 1276
f 1204 1277 1276
f 1204 1205 1277
f 1205 1278 1277
f 1205 1206 1278
f 1206 1279 1278
f 1206 1207 1279
f 1207 1280 1279
f 1207 1208 1280
f 1208 1281 1280
f 1208 1209 1281
f 1209 1282 1281
f 1209 1210 1282
f 1210 1283 1282
f 1210 1211 1283
f 1211 1284 1283
f 1211 1212 1284
f 1212 1285 1284
f 1212 1213 1285
f 1213 1286 1285
f 1213 1214 1286
f 1214 1287 1286
f 1214 1215 1287
f 1215 1288 1287
f 1215 1216 1288
f 1216 1289 1288
f 1216 1217 1289
f 1217 1290 1289
f 1217 1218 1290
f 1218 1291 1290
f 1218 1219 1291
f 1219 1292 1291
f 1219 1220 1292
f 1220 1293 1292
f 1220 1221 1293
f 1221 1294 1293
f 1221 1222 1294
f 1222 1295 1294
f 1222 1223 1295
f 1223 1296 1295
f 1223 1224 1296
f 1224 1225 1296
f 1224 1153 1225
f 1225 1298 1297
f 1225 1226 1298
f 1226 1299 1298
f 1226 1227 1299
f 1227 1300 1299
f 1227 1228 1300
f 1228 1301 1300
f 1228 1229 1301
f 1229 1302 1301
f 1229 1230 1302
f 1230 1303 1302
f 1230 1231 1303
f 1231 1304 1303
f 1231 1232 1304
f 1232 1305 1304
f 1232 1233 1305
f 1233 1306 1305
f 1233 1234 1306
f 1234 1307 1306
f 1234 1235 1307
f 1235 1308 1307
f 1235 1236 1308
f 1236 1309 1308
f 1236 1237 1309
f 1237 1310 1309
f 1237 1238 1310
f 1238 1311 1310
f 1238 1239 1311
f 1239 1312 1311
f 1239 1240 1312
f 1240 1313 1312
f 1240 1241 1313
f 1241 1314 1313
f 1241 1242 1314
f 1242 1315 1314
f 1242 1243 1315
f 1243 1316 1315
f 1243 1244 1316
f 1244 1317 1316
f 1244 1245 1317
f 1245 1318 1317
f 1245 1246 1318
f 1246 1319 1318
f 1246 1247 1319
f 1247 1320 1319
f 1247 1248 1320
f 1248 1321 1320
f 1248 1249 1321
f 1249 1322 1321
f 1249 1250 1322
f 1250 1323 1322
f 1250 1251 1323
f 1251 1324 1323
f 1251 1252 1324
f 1252 1325 1324
f 1252 1253 1325
f 1253 1326 1325
f 1253 1254 1326
f 1254 1327 1326
f 1254 1255 1327
f 1255 1328 1327
f 1255 1256 1328
f 1256 1329 1328
f 1256 1257 1329
f 1257 1330 1329
f 1257 1258 1330
f 1258 1331 1330
f 1258 1259 1331
f 1259 1332 1331
f 1259 1260 1332
f 1260 1333 1332
f 1260 1261 1333
f 1261 1334 1333
f 1261 1262 1334
f 1262 1335 1334
f 1262 1263 1335
f 1263 1336 1335
f 1263 1264 1336
f 1264 1337 1336
f 1264 1265 1337
f 1265 1338 1337
f 1265 1266 1338
f 1266 1339 1338
f 1266 1267 1339
f 1267 1340 1339
f 1267 1268 1340
f 1268 1341 1340
f 1268 1269 1341
f 1269 1342 1341
f 1269 1270 1342
f 1270 1343 1342
f 1270 1271 1343
f 1271 1344 1343
f 1271 1272 1344
f 1272 1345 1344
f 1272 1273 1345
f 1273 1346 1345
f 1273 1274 1346
f 1274 1347 1346
f 1274 1275 1347
f 1275 1348 1347
f 1275 1276 1348
f 1276 1349 1348
f 1276 1277 1349
f 1277 1350 1349
f 1277 1278 1350
f 1278 1351 1350
f 1278 1279 1351
f 1279 1352 1351
f 1279 1280 1352
f 1280 1353 1352
f 1280 1281 1353
f 1281 1354 1353
f 1281 1282 1354
f 1282 1355 1354
f 1282 1283 1355
f 1283 1356 1355
f 1283 1284 1356
f 1284 1357 1356
f 1284 1285 1357
f 1285 1358 1357
f 1285 1286 1358
f 1286 1359 1358
f 1286 1287 1359
f 1287 1360 1359
f 1287 1288 1360
f 1288 1361 1360
f 1288 1289 1361
f 1289 1362 1361
f 1289 1290 1362
f 1290 1363 1362
f 1290 1291 1363
f 1291 1364 1363
f 1291 1292 1364
f 1292 1365 1364
f 1292 1293 1365
f 1293 1366 1365
f 1293 1294 1366
f 1294 1367 1366
f 1294 1295 1367
f 1295 1368 1367
f 1295 1296 1368
f 1296 1297 1368
f 1296 1225 1297
f 1297 1370 1369
f 1297 1298 1370
f 1298 1371 1370
f 1298 1299 1371
f 1299 1372 1371
f 1299 1300 1372
f 1300 1373 1372
f 1300 1301 1373
f 1301 1374 1373
f 1301 1302 1374
f 1302 1375 1374
f 1302 1303 1375
f 1303 1376 1375
f 1303 1304 1376
f 1304 1377 1376
f 1304 1305 1377
f 1305 1378 1377
f 1305 1306 1378
f 1306 1379 1378
f 1306 1307 1379
f 1307 1380 1379
f 1307 1308 1380
f 1308 1381 1380
f 1308 1309 1381
f 1309 1382 1381
f 1309 1310 1382
f 1310 1383 1382
f 1310 1311 1383
f 1311 1384 1383
f 1311 1312 1384
f 1312 1385 1384
f 1312 1313 1385
f 1313 1386 1385
f 1313 1314 1386
f 1314 1387 1386
f 1314 1315 1387
f 1315 1388 1387
f 1315 1316 1388
f 1316 1389 1388
f 1316 1317 1389
f 1317 1390 1389
f 1317 1318 1390
f 1318 1391 1390
f 1318 1319 1391
f 1319 1392 1391
f 1319 1320 1392
f 1320 1393 1392
f 1320 1321 1393
f 1321 1394 1393
f 1321 1322 1394
f 1322 1395 1394
f 1322 1323 1395
f 1323 1396 1395
f 1323 1324 1396
f 1324 1397 1396
f 1324 1325 1397
f 1325 1398 1397
f 1325 1326 1398
f 1326 1399 1398
f 1326 1327 1399
f 1327 1400 1399
f 1327 1328 1400
f 1328 1401 1400
f 1328 1329 1401
f 1329 1402 1401
f 1329 1330 1402
f 1330 1403 1402
f 1330 1331 1403
f 1331 1404 1403
f 1331 1332 1404
f 1332 1405 1404
f 1332 1333 1405
f 1333 1406 1405
f 1333 1334 1406
f 1334 1407 1406
f 1334 1335 1407
f 1335 1408 1407
f 1335 1336 1408
f 1336 1409 1408
f 1336 1337 1409
f 1337 1410 1409
f 1337 1338 1410
f 1338 1411 1410
f 1338 1339 1411
f 1339 1412 1411
f 1339 1340 1412
f 1340 1413 1412
f 1340 1341 1413
f 1341 1414 1413
f 1341 1342 1414
f 1342 1415 1414
f 1342 1343 1415
f 1343 1416 1415
f 1343 1344 1416
f 1344 1417 1416
f 1344 1345 1417
f 1345 1418 1417
f 1345 1346 1418
f 1346 1419 1418
f 1346 1347 1419
f 1347 1420 1419
f 1347 1348 1420
f 1348 1421 1420
f 1348 1349 1421
f 1349 1422 1421
f 1349 1350 1422
f 1350 1423 1422
f 1350 1351 1423
f 1351 1424 1423
f 1351 1352 1424
f 1352 1425 1424
f 1352 1353 1425
f 1353 1426 1425
f 1353 1354 1426
f 1354 1427 1426
f 1354 1355 1427
f 1355 1428 1427
f 1355 1356 1428
f 1356 1429 1428
f 1356 1357 1429
f 1357 1430 1429
f 1357 1358 1430
f 1358 1431 1430
f 1358 1359 1431
f 1359 1432 1431
f 1359 1360 1432
f 1360 1433 1432
f 1360 1361 1433
f 1361 1434 1433
f 1361 1362 1434
f 1362 1435 1434
f 1362 1363 1435
f 1363 1436 1435
f 1363 1364 1436
f 1364 1437 1436
f 1364 1365 1437
f 1365 1438 1437
f 1365 1366 1438
f 1366 1439 1438
f 1366 1367 1439
f 1367 1440 1439
f 1367 1368 1440
f 1368 1369 1440
f 1368 1297 1369
f 1369 1442 1441
f 1369 1370 1442
f 1370 1443 1442
f 1370 1371 1443
f 1371 1444 1443
f 1371 1372 1444
f 1372 1445 1444
f 1372 1373 1445
f 1373 1446 1445
f 1373 1374 1446
f 1374 1447 1446
f 1374 1375 1447
f 1375 1448 1447
f 1375 1376 1448
f 1376 1449 1448
f 1376 1377 1449
f 1377 1450 1449
f 1377 1378 1450
f 1378 1451 1450
f 1378 1379 1451
f 1379 1452 1451
f 1379 1380 1452
f 1380 1453 1452
f 1380 1381 1453
f 1381 1454 1453
f 1381 1382 1454
f 1382 1455 1454
f 1382 1383 1455
f 1383 1456 1455
f 1383 1384 1456
f 1384 1457 1456
f 1384 1385 1457
f 1385 1458 1457
f 1385 1386 1458
f 1386 1459 1458
f 1386 1387 1459
f 1387 1460 1459
f 1387 1388 1460
f 1388 1461 1460
f 1388 1389 1461
f 1389 1462 1461
f 1389 1390 1462
f 1390 1463 1462
f 1390 1391 1463
f 1391 1464 1463
f 1391 1392 1464
f 1392 1465 1464
f 1392 1393 1465
f 1393 1466 1465
f 1393 1394 1466
f 1394 1467 1466
f 1394 1395 1467
f 1395 1468 1467
f 1395 1396 1468
f 1396 1469 1468
f 1396 1397 1469
f 1397 1470 1469
f 1397 1398 1470
f 1398 1471 1470
f 1398 1399 1471
f 1399 1472 1471
f 1399 1400 1472
f 1400 1473 1472
f 1400 1401 1473
f 1401 1474 1473
f 1401 1402 1474
f 1402 1475 1474
f 1402 1403 1475
f 1403 1476 1475
f 1403 1404 1476
f 1404 1477 1476
f 1404 1405 1477
f 1405 1478 1477
f 1405 1406 1478
f 1406 1479 1478
f 1406 1407 1479
f 1407 1480 1479
f 1407 1408 1480
f 1408 1481 1480
f 1408 1409 1481
f 1409 1482 1481
f 1409 1410 1482
f 1410 1483 1482
f 1410 1411 1483
f 1411 1484 1483
f 1411 1412 1484
f 1412 1485 1484
f 1412 1413 1485
f 1413 1486 1485
f 1413 1414 1486
f 1414 1487 1486
f 1414 1415 1487
f 1415 1488 1487
f 1415 1416 1488
f 1416 1489 1488
f 1416 1417 1489
f 1417 1490 1489
f 1417 1418 1490
f 1418 1491 1490
f 1418 1419 1491
f 1419 1492 1491
f 1419 1420 1492
f 1420 1493 1492
f 1420 1421 1493
f 1421 1494 1493
f 1421 1422 1494
f 1422 1495 1494
f 1422 1423 1495
f 1423 1496 1495
f 1423 1424 1496
f 1424 1497 1496
f 1424 1425 1497
f 1425 1498 1497
f 1425 1426 1498
f 1426 1499 1498
f 1426 1427 1499
f 1427 1500 1499
f 1427 1428 1500
f 1428 1501 1500
f 1428 1429 1501
f 1429 1502 1501
f 1429 1430 1502
f 1430 1503 1502
f 1430 1431 1503
f 1431 1504 1503
f 1431 1432 1504
f 1432 1505 1504
f 1432 1433 1505
f 1433 1506 1505
f 1433 1434 1506
f 1434 1507 1506
f 1434 1435 1507
f 1435 1508 1507
f 1435 1436 1508
f 1436 1509 1508
f 1436 1437 1509
f 1437 1510 1509
f 1437 1438 1510
f 1438 1511 1510
f 1438 1439 1511
f 1439 1512 1511
f 1439 1440 1512
f 1440 1441 1512
f 1440 1369 1441
f 1441 1514 1513
f 1441 1442 1514
f 1442 1515 1514
f 1442 1443 1515
f 1443 1516 1515
f 1443 1444 1516
f 1444 1517 1516
f 1444 1445 1517
f 1445 1518 1517
f 1445 1446 1518
f 1446 1519 1518
f 1446 1447 1519
f 1447 1520 1519
f 1447 1448 1520
f 1448 1521 1520
f 1448 1449 1521
f 1449 1522 1521
f 1449 1450 1522
f 1450 1523 1522
f 1450 1451 1523
f 1451 1524 1523
f 1451 1452 1524
f 1452 1525 1524
f 1452 1453 1525
f 1453 1526 1525
f 1453 1454 1526
f 1454 1527 1526
f 1454 1455 1527
f 1455 1528 1527
f 1455 1456 1528
f 1456 1529 1528
f 1456 1457 1529
f 1457 1530 1529
f 1457 1458 1530
f 1458 1531 1530
f 1458 1459 1531
f 1459 1532 1531
f 1459 1460 1532
f 1460 1533 1532
f 1460 1461 1533
f 1461 1534 1533
f 1461 1462 1534
f 1462 1535 1534
f 1462 1463 1535
f 1463 1536 1535
f 1463 1464 1536
f 1464 1537 1536
f 1464 1465 1537
f 1465 1538 1537
f 1465 1466 1538
f 1466 1539 1538
f 1466 1467 1539
f 1467 1540 1539
f 1467 1468 1540
f 1468 1541 1540
f 1468 1469 1541
f 1469 1542 1541
f 1469 1470 1542
f 1470 1543 1542
f 1470 1471 1543
f 1471 1544 1543
f 1471 1472 1544
f 1472 1545 1544
f 1472 1473 1545
f 1473 1546 1545
f 1473 1474 1546
f 1474 1547 1546
f 1474 1475 1547
f 1475 1548 1547
f 1475 1476 1548
f 1476 1549 1548
f 1476 1477 1549
f 1477 1550 1549
f 1477 1478 1550
f 1478 1551 1550
f 1478 1479 1551
f 1479 1552 1551
f 1479 1480 1552
f 1480 1553 1552
f 1480 1481 1553
f 1481 1554 1553
f 1481 1482 1554
f 1482 1555 1554
f 1482 1483 1555
f 1483 1556 1555
f 1483 1484 1556
f 1484 1557 1556
f 1484 1485 1557
f 1485 1558 1557
f 1485 1486 1558
f 1486 1559 1558
f 1486 1487 1559
f 1487 1560 1559
f 1487 1488 1560
f 1488 1561 1560
f 1488 1489 1561
f 1489 1562 1561
f 1489 1490 1562
f 1490 1563 1562
f 1490 1491 1563
f 1491 1564 1563
f 1491 1492 1564
f 1492 1565 1564
f 1492 1493 1565
f 1493 1566 1565
f 1493 1494 1566
f 1494 1567 1566
f 1494 1495 1567
f 1495 1568 1567
f 1495 1496 1568
f 1496 1569 1568
f 1496 1497 1569
f 1497 1570 1569
f 1497 1498 1570
f 1498 1571 1570
f 1498 1499 1571
f 1499 1572 1571
f 1499 1500 1572
f 1500 1573 1572
f 1500 1501 1573
f 1501 1574 1573
f 1501 1502 1574
f 1502 1575 1574
f 1502 1503 1575
f 1503 1576 1575
f 1503 1504 1576
f 1504 1577 1576
f 1504 1505 1577
f 1505 1578 1577
f 1505 1506 1578
f 1506 1579 1578
f 1506 1507 1579
f 1507 1580 1579
f 1507 1508 1580
f 1508 1581 1580
f 1508 1509 1581
f 1509 1582 1581
f 1509 1510 1582
f 1510 1583 1582
f 1510 1511 1583
f 1511 1584 1583
f 1511 1512 1584
f 1512 1513 1584
f 1512 1441 1513
f 1513 1586 1585
f 1513 1514 1586
f 1514 1587 1586
f 1514 1515 1587
f 1515 1588 1587
f 1515 1516 1588
f 1516 1589 1588
f 1516 1517 1589
f 1517 1590 1589
f 1517 1518 1590
f 1518 1591 1590
f 1518 1519 1591
f 1519 1592 1591
f 1519 1520 1592
f 1520 1593 1592
f 1520 1521 1593
f 1521 1594 1593
f 1521 1522 1594
f 1522 1595 1594
f 1522 1523 1595
f 1523 1596 1595
f 1523 1524 1596
f 1524 1597 1596
f 1524 1525 1597
f 1525 1598 1597
f 1525 1526 1598
f 1526 1599 1598
f 1526 1527 1599
f 1527 1600 1599
f 1527 1528 1600
f 1528 1601 1600
f 1528 1529 1601
f 1529 1602 1601
f 1529 1530 1602
f 1530 1603 1602
f 1530 1531 1603
f 1531 1604 1603
f 1531 1532 1604
f 1532 1605 1604
f 1532 1533 1605
f 1533 1606 1605
f 1533 1534 1606
f 1534 1607 1606
f 1534 1535 1607
f 1535 1608 1607
f 1535 1536 1608
f 1536 1609 1608
f 1536 1537 1609
f 1537 1610 1609
f 1537 1538 1610
f 1538 1611 1610
f 1538 1539 1611
f 1539 1612 1611
f 1539 1540 1612
f 1540 1613 1612
f 1540 1541 1613
f 1541 1614 1613
f 1541 1542 1614
f 1542 1615 1614
f 1542 1543 1615
f 1543 1616 1615
f 1543 1544 1616
f 1544 1617 1616
f 1544 1545 1617
f 1545 1618 1617
f 1545 1546 1618
f 1546 1619 1618
f 1546 1547 1619
f 1547 1620 1619
f 1547 1548 1620
f 1548 1621 1620
f 1548 1549 1621
f 1549 1622 1621
f 1549 1550 1622
f 1550 1623 1622
f 1550 1551 1623
f 1551 1624 1623
f 1551 1552 1624
f 1552 1625 1624
f 1552 1553 1625
f 1553 1626 1625
f 1553 1554 1626
f 1554 1627 1626
f 1554 1555 1627
f 1555 1628 1627
f 1555 1556 1628
f 1556 1629 1628
f 1556 1557 1629
f 1557 1630 1629
f 1557 1558 1630
f 1558 1631 1630
f 1558 1559 1631
f 1559 1632 1631
f 1559 1560 1632
f 1560 1633 1632
f 1560 1561 1633
f 1561 1634 1633
f 1561 1562 1634
f 1562 1635 1634
f 1562 1563 1635
f 1563 1636 1635
f 1563 1564 1636
f 1564 1637 1636
f 1564 1565 1637
f 1565 1638 1637
f 1565 1566 1638
f 1566 1639 1638
f 1566 1567 1639
f 1567 1640 1639
f 1567 1568 1640
f 1568 1641 1640
f 1568 1569 1641
f 1569 1642 1641
f 1569 1570 1642
f 1570 1643 1642
f 1570 1571 1643
f 1571 1644 1643
f 1571 1572 1644
f 1572 1645 1644
f 1572 1573 1645
f 1573 1646 1645
f 1573 1574 1646
f 1574 1647 1646
f 1574 1575 1647
f 1575 1648 1647
f 1575 1576 1648
f 1576 1649 1648
f 1576 1577 1649
f 1577 1650 1649
f 1577 1578 1650
f 1578 1651 1650
f 1578 1579 1651
f 1579 1652 1651
f 1579 1580 1652
f 1580 1653 1652
f 1580 1581 1653
f 1581 1654 1653
f 1581 1582 1654
f 1582 1655 1654
f 1582 1583 1655
f 1583 1656 1655
f 1583 1584 1656
f 1584 1585 1656
f 1584 1513 1585
f 1585 1658 1657
f 1585 1586 1658
f 1586 1659 1658
f 1586 1587 1659
f 1587 1660 1659
f 1587 1588 1660
f 1588 1661 1660
f 1588 1589 1661
f 1589 1662 1661
f 1589 1590 1662
f 1590 1663 1662
f 1590 1591 1663
f 1591 1664 1663
f 1591 1592 1664
f 1592 1665 1664
f 1592 1593 1665
f 1593 1666 1665
f 1593 1594 1666
f 1594 1667 1666
f 1594 1595 1667
f 1595 1668 1667
f 1595 1596 1668
f 1596 1669 1668
f 1596 1597 1669
f 1597 1670 1669
f 1597 1598 1670
f 1598 1671 1670
f 1598 1599 1671
f 1599 1672 1671
f 1599 1600 1672
f 1600 1673 1672
f 1600 1601 1673
f 1601 1674 1673
f 1601 1602 1674
f 1602 1675 1674
f 1602 1603 1675
f 1603 1676 1675
f 1603 1604 1676
f 1604 1677 1676
f 1604 1605 1677
f 1605 1678 1677
f 1605 1606 1678
f 1606 1679 1678
f 1606 1607 1679
f 1607 1680 1679
f 1607 1608 1680
f 1608 1681 1680
f 1608 1609 1681
f 1609 1682 1681
f 1609 1610 1682
f 1610 1683 1682
f 1610 1611 1683
f 1611 1684 1683
f 1611 1612 1684
f 1612 1685 1684
f 1612 1613 1685
f 1613 1686 1685
f 1613 1614 1686
f 1614 1687 1686
f 1614 1615 1687
f 1615 1688 1687
f 1615 1616 1688
f 1616 1689 1688
f 1616 1617 1689
f 1617 1690 1689
f 1617 1618 1690
f 1618 1691 1690
f 1618 1619 1691
f 1619 1692 1691
f 1619 1620 1692
f 1620 1693 1692
f 1620 1621 1693
f 1621 1694 1693
f 1621 1622 1694
f 1622 1695 1694
f 1622 1623 1695
f 1623 1696 1695
f 1623 1624 1696
f 1624 1697 1696
f 1624 1625 1697
f 1625 1698 1697
f 1625 1626 1698
f 1626 1699 1698
f 1626 1627 1699
f 1627 1700 1699
f 1627 1628 1700
f 1628 1701 1700
f 1628 1629 1701
f 1629 1702 1701
f 1629 1630 1702
f 1630 1703 1702
f 1630 1631 1703
f 1631 1704 1703
f 1631 1632 1704
f 1632 1705 1704
f 1632 1633 1705
f 1633 1706 1705
f 1633 1634 1706
f 1634 1707 1706
f 1634 1635 1707
f 1635 1708 1707
f 1635 1636 1708
f 1636 1709 1708
f 1636 1637 1709
f 1637 1710 1709
f 1637 1638 1710
f 1638 1711 1710
f 1638 1639 1711
f 1639 1712 1711
f 1639 1640 1712
f 1640 1713 1712
f 1640 1641 1713
f 1641 1714 1713
f 1641 1642 1714
f 1642 1715 1714
f 1642 1643 1715
f 1643 1716 1715
f 1643 1644 1716
f 1644 1717 1716
f 1644 1645 1717
f 1645 1718 1717
f 1645 1646 1718
f 1646 1719 1718
f 1646 1647 1719
f 1647 1720 1719
f 1647 1648 1720
f 1648 1721 1720
f 1648 1649 1721
f 1649 1722 1721
f 1649 1650 1722
f 1650 1723 1722
f 1650 1651 1723
f 1651 1724 1723
f 1651 1652 1724
f 1652 1725 1724
f 1652 1653 1725
f 1653 1726 1725
f 1653 1654 1726
f 1654 1727 1726
f 1654 1655 1727
f 1655 1728 1727
f 1655 1656 1728
f 1656 1657 1728
f 1656 1585 1657
f 1657 1730 1729
f 1657 1658 1730
f 1658 1731 1730
f 1658 1659 1731
f 1659 1732 1731
f 1659 1660 1732
f 1660 1733 1732
f 1660 1661 1733
f 1661 1734 1733
f 1661 1662 1734
f 1662 1735 1734
f 1662 1663 1735
f 1663 1736 1735
f 1663 1664 1736
f 1664 1737 1736
f 1664 1665 1737
f 1665 1738 1737
f 1665 1666 1738
f 1666 1739 1738
f 1666 1667 1739
f 1667 1740 1739
f 1667 1668 1740
f 1668 1741 1740
f 1668 1669 1741
f 1669 1742 1741
f 1669 1670 1742
f 1670 1743 1742
f 1670 1671 1743
f 1671 1744 1743
f 1671 1672 1744
f 1672 1745 1744
f 1672 1673 1745
f 1673 1746 1745
f 1673 1674 1746
f 1674 1747 1746
f 1674 1675 1747
f 1675 1748 1747
f 1675 1676 1748
f 1676 1749 1748
f 1676 1677 1749
f 1677 1750 1749
f 1677 1678 1750
f 1678 1751 1750
f 1678 1679 1751
f 1679 1752 1751
f 1679 1680 1752
f 1680 1753 1752
f 1680 1681 1753
f 1681 1754 1753
f 1681 1682 1754
f 1682 1755 1754
f 1682 1683 1755
f 1683 1756 1755
f 1683 1684 1756
f 1684 1757 1756
f 1684 1685 1757
f 1685 1758 1757
f 1685 1686 1758
f 1686 1759 1758
f 1686 1687 1759
f 1687 1760 1759
f 1687 1688 1760
f 1688 1761 1760
f 1688 1689 1761
f 1689 1762 1761
f 1689 1690 1762
f 1690 1763 1762
f 1690 1691 1763
f 1691 1764 1763
f 1691 1692 1764
f 1692 1765 1764
f 1692 1693 1765
f 1693 1766 1765
f 1693 1694 1766
f 1694 1767 1766
f 1694 1695 1767
f 1695 1768 1767
f 1695 1696 1768
f 1696 1769 1768
f 1696 1697 1769
f 1697 1770 1769
f 1697 1698 1770
f 1698 1771 1770
f 1698 1699 1771
f 1699 1772 1771
f 1699 1700 1772
f 1700 1773 1772
f 1700 1701 1773
f 1701 1774 1773
f 1701 1702 1774
f 1702 1775 1774
f 1702 1703 1775
f 1703 1776 1775
f 1703 1704 1776
f 1704 1777 1776
f 1704 1705 1777
f 1705 1778 1777
f 1705 1706 1778
f 1706 1779 1778
f 1706 1707 1779
f 1707 1780 1779
f 1707 1708 1780
f 1708 1781 1780
f 1708 1709 1781
f 1709 1782 1781
f 1709 1710 1782
f 1710 1783 1782
f 1710 1711 1783
f 1711 1784 1783
f 1711 1712 1784
f 1712 1785 1784
f 1712 1713 1785
f 1713 1786 1785
f 1713 1714 1786
f 1714 1787 1786
f 1714 1715 1787
f 1715 1788 1787
f 1715 1716 1788
f 1716 1789 1788
f 1716 1717 1789
f 1717 1790 1789
f 1717 1718 1790
f 1718 1791 1790
f 1718 1719 1791
f 1719 1792 1791
f 1719 1720 1792
f 1720 1793 1792
f 1720 1721 1793
f 1721 1794 1793
f 1721 1722 1794
f 1722 1795 1794
f 1722 1723 1795
f 1723 1796 1795
f 1723 1724 1796
f 1724 1797 1796
f 1724 1725 1797
f 1725 1798 1797
f 1725 1726 1798
f 1726 1799 1798
f 1726 1727 1799
f 1727 1800 1799
f 1727 1728 1800
f 1728 1729 1800
f 1728 1657 1729
f 1729 1802 1801
f 1729 1730 1802
f 1730 1803 1802
f 1730 1731 1803
f 1731 1804 1803
f 1731 1732 1804
f 1732 1805 1804
f 1732 1733 1805
f 1733 1806 1805
f 1733 1734 1806
f 1734 1807 1806
f 1734 1735 1807
f 1735 1808 1807
f 1735 1736 1808
f 1736 1809 1808
f 1736 1737 1809
f 1737 1810 1809
f 1737 1738 1810
f 1738 1811 1810
f 1738 1739 1811
f 1739 1812 1811
f 1739 1740 1812
f 1740 1813 1812
f 1740 1741 1813
f 1741 1814 1813
f 1741 1742 1814
f 1742 1815 1814
f 1742 1743 1815
f 1743 1816 1815
f 1743 1744 1816
f 1744 1817 1816
f 1744 1745 1817
f 1745 1818 1817
f 1745 1746 1818
f 1746 1819 1818
f 1746 1747 1819
f 1747 1820 1819
f 1747 1748 1820
f 1748 1821 1820
f 1748 1749 1821
f 1749 1822 1821
f 1749 1750 1822
f 1750 1823 1822
f 1750 1751 1823
f 1751 1824 1823
f 1751 1752 1824
f 1752 1825 1824
f 1752 1753 1825
f 1753 1826 1825
f 1753 1754 1826
f 1754 1827 1826
f 1754 1755 1827
f 1755 1828 1827
f 1755 1756 1828
f 1756 1829 1828
f 1756 1757 1829
f 1757 1830 1829
f 1757 1758 1830
f 1758 1831 1830
f 1758 1759 1831
f 1759 1832 1831
f 1759 1760 1832
f 1760 1833 1832
f 1760 1761 1833
f 1761 1834 1833
f 1761 1762 1834
f 1762 1835 1834
f 1762 1763 1835
f 1763 1836 1835
f 1763 1764 1836
f 1764 1837 1836
f 1764 1765 1837
f 1765 1838 1837
f 1765 1766 1838
f 1766 1839 1838
f 1766 1767 1839
f 1767 1840 1839
f 1767 1768 1840
f 1768 1841 1840
f 1768 1769 1841
f 1769 1842 1841
f 1769 1770 1842
f 1770 1843 1842
f 1770 1771 1843
f 1771 1844 1843
f 1771 1772 1844
f 1772 1845 1844
f 1772 1773 1845
f 1773 1846 1845
f 1773 1774 1846
f 1774 1847 1846
f 1774 1775 1847
f 1775 1848 1847
f 1775 1776 1848
f 1776 1849 1848
f 1776 1777 1849
f 1777 1850 1849
f 1777 1778 1850
f 1778 1851 1850
f 1778 1779 1851
f 1779 1852 1851
f 1779 1780 1852
f 1780 1853 1852
f 1780 1781 1853
f 1781 1854 1853
f 1781 1782 1854
f 1782 1855 1854
f 1782 1783 1855
f 1783 1856 1855
f 1783 1784 1856
f 1784 1857 1856
f 1784 1785 1857
f 1785 1858 1857
f 1785 1786 1858
f 1786 1859 1858
f 1786 1787 1859
f 1787 1860 1859
f 1787 1788 1860
f 1788 1861 1860
f 1788 1789 1861
f 1789 1862 1861
f 1789 1790 1862
f 1790 1863 1862
f 1790 1791 1863
f 1791 1864 1863
f 1791 1792 1864
f 1792 1865 1864
f 1792 1793 1865
f 1793 1866 1865
f 1793 1794 1866
f 1794 1867 1866
f 1794 1795 1867
f 1795 1868 1867
f 1795 1796 1868
f 1796 1869 1868
f 1796 1797 1869
f 1797 1870 1869
f 1797 1798 1870
f 1798 1871 1870
f 1798 1799 1871
f 1799 1872 1871
f 1799 1800 1872
f 1800 1801 1872
f 1800 1729 1801
f 1801 1874 1873
f 1801 1802 1874
f 1802 1875 1874
f 1802 1803 1875
f 1803 1876 1875
f 1803 1804 1876
f 1804 1877 1876
f 1804 1805 1877
f 1805 1878 1877
f 1805 1806 1878
f 1806 1879 1878
f 1806 1807 1879
f 1807 1880 1879
f 1807 1808 1880
f 1808 1881 1880
f 1808 1809 1881
f 1809 1882 1881
f 1809 1810 1882
f 1810 1883 1882
f 1810 1811 1883
f 1811 1884 1883
f 1811 1812 1884
f 1812 1885 1884
f 1812 1813 1885
f 1813 1886 1885
f 1813 1814 1886
f 1814 1887 1886
f 1814 1815 1887
f 1815 1888 1887
f 1815 1816 1888
f 1816 1889 1888
f 1816 1817 1889
f 1817 1890 1889
f 1817 1818 1890
f 1818 1891 1890
f 1818 1819 1891
f 1819 1892 1891
f 1819 1820 1892
f 1820 1893 1892
f 1820 1821 1893
f 1821 1894 1893
f 1821 1822 1894
f 1822 1895 1894
f 1822 1823 1895
f 1823 1896 1895
f 1823 1824 1896
f 1824 1897 1896
f 1824 1825 1897
f 1825 1898 1897
f 1825 1826 1898
f 1826 1899 1898
f 1826 1827 1899
f 1827 1900 1899
f 1827 1828 1900
f 1828 1901 1900
f 1828 1829 1901
f 1829 1902 1901
f 1829 1830 1902
f 1830 1903 1902
f 1830 1831 1903
f 1831 1904 1903
f 1831 1832 1904
f 1832 1905 1904
f 1832 1833 1905
f 1833 1906 1905
f 1833 1834 1906
f 1834 1907 1906
f 1834 1835 1907
f 1835 1908 1907
f 1835 1836 1908
f 1836 1909 1908
f 1836 1837 1909
f 1837 1910 1909
f 1837 1838 1910
f 1838 1911 1910
f 1838 1839 1911
f 1839 1912 1911
f 1839 1840 1912
f 1840 1913 1912
f 1840 1841 1913
f 1841 1914 1913
f 1841 1842 1914
f 1842 1915 1914
f 1842 1843 1915
f 1843 1916 1915
f 1843 1844 1916
f 1844 1917 1916
f 1844 1845 1917
f 1845 1918 1917
f 1845 1846 1918
f 1846 1919 1918
f 1846 1847 1919
f 1847 1920 1919
f 1847 1848 1920
f 1848 1921 1920
f 1848 1849 1921
f 1849 1922 1921
f 1849 1850 1922
f 1850 1923 1922
f 1850 1851 1923
f 1851 1924 1923
f 1851 1852 1924
f 1852 1925 1924
f 1852 1853 1925
f 1853 1926 1925
f 1853 1854 1926
f 1854 1927 1926
f 1854 1855 1927
f 1855 1928 1927
f 1855 1856 1928
f 1856 1929 1928
f 1856 1857 1929
f 1857 1930 1929
f 1857 1858 1930
f 1858 1931 1930
f 1858 1859 1931
f 1859 1932 1931
f 1859 1860 1932
f 1860 1933 1932
f 1860 1861 1933
f 1861 1934 1933
f 1861 1862 1934
f 1862 1935 1934
f 1862 1863 1935
f 1863 1936 1935
f 1863 1864 1936
f 1864 1937 1936
f 1864 1865 1937
f 1865 1938 1937
f 1865 1866 1938
f 1866 1939 1938
f 1866 1867 1939
f 1867 1940 1939
f 1867 1868 1940
f 1868 1941 1940
f 1868 1869 1941
f 1869 1942 1941
f 1869 1870 1942
f 1870 1943 1942
f 1870 1871 1943
f 1871 1944 1943
f 1871 1872 1944
f 1872 1873 1944
f 1872 1801 1873
f 1873 1946 1945
f 1873 1874 1946
f 1874 1947 1946
f 1874 1875 1947
f 1875 1948 1947
f 1875 1876 1948
f 1876 1949 1948
f 1876 1877 1949
f 1877 1950 1949
f 1877 1878 1950
f 1878 1951 1950
f 1878 1879 1951
f 1879 1952 1951
f 1879 1880 1952
f 1880 1953 1952
f 1880 1881 1953
f 1881 1954 1953
f 1881 1882 1954
f 1882 1955 1954
f 1882 1883 1955
f 1883 1956 1955
f 1883 1884 1956
f 1884 1957 1956
f 1884 1885 1957
f 1885 1958 1957
f 1885 1886 1958
f 1886 1959 1958
f 1886 1887 1959
f 1887 1960 1959
f 1887 1888 1960
f 1888 1961 1960
f 1888 1889 1961
f 1889 1962 1961
f 1889 1890 1962
f 1890 1963 1962
f 1890 1891 1963
f 1891 1964 1963
f 1891 1892 1964
f 1892 1965 1964
f 1892 1893 1965
f 1893 1966 1965
f 1893 1894 1966
f 1894 1967 1966
f 1894 1895 1967
f 1895 1968 1967
f 1895 1896 1968
f 1896 1969 1968
f 1896 1897 1969
f 1897 1970 1969
f 1897 1898 1970
f 1898 1971 1970
f 1898 1899 1971
f 1899 1972 1971
f 1899 1900 1972
f 1900 1973 1972
f 1900 1901 1973
f 1901 1974 1973
f 1901 1902 1974
f 1902 1975 1974
f 1902 1903 1975
f 1903 1976 1975
f 1903 1904 1976
f 1904 1977 1976
f 1904 1905 1977
f 1905 1978 1977
f 1905 1906 1978
f 1906 1979 1978
f 1906 1907 1979
f 1907 1980 1979
f 1907 1908 1980
f 1908 1981 1980
f 1908 1909 1981
f 1909 1982 1981
f 1909 1910 1982
f 1910 1983 1982
f 1910 1911 1983
f 1911 1984 1983
f 1911 1912 1984
f 1912 1985 1984
f 1912 1913 1985
f 1913 1986 1985
f 1913 1914 1986
f 1914 1987 1986
f 1914 1915 1987
f 1915 1988 1987
f 1915 1916 1988
f 1916 1989 1988
f 1916 1917 1989
f 1917 1990 1989
f 1917 1918 1990
f 1918 1991 1990
f 1918 1919 1991
f 1919 1992 1991
f 1919 1920 1992
f 1920 1993 1992
f 1920 1921 1993
f 1921 1994 1993
f 1921 1922 1994
f 1922 1995 1994
f 1922 1923 1995
f 1923 1996 1995
f 1923 1924 1996
f 1924 1997 1996
f 1924 1925 1997
f 1925 1998 1997
f 1925 1926 1998
f 1926 1999 1998
f 1926 1927 1999
f 1927 2000 1999
f 1927 1928 2000
f 1928 2001 2000
f 1928 1929 2001
f 1929 2002 2001
f 1929 1930 2002
f 1930 2003 2002
f 1930 1931 2003
f 1931 2004 2003
f 1931 1932 2004
f 1932 2005 2004
f 1932 1933 2005
f 1933 2006 2005
f 1933 1934 2006
f 1934 2007 2006
f 1934 1935 2007
f 1935 2008 2007
f 1935 1936 2008
f 1936 2009 2008
f 1936 1937 2009
f 1937 2010 2009
f 1937 1938 2010
f 1938 2011 2010
f 1938 1939 2011
f 1939 2012 2011
f 1939 1940 2012
f 1940 2013 2012
f 1940 1941 2013
f 1941 2014 2013
f 1941 1942 2014
f 1942 2015 2014
f 1942 1943 2015
f 1943 2016 2015
f 1943 1944 2016
f 1944 1945 2016
f 1944 1873 1945
f 1945 2018 2017
f 1945 1946 2018
f 1946 2019 2018
f 1946 1947 2019
f 1947 2020 2019
f 1947 1948 2020
f 1948 2021 2020
f 1948 1949 2021
f 1949 2022 2021
f 1949 1950 2022
f 1950 2023 2022
f 1950 1951 2023
f 1951 2024 2023
f 1951 1952 2024
f 1952 2025 2024
f 1952 1953 2025
f 1953 2026 2025
f 1953 1954 2026
f 1954 2027 2026
f 1954 1955 2027
f 1955 2028 2027
f 1955 1956 2028
f 1956 2029 2028
f 1956 1957 2029
f 1957 2030 2029
f 1957 1958 2030
f 1958 2031 2030
f 1958 1959 2031
f 1959 2032 2031
f 1959 1960 2032
f 1960 2033 2032
f 1960 1961 2033
f 1961 2034 2033
f 1961 1962 2034
f 1962 2035 2034
f 1962 1963 2035
f 1963 2036 2035
f 1963 1964 2036
f 1964 2037 2036
f 1964 1965 2037
f 1965 2038 2037
f 1965 1966 2038
f 1966 2039 2038
f 1966 1967 2039
f 1967 2040 2039
f 1967 1968 2040
f 1968 2041 2040
f 1968 1969 2041
f 1969 2042 2041
f 1969 1970 2042
f 1970 2043 2042
f 1970 1971 2043
f 1971 2044 2043
f 1971 1972 2044
f 1972 2045 2044
f 1972 1973 2045
f 1973 2046 2045
f 1973 1974 2046
f 1974 2047 2046
f 1974 1975 2047
f 1975 2048 2047
f 1975 1976 2048
f 1976 2049 2048
f 1976 1977 2049
f 1977 2050 2049
f 1977 1978 2050
f 1978 2051 2050
f 1978 1979 2051
f 1979 2052 2051
f 1979 1980 2052
f 1980 2053 2052
f 1980 1981 2053
f 1981 2054 2053
f 1981 1982 2054
f 1982 2055 2054
f 1982 1983 2055
f 1983 2056 2055
f 1983 1984 2056
f 1984 2057 2056
f 1984 1985 2057
f 1985 2058 2057
f 1985 1986 2058
f 1986 2059 2058
f 1986 1987 2059
f 1987 2060 2059
f 1987 1988 2060
f 1988 2061 2060
f 1988 1989 2061
f 1989 2062 2061
f 1989 1990 2062
f 1990 2063 2062
f 1990 1991 2063
f 1991 2064 2063
f 1991 1992 2064
f 1992 2065 2064
f 1992 1993 2065
f 1993 2066 2065
f 1993 1994 2066
f 1994 2067 2066
f 1994 1995 2067
f 1995 2068 2067
f 1995 1996 2068
f 1996 2069 2068
f 1996 1997 2069
f 1997 2070 2069
f 1997 1998 2070
f 1998 2071 2070
f 1998 1999 2071
f 1999 2072 2071
f 1999 2000 2072
f 2000 2073 2072
f 2000 2001 2073
f 2001 2074 2073
f 2001 2002 2074
f 2002 2075 2074
f 2002 2003 2075
f 2003 2076 2075
f 2003 2004 2076
f 2004 2077 2076
f 2004 2005 2077
f 2005 2078 2077
f 2005 2006 2078
f 2006 2079 2078
f 2006 2007 2079
f 2007 2080 2079
f 2007 2008 2080
f 2008 2081 2080
f 2008 2009 2081
f 2009 2082 2081
f 2009 2010 2082
f 2010 2083 2082
f 2010 2011 2083
f 2011 2084 2083
f 2011 2012 2084
f 2012 2085 2084
f 2012 2013 2085
f 2013 2086 2085
f 2013 2014 2086
f 2014 2087 2086
f 2014 2015 2087
f 2015 2088 2087
f 2015 2016 2088
f 2016 2017 2088
f 2016 1945 2017
f 2017 2090 2089
f 2017 2018 2090
f 2018 2091 2090
f 2018 2019 2091
f 2019 2092 2091
f 2019 2020 2092
f 2020 2093 2092
f 2020 2021 2093
f 2021 2094 2093
f 2021 2022 2094
f 2022 2095 2094
f 2022 2023 2095
f 2023 2096 2095
f 2023 2024 2096
f 2024 2097 2096
f 2024 2025 2097
f 2025 2098 2097
f 2025 2026 2098
f 2026 2099 2098
f 2026 2027 2099
f 2027 2100 2099
f 2027 2028 2100
f 2028 2101 2100
f 2028 2029 2101
f 2029 2102 2101
f 2029 2030 2102
f 2030 2103 2102
f 2030 2031 2103
f 2031 2104 2103
f 2031 2032 2104
f 2032 2105 2104
f 2032 2033 2105
f 2033 2106 2105
f 2033 2034 2106
f 2034 2107 2106
f 2034 2035 2107
f 2035 2108 2107
f 2035 2036 2108
f 2036 2109 2108
f 2036 2037 2109
f 2037 2110 2109
f 2037 2038 2110
f 2038 2111 2110
f 2038 2039 2111
f 2039 2112 2111
f 2039 2040 2112
f 2040 2113 2112
f 2040 2041 2113
f 2041 2114 2113
f 2041 2042 2114
f 2042 2115 2114
f 2042 2043 2115
f 2043 2116 2115
f 2043 2044 2116
f 2044 2117 2116
f 2044 2045 2117
f 2045 2118 2117
f 2045 2046 2118
f 2046 2119 2118
f 2046 2047 2119
f 2047 2120 2119
f 2047 2048 2120
f 2048 2121 2120
f 2048 2049 2121
f 2049 2122 2121
f 2049 2050 2122
f 2050 2123 2122
f 2050 2051 2123
f 2051 2124 2123
f 2051 2052 2124
f 2052 2125 2124
f 2052 2053 2125
f 2053 2126 2125
f 2053 2054 2126
f 2054 2127 2126
f 2054 2055 2127
f 2055 2128 2127
f 2055 2056 2128
f 2056 2129 2128
f 2056 2057 2129
f 2057 2130 2129
f 2057 2058 2130
f 2058 2131 2130
f 2058 2059 2131
f 2059 2132 2131
f 2059 2060 2132
f 2060 2133 2132
f 2060 2061 2133
f 2061 2134 2133
f 2061 2062 2134
f 2062 2135 2134
f 2062 2063 2135
f 2063 2136 2135
f 2063 2064 2136
f 2064 2137 2136
f 2064 2065 2137
f 2065 2138 2137
f 2065 2066 2138
f 2066 2139 2138
f 2066 2067 2139
f 2067 2140 2139
f 2067 2068 2140
f 2068 2141 2140
f 2068 2069 2141
f 2069 2142 2141
f 2069 2070 2142
f 2070 2143 2142
f 2070 2071 2143
f 2071 2144 2143
f 2071 2072 2144
f 2072 2145 2144
f 2072 2073 2145
f 2073 2146 2145
f 2073 2074 2146
f 2074 2147 2146
f 2074 2075 2147
f 2075 2148 2147
f 2075 2076 2148
f 2076 2149 2148
f 2076 2077 2149
f 2077 2150 2149
f 2077 2078 2150
f 2078 2151 2150
f 2078 2079 2151
f 2079 2152 2151
f 2079 2080 2152
f 2080 2153 2152
f 2080 2081 2153
f 2081 2154 2153
f 2081 2082 2154
f 2082 2155 2154
f 2082 2083 2155
f 2083 2156 2155
f 2083 2084 2156
f 2084 2157 2156
f 2084 2085 2157
f 2085 2158 2157
f 2085 2086 2158
f 2086 2159 2158
f 2086 2087 2159
f 2087 2160 2159
f 2087 2088 2160
f 2088 2089 2160
f 2088 2017 2089
f 2089 2162 2161
f 2089 2090 2162
f 2090 2163 2162
f 2090 2091 2163
f 2091 2164 2163
f 2091 2092 2164
f 2092 2165 2164
f 2092 2093 2165
f 2093 2166 2165
f 2093 2094 2166
f 2094 2167 2166
f 2094 2095 2167
f 2095 2168 2167
f 2095 2096 2168
f 2096 2169 2168
f 2096 2097 2169
f 2097 2170 2169
f 2097 2098 2170
f 2098 2171 2170
f 2098 2099 2171
f 2099 2172 2171
f 2099 2100 2172
f 2100 2173 2172
f 2100 2101 2173
f 2101 2174 2173
f 2101 2102 2174
f 2102 2175 2174
f 2102 2103 2175
f 2103 2176 2175
f 2103 2104 2176
f 2104 2177 2176
f 2104 2105 2177
f 2105 2178 2177
f 2105 2106 2178
f 2106 2179 2178
f 2106 2107 2179
f 2107 2180 2179
f 2107 2108 2180
f 2108 2181 2180
f 2108 2109 2181
f 2109 2182 2181
f 2109 2110 2182
f 2110 2183 2182
f 2110 2111 2183
f 2111 2184 2183
f 2111 2112 2184
f 2112 2185 2184
f 2112 2113 2185
f 2113 2186 2185
f 2113 2114 2186
f 2114 2187 2186
f 2114 2115 2187
f 2115 2188 2187
f 2115 2116 2188
f 2116 2189 2188
f 2116 2117 2189
f 2117 2190 2189
f 2117 2118 2190
f 2118 2191 2190
f 2118 2119 2191
f 2119 2192 2191
f 2119 2120 2192
f 2120 2193 2192
f 2120 2121 2193
f 2121 2194 2193
f 2121 2122 2194
f 2122 2195 2194
f 2122 2123 2195
f 2123 2196 2195
f 2123 2124 2196
f 2124 2197 2196
f 2124 2125 2197
f 2125 2198 2197
f 2125 2126 2198
f 2126 2199 2198
f 2126 2127 2199
f 2127 2200 2199
f 2127 2128 2200
f 2128 2201 2200
f 2128 2129 2201
f 2129 2202 2201
f 2129 2130 2202
f 2130 2203 2202
f 2130 2131 2203
f 2131 2204 2203
f 2131 2132 2204
f 2132 2205 2204
f 2132 2133 2205
f 2133 2206 2205
f 2133 2134 2206
f 2134 2207 2206
f 2134 2135 2207
f 2135 2208 2207
f 2135 2136 2208
f 2136 2209 2208
f 2136 2137 2209
f 2137 2210 2209
f 2137 2138 2210
f 2138 2211 2210
f 2138 2139 2211
f 2139 2212 2211
f 2139 2140 2212
f 2140 2213 2212
f 2140 2141 2213
f 2141 2214 2213
f 2141 2142 2214
f 2142 2215 2214
f 2142 2143 2215
f 2143 2216 2215
f 2143 2144 2216
f 2144 2217 2216
f 2144 2145 2217
f 2145 2218 2217
f 2145 2146 2218
f 2146 2219 2218
f 2146 2147 2219
f 2147 2220 2219
f 2147 2148 2220
f 2148 2221 2220
f 2148 2149 2221
f 2149 2222 2221
f 2149 2150 2222
f 2150 2223 2222
f 2150 2151 2223
f 2151 2224 2223
f 2151 2152 2224
f 2152 2225 2224
f 2152 2153 2225
f 2153 2226 2225
f 2153 2154 2226
f 2154 2227 2226
f 2154 2155 2227
f 2155 2228 2227
f 2155 2156 2228
f 2156 2229 2228
f 2156 2157 2229
f 2157 2230 2229
f 2157 2158 2230
f 2158 2231 2230
f 2158 2159 2231
f 2159 2232 2231
f 2159 2160 2232
f 2160 2161 2232
f 2160 2089 2161
f 2161 2234 2233
f 2161 2162 2234
f 2162 2235 2234
f 2162 2163 2235
f 2163 2236 2235
f 2163 2164 2236
f 2164 2237 2236
f 2164 2165 2237
f 2165 2238 2237
f 2165 2166 2238
f 2166 2239 2238
f 2166 2167 2239
f 2167 2240 2239
f 2167 2168 2240
f 2168 2241 2240
f 2168 2169 2241
f 2169 2242 2241
f 2169 2170 2242
f 2170 2243 2242
f 2170 2171 2243
f 2171 2244 2243
f 2171 2172 2244
f 2172 2245 2244
f 2172 2173 2245
f 2173 2246 2245
f 2173 2174 2246
f 2174 2247 2246
f 2174 2175 2247
f 2175 2248 2247
f 2175 2176 2248
f 2176 2249 2248
f 2176 2177 2249
f 2177 2250 2249
f 2177 2178 2250
f 2178 2251 2250
f 2178 2179 2251
f 2179 2252 2251
f 2179 2180 2252
f 2180 2253 2252
f 2180 2181 2253
f 2181 2254 2253
f 2181 2182 2254
f 2182 2255 2254
f 2182 2183 2255
f 2183 2256 2255
f 2183 2184 2256
f 2184 2257 2256
f 2184 2185 2257
f 2185 2258 2257
f 2185 2186 2258
f 2186 2259 2258
f 2186 2187 2259
f 2187 2260 2259
f 2187 2188 2260
f 2188 2261 2260
f 2188 2189 2261
f 2189 2262 2261
f 2189 2190 2262
f 2190 2263 2262
f 2190 2191 2263
f 2191 2264 2263
f 2191 2192 2264
f 2192 2265 2264
f 2192 2193 2265
f 2193 2266 2265
f 2193 2194 2266
f 2194 2267 2266
f 2194 2195 2267
f 2195 2268 2267
f 2195 2196 2268
f 2196 2269 2268
f 2196 2197 2269
f 2197 2270 2269
f 2197 2198 2270
f 2198 2271 2270
f 2198 2199 2271
f 2199 2272 2271
f 2199 2200 2272
f 2200 2273 2272
f 2200 2201 2273
f 2201 2274 2273
f 2201 2202 2274
f 2202 2275 2274
f 2202 2203 2275
f 2203 2276 2275
f 2203 2204 2276
f 2204 2277 2276
f 2204 2205 2277
f 2205 2278 2277
f 2205 2206 2278
f 2206 2279 2278
f 2206 2207 2279
f 2207 2280 2279
f 2207 2208 2280
f 2208 2281 2280
f 2208 2209 2281
f 2209 2282 2281
f 2209 2210 2282
f 2210 2283 2282
f 2210 2211 2283
f 2211 2284 2283
f 2211 2212 2284
f 2212 2285 2284
f 2212 2213 2285
f 2213 2286 2285
f 2213 2214 2286
f 2214 2287 2286
f 2214 2215 2287
f 2215 2288 2287
f 2215 2216 2288
f 2216 2289 2288
f 2216 2217 2289
f 2217 2290 2289
f 2217 2218 2290
f 2218 2291 2290
f 2218 2219 2291
f 2219 2292 2291
f 2219 2220 2292
f 2220 2293 2292
f 2220 2221 2293
f 2221 2294 2293
f 2221 2222 2294
f 2222 2295 2294
f 2222 2223 2295
f 2223 2296 2295
f 2223 2224 2296
f 2224 2297 2296
f 2224 2225 2297
f 2225 2298 2297
f 2225 2226 2298
f 2226 2299 2298
f 2226 2227 2299
f 2227 2300 2299
f 2227 2228 2300
f 2228 2301 2300
f 2228 2229 2301
f 2229 2302 2301
f 2229 2230 2302
f 2230 2303 2302
f 2230 2231 2303
f 2231 2304 2303
f 2231 2232 2304
f 2232 2233 2304
f 2232 2161 2233
f 2233 2306 2305
f 2233 2234 2306
f 2234 2307 2306
f 2234 2235 2307
f 2235 2308 2307
f 2235 2236 2308
f 2236 2309 2308
f 2236 2237 2309
f 2237 2310 2309
f 2237 2238 2310
f 2238 2311 2310
f 2238 2239 2311
f 2239 2312 2311
f 2239 2240 2312
f 2240 2313 2312
f 2240 2241 2313
f 2241 2314 2313
f 2241 2242 2314
f 2242 2315 2314
f 2242 2243 2315
f 2243 2316 2315
f 2243 2244 2316
f 2244 2317 2316
f 2244 2245 2317
f 2245 2318 2317
f 2245 2246 2318
f 2246 2319 2318
f 2246 2247 2319
f 2247 2320 2319
f 2247 2248 2320
f 2248 2321 2320
f 2248 2249 2321
f 2249 2322 2321
f 2249 2250 2322
f 2250 2323 2322
f 2250 2251 2323
f 2251 2324 2323
f 2251 2252 2324
f 2252 2325 2324
f 2252 2253 2325
f 2253 2326 2325
f 2253 2254 2326
f 2254 2327 2326
f 2254 2255 2327
f 2255 2328 2327
f 2255 2256 2328
f 2256 2329 2328
f 2256 2257 2329
f 2257 2330 2329
f 2257 2258 2330
f 2258 2331 2330
f 2258 2259 2331
f 2259 2332 2331
f 2259 2260 2332
f 2260 2333 2332
f 2260 2261 2333
f 2261 2334 2333
f 2261 2262 2334
f 2262 2335 2334
f 2262 2263 2335
f 2263 2336 2335
f 2263 2264 2336
f 2264 2337 2336
f 2264 2265 2337
f 2265 2338 2337
f 2265 2266 2338
f 2266 2339 2338
f 2266 2267 2339
f 2267 2340 2339
f 2267 2268 2340
f 2268 2341 2340
f 2268 2269 2341
f 2269 2342 2341
f 2269 2270 2342
f 2270 2343 2342
f 2270 2271 2343
f 2271 2344 2343
f 2271 2272 2344
f 2272 2345 2344
f 2272 2273 2345
f 2273 2346 2345
f 2273 2274 2346
f 2274 2347 2346
f 2274 2275 2347
f 2275 2348 2347
f 2275 2276 2348
f 2276 2349 2348
f 2276 2277 2349
f 2277 2350 2349
f 2277 2278 2350
f 2278 2351 2350
f 2278 2279 2351
f 2279 2352 2351
f 2279 2280 2352
f 2280 2353 2352
f 2280 2281 2353
f 2281 2354 2353
f 2281 2282 2354
f 2282 2355 2354
f 2282 2283 2355
f 2283 2356 2355
f 2283 2284 2356
f 2284 2357 2356
f 2284 2285 2357
f 2285 2358 2357
f 2285 2286 2358
f 2286 2359 2358
f 2286 2287 2359
f 2287 2360 2359
f 2287 2288 2360
f 2288 2361 2360
f 2288 2289 2361
f 2289 2362 2361
f 2289 2290 2362
f 2290 2363 2362
f 2290 2291 2363
f 2291 2364 2363
f 2291 2292 2364
f 2292 2365 2364
f 2292 2293 2365
f 2293 2366 2365
f 2293 2294 2366
f 2294 2367 2366
f 2294 2295 2367
f 2295 2368 2367
f 2295 2296 2368
f 2296 2369 2368
f 2296 2297 2369
f 2297 2370 2369
f 2297 2298 2370
f 2298 2371 2370
f 2298 2299 2371
f 2299 2372 2371
f 2299 2300 2372
f 2300 2373 2372
f 2300 2301 2373
f 2301 2374 2373
f 2301 2302 2374
f 2302 2375 2374
f 2302 2303 2375
f 2303 2376 2375
f 2303 2304 2376
f 2304 2305 2376
f 2304 2233 2305
f 2305 2378 2377
f 2305 2306 2378
f 2306 2379 2378
f 2306 2307 2379
f 2307 2380 2379
f 2307 2308 2380
f 2308 2381 2380
f 2308 2309 2381
f 2309 2382 2381
f 2309 2310 2382
f 2310 2383 2382
f 2310 2311 2383
f 2311 2384 2383
f 2311 2312 2384
f 2312 2385 2384
f 2312 2313 2385
f 2313 2386 2385
f 2313 2314 2386
f 2314 2387 2386
f 2314 2315 2387
f 2315 2388 2387
f 2315 2316 2388
f 2316 2389 2388
f 2316 2317 2389
f 2317 2390 2389
f 2317 2318 2390
f 2318 2391 2390
f 2318 2319 2391
f 2319 2392 2391
f 2319 2320 2392
f 2320 2393 2392
f 2320 2321 2393
f 2321 2394 2393
f 2321 2322 2394
f 2322 2395 2394
f 2322 2323 2395
f 2323 2396 2395
f 2323 2324 2396
f 2324 2397 2396
f 2324 2325 2397
f 2325 2398 2397
f 2325 2326 2398
f 2326 2399 2398
f 2326 2327 2399
f 2327 2400 2399
f 2327 2328 2400
f 2328 2401 2400
f 2328 2329 2401
f 2329 2402 2401
f 2329 2330 2402
f 2330 2403 2402
f 2330 2331 2403
f 2331 2404 2403
f 2331 2332 2404
f 2332 2405 2404
f 2332 2333 2405
f 2333 2406 2405
f 2333 2334 2406
f 2334 2407 2406
f 2334 2335 2407
f 2335 2408 2407
f 2335 2336 2408
f 2336 2409 2408
f 2336 2337 2409
f 2337 2410 2409
f 2337 2338 2410
f 2338 2411 2410
f 2338 2339 2411
f 2339 2412 2411
f 2339 2340 2412
f 2340 2413 2412
f 2340 2341 2413
f 2341 2414 2413
f 2341 2342 2414
f 2342 2415 2414
f 2342 2343 2415
f 2343 2416 2415
f 2343 2344 2416
f 2344 2417 2416
f 2344 2345 2417
f 2345 2418 2417
f 2345 2346 2418
f 2346 2419 2418
f 2346 2347 2419
f 2347 2420 2419
f 2347 2348 2420
f 2348 2421 2420
f 2348 2349 2421
f 2349 2422 2421
f 2349 2350 2422
f 2350 2423 2422
f 2350 2351 2423
f 2351 2424 2423
f 2351 2352 2424
f 2352 2425 2424
f 2352 2353 2425
f 2353 2426 2425
f 2353 2354 2426
f 2354 2427 2426
f 2354 2355 2427
f 2355 2428 2427
f 2355 2356 2428
f 2356 2429 2428
f 2356 2357 2429
f 2357 2430 2429
f 2357 2358 2430
f 2358 2431 2430
f 2358 2359 2431
f 2359 2432 2431
f 2359 2360 2432
f 2360 2433 2432
f 2360 2361 2433
f 2361 2434 2433
f 2361 2362 2434
f 2362 2435 2434
f 2362 2363 2435
f 2363 2436 2435
f 2363 2364 2436
f 2364 2437 2436
f 2364 2365 2437
f 2365 2438 2437
f 2365 2366 2438
f 2366 2439 2438
f 2366 2367 2439
f 2367 2440 2439
f 2367 2368 2440
f 2368 2441 2440
f 2368 2369 2441
f 2369 2442 2441
f 2369 2370 2442
f 2370 2443 2442
f 2370 2371 2443
f 2371 2444 2443
f 2371 2372 2444
f 2372 2445 2444
f 2372 2373 2445
f 2373 2446 2445
f 2373 2374 2446
f 2374 2447 2446
f 2374 2375 2447
f 2375 2448 2447
f 2375 2376 2448
f 2376 2377 2448
f 2376 2305 2377
f 2377 2450 2449
f 2377 2378 2450
f 2378 2451 2450
f 2378 2379 2451
f 2379 2452 2451
f 2379 2380 2452
f 2380 2453 2452
f 2380 2381 2453
f 2381 2454 2453
f 2381 2382 2454
f 2382 2455 2454
f 2382 2383 2455
f 2383 2456 2455
f 2383 2384 2456
f 2384 2457 2456
f 2384 2385 2457
f 2385 2458 2457
f 2385 2386 2458
f 2386 2459 2458
f 2386 2387 2459
f 2387 2460 2459
f 2387 2388 2460
f 2388 2461 2460
f 2388 2389 2461
f 2389 2462 2461
f 2389 2390 2462
f 2390 2463 2462
f 2390 2391 2463
f 2391 2464 2463
f 2391 2392 2464
f 2392 2465 2464
f 2392 2393 2465
f 2393 2466 2465
f 2393 2394 2466
f 2394 2467 2466
f 2394 2395 2467
f 2395 2468 2467
f 2395 2396 2468
f 2396 2469 2468
f 2396 2397 2469
f 2397 2470 2469
f 2397 2398 2470
f 2398 2471 2470
f 2398 2399 2471
f 2399 2472 2471
f 2399 2400 2472
f 2400 2473 2472
f 2400 2401 2473
f 2401 2474 2473
f 2401 2402 2474
f 2402 2475 2474
f 2402 2403 2475
f 2403 2476 2475
f 2403 2404 2476
f 2404 2477 2476
f 2404 2405 2477
f 2405 2478 2477
f 2405 2406 2478
f 2406 2479 2478
f 2406 2407 2479
f 2407 2480 2479
f 2407 2408 2480
f 2408 2481 2480
f 2408 2409 2481
f 2409 2482 2481
f 2409 2410 2482
f 2410 2483 2482
f 2410 2411 2483
f 2411 2484 2483
f 2411 2412 2484
f 2412 2485 2484
f 2412 2413 2485
f 2413 2486 2485
f 2413 2414 2486
f 2414 2487 2486
f 2414 2415 2487
f 2415 2488 2487
f 2415 2416 2488
f 2416 2489 2488
f 2416 2417 2489
f 2417 2490 2489
f 2417 2418 2490
f 2418 2491 2490
f 2418 2419 2491
f 2419 2492 2491
f 2419 2420 2492
f 2420 2493 2492
f 2420 2421 2493
f 2421 2494 2493
f 2421 2422 2494
f 2422 2495 2494
f 2422 2423 2495
f 2423 2496 2495
f 2423 2424 2496
f 2424 2497 2496
f 2424 2425 2497
f 2425 2498 2497
f 2425 2426 2498
f 2426 2499 2498
f 2426 2427 2499
f 2427 2500 2499
f 2427 2428 2500
f 2428 2501 2500
f 2428 2429 2501
f 2429 2502 2501
f 2429 2430 2502
f 2430 2503 2502
f 2430 2431 2503
f 2431 2504 2503
f 2431 2432 2504
f 2432 2505 2504
f 2432 2433 2505
f 2433 2506 2505
f 2433 2434 2506
f 2434 2507 2506
f 2434 2435 2507
f 2435 2508 2507
f 2435 2436 2508
f 2436 2509 2508
f 2436 2437 2509
f 2437 2510 2509
f 2437 2438 2510
f 2438 2511 2510
f 2438 2439 2511
f 2439 2512 2511
f 2439 2440 2512
f 2440 2513 2512
f 2440 2441 2513
f 2441 2514 2513
f 2441 2442 2514
f 2442 2515 2514
f 2442 2443 2515
f 2443 2516 2515
f 2443 2444 2516
f 2444 2517 2516
f 2444 2445 2517
f 2445 2518 2517
f 2445 2446 2518
f 2446 2519 2518
f 2446 2447 2519
f 2447 2520 2519
f 2447 2448 2520
f 2448 2449 2520
f 2448 2377 2449
f 2449 2522 2521
f 2449 2450 2522
f 2450 2523 2522
f 2450 2451 2523
f 2451 2524 2523
f 2451 2452 2524
f 2452 2525 2524
f 2452 2453 2525
f 2453 2526 2525
f 2453 2454 2526
f 2454 2527 2526
f 2454 2455 2527
f 2455 2528 2527
f 2455 2456 2528
f 2456 2529 2528
f 2456 2457 2529
f 2457 2530 2529
f 2457 2458 2530
f 2458 2531 2530
f 2458 2459 2531
f 2459 2532 2531
f 2459 2460 2532
f 2460 2533 2532
f 2460 2461 2533
f 2461 2534 2533
f 2461 2462 2534
f 2462 2535 2534
f 2462 2463 2535
f 2463 2536 2535
f 2463 2464 2536
f 2464 2537 2536
f 2464 2465 2537
f 2465 2538 2537
f 2465 2466 2538
f 2466 2539 2538
f 2466 2467 2539
f 2467 2540 2539
f 2467 2468 2540
f 2468 2541 2540
f 2468 2469 2541
f 2469 2542 2541
f 2469 2470 2542
f 2470 2543 2542
f 2470 2471 2543
f 2471 2544 2543
f 2471 2472 2544
f 2472 2545 2544
f 2472 2473 2545
f 2473 2546 2545
f 2473 2474 2546
f 2474 2547 2546
f 2474 2475 2547
f 2475 2548 2547
f 2475 2476 2548
f 2476 2549 2548
f 2476 2477 2549
f 2477 2550 2549
f 2477 2478 2550
f 2478 2551 2550
f 2478 2479 2551
f 2479 2552 2551
f 2479 2480 2552
f 2480 2553 2552
f 2480 2481 2553
f 2481 2554 2553
f 2481 2482 2554
f 2482 2555 2554
f 2482 2483 2555
f 2483 2556 2555
f 2483 2484 2556
f 2484 2557 2556
f 2484 2485 2557
f 2485 2558 2557
f 2485 2486 2558
f 2486 2559 2558
f 2486 2487 2559
f 2487 2560 2559
f 2487 2488 2560
f 2488 2561 2560
f 2488 2489 2561
f 2489 2562 2561
f 2489 2490 2562
f 2490 2563 2562
f 2490 2491 2563
f 2491 2564 2563
f 2491 2492 2564
f 2492 2565 2564
f 2492 2493 2565
f 2493 2566 2565
f 2493 2494 2566
f 2494 2567 2566
f 2494 2495 2567
f 2495 2568 2567
f 2495 2496 2568
f 2496 2569 2568
f 2496 2497 2569
f 2497 2570 2569
f 2497 2498 2570
f 2498 2571 2570
f 2498 2499 2571
f 2499 2572 2571
f 2499 2500 2572
f 2500 2573 2572
f 2500 2501 2573
f 2501 2574 2573
f 2501 2502 2574
f 2502 2575 2574
f 2502 2503 2575
f 2503 2576 2575
f 2503 2504 2576
f 2504 2577 2576
f 2504 2505 2577
f 2505 2578 2577
f 2505 2506 2578
f 2506 2579 2578
f 2506 2507 2579
f 2507 2580 2579
f 2507 2508 2580
f 2508 2581 2580
f 2508 2509 2581
f 2509 2582 2581
f 2509 2510 2582
f 2510 2583 2582
f 2510 2511 2583
f 2511 2584 2583
f 2511 2512 2584
f 2512 2585 2584
f 2512 2513 2585
f 2513 2586 2585
f 2513 2514 2586
f 2514 2587 2586
f 2514 2515 2587
f 2515 2588 2587
f 2515 2516 2588
f 2516 2589 2588
f 2516 2517 2589
f 2517 2590 2589
f 2517 2518 2590
f 2518 2591 2590
f 2518 2519 2591
f 2519 2592 2591
f 2519 2520 2592
f 2520 2521 2592
f 2520 2449 2521
f 2521 2594 2593
f 2521 2522 2594
f 2522 2595 2594
f 2522 2523 2595
f 2523 2596 2595
f 2523 2524 2596
f 2524 2597 2596
f 2524 2525 2597
f 2525 2598 2597
f 2525 2526 2598
f 2526 2599 2598
f 2526 2527 2599
f 2527 2600 2599
f 2527 2528 2600
f 2528 2601 2600
f 2528 2529 2601
f 2529 2602 2601
f 2529 2530 2602
f 2530 2603 2602
f 2530 2531 2603
f 2531 2604 2603
f 2531 2532 2604
f 2532 2605 2604
f 2532 2533 2605
f 2533 2606 2605
f 2533 2534 2606
f 2534 2607 2606
f 2534 2535 2607
f 2535 2608 2607
f 2535 2536 2608
f 2536 2609 2608
f 2536 2537 2609
f 2537 2610 2609
f 2537 2538 2610
f 2538 2611 2610
f 2538 2539 2611
f 2539 2612 2611
f 2539 2540 2612
f 2540 2613 2612
f 2540 2541 2613
f 2541 2614 2613
f 2541 2542 2614
f 2542 2615 2614
f 2542 2543 2615
f 2543 2616 2615
f 2543 2544 2616
f 2544 2617 2616
f 2544 2545 2617
f 2545 2618 2617
f 2545 2546 2618
f 2546 2619 2618
f 2546 2547 2619
f 2547 2620 2619
f 2547 2548 2620
f 2548 2621 2620
f 2548 2549 2621
f 2549 2622 2621
f 2549 2550 2622
f 2550 2623 2622
f 2550 2551 2623
f 2551 2624 2623
f 2551 2552 2624
f 2552 2625 2624
f 2552 2553 2625
f 2553 2626 2625
f 2553 2554 2626
f 2554 2627 2626
f 2554 2555 2627
f 2555 2628 2627
f 2555 2556 2628
f 2556 2629 2628
f 2556 2557 2629
f 2557 2630 2629
f 2557 2558 2630
f 2558 2631 2630
f 2558 2559 2631
f 2559 2632 2631
f 2559 2560 2632
f 2560 2633 2632
f 2560 2561 2633
f 2561 2634 2633
f 2561 2562 2634
f 2562 2635 2634
f 2562 2563 2635
f 2563 2636 2635
f 2563 2564 2636
f 2564 2637 2636
f 2564 2565 2637
f 2565 2638 2637
f 2565 2566 2638
f 2566 2639 2638
f 2566 2567 2639
f 2567 2640 2639
f 2567 2568 2640
f 2568 2641 2640
f 2568 2569 2641
f 2569 2642 2641
f 2569 2570 2642
f 2570 2643 2642
f 2570 2571 2643
f 2571 2644 2643
f 2571 2572 2644
f 2572 2645 2644
f 2572 2573 2645
f 2573 2646 2645
f 2573 2574 2646
f 2574 2647 2646
f 2574 2575 2647
f 2575 2648 2647
f 2575 2576 2648
f 2576 2649 2648
f 2576 2577 2649
f 2577 2650 2649
f 2577 2578 2650
f 2578 2651 2650
f 2578 2579 2651
f 2579 2652 2651
f 2579 2580 2652
f 2580 2653 2652
f 2580 2581 2653
f 2581 2654 2653
f 2581 2582 2654
f 2582 2655 2654
f 2582 2583 2655
f 2583 2656 2655
f 2583 2584 2656
f 2584 2657 2656
f 2584 2585 2657
f 2585 2658 2657
f 2585 2586 2658
f 2586 2659 2658
f 2586 2587 2659
f 2587 2660 2659
f 2587 2588 2660
f 2588 2661 2660
f 2588 2589 2661
f 2589 2662 2661
f 2589 2590 2662
f 2590 2663 2662
f 2590 2591 2663
f 2591 2664 2663
f 2591 2592 2664
f 2592 2593 2664
f 2592 2521 2593
f 2593 2666 2665
f 2593 2594 2666
f 2594 2667 2666
f 2594 2595 2667
f 2595 2668 2667
f 2595 2596 2668
f 2596 2669 2668
f 2596 2597 2669
f 2597 2670 2669
f 2597 2598 2670
f 2598 2671 2670
f 2598 2599 2671
f 2599 2672 2671
f 2599 2600 2672
f 2600 2673 2672
f 2600 2601 2673
f 2601 2674 2673
f 2601 2602 2674
f 2602 2675 2674
f 2602 2603 2675
f 2603 2676 2675
f 2603 2604 2676
f 2604 2677 2676
f 2604 2605 2677
f 2605 2678 2677
f 2605 2606 2678
f 2606 2679 2678
f 2606 2607 2679
f 2607 2680 2679
f 2607 2608 2680
f 2608 2681 2680
f 2608 2609 2681
f 2609 2682 2681
f 2609 2610 2682
f 2610 2683 2682
f 2610 2611 2683
f 2611 2684 2683
f 2611 2612 2684
f 2612 2685 2684
f 2612 2613 2685
f 2613 2686 2685
f 2613 2614 2686
f 2614 2687 2686
f 2614 2615 2687
f 2615 2688 2687
f 2615 2616 2688
f 2616 2689 2688
f 2616 2617 2689
f 2617 2690 2689
f 2617 2618 2690
f 2618 2691 2690
f 2618 2619 2691
f 2619 2692 2691
f 2619 2620 2692
f 2620 2693 2692
f 2620 2621 2693
f 2621 2694 2693
f 2621 2622 2694
f 2622 2695 2694
f 2622 2623 2695
f 2623 2696 2695
f 2623 2624 2696
f 2624 2697 2696
f 2624 2625 2697
f 2625 2698 2697
f 2625 2626 2698
f 2626 2699 2698
f 2626 2627 2699
f 2627 2700 2699
f 2627 2628 2700
f 2628 2701 2700
f 2628 2629 2701
f 2629 2702 2701
f 2629 2630 2702
f 2630 2703 2702
f 2630 2631 2703
f 2631 2704 2703
f 2631 2632 2704
f 2632 2705 2704
f 2632 2633 2705
f 2633 2706 2705
f 2633 2634 2706
f 2634 2707 2706
f 2634 2635 2707
f 2635 2708 2707
f 2635 2636 2708
f 2636 2709 2708
f 2636 2637 2709
f 2637 2710 2709
f 2637 2638 2710
f 2638 2711 2710
f 2638 2639 2711
f 2639 2712 2711
f 2639 2640 2712
f 2640 2713 2712
f 2640 2641 2713
f 2641 2714 2713
f 2641 2642 2714
f 2642 2715 2714
f 2642 2643 2715
f 2643 2716 2715
f 2643 2644 2716
f 2644 2717 2716
f 2644 2645 2717
f 2645 2718 2717
f 2645 2646 2718
f 2646 2719 2718
f 2646 2647 2719
f 2647 2720 2719
f 2647 2648 2720
f 2648 2721 2720
f 2648 2649 2721
f 2649 2722 2721
f 2649 2650 2722
f 2650 2723 2722
f 2650 2651 2723
f 2651 2724 2723
f 2651 2652 2724
f 2652 2725 2724
f 2652 2653 2725
f 2653 2726 2725
f 2653 2654 2726
f 2654 2727 2726
f 2654 2655 2727
f 2655 2728 2727
f 2655 2656 2728
f 2656 2729 2728
f 2656 2657 2729
f 2657 2730 2729
f 2657 2658 2730
f 2658 2731 2730
f 2658 2659 2731
f 2659 2732 2731
f 2659 2660 2732
f 2660 2733 2732
f 2660 2661 2733
f 2661 2734 2733
f 2661 2662 2734
f 2662 2735 2734
f 2662 2663 2735
f 2663 2736 2735
f 2663 2664 2736
f 2664 2665 2736
f 2664 2593 2665
f 2665 2738 2737
f 2665 2666 2738
f 2666 2739 2738
f 2666 2667 2739
f 2667 2740 2739
f 2667 2668 2740
f 2668 2741 2740
f 2668 2669 2741
f 2669 2742 2741
f 2669 2670 2742
f 2670 2743 2742
f 2670 2671 2743
f 2671 2744 2743
f 2671 2672 2744
f 2672 2745 2744
f 2672 2673 2745
f 2673 2746 2745
f 2673 2674 2746
f 2674 2747 2746
f 2674 2675 2747
f 2675 2748 2747
f 2675 2676 2748
f 2676 2749 2748
f 2676 2677 2749
f 2677 2750 2749
f 2677 2678 2750
f 2678 2751 2750
f 2678 2679 2751
f 2679 2752 2751
f 2679 2680 2752
f 2680 2753 2752
f 2680 2681 2753
f 2681 2754 2753
f 2681 2682 2754
f 2682 2755 2754
f 2682 2683 2755
f 2683 2756 2755
f 2683 2684 2756
f 2684 2757 2756
f 2684 2685 2757
f 2685 2758 2757
f 2685 2686 2758
f 2686 2759 2758
f 2686 2687 2759
f 2687 2760 2759
f 2687 2688 2760
f 2688 2761 2760
f 2688 2689 2761
f 2689 2762 2761
f 2689 2690 2762
f 2690 2763 2762
f 2690 2691 2763
f 2691 2764 2763
f 2691 2692 2764
f 2692 2765 2764
f 2692 2693 2765
f 2693 2766 2765
f 2693 2694 2766
f 2694 2767 2766
f 2694 2695 2767
f 2695 2768 2767
f 2695 2696 2768
f 2696 2769 2768
f 2696 2697 2769
f 2697 2770 2769
f 2697 2698 2770
f 2698 2771 2770
f 2698 2699 2771
f 2699 2772 2771
f 2699 2700 2772
f 2700 2773 2772
f 2700 2701 2773
f 2701 2774 2773
f 2701 2702 2774
f 2702 2775 2774
f 2702 2703 2775
f 2703 2776 2775
f 2703 2704 2776
f 2704 2777 2776
f 2704 2705 2777
f 2705 2778 2777
f 2705 2706 2778
f 2706 2779 2778
f 2706 2707 2779
f 2707 2780 2779
f 2707 2708 2780
f 2708 2781 2780
f 2708 2709 2781
f 2709 2782 2781
f 2709 2710 2782
f 2710 2783 2782
f 2710 2711 2783
f 2711 2784 2783
f 2711 2712 2784
f 2712 2785 2784
f 2712 2713 2785
f 2713 2786 2785
f 2713 2714 2786
f 2714 2787 2786
f 2714 2715 2787
f 2715 2788 2787
f 2715 2716 2788
f 2716 2789 2788
f 2716 2717 2789
f 2717 2790 2789
f 2717 2718 2790
f 2718 2791 2790
f 2718 2719 2791
f 2719 2792 2791
f 2719 2720 2792
f 2720 2793 2792
f 2720 2721 2793
f 2721 2794 2793
f 2721 2722 2794
f 2722 2795 2794
f 2722 2723 2795
f 2723 2796 2795
f 2723 2724 2796
f 2724 2797 2796
f 2724 2725 2797
f 2725 2798 2797
f 2725 2726 2798
f 2726 2799 2798
f 2726 2727 2799
f 2727 2800 2799
f 2727 2728 2800
f 2728 2801 2800
f 2728 2729 2801
f 2729 2802 2801
f 2729 2730 2802
f 2730 2803 2802
f 2730 2731 2803
f 2731 2804 2803
f 2731 2732 2804
f 2732 2805 2804
f 2732 2733 2805
f 2733 2806 2805
f 2733 2734 2806
f 2734 2807 2806
f 2734 2735 2807
f 2735 2808 2807
f 2735 2736 2808
f 2736 2737 2808
f 2736 2665 2737
f 2737 2810 2809
f 2737 2738 2810
f 2738 2811 2810
f 2738 2739 2811
f 2739 2812 2811
f 2739 2740 2812
f 2740 2813 2812
f 2740 2741 2813
f 2741 2814 2813
f 2741 2742 2814
f 2742 2815 2814
f 2742 2743 2815
f 2743 2816 2815
f 2743 2744 2816
f 2744 2817 2816
f 2744 2745 2817
f 2745 2818 2817
f 2745 2746 2818
f 2746 2819 2818
f 2746 2747 2819
f 2747 2820 2819
f 2747 2748 2820
f 2748 2821 2820
f 2748 2749 2821
f 2749 2822 2821
f 2749 2750 2822
f 2750 2823 2822
f 2750 2751 2823
f 2751 2824 2823
f 2751 2752 2824
f 2752 2825 2824
f 2752 2753 2825
f 2753 2826 2825
f 2753 2754 2826
f 2754 2827 2826
f 2754 2755 2827
f 2755 2828 2827
f 2755 2756 2828
f 2756 2829 2828
f 2756 2757 2829
f 2757 2830 2829
f 2757 2758 2830
f 2758 2831 2830
f 2758 2759 2831
f 2759 2832 2831
f 2759 2760 2832
f 2760 2833 2832
f 2760 2761 2833
f 2761 2834 2833
f 2761 2762 2834
f 2762 2835 2834
f 2762 2763 2835
f 2763 2836 2835
f 2763 2764 2836
f 2764 2837 2836
f 2764 2765 2837
f 2765 2838 2837
f 2765 2766 2838
f 2766 2839 2838
f 2766 2767 2839
f 2767 2840 2839
f 2767 2768 2840
f 2768 2841 2840
f 2768 2769 2841
f 2769 2842 2841
f 2769 2770 2842
f 2770 2843 2842
f 2770 2771 2843
f 2771 2844 2843
f 2771 2772 2844
f 2772 2845 2844
f 2772 2773 2845
f 2773 2846 2845
f 2773 2774 2846
f 2774 2847 2846
f 2774 2775 2847
f 2775 2848 2847
f 2775 2776 2848
f 2776 2849 2848
f 2776 2777 2849
f 2777 2850 2849
f 2777 2778 2850
f 2778 2851 2850
f 2778 2779 2851
f 2779 2852 2851
f 2779 2780 2852
f 2780 2853 2852
f 2780 2781 2853
f 2781 2854 2853
f 2781 2782 2854
f 2782 2855 2854
f 2782 2783 2855
f 2783 2856 2855
f 2783 2784 2856
f 2784 2857 2856
f 2784 2785 2857
f 2785 2858 2857
f 2785 2786 2858
f 2786 2859 2858
f 2786 2787 2859
f 2787 2860 2859
f 2787 2788 2860
f 2788 2861 2860
f 2788 2789 2861
f 2789 2862 2861
f 2789 2790 2862
f 2790 2863 2862
f 2790 2791 2863
f 2791 2864 2863
f 2791 2792 2864
f 2792 2865 2864
f 2792 2793 2865
f 2793 2866 2865
f 2793 2794 2866
f 2794 2867 2866
f 2794 2795 2867
f 2795 2868 2867
f 2795 2796 2868
f 2796 2869 2868
f 2796 2797 2869
f 2797 2870 2869
f 2797 2798 2870
f 2798 2871 2870
f 2798 2799 2871
f 2799 2872 2871
f 2799 2800 2872
f 2800 2873 2872
f 2800 2801 2873
f 2801 2874 2873
f 2801 2802 2874
f 2802 2875 2874
f 2802 2803 2875
f 2803 2876 2875
f 2803 2804 2876
f 2804 2877 2876
f 2804 2805 2877
f 2805 2878 2877
f 2805 2806 2878
f 2806 2879 2878
f 2806 2807 2879
f 2807 2880 2879
f 2807 2808 2880
f 2808 2809 2880
f 2808 2737 2809
f 2809 2882 2881
f 2809 2810 2882
f 2810 2883 2882
f 2810 2811 2883
f 2811 2884 2883
f 2811 2812 2884
f 2812 2885 2884
f 2812 2813 2885
f 2813 2886 2885
f 2813 2814 2886
f 2814 2887 2886
f 2814 2815 2887
f 2815 2888 2887
f 2815 2816 2888
f 2816 2889 2888
f 2816 2817 2889
f 2817 2890 2889
f 2817 2818 2890
f 2818 2891 2890
f 2818 2819 2891
f 2819 2892 2891
f 2819 2820 2892
f 2820 2893 2892
f 2820 2821 2893
f 2821 2894 2893
f 2821 2822 2894
f 2822 2895 2894
f 2822 2823 2895
f 2823 2896 2895
f 2823 2824 2896
f 2824 2897 2896
f 2824 2825 2897
f 2825 2898 2897
f 2825 2826 2898
f 2826 2899 2898
f 2826 2827 2899
f 2827 2900 2899
f 2827 2828 2900
f 2828 2901 2900
f 2828 2829 2901
f 2829 2902 2901
f 2829 2830 2902
f 2830 2903 2902
f 2830 2831 2903
f 2831 2904 2903
f 2831 2832 2904
f 2832 2905 2904
f 2832 2833 2905
f 2833 2906 2905
f 2833 2834 2906
f 2834 2907 2906
f 2834 2835 2907
f 2835 2908 2907
f 2835 2836 2908
f 2836 2909 2908
f 2836 2837 2909
f 2837 2910 2909
f 2837 2838 2910
f 2838 2911 2910
f 2838 2839 2911
f 2839 2912 2911
f 2839 2840 2912
f 2840 2913 2912
f 2840 2841 2913
f 2841 2914 2913
f 2841 2842 2914
f 2842 2915 2914
f 2842 2843 2915
f 2843 2916 2915
f 2843 2844 2916
f 2844 2917 2916
f 2844 2845 2917
f 2845 2918 2917
f 2845 2846 2918
f 2846 2919 2918
f 2846 2847 2919
f 2847 2920 2919
f 2847 2848 2920
f 2848 2921 2920
f 2848 2849 2921
f 2849 2922 2921
f 2849 2850 2922
f 2850 2923 2922
f 2850 2851 2923
f 2851 2924 2923
f 2851 2852 2924
f 2852 2925 2924
f 2852 2853 2925
f 2853 2926 2925
f 2853 2854 2926
f 2854 2927 2926
f 2854 2855 2927
f 2855 2928 2927
f 2855 2856 2928
f 2856 2929 2928
f 2856 2857 2929
f 2857 2930 2929
f 2857 2858 2930
f 2858 2931 2930
f 2858 2859 2931
f 2859 2932 2931
f 2859 2860 2932
f 2860 2933 2932
f 2860 2861 2933
f 2861 2934 2933
f 2861 2862 2934
f 2862 2935 2934
f 2862 2863 2935
f 2863 2936 2935
f 2863 2864 2936
f 2864 2937 2936
f 2864 2865 2937
f 2865 2938 2937
f 2865 2866 2938
f 2866 2939 2938
f 2866 2867 2939
f 2867 2940 2939
f 2867 2868 2940
f 2868 2941 2940
f 2868 2869 2941
f 2869 2942 2941
f 2869 2870 2942
f 2870 2943 2942
f 2870 2871 2943
f 2871 2944 2943
f 2871 2872 2944
f 2872 2945 2944
f 2872 2873 2945
f 2873 2946 2945
f 2873 2874 2946
f 2874 2947 2946
f 2874 2875 2947
f 2875 2948 2947
f 2875 2876 2948
f 2876 2949 2948
f 2876 2877 2949
f 2877 2950 2949
f 2877 2878 2950
f 2878 2951 2950
f 2878 2879 2951
f 2879 2952 2951
f 2879 2880 2952
f 2880 2881 2952
f 2880 2809 2881
f 2881 2954 2953
f 2881 2882 2954
f 2882 2955 2954
f 2882 2883 2955
f 2883 2956 2955
f 2883 2884 2956
f 2884 2957 2956
f 2884 2885 2957
f 2885 2958 2957
f 2885 2886 2958
f 2886 2959 2958
f 2886 2887 2959
f 2887 2960 2959
f 2887 2888 2960
f 2888 2961 2960
f 2888 2889 2961
f 2889 2962 2961
f 2889 2890 2962
f 2890 2963 2962
f 2890 2891 2963
f 2891 2964 2963
f 2891 2892 2964
f 2892 2965 2964
f 2892 2893 2965
f 2893 2966 2965
f 2893 2894 2966
f 2894 2967 2966
f 2894 2895 2967
f 2895 2968 2967
f 2895 2896 2968
f 2896 2969 2968
f 2896 2897 2969
f 2897 2970 2969
f 2897 2898 2970
f 2898 2971 2970
f 2898 2899 2971
f 2899 2972 2971
f 2899 2900 2972
f 2900 2973 2972
f 2900 2901 2973
f 2901 2974 2973
f 2901 2902 2974
f 2902 2975 2974
f 2902 2903 2975
f 2903 2976 2975
f 2903 2904 2976
f 2904 2977 2976
f 2904 2905 2977
f 2905 2978 2977
f 2905 2906 2978
f 2906 2979 2978
f 2906 2907 2979
f 2907 2980 2979
f 2907 2908 2980
f 2908 2981 2980
f 2908 2909 2981
f 2909 2982 2981
f 2909 2910 2982
f 2910 2983 2982
f 2910 2911 2983
f 2911 2984 2983
f 2911 2912 2984
f 2912 2985 2984
f 2912 2913 2985
f 2913 2986 2985
f 2913 2914 2986
f 2914 2987 2986
f 2914 2915 2987
f 2915 2988 2987
f 2915 2916 2988
f 2916 2989 2988
f 2916 2917 2989
f 2917 2990 2989
f 2917 2918 2990
f 2918 2991 2990
f 2918 2919 2991
f 2919 2992 2991
f 2919 2920 2992
f 2920 2993 2992
f 2920 2921 2993
f 2921 2994 2993
f 2921 2922 2994
f 2922 2995 2994
f 2922 2923 2995
f 2923 2996 2995
f 2923 2924 2996
f 2924 2997 2996
f 2924 2925 2997
f 2925 2998 2997
f 2925 2926 2998
f 2926 2999 2998
f 2926 2927 2999
f 2927 3000 2999
f 2927 2928 3000
f 2928 3001 3000
f 2928 2929 3001
f 2929 3002 3001
f 2929 2930 3002
f 2930 3003 3002
f 2930 2931 3003
f 2931 3004 3003
f 2931 2932 3004
f 2932 3005 3004
f 2932 2933 3005
f 2933 3006 3005
f 2933 2934 3006
f 2934 3007 3006
f 2934 2935 3007
f 2935 3008 3007
f 2935 2936 3008
f 2936 3009 3008
f 2936 2937 3009
f 2937 3010 3009
f 2937 2938 3010
f 2938 3011 3010
f 2938 2939 3011
f 2939 3012 3011
f 2939 2940 3012
f 2940 3013 3012
f 2940 2941 3013
f 2941 3014 3013
f 2941 2942 3014
f 2942 3015 3014
f 2942 2943 3015
f 2943 3016 3015
f 2943 2944 3016
f 2944 3017 3016
f 2944 2945 3017
f 2945 3018 3017
f 2945 2946 3018
f 2946 3019 3018
f 2946 2947 3019
f 2947 3020 3019
f 2947 2948 3020
f 2948 3021 3020
f 2948 2949 3021
f 2949 3022 3021
f 2949 2950 3022
f 2950 3023 3022
f 2950 2951 3023
f 2951 3024 3023
f 2951 2952 3024
f 2952 2953 3024
f 2952 2881 2953
f 2953 3026 3025
f 2953 2954 3026
f 2954 3027 3026
f 2954 2955 3027
f 2955 3028 3027
f 2955 2956 3028
f 2956 3029 3028
f 2956 2957 3029
f 2957 3030 3029
f 2957 2958 3030
f 2958 3031 3030
f 2958 2959 3031
f 2959 3032 3031
f 2959 2960 3032
f 2960 3033 3032
f 2960 2961 3033
f 2961 3034 3033
f 2961 2962 3034
f 2962 3035 3034
f 2962 2963 3035
f 2963 3036 3035
f 2963 2964 3036
f 2964 3037 3036
f 2964 2965 3037
f 2965 3038 3037
f 2965 2966 3038
f 2966 3039 3038
f 2966 2967 3039
f 2967 3040 3039
f 2967 2968 3040
f 2968 3041 3040
f 2968 2969 3041
f 2969 3042 3041
f 2969 2970 3042
f 2970 3043 3042
f 2970 2971 3043
f 2971 3044 3043
f 2971 2972 3044
f 2972 3045 3044
f 2972 2973 3045
f 2973 3046 3045
f 2973 2974 3046
f 2974 3047 3046
f 2974 2975 3047
f 2975 3048 3047
f 2975 2976 3048
f 2976 3049 3048
f 2976 2977 3049
f 2977 3050 3049
f 2977 2978 3050
f 2978 3051 3050
f 2978 2979 3051
f 2979 3052 3051
f 2979 2980 3052
f 2980 3053 3052
f 2980 2981 3053
f 2981 3054 3053
f 2981 2982 3054
f 2982 3055 3054
f 2982 2983 3055
f 2983 3056 3055
f 2983 2984 3056
f 2984 3057 3056
f 2984 2985 3057
f 2985 3058 3057
f 2985 2986 3058
f 2986 3059 3058
f 2986 2987 3059
f 2987 3060 3059
f 2987 2988 3060
f 2988 3061 3060
f 2988 2989 3061
f 2989 3062 3061
f 2989 2990 3062
f 2990 3063 3062
f 2990 2991 3063
f 2991 3064 3063
f 2991 2992 3064
f 2992 3065 3064
f 2992 2993 3065
f 2993 3066 3065
f 2993 2994 3066
f 2994 3067 3066
f 2994 2995 3067
f 2995 3068 3067
f 2995 2996 3068
f 2996 3069 3068
f 2996 2997 3069
f 2997 3070 3069
f 2997 2998 3070
f 2998 3071 3070
f 2998 2999 3071
f 2999 3072 3071
f 2999 3000 3072
f 3000 3073 3072
f 3000 3001 3073
f 3001 3074 3073
f 3001 3002 3074
f 3002 3075 3074
f 3002 3003 3075
f 3003 3076 3075
f 3003 3004 3076
f 3004 3077 3076
f 3004 3005 3077
f 3005 3078 3077
f 3005 3006 3078
f 3006 3079 3078
f 3006 3007 3079
f 3007 3080 3079
f 3007 3008 3080
f 3008 3081 3080
f 3008 3009 3081
f 3009 3082 3081
f 3009 3010 3082
f 3010 3083 3082
f 3010 3011 3083
f 3011 3084 3083
f 3011 3012 3084
f 3012 3085 3084
f 3012 3013 3085
f 3013 3086 3085
f 3013 3014 3086
f 3014 3087 3086
f 3014 3015 3087
f 3015 3088 3087
f 3015 3016 3088
f 3016 3089 3088
f 3016 3017 3089
f 3017 3090 3089
f 3017 3018 3090
f 3018 3091 3090
f 3018 3019 3091
f 3019 3092 3091
f 3019 3020 3092
f 3020 3093 3092
f 3020 3021 3093
f 3021 3094 3093
f 3021 3022 3094
f 3022 3095 3094
f 3022 3023 3095
f 3023 3096 3095
f 3023 3024 3096
f 3024 3025 3096
f 3024 2953 3025
f 3025 3098 3097
f 3025 3026 3098
f 3026 3099 3098
f 3026 3027 3099
f 3027 3100 3099
f 3027 3028 3100
f 3028 3101 3100
f 3028 3029 3101
f 3029 3102 3101
f 3029 3030 3102
f 3030 3103 3102
f 3030 3031 3103
f 3031 3104 3103
f 3031 3032 3104
f 3032 3105 3104
f 3032 3033 3105
f 3033 3106 3105
f 3033 3034 3106
f 3034 3107 3106
f 3034 3035 3107
f 3035 3108 3107
f 3035 3036 3108
f 3036 3109 3108
f 3036 3037 3109
f 3037 3110 3109
f 3037 3038 3110
f 3038 3111 3110
f 3038 3039 3111
f 3039 3112 3111
f 3039 3040 3112
f 3040 3113 3112
f 3040 3041 3113
f 3041 3114 3113
f 3041 3042 3114
f 3042 3115 3114
f 3042 3043 3115
f 3043 3116 3115
f 3043 3044 3116
f 3044 3117 3116
f 3044 3045 3117
f 3045 3118 3117
f 3045 3046 3118
f 3046 3119 3118
f 3046 3047 3119
f 3047 3120 3119
f 3047 3048 3120
f 3048 3121 3120
f 3048 3049 3121
f 3049 3122 3121
f 3049 3050 3122
f 3050 3123 3122
f 3050 3051 3123
f 3051 3124 3123
f 3051 3052 3124
f 3052 3125 3124
f 3052 3053 3125
f 3053 3126 3125
f 3053 3054 3126
f 3054 3127 3126
f 3054 3055 3127
f 3055 3128 3127
f 3055 3056 3128
f 3056 3129 3128
f 3056 3057 3129
f 3057 3130 3129
f 3057 3058 3130
f 3058 3131 3130
f 3058 3059 3131
f 3059 3132 3131
f 3059 3060 3132
f 3060 3133 3132
f 3060 3061 3133
f 3061 3134 3133
f 3061 3062 3134
f 3062 3135 3134
f 3062 3063 3135
f 3063 3136 3135
f 3063 3064 3136
f 3064 3137 3136
f 3064 3065 3137
f 3065 3138 3137
f 3065 3066 3138
f 3066 3139 3138
f 3066 3067 3139
f 3067 3140 3139
f 3067 3068 3140
f 3068 3141 3140
f 3068 3069 3141
f 3069 3142 3141
f 3069 3070 3142
f 3070 3143 3142
f 3070 3071 3143
f 3071 3144 3143
f 3071 3072 3144
f 3072 3145 3144
f 3072 3073 3145
f 3073 3146 3145
f 3073 3074 3146
f 3074 3147 3146
f 3074 3075 3147
f 3075 3148 3147
f 3075 3076 3148
f 3076 3149 3148
f 3076 3077 3149
f 3077 3150 3149
f 3077 3078 3150
f 3078 3151 3150
f 3078 3079 3151
f 3079 3152 3151
f 3079 3080 3152
f 3080 3153 3152
f 3080 3081 3153
f 3081 3154 3153
f 3081 3082 3154
f 3082 3155 3154
f 3082 3083 3155
f 3083 3156 3155
f 3083 3084 3156
f 3084 3157 3156
f 3084 3085 3157
f 3085 3158 3157
f 3085 3086 3158
f 3086 3159 3158
f 3086 3087 3159
f 3087 3160 3159
f 3087 3088 3160
f 3088 3161 3160
f 3088 3089 3161
f 3089 3162 3161
f 3089 3090 3162
f 3090 3163 3162
f 3090 3091 3163
f 3091 3164 3163
f 3091 3092 3164
f 3092 3165 3164
f 3092 3093 3165
f 3093 3166 3165
f 3093 3094 3166
f 3094 3167 3166
f 3094 3095 3167
f 3095 3168 3167
f 3095 3096 3168
f 3096 3097 3168
f 3096 3025 3097
f 3097 3170 3169
f 3097 3098 3170
f 3098 3171 3170
f 3098 3099 3171
f 3099 3172 3171
f 3099 3100 3172
f 3100 3173 3172
f 3100 3101 3173
f 3101 3174 3173
f 3101 3102 3174
f 3102 3175 3174
f 3102 3103 3175
f 3103 3176 3175
f 3103 3104 3176
f 3104 3177 3176
f 3104 3105 3177
f 3105 3178 3177
f 3105 3106 3178
f 3106 3179 3178
f 3106 3107 3179
f 3107 3180 3179
f 3107 3108 3180
f 3108 3181 3180
f 3108 3109 3181
f 3109 3182 3181
f 3109 3110 3182
f 3110 3183 3182
f 3110 3111 3183
f 3111 3184 3183
f 3111 3112 3184
f 3112 3185 3184
f 3112 3113 3185
f 3113 3186 3185
f 3113 3114 3186
f 3114 3187 3186
f 3114 3115 3187
f 3115 3188 3187
f 3115 3116 3188
f 3116 3189 3188
f 3116 3117 3189
f 3117 3190 3189
f 3117 3118 3190
f 3118 3191 3190
f 3118 3119 3191
f 3119 3192 3191
f 3119 3120 3192
f 3120 3193 3192
f 3120 3121 3193
f 3121 3194 3193
f 3121 3122 3194
f 3122 3195 3194
f 3122 3123 3195
f 3123 3196 3195
f 3123 3124 3196
f 3124 3197 3196
f 3124 3125 3197
f 3125 3198 3197
f 3125 3126 3198
f 3126 3199 3198
f 3126 3127 3199
f 3127 3200 3199
f 3127 3128 3200
f 3128 3201 3200
f 3128 3129 3201
f 3129 3202 3201
f 3129 3130 3202
f 3130 3203 3202
f 3130 3131 3203
f 3131 3204 3203
f 3131 3132 3204
f 3132 3205 3204
f 3132 3133 3205
f 3133 3206 3205
f 3133 3134 3206
f 3134 3207 3206
f 3134 3135 3207
f 3135 3208 3207
f 3135 3136 3208
f 3136 3209 3208
f 3136 3137 3209
f 3137 3210 3209
f 3137 3138 3210
f 3138 3211 3210
f 3138 3139 3211
f 3139 3212 3211
f 3139 3140 3212
f 3140 3213 3212
f 3140 3141 3213
f 3141 3214 3213
f 3141 3142 3214
f 3142 3215 3214
f 3142 3143 3215
f 3143 3216 3215
f 3143 3144 3216
f 3144 3217 3216
f 3144 3145 3217
f 3145 3218 3217
f 3145 3146 3218
f 3146 3219 3218
f 3146 3147 3219
f 3147 3220 3219
f 3147 3148 3220
f 3148 3221 3220
f 3148 3149 3221
f 3149 3222 3221
f 3149 3150 3222
f 3150 3223 3222
f 3150 3151 3223
f 3151 3224 3223
f 3151 3152 3224
f 3152 3225 3224
f 3152 3153 3225
f 3153 3226 3225
f 3153 3154 3226
f 3154 3227 3226
f 3154 3155 3227
f 3155 3228 3227
f 3155 3156 3228
f 3156 3229 3228
f 3156 3157 3229
f 3157 3230 3229
f 3157 3158 3230
f 3158 3231 3230
f 3158 3159 3231
f 3159 3232 3231
f 3159 3160 3232
f 3160 3233 3232
f 3160 3161 3233
f 3161 3234 3233
f 3161 3162 3234
f 3162 3235 3234
f 3162 3163 3235
f 3163 3236 3235
f 3163 3164 3236
f 3164 3237 3236
f 3164 3165 3237
f 3165 3238 3237
f 3165 3166 3238
f 3166 3239 3238
f 3166 3167 3239
f 3167 3240 3239
f 3167 3168 3240
f 3168 3169 3240
f 3168 3097 3169
f 3169 3242 3241
f 3169 3170 3242
f 3170 3243 3242
f 3170 3171 3243
f 3171 3244 3243
f 3171 3172 3244
f 3172 3245 3244
f 3172 3173 3245
f 3173 3246 3245
f 3173 3174 3246
f 3174 3247 3246
f 3174 3175 3247
f 3175 3248 3247
f 3175 3176 3248
f 3176 3249 3248
f 3176 3177 3249
f 3177 3250 3249
f 3177 3178 3250
f 3178 3251 3250
f 3178 3179 3251
f 3179 3252 3251
f 3179 3180 3252
f 3180 3253 3252
f 3180 3181 3253
f 3181 3254 3253
f 3181 3182 3254
f 3182 3255 3254
f 3182 3183 3255
f 3183 3256 3255
f 3183 3184 3256
f 3184 3257 3256
f 3184 3185 3257
f 3185 3258 3257
f 3185 3186 3258
f 3186 3259 3258
f 3186 3187 3259
f 3187 3260 3259
f 3187 3188 3260
f 3188 3261 3260
f 3188 3189 3261
f 3189 3262 3261
f 3189 3190 3262
f 3190 3263 3262
f 3190 3191 3263
f 3191 3264 3263
f 3191 3192 3264
f 3192 3265 3264
f 3192 3193 3265
f 3193 3266 3265
f 3193 3194 3266
f 3194 3267 3266
f 3194 3195 3267
f 3195 3268 3267
f 3195 3196 3268
f 3196 3269 3268
f 3196 3197 3269
f 3197 3270 3269
f 3197 3198 3270
f 3198 3271 3270
f 3198 3199 3271
f 3199 3272 3271
f 3199 3200 3272
f 3200 3273 3272
f 3200 3201 3273
f 3201 3274 3273
f 3201 3202 3274
f 3202 3275 3274
f 3202 3203 3275
f 3203 3276 3275
f 3203 3204 3276
f 3204 3277 3276
f 3204 3205 3277
f 3205 3278 3277
f 3205 3206 3278
f 3206 3279 3278
f 3206 3207 3279
f 3207 3280 3279
f 3207 3208 3280
f 3208 3281 3280
f 3208 3209 3281
f 3209 3282 3281
f 3209 3210 3282
f 3210 3283 3282
f 3210 3211 3283
f 3211 3284 3283
f 3211 3212 3284
f 3212 3285 3284
f 3212 3213 3285
f 3213 3286 3285
f 3213 3214 3286
f 3214 3287 3286
f 3214 3215 3287
f 3215 3288 3287
f 3215 3216 3288
f 3216 3289 3288
f 3216 3217 3289
f 3217 3290 3289
f 3217 3218 3290
f 3218 3291 3290
f 3218 3219 3291
f 3219 3292 3291
f 3219 3220 3292
f 3220 3293 3292
f 3220 3221 3293
f 3221 3294 3293
f 3221 3222 3294
f 3222 3295 3294
f 3222 3223 3295
f 3223 3296 3295
f 3223 3224 3296
f 3224 3297 3296
f 3224 3225 3297
f 3225 3298 3297
f 3225 3226 3298
f 3226 3299 3298
f 3226 3227 3299
f 3227 3300 3299
f 3227 3228 3300
f 3228 3301 3300
f 3228 3229 3301
f 3229 3302 3301
f 3229 3230 3302
f 3230 3303 3302
f 3230 3231 3303
f 3231 3304 3303
f 3231 3232 3304
f 3232 3305 3304
f 3232 3233 3305
f 3233 3306 3305
f 3233 3234 3306
f 3234 3307 3306
f 3234 3235 3307
f 3235 3308 3307
f 3235 3236 3308
f 3236 3309 3308
f 3236 3237 3309
f 3237 3310 3309
f 3237 3238 3310
f 3238 3311 3310
f 3238 3239 3311
f 3239 3312 3311
f 3239 3240 3312
f 3240 3241 3312
f 3240 3169 3241
f 3241 3314 3313
f 3241 3242 3314
f 3242 3315 3314
f 3242 3243 3315
f 3243 3316 3315
f 3243 3244 3316
f 3244 3317 3316
f 3244 3245 3317
f 3245 3318 3317
f 3245 3246 3318
f 3246 3319 3318
f 3246 3247 3319
f 3247 3320 3319
f 3247 3248 3320
f 3248 3321 3320
f 3248 3249 3321
f 3249 3322 3321
f 3249 3250 3322
f 3250 3323 3322
f 3250 3251 3323
f 3251 3324 3323
f 3251 3252 3324
f 3252 3325 3324
f 3252 3253 3325
f 3253 3326 3325
f 3253 3254 3326
f 3254 3327 3326
f 3254 3255 3327
f 3255 3328 3327
f 3255 3256 3328
f 3256 3329 3328
f 3256 3257 3329
f 3257 3330 3329
f 3257 3258 3330
f 3258 3331 3330
f 3258 3259 3331
f 3259 3332 3331
f 3259 3260 3332
f 3260 3333 3332
f 3260 3261 3333
f 3261 3334 3333
f 3261 3262 3334
f 3262 3335 3334
f 3262 3263 3335
f 3263 3336 3335
f 3263 3264 3336
f 3264 3337 3336
f 3264 3265 3337
f 3265 3338 3337
f 3265 3266 3338
f 3266 3339 3338
f 3266 3267 3339
f 3267 3340 3339
f 3267 3268 3340
f 3268 3341 3340
f 3268 3269 3341
f 3269 3342 3341
f 3269 3270 3342
f 3270 3343 3342
f 3270 3271 3343
f 3271 3344 3343
f 3271 3272 3344
f 3272 3345 3344
f 3272 3273 3345
f 3273 3346 3345
f 3273 3274 3346
f 3274 3347 3346
f 3274 3275 3347
f 3275 3348 3347
f 3275 3276 3348
f 3276 3349 3348
f 3276 3277 3349
f 3277 3350 3349
f 3277 3278 3350
f 3278 3351 3350
f 3278 3279 3351
f 3279 3352 3351
f 3279 3280 3352
f 3280 3353 3352
f 3280 3281 3353
f 3281 3354 3353
f 3281 3282 3354
f 3282 3355 3354
f 3282 3283 3355
f 3283 3356 3355
f 3283 3284 3356
f 3284 3357 3356
f 3284 3285 3357
f 3285 3358 3357
f 3285 3286 3358
f 3286 3359 3358
f 3286 3287 3359
f 3287 3360 3359
f 3287 3288 3360
f 3288 3361 3360
f 3288 3289 3361
f 3289 3362 3361
f 3289 3290 3362
f 3290 3363 3362
f 3290 3291 3363
f 3291 3364 3363
f 3291 3292 3364
f 3292 3365 3364
f 3292 3293 3365
f 3293 3366 3365
f 3293 3294 3366
f 3294 3367 3366
f 3294 3295 3367
f 3295 3368 3367
f 3295 3296 3368
f 3296 3369 3368
f 3296 3297 3369
f 3297 3370 3369
f 3297 3298 3370
f 3298 3371 3370
f 3298 3299 3371
f 3299 3372 3371
f 3299 3300 3372
f 3300 3373 3372
f 3300 3301 3373
f 3301 3374 3373
f 3301 3302 3374
f 3302 3375 3374
f 3302 3303 3375
f 3303 3376 3375
f 3303 3304 3376
f 3304 3377 3376
f 3304 3305 3377
f 3305 3378 3377
f 3305 3306 3378
f 3306 3379 3378
f 3306 3307 3379
f 3307 3380 3379
f 3307 3308 3380
f 3308 3381 3380
f 3308 3309 3381
f 3309 3382 3381
f 3309 3310 3382
f 3310 3383 3382
f 3310 3311 3383
f 3311 3384 3383
f 3311 3312 3384
f 3312 3313 3384
f 3312 3241 3313
f 3313 3386 3385
f 3313 3314 3386
f 3314 3387 3386
f 3314 3315 3387
f 3315 3388 3387
f 3315 3316 3388
f 3316 3389 3388
f 3316 3317 3389
f 3317 3390 3389
f 3317 3318 3390
f 3318 3391 3390
f 3318 3319 3391
f 3319 3392 3391
f 3319 3320 3392
f 3320 3393 3392
f 3320 3321 3393
f 3321 3394 3393
f 3321 3322 3394
f 3322 3395 3394
f 3322 3323 3395
f 3323 3396 3395
f 3323 3324 3396
f 3324 3397 3396
f 3324 3325 3397
f 3325 3398 3397
f 3325 3326 3398
f 3326 3399 3398
f 3326 3327 3399
f 3327 3400 3399
f 3327 3328 3400
f 3328 3401 3400
f 3328 3329 3401
f 3329 3402 3401
f 3329 3330 3402
f 3330 3403 3402
f 3330 3331 3403
f 3331 3404 3403
f 3331 3332 3404
f 3332 3405 3404
f 3332 3333 3405
f 3333 3406 3405
f 3333 3334 3406
f 3334 3407 3406
f 3334 3335 3407
f 3335 3408 3407
f 3335 3336 3408
f 3336 3409 3408
f 3336 3337 3409
f 3337 3410 3409
f 3337 3338 3410
f 3338 3411 3410
f 3338 3339 3411
f 3339 3412 3411
f 3339 3340 3412
f 3340 3413 3412
f 3340 3341 3413
f 3341 3414 3413
f 3341 3342 3414
f 3342 3415 3414
f 3342 3343 3415
f 3343 3416 3415
f 3343 3344 3416
f 3344 3417 3416
f 3344 3345 3417
f 3345 3418 3417
f 3345 3346 3418
f 3346 3419 3418
f 3346 3347 3419
f 3347 3420 3419
f 3347 3348 3420
f 3348 3421 3420
f 3348 3349 3421
f 3349 3422 3421
f 3349 3350 3422
f 3350 3423 3422
f 3350 3351 3423
f 3351 3424 3423
f 3351 3352 3424
f 3352 3425 3424
f 3352 3353 3425
f 3353 3426 3425
f 3353 3354 3426
f 3354 3427 3426
f 3354 3355 3427
f 3355 3428 3427
f 3355 3356 3428
f 3356 3429 3428
f 3356 3357 3429
f 3357 3430 3429
f 3357 3358 3430
f 3358 3431 3430
f 3358 3359 3431
f 3359 3432 3431
f 3359 3360 3432
f 3360 3433 3432
f 3360 3361 3433
f 3361 3434 3433
f 3361 3362 3434
f 3362 3435 3434
f 3362 3363 3435
f 3363 3436 3435
f 3363 3364 3436
f 3364 3437 3436
f 3364 3365 3437
f 3365 3438 3437
f 3365 3366 3438
f 3366 3439 3438
f 3366 3367 3439
f 3367 3440 3439
f 3367 3368 3440
f 3368 3441 3440
f 3368 3369 3441
f 3369 3442 3441
f 3369 3370 3442
f 3370 3443 3442
f 3370 3371 3443
f 3371 3444 3443
f 3371 3372 3444
f 3372 3445 3444
f 3372 3373 3445
f 3373 3446 3445
f 3373 3374 3446
f 3374 3447 3446
f 3374 3375 3447
f 3375 3448 3447
f 3375 3376 3448
f 3376 3449 3448
f 3376 3377 3449
f 3377 3450 3449
f 3377 3378 3450
f 3378 3451 3450
f 3378 3379 3451
f 3379 3452 3451
f 3379 3380 3452
f 3380 3453 3452
f 3380 3381 3453
f 3381 3454 3453
f 3381 3382 3454
f 3382 3455 3454
f 3382 3383 3455
f 3383 3456 3455
f 3383 3384 3456
f 3384 3385 3456
f 3384 3313 3385
f 3385 3458 3457
f 3385 3386 3458
f 3386 3459 3458
f 3386 3387 3459
f 3387 3460 3459
f 3387 3388 3460
f 3388 3461 3460
f 3388 3389 3461
f 3389 3462 3461
f 3389 3390 3462
f 3390 3463 3462
f 3390 3391 3463
f 3391 3464 3463
f 3391 3392 3464
f 3392 3465 3464
f 3392 3393 3465
f 3393 3466 3465
f 3393 3394 3466
f 3394 3467 3466
f 3394 3395 3467
f 3395 3468 3467
f 3395 3396 3468
f 3396 3469 3468
f 3396 3397 3469
f 3397 3470 3469
f 3397 3398 3470
f 3398 3471 3470
f 3398 3399 3471
f 3399 3472 3471
f 3399 3400 3472
f 3400 3473 3472
f 3400 3401 3473
f 3401 3474 3473
f 3401 3402 3474
f 3402 3475 3474
f 3402 3403 3475
f 3403 3476 3475
f 3403 3404 3476
f 3404 3477 3476
f 3404 3405 3477
f 3405 3478 3477
f 3405 3406 3478
f 3406 3479 3478
f 3406 3407 3479
f 3407 3480 3479
f 3407 3408 3480
f 3408 3481 3480
f 3408 3409 3481
f 3409 3482 3481
f 3409 3410 3482
f 3410 3483 3482
f 3410 3411 3483
f 3411 3484 3483
f 3411 3412 3484
f 3412 3485 3484
f 3412 3413 3485
f 3413 3486 3485
f 3413 3414 3486
f 3414 3487 3486
f 3414 3415 3487
f 3415 3488 3487
f 3415 3416 3488
f 3416 3489 3488
f 3416 3417 3489
f 3417 3490 3489
f 3417 3418 3490
f 3418 3491 3490
f 3418 3419 3491
f 3419 3492 3491
f 3419 3420 3492
f 3420 3493 3492
f 3420 3421 3493
f 3421 3494 3493
f 3421 3422 3494
f 3422 3495 3494
f 3422 3423 3495
f 3423 3496 3495
f 3423 3424 3496
f 3424 3497 3496
f 3424 3425 3497
f 3425 3498 3497
f 3425 3426 3498
f 3426 3499 3498
f 3426 3427 3499
f 3427 3500 3499
f 3427 3428 3500
f 3428 3501 3500
f 3428 3429 3501
f 3429 3502 3501
f 3429 3430 3502
f 3430 3503 3502
f 3430 3431 3503
f 3431 3504 3503
f 3431 3432 3504
f 3432 3505 3504
f 3432 3433 3505
f 3433 3506 3505
f 3433 3434 3506
f 3434 3507 3506
f 3434 3435 3507
f 3435 3508 3507
f 3435 3436 3508
f 3436 3509 3508
f 3436 3437 3509
f 3437 3510 3509
f 3437 3438 3510
f 3438 3511 3510
f 3438 3439 3511
f 3439 3512 3511
f 3439 3440 3512
f 3440 3513 3512
f 3440 3441 3513
f 3441 3514 3513
f 3441 3442 3514
f 3442 3515 3514
f 3442 3443 3515
f 3443 3516 3515
f 3443 3444 3516
f 3444 3517 3516
f 3444 3445 3517
f 3445 3518 3517
f 3445 3446 3518
f 3446 3519 3518
f 3446 3447 3519
f 3447 3520 3519
f 3447 3448 3520
f 3448 3521 3520
f 3448 3449 3521
f 3449 3522 3521
f 3449 3450 3522
f 3450 3523 3522
f 3450 3451 3523
f 3451 3524 3523
f 3451 3452 3524
f 3452 3525 3524
f 3452 3453 3525
f 3453 3526 3525
f 3453 3454 3526
f 3454 3527 3526
f 3454 3455 3527
f 3455 3528 3527
f 3455 3456 3528
f 3456 3457 3528
f 3456 3385 3457
f 3457 3530 3529
f 3457 3458 3530
f 3458 3531 3530
f 3458 3459 3531
f 3459 3532 3531
f 3459 3460 3532
f 3460 3533 3532
f 3460 3461 3533
f 3461 3534 3533
f 3461 3462 3534
f 3462 3535 3534
f 3462 3463 3535
f 3463 3536 3535
f 3463 3464 3536
f 3464 3537 3536
f 3464 3465 3537
f 3465 3538 3537
f 3465 3466 3538
f 3466 3539 3538
f 3466 3467 3539
f 3467 3540 3539
f 3467 3468 3540
f 3468 3541 3540
f 3468 3469 3541
f 3469 3542 3541
f 3469 3470 3542
f 3470 3543 3542
f 3470 3471 3543
f 3471 3544 3543
f 3471 3472 3544
f 3472 3545 3544
f 3472 3473 3545
f 3473 3546 3545
f 3473 3474 3546
f 3474 3547 3546
f 3474 3475 3547
f 3475 3548 3547
f 3475 3476 3548
f 3476 3549 3548
f 3476 3477 3549
f 3477 3550 3549
f 3477 3478 3550
f 3478 3551 3550
f 3478 3479 3551
f 3479 3552 3551
f 3479 3480 3552
f 3480 3553 3552
f 3480 3481 3553
f 3481 3554 3553
f 3481 3482 3554
f 3482 3555 3554
f 3482 3483 3555
f 3483 3556 3555
f 3483 3484 3556
f 3484 3557 3556
f 3484 3485 3557
f 3485 3558 3557
f 3485 3486 3558
f 3486 3559 3558
f 3486 3487 3559
f 3487 3560 3559
f 3487 3488 3560
f 3488 3561 3560
f 3488 3489 3561
f 3489 3562 3561
f 3489 3490 3562
f 3490 3563 3562
f 3490 3491 3563
f 3491 3564 3563
f 3491 3492 3564
f 3492 3565 3564
f 3492 3493 3565
f 3493 3566 3565
f 3493 3494 3566
f 3494 3567 3566
f 3494 3495 3567
f 3495 3568 3567
f 3495 3496 3568
f 3496 3569 3568
f 3496 3497 3569
f 3497 3570 3569
f 3497 3498 3570
f 3498 3571 3570
f 3498 3499 3571
f 3499 3572 3571
f 3499 3500 3572
f 3500 3573 3572
f 3500 3501 3573
f 3501 3574 3573
f 3501 3502 3574
f 3502 3575 3574
f 3502 3503 3575
f 3503 3576 3575
f 3503 3504 3576
f 3504 3577 3576
f 3504 3505 3577
f 3505 3578 3577
f 3505 3506 3578
f 3506 3579 3578
f 3506 3507 3579
f 3507 3580 3579
f 3507 3508 3580
f 3508 3581 3580
f 3508 3509 3581
f 3509 3582 3581
f 3509 3510 3582
f 3510 3583 3582
f 3510 3511 3583
f 3511 3584 3583
f 3511 3512 3584
f 3512 3585 3584
f 3512 3513 3585
f 3513 3586 3585
f 3513 3514 3586
f 3514 3587 3586
f 3514 3515 3587
f 3515 3588 3587
f 3515 3516 3588
f 3516 3589 3588
f 3516 3517 3589
f 3517 3590 3589
f 3517 3518 3590
f 3518 3591 3590
f 3518 3519 3591
f 3519 3592 3591
f 3519 3520 3592
f 3520 3593 3592
f 3520 3521 3593
f 3521 3594 3593
f 3521 3522 3594
f 3522 3595 3594
f 3522 3523 3595
f 3523 3596 3595
f 3523 3524 3596
f 3524 3597 3596
f 3524 3525 3597
f 3525 3598 3597
f 3525 3526 3598
f 3526 3599 3598
f 3526 3527 3599
f 3527 3600 3599
f 3527 3528 3600
f 3528 3529 3600
f 3528 3457 3529
f 3529 3602 3601
f 3529 3530 3602
f 3530 3603 3602
f 3530 3531 3603
f 3531 3604 3603
f 3531 3532 3604
f 3532 3605 3604
f 3532 3533 3605
f 3533 3606 3605
f 3533 3534 3606
f 3534 3607 3606
f 3534 3535 3607
f 3535 3608 3607
f 3535 3536 3608
f 3536 3609 3608
f 3536 3537 3609
f 3537 3610 3609
f 3537 3538 3610
f 3538 3611 3610
f 3538 3539 3611
f 3539 3612 3611
f 3539 3540 3612
f 3540 3613 3612
f 3540 3541 3613
f 3541 3614 3613
f 3541 3542 3614
f 3542 3615 3614
f 3542 3543 3615
f 3543 3616 3615
f 3543 3544 3616
f 3544 3617 3616
f 3544 3545 3617
f 3545 3618 3617
f 3545 3546 3618
f 3546 3619 3618
f 3546 3547 3619
f 3547 3620 3619
f 3547 3548 3620
f 3548 3621 3620
f 3548 3549 3621
f 3549 3622 3621
f 3549 3550 3622
f 3550 3623 3622
f 3550 3551 3623
f 3551 3624 3623
f 3551 3552 3624
f 3552 3625 3624
f 3552 3553 3625
f 3553 3626 3625
f 3553 3554 3626
f 3554 3627 3626
f 3554 3555 3627
f 3555 3628 3627
f 3555 3556 3628
f 3556 3629 3628
f 3556 3557 3629
f 3557 3630 3629
f 3557 3558 3630
f 3558 3631 3630
f 3558 3559 3631
f 3559 3632 3631
f 3559 3560 3632
f 3560 3633 3632
f 3560 3561 3633
f 3561 3634 3633
f 3561 3562 3634
f 3562 3635 3634
f 3562 3563 3635
f 3563 3636 3635
f 3563 3564 3636
f 3564 3637 3636
f 3564 3565 3637
f 3565 3638 3637
f 3565 3566 3638
f 3566 3639 3638
f 3566 3567 3639
f 3567 3640 3639
f 3567 3568 3640
f 3568 3641 3640
f 3568 3569 3641
f 3569 3642 3641
f 3569 3570 3642
f 3570 3643 3642
f 3570 3571 3643
f 3571 3644 3643
f 3571 3572 3644
f 3572 3645 3644
f 3572 3573 3645
f 3573 3646 3645
f 3573 3574 3646
f 3574 3647 3646
f 3574 3575 3647
f 3575 3648 3647
f 3575 3576 3648
f 3576 3649 3648
f 3576 3577 3649
f 3577 3650 3649
f 3577 3578 3650
f 3578 3651 3650
f 3578 3579 3651
f 3579 3652 3651
f 3579 3580 3652
f 3580 3653 3652
f 3580 3581 3653
f 3581 3654 3653
f 3581 3582 3654
f 3582 3655 3654
f 3582 3583 3655
f 3583 3656 3655
f 3583 3584 3656
f 3584 3657 3656
f 3584 3585 3657
f 3585 3658 3657
f 3585 3586 3658
f 3586 3659 3658
f 3586 3587 3659
f 3587 3660 3659
f 3587 3588 3660
f 3588 3661 3660
f 3588 3589 3661
f 3589 3662 3661
f 3589 3590 3662
f 3590 3663 3662
f 3590 3591 3663
f 3591 3664 3663
f 3591 3592 3664
f 3592 3665 3664
f 3592 3593 3665
f 3593 3666 3665
f 3593 3594 3666
f 3594 3667 3666
f 3594 3595 3667
f 3595 3668 3667
f 3595 3596 3668
f 3596 3669 3668
f 3596 3597 3669
f 3597 3670 3669
f 3597 3598 3670
f 3598 3671 3670
f 3598 3599 3671
f 3599 3672 3671
f 3599 3600 3672
f 3600 3601 3672
f 3600 3529 3601
f 3601 3674 3673
f 3601 3602 3674
f 3602 3675 3674
f 3602 3603 3675
f 3603 3676 3675
f 3603 3604 3676
f 3604 3677 3676
f 3604 3605 3677
f 3605 3678 3677
f 3605 3606 3678
f 3606 3679 3678
f 3606 3607 3679
f 3607 3680 3679
f 3607 3608 3680
f 3608 3681 3680
f 3608 3609 3681
f 3609 3682 3681
f 3609 3610 3682
f 3610 3683 3682
f 3610 3611 3683
f 3611 3684 3683
f 3611 3612 3684
f 3612 3685 3684
f 3612 3613 3685
f 3613 3686 3685
f 3613 3614 3686
f 3614 3687 3686
f 3614 3615 3687
f 3615 3688 3687
f 3615 3616 3688
f 3616 3689 3688
f 3616 3617 3689
f 3617 3690 3689
f 3617 3618 3690
f 3618 3691 3690
f 3618 3619 3691
f 3619 3692 3691
f 3619 3620 3692
f 3620 3693 3692
f 3620 3621 3693
f 3621 3694 3693
f 3621 3622 3694
f 3622 3695 3694
f 3622 3623 3695
f 3623 3696 3695
f 3623 3624 3696
f 3624 3697 3696
f 3624 3625 3697
f 3625 3698 3697
f 3625 3626 3698
f 3626 3699 3698
f 3626 3627 3699
f 3627 3700 3699
f 3627 3628 3700
f 3628 3701 3700
f 3628 3629 3701
f 3629 3702 3701
f 3629 3630 3702
f 3630 3703 3702
f 3630 3631 3703
f 3631 3704 3703
f 3631 3632 3704
f 3632 3705 3704
f 3632 3633 3705
f 3633 3706 3705
f 3633 3634 3706
f 3634 3707 3706
f 3634 3635 3707
f 3635 3708 3707
f 3635 3636 3708
f 3636 3709 3708
f 3636 3637 3709
f 3637 3710 3709
f 3637 3638 3710
f 3638 3711 3710
f 3638 3639 3711
f 3639 3712 3711
f 3639 3640 3712
f 3640 3713 3712
f 3640 3641 3713
f 3641 3714 3713
f 3641 3642 3714
f 3642 3715 3714
f 3642 3643 3715
f 3643 3716 3715
f 3643 3644 3716
f 3644 3717 3716
f 3644 3645 3717
f 3645 3718 3717
f 3645 3646 3718
f 3646 3719 3718
f 3646 3647 3719
f 3647 3720 3719
f 3647 3648 3720
f 3648 3721 3720
f 3648 3649 3721
f 3649 3722 3721
f 3649 3650 3722
f 3650 3723 3722
f 3650 3651 3723
f 3651 3724 3723
f 3651 3652 3724
f 3652 3725 3724
f 3652 3653 3725
f 3653 3726 3725
f 3653 3654 3726
f 3654 3727 3726
f 3654 3655 3727
f 3655 3728 3727
f 3655 3656 3728
f 3656 3729 3728
f 3656 3657 3729
f 3657 3730 3729
f 3657 3658 3730
f 3658 3731 3730
f 3658 3659 3731
f 3659 3732 3731
f 3659 3660 3732
f 3660 3733 3732
f 3660 3661 3733
f 3661 3734 3733
f 3661 3662 3734
f 3662 3735 3734
f 3662 3663 3735
f 3663 3736 3735
f 3663 3664 3736
f 3664 3737 3736
f 3664 3665 3737
f 3665 3738 3737
f 3665 3666 3738
f 3666 3739 3738
f 3666 3667 3739
f 3667 3740 3739
f 3667 3668 3740
f 3668 3741 3740
f 3668 3669 3741
f 3669 3742 3741
f 3669 3670 3742
f 3670 3743 3742
f 3670 3671 3743
f 3671 3744 3743
f 3671 3672 3744
f 3672 3673 3744
f 3672 3601 3673
f 3673 3746 3745
f 3673 3674 3746
f 3674 3747 3746
f 3674 3675 3747
f 3675 3748 3747
f 3675 3676 3748
f 3676 3749 3748
f 3676 3677 3749
f 3677 3750 3749
f 3677 3678 3750
f 3678 3751 3750
f 3678 3679 3751
f 3679 3752 3751
f 3679 3680 3752
f 3680 3753 3752
f 3680 3681 3753
f 3681 3754 3753
f 3681 3682 3754
f 3682 3755 3754
f 3682 3683 3755
f 3683 3756 3755
f 3683 3684 3756
f 3684 3757 3756
f 3684 3685 3757
f 3685 3758 3757
f 3685 3686 3758
f 3686 3759 3758
f 3686 3687 3759
f 3687 3760 3759
f 3687 3688 3760
f 3688 3761 3760
f 3688 3689 3761
f 3689 3762 3761
f 3689 3690 3762
f 3690 3763 3762
f 3690 3691 3763
f 3691 3764 3763
f 3691 3692 3764
f 3692 3765 3764
f 3692 3693 3765
f 3693 3766 3765
f 3693 3694 3766
f 3694 3767 3766
f 3694 3695 3767
f 3695 3768 3767
f 3695 3696 3768
f 3696 3769 3768
f 3696 3697 3769
f 3697 3770 3769
f 3697 3698 3770
f 3698 3771 3770
f 3698 3699 3771
f 3699 3772 3771
f 3699 3700 3772
f 3700 3773 3772
f 3700 3701 3773
f 3701 3774 3773
f 3701 3702 3774
f 3702 3775 3774
f 3702 3703 3775
f 3703 3776 3775
f 3703 3704 3776
f 3704 3777 3776
f 3704 3705 3777
f 3705 3778 3777
f 3705 3706 3778
f 3706 3779 3778
f 3706 3707 3779
f 3707 3780 3779
f 3707 3708 3780
f 3708 3781 3780
f 3708 3709 3781
f 3709 3782 3781
f 3709 3710 3782
f 3710 3783 3782
f 3710 3711 3783
f 3711 3784 3783
f 3711 3712 3784
f 3712 3785 3784
f 3712 3713 3785
f 3713 3786 3785
f 3713 3714 3786
f 3714 3787 3786
f 3714 3715 3787
f 3715 3788 3787
f 3715 3716 3788
f 3716 3789 3788
f 3716 3717 3789
f 3717 3790 3789
f 3717 3718 3790
f 3718 3791 3790
f 3718 3719 3791
f 3719 3792 3791
f 3719 3720 3792
f 3720 3793 3792
f 3720 3721 3793
f 3721 3794 3793
f 3721 3722 3794
f 3722 3795 3794
f 3722 3723 3795
f 3723 3796 3795
f 3723 3724 3796
f 3724 3797 3796
f 3724 3725 3797
f 3725 3798 3797
f 3725 3726 3798
f 3726 3799 3798
f 3726 3727 3799
f 3727 3800 3799
f 3727 3728 3800
f 3728 3801 3800
f 3728 3729 3801
f 3729 3802 3801
f 3729 3730 3802
f 3730 3803 3802
f 3730 3731 3803
f 3731 3804 3803
f 3731 3732 3804
f 3732 3805 3804
f 3732 3733 3805
f 3733 3806 3805
f 3733 3734 3806
f 3734 3807 3806
f 3734 3735 3807
f 3735 3808 3807
f 3735 3736 3808
f 3736 3809 3808
f 3736 3737 3809
f 3737 3810 3809
f 3737 3738 3810
f 3738 3811 3810
f 3738 3739 3811
f 3739 3812 3811
f 3739 3740 3812
f 3740 3813 3812
f 3740 3741 3813
f 3741 3814 3813
f 3741 3742 3814
f 3742 3815 3814
f 3742 3743 3815
f 3743 3816 3815
f 3743 3744 3816
f 3744 3745 3816
f 3744 3673 3745
f 3745 3818 3817
f 3745 3746 3818
f 3746 3819 3818
f 3746 3747 3819
f 3747 3820 3819
f 3747 3748 3820
f 3748 3821 3820
f 3748 3749 3821
f 3749 3822 3821
f 3749 3750 3822
f 3750 3823 3822
f 3750 3751 3823
f 3751 3824 3823
f 3751 3752 3824
f 3752 3825 3824
f 3752 3753 3825
f 3753 3826 3825
f 3753 3754 3826
f 3754 3827 3826
f 3754 3755 3827
f 3755 3828 3827
f 3755 3756 3828
f 3756 3829 3828
f 3756 3757 3829
f 3757 3830 3829
f 3757 3758 3830
f 3758 3831 3830
f 3758 3759 3831
f 3759 3832 3831
f 3759 3760 3832
f 3760 3833 3832
f 3760 3761 3833
f 3761 3834 3833
f 3761 3762 3834
f 3762 3835 3834
f 3762 3763 3835
f 3763 3836 3835
f 3763 3764 3836
f 3764 3837 3836
f 3764 3765 3837
f 3765 3838 3837
f 3765 3766 3838
f 3766 3839 3838
f 3766 3767 3839
f 3767 3840 3839
f 3767 3768 3840
f 3768 3841 3840
f 3768 3769 3841
f 3769 3842 3841
f 3769 3770 3842
f 3770 3843 3842
f 3770 3771 3843
f 3771 3844 3843
f 3771 3772 3844
f 3772 3845 3844
f 3772 3773 3845
f 3773 3846 3845
f 3773 3774 3846
f 3774 3847 3846
f 3774 3775 3847
f 3775 3848 3847
f 3775 3776 3848
f 3776 3849 3848
f 3776 3777 3849
f 3777 3850 3849
f 3777 3778 3850
f 3778 3851 3850
f 3778 3779 3851
f 3779 3852 3851
f 3779 3780 3852
f 3780 3853 3852
f 3780 3781 3853
f 3781 3854 3853
f 3781 3782 3854
f 3782 3855 3854
f 3782 3783 3855
f 3783 3856 3855
f 3783 3784 3856
f 3784 3857 3856
f 3784 3785 3857
f 3785 3858 3857
f 3785 3786 3858
f 3786 3859 3858
f 3786 3787 3859
f 3787 3860 3859
f 3787 3788 3860
f 3788 3861 3860
f 3788 3789 3861
f 3789 3862 3861
f 3789 3790 3862
f 3790 3863 3862
f 3790 3791 3863
f 3791 3864 3863
f 3791 3792 3864
f 3792 3865 3864
f 3792 3793 3865
f 3793 3866 3865
f 3793 3794 3866
f 3794 3867 3866
f 3794 3795 3867
f 3795 3868 3867
f 3795 3796 3868
f 3796 3869 3868
f 3796 3797 3869
f 3797 3870 3869
f 3797 3798 3870
f 3798 3871 3870
f 3798 3799 3871
f 3799 3872 3871
f 3799 3800 3872
f 3800 3873 3872
f 3800 3801 3873
f 3801 3874 3873
f 3801 3802 3874
f 3802 3875 3874
f 3802 3803 3875
f 3803 3876 3875
f 3803 3804 3876
f 3804 3877 3876
f 3804 3805 3877
f 3805 3878 3877
f 3805 3806 3878
f 3806 3879 3878
f 3806 3807 3879
f 3807 3880 3879
f 3807 3808 3880
f 3808 3881 3880
f 3808 3809 3881
f 3809 3882 3881
f 3809 3810 3882
f 3810 3883 3882
f 3810 3811 3883
f 3811 3884 3883
f 3811 3812 3884
f 3812 3885 3884
f 3812 3813 3885
f 3813 3886 3885
f 3813 3814 3886
f 3814 3887 3886
f 3814 3815 3887
f 3815 3888 3887
f 3815 3816 3888
f 3816 3817 3888
f 3816 3745 3817
f 3817 3890 3889
f 3817 3818 3890
f 3818 3891 3890
f 3818 3819 3891
f 3819 3892 3891
f 3819 3820 3892
f 3820 3893 3892
f 3820 3821 3893
f 3821 3894 3893
f 3821 3822 3894
f 3822 3895 3894
f 3822 3823 3895
f 3823 3896 3895
f 3823 3824 3896
f 3824 3897 3896
f 3824 3825 3897
f 3825 3898 3897
f 3825 3826 3898
f 3826 3899 3898
f 3826 3827 3899
f 3827 3900 3899
f 3827 3828 3900
f 3828 3901 3900
f 3828 3829 3901
f 3829 3902 3901
f 3829 3830 3902
f 3830 3903 3902
f 3830 3831 3903
f 3831 3904 3903
f 3831 3832 3904
f 3832 3905 3904
f 3832 3833 3905
f 3833 3906 3905
f 3833 3834 3906
f 3834 3907 3906
f 3834 3835 3907
f 3835 3908 3907
f 3835 3836 3908
f 3836 3909 3908
f 3836 3837 3909
f 3837 3910 3909
f 3837 3838 3910
f 3838 3911 3910
f 3838 3839 3911
f 3839 3912 3911
f 3839 3840 3912
f 3840 3913 3912
f 3840 3841 3913
f 3841 3914 3913
f 3841 3842 3914
f 3842 3915 3914
f 3842 3843 3915
f 3843 3916 3915
f 3843 3844 3916
f 3844 3917 3916
f 3844 3845 3917
f 3845 3918 3917
f 3845 3846 3918
f 3846 3919 3918
f 3846 3847 3919
f 3847 3920 3919
f 3847 3848 3920
f 3848 3921 3920
f 3848 3849 3921
f 3849 3922 3921
f 3849 3850 3922
f 3850 3923 3922
f 3850 3851 3923
f 3851 3924 3923
f 3851 3852 3924
f 3852 3925 3924
f 3852 3853 3925
f 3853 3926 3925
f 3853 3854 3926
f 3854 3927 3926
f 3854 3855 3927
f 3855 3928 3927
f 3855 3856 3928
f 3856 3929 3928
f 3856 3857 3929
f 3857 3930 3929
f 3857 3858 3930
f 3858 3931 3930
f 3858 3859 3931
f 3859 3932 3931
f 3859 3860 3932
f 3860 3933 3932
f 3860 3861 3933
f 3861 3934 3933
f 3861 3862 3934
f 3862 3935 3934
f 3862 3863 3935
f 3863 3936 3935
f 3863 3864 3936
f 3864 3937 3936
f 3864 3865 3937
f 3865 3938 3937
f 3865 3866 3938
f 3866 3939 3938
f 3866 3867 3939
f 3867 3940 3939
f 3867 3868 3940
f 3868 3941 3940
f 3868 3869 3941
f 3869 3942 3941
f 3869 3870 3942
f 3870 3943 3942
f 3870 3871 3943
f 3871 3944 3943
f 3871 3872 3944
f 3872 3945 3944
f 3872 3873 3945
f 3873 3946 3945
f 3873 3874 3946
f 3874 3947 3946
f 3874 3875 3947
f 3875 3948 3947
f 3875 3876 3948
f 3876 3949 3948
f 3876 3877 3949
f 3877 3950 3949
f 3877 3878 3950
f 3878 3951 3950
f 3878 3879 3951
f 3879 3952 3951
f 3879 3880 3952
f 3880 3953 3952
f 3880 3881 3953
f 3881 3954 3953
f 3881 3882 3954
f 3882 3955 3954
f 3882 3883 3955
f 3883 3956 3955
f 3883 3884 3956
f 3884 3957 3956
f 3884 3885 3957
f 3885 3958 3957
f 3885 3886 3958
f 3886 3959 3958
f 3886 3887 3959
f 3887 3960 3959
f 3887 3888 3960
f 3888 3889 3960
f 3888 3817 3889
f 3889 3962 3961
f 3889 3890 3962
f 3890 3963 3962
f 3890 3891 3963
f 3891 3964 3963
f 3891 3892 3964
f 3892 3965 3964
f 3892 3893 3965
f 3893 3966 3965
f 3893 3894 3966
f 3894 3967 3966
f 3894 3895 3967
f 3895 3968 3967
f 3895 3896 3968
f 3896 3969 3968
f 3896 3897 3969
f 3897 3970 3969
f 3897 3898 3970
f 3898 3971 3970
f 3898 3899 3971
f 3899 3972 3971
f 3899 3900 3972
f 3900 3973 3972
f 3900 3901 3973
f 3901 3974 3973
f 3901 3902 3974
f 3902 3975 3974
f 3902 3903 3975
f 3903 3976 3975
f 3903 3904 3976
f 3904 3977 3976
f 3904 3905 3977
f 3905 3978 3977
f 3905 3906 3978
f 3906 3979 3978
f 3906 3907 3979
f 3907 3980 3979
f 3907 3908 3980
f 3908 3981 3980
f 3908 3909 3981
f 3909 3982 3981
f 3909 3910 3982
f 3910 3983 3982
f 3910 3911 3983
f 3911 3984 3983
f 3911 3912 3984
f 3912 3985 3984
f 3912 3913 3985
f 3913 3986 3985
f 3913 3914 3986
f 3914 3987 3986
f 3914 3915 3987
f 3915 3988 3987
f 3915 3916 3988
f 3916 3989 3988
f 3916 3917 3989
f 3917 3990 3989
f 3917 3918 3990
f 3918 3991 3990
f 3918 3919 3991
f 3919 3992 3991
f 3919 3920 3992
f 3920 3993 3992
f 3920 3921 3993
f 3921 3994 3993
f 3921 3922 3994
f 3922 3995 3994
f 3922 3923 3995
f 3923 3996 3995
f 3923 3924 3996
f 3924 3997 3996
f 3924 3925 3997
f 3925 3998 3997
f 3925 3926 3998
f 3926 3999 3998
f 3926 3927 3999
f 3927 4000 3999
f 3927 3928 4000
f 3928 4001 4000
f 3928 3929 4001
f 3929 4002 4001
f 3929 3930 4002
f 3930 4003 4002
f 3930 3931 4003
f 3931 4004 4003
f 3931 3932 4004
f 3932 4005 4004
f 3932 3933 4005
f 3933 4006 4005
f 3933 3934 4006
f 3934 4007 4006
f 3934 3935 4007
f 3935 4008 4007
f 3935 3936 4008
f 3936 4009 4008
f 3936 3937 4009
f 3937 4010 4009
f 3937 3938 4010
f 3938 4011 4010
f 3938 3939 4011
f 3939 4012 4011
f 3939 3940 4012
f 3940 4013 4012
f 3940 3941 4013
f 3941 4014 4013
f 3941 3942 4014
f 3942 4015 4014
f 3942 3943 4015
f 3943 4016 4015
f 3943 3944 4016
f 3944 4017 4016
f 3944 3945 4017
f 3945 4018 4017
f 3945 3946 4018
f 3946 4019 4018
f 3946 3947 4019
f 3947 4020 4019
f 3947 3948 4020
f 3948 4021 4020
f 3948 3949 4021
f 3949 4022 4021
f 3949 3950 4022
f 3950 4023 4022
f 3950 3951 4023
f 3951 4024 4023
f 3951 3952 4024
f 3952 4025 4024
f 3952 3953 4025
f 3953 4026 4025
f 3953 3954 4026
f 3954 4027 4026
f 3954 3955 4027
f 3955 4028 4027
f 3955 3956 4028
f 3956 4029 4028
f 3956 3957 4029
f 3957 4030 4029
f 3957 3958 4030
f 3958 4031 4030
f 3958 3959 4031
f 3959 4032 4031
f 3959 3960 4032
f 3960 3961 4032
f 3960 3889 3961
f 3961 4034 4033
f 3961 3962 4034
f 3962 4035 4034
f 3962 3963 4035
f 3963 4036 4035
f 3963 3964 4036
f 3964 4037 4036
f 3964 3965 4037
f 3965 4038 4037
f 3965 3966 4038
f 3966 4039 4038
f 3966 3967 4039
f 3967 4040 4039
f 3967 3968 4040
f 3968 4041 4040
f 3968 3969 4041
f 3969 4042 4041
f 3969 3970 4042
f 3970 4043 4042
f 3970 3971 4043
f 3971 4044 4043
f 3971 3972 4044
f 3972 4045 4044
f 3972 3973 4045
f 3973 4046 4045
f 3973 3974 4046
f 3974 4047 4046
f 3974 3975 4047
f 3975 4048 4047
f 3975 3976 4048
f 3976 4049 4048
f 3976 3977 4049
f 3977 4050 4049
f 3977 3978 4050
f 3978 4051 4050
f 3978 3979 4051
f 3979 4052 4051
f 3979 3980 4052
f 3980 4053 4052
f 3980 3981 4053
f 3981 4054 4053
f 3981 3982 4054
f 3982 4055 4054
f 3982 3983 4055
f 3983 4056 4055
f 3983 3984 4056
f 3984 4057 4056
f 3984 3985 4057
f 3985 4058 4057
f 3985 3986 4058
f 3986 4059 4058
f 3986 3987 4059
f 3987 4060 4059
f 3987 3988 4060
f 3988 4061 4060
f 3988 3989 4061
f 3989 4062 4061
f 3989 3990 4062
f 3990 4063 4062
f 3990 3991 4063
f 3991 4064 4063
f 3991 3992 4064
f 3992 4065 4064
f 3992 3993 4065
f 3993 4066 4065
f 3993 3994 4066
f 3994 4067 4066
f 3994 3995 4067
f 3995 4068 4067
f 3995 3996 4068
f 3996 4069 4068
f 3996 3997 4069
f 3997 4070 4069
f 3997 3998 4070
f 3998 4071 4070
f 3998 3999 4071
f 3999 4072 4071
f 3999 4000 4072
f 4000 4073 4072
f 4000 4001 4073
f 4001 4074 4073
f 4001 4002 4074
f 4002 4075 4074
f 4002 4003 4075
f 4003 4076 4075
f 4003 4004 4076
f 4004 4077 4076
f 4004 4005 4077
f 4005 4078 4077
f 4005 4006 4078
f 4006 4079 4078
f 4006 4007 4079
f 4007 4080 4079
f 4007 4008 4080
f 4008 4081 4080
f 4008 4009 4081
f 4009 4082 4081
f 4009 4010 4082
f 4010 4083 4082
f 4010 4011 4083
f 4011 4084 4083
f 4011 4012 4084
f 4012 4085 4084
f 4012 4013 4085
f 4013 4086 4085
f 4013 4014 4086
f 4014 4087 4086
f 4014 4015 4087
f 4015 4088 4087
f 4015 4016 4088
f 4016 4089 4088
f 4016 4017 4089
f 4017 4090 4089
f 4017 4018 4090
f 4018 4091 4090
f 4018 4019 4091
f 4019 4092 4091
f 4019 4020 4092
f 4020 4093 4092
f 4020 4021 4093
f 4021 4094 4093
f 4021 4022 4094
f 4022 4095 4094
f 4022 4023 4095
f 4023 4096 4095
f 4023 4024 4096
f 4024 4097 4096
f 4024 4025 4097
f 4025 4098 4097
f 4025 4026 4098
f 4026 4099 4098
f 4026 4027 4099
f 4027 4100 4099
f 4027 4028 4100
f 4028 4101 4100
f 4028 4029 4101
f 4029 4102 4101
f 4029 4030 4102
f 4030 4103 4102
f 4030 4031 4103
f 4031 4104 4103
f 4031 4032 4104
f 4032 4033 4104
f 4032 3961 4033
f 4033 4106 4105
f 4033 4034 4106
f 4034 4107 4106
f 4034 4035 4107
f 4035 4108 4107
f 4035 4036 4108
f 4036 4109 4108
f 4036 4037 4109
f 4037 4110 4109
f 4037 4038 4110
f 4038 4111 4110
f 4038 4039 4111
f 4039 4112 4111
f 4039 4040 4112
f 4040 4113 4112
f 4040 4041 4113
f 4041 4114 4113
f 4041 4042 4114
f 4042 4115 4114
f 4042 4043 4115
f 4043 4116 4115
f 4043 4044 4116
f 4044 4117 4116
f 4044 4045 4117
f 4045 4118 4117
f 4045 4046 4118
f 4046 4119 4118
f 4046 4047 4119
f 4047 4120 4119
f 4047 4048 4120
f 4048 4121 4120
f 4048 4049 4121
f 4049 4122 4121
f 4049 4050 4122
f 4050 4123 4122
f 4050 4051 4123
f 4051 4124 4123
f 4051 4052 4124
f 4052 4125 4124
f 4052 4053 4125
f 4053 4126 4125
f 4053 4054 4126
f 4054 4127 4126
f 4054 4055 4127
f 4055 4128 4127
f 4055 4056 4128
f 4056 4129 4128
f 4056 4057 4129
f 4057 4130 4129
f 4057 4058 4130
f 4058 4131 4130
f 4058 4059 4131
f 4059 4132 4131
f 4059 4060 4132
f 4060 4133 4132
f 4060 4061 4133
f 4061 4134 4133
f 4061 4062 4134
f 4062 4135 4134
f 4062 4063 4135
f 4063 4136 4135
f 4063 4064 4136
f 4064 4137 4136
f 4064 4065 4137
f 4065 4138 4137
f 4065 4066 4138
f 4066 4139 4138
f 4066 4067 4139
f 4067 4140 4139
f 4067 4068 4140
f 4068 4141 4140
f 4068 4069 4141
f 4069 4142 4141
f 4069 4070 4142
f 4070 4143 4142
f 4070 4071 4143
f 4071 4144 4143
f 4071 4072 4144
f 4072 4145 4144
f 4072 4073 4145
f 4073 4146 4145
f 4073 4074 4146
f 4074 4147 4146
f 4074 4075 4147
f 4075 4148 4147
f 4075 4076 4148
f 4076 4149 4148
f 4076 4077 4149
f 4077 4150 4149
f 4077 4078 4150
f 4078 4151 4150
f 4078 4079 4151
f 4079 4152 4151
f 4079 4080 4152
f 4080 4153 4152
f 4080 4081 4153
f 4081 4154 4153
f 4081 4082 4154
f 4082 4155 4154
f 4082 4083 4155
f 4083 4156 4155
f 4083 4084 4156
f 4084 4157 4156
f 4084 4085 4157
f 4085 4158 4157
f 4085 4086 4158
f 4086 4159 4158
f 4086 4087 4159
f 4087 4160 4159
f 4087 4088 4160
f 4088 4161 4160
f 4088 4089 4161
f 4089 4162 4161
f 4089 4090 4162
f 4090 4163 4162
f 4090 4091 4163
f 4091 4164 4163
f 4091 4092 4164
f 4092 4165 4164
f 4092 4093 4165
f 4093 4166 4165
f 4093 4094 4166
f 4094 4167 4166
f 4094 4095 4167
f 4095 4168 4167
f 4095 4096 4168
f 4096 4169 4168
f 4096 4097 4169
f 4097 4170 4169
f 4097 4098 4170
f 4098 4171 4170
f 4098 4099 4171
f 4099 4172 4171
f 4099 4100 4172
f 4100 4173 4172
f 4100 4101 4173
f 4101 4174 4173
f 4101 4102 4174
f 4102 4175 4174
f 4102 4103 4175
f 4103 4176 4175
f 4103 4104 4176
f 4104 4105 4176
f 4104 4033 4105
f 4105 4178 4177
f 4105 4106 4178
f 4106 4179 4178
f 4106 4107 4179
f 4107 4180 4179
f 4107 4108 4180
f 4108 4181 4180
f 4108 4109 4181
f 4109 4182 4181
f 4109 4110 4182
f 4110 4183 4182
f 4110 4111 4183
f 4111 4184 4183
f 4111 4112 4184
f 4112 4185 4184
f 4112 4113 4185
f 4113 4186 4185
f 4113 4114 4186
f 4114 4187 4186
f 4114 4115 4187
f 4115 4188 4187
f 4115 4116 4188
f 4116 4189 4188
f 4116 4117 4189
f 4117 4190 4189
f 4117 4118 4190
f 4118 4191 4190
f 4118 4119 4191
f 4119 4192 4191
f 4119 4120 4192
f 4120 4193 4192
f 4120 4121 4193
f 4121 4194 4193
f 4121 4122 4194
f 4122 4195 4194
f 4122 4123 4195
f 4123 4196 4195
f 4123 4124 4196
f 4124 4197 4196
f 4124 4125 4197
f 4125 4198 4197
f 4125 4126 4198
f 4126 4199 4198
f 4126 4127 4199
f 4127 4200 4199
f 4127 4128 4200
f 4128 4201 4200
f 4128 4129 4201
f 4129 4202 4201
f 4129 4130 4202
f 4130 4203 4202
f 4130 4131 4203
f 4131 4204 4203
f 4131 4132 4204
f 4132 4205 4204
f 4132 4133 4205
f 4133 4206 4205
f 4133 4134 4206
f 4134 4207 4206
f 4134 4135 4207
f 4135 4208 4207
f 4135 4136 4208
f 4136 4209 4208
f 4136 4137 4209
f 4137 4210 4209
f 4137 4138 4210
f 4138 4211 4210
f 4138 4139 4211
f 4139 4212 4211
f 4139 4140 4212
f 4140 4213 4212
f 4140 4141 4213
f 4141 4214 4213
f 4141 4142 4214
f 4142 4215 4214
f 4142 4143 4215
f 4143 4216 4215
f 4143 4144 4216
f 4144 4217 4216
f 4144 4145 4217
f 4145 4218 4217
f 4145 4146 4218
f 4146 4219 4218
f 4146 4147 4219
f 4147 4220 4219
f 4147 4148 4220
f 4148 4221 4220
f 4148 4149 4221
f 4149 4222 4221
f 4149 4150 4222
f 4150 4223 4222
f 4150 4151 4223
f 4151 4224 4223
f 4151 4152 4224
f 4152 4225 4224
f 4152 4153 4225
f 4153 4226 4225
f 4153 4154 4226
f 4154 4227 4226
f 4154 4155 4227
f 4155 4228 4227
f 4155 4156 4228
f 4156 4229 4228
f 4156 4157 4229
f 4157 4230 4229
f 4157 4158 4230
f 4158 4231 4230
f 4158 4159 4231
f 4159 4232 4231
f 4159 4160 4232
f 4160 4233 4232
f 4160 4161 4233
f 4161 4234 4233
f 4161 4162 4234
f 4162 4235 4234
f 4162 4163 4235
f 4163 4236 4235
f 4163 4164 4236
f 4164 4237 4236
f 4164 4165 4237
f 4165 4238 4237
f 4165 4166 4238
f 4166 4239 4238
f 4166 4167 4239
f 4167 4240 4239
f 4167 4168 4240
f 4168 4241 4240
f 4168 4169 4241
f 4169 4242 4241
f 4169 4170 4242
f 4170 4243 4242
f 4170 4171 4243
f 4171 4244 4243
f 4171 4172 4244
f 4172 4245 4244
f 4172 4173 4245
f 4173 4246 4245
f 4173 4174 4246
f 4174 4247 4246
f 4174 4175 4247
f 4175 4248 4247
f 4175 4176 4248
f 4176 4177 4248
f 4176 4105 4177
f 4177 4250 4249
f 4177 4178 4250
f 4178 4251 4250
f 4178 4179 4251
f 4179 4252 4251
f 4179 4180 4252
f 4180 4253 4252
f 4180 4181 4253
f 4181 4254 4253
f 4181 4182 4254
f 4182 4255 4254
f 4182 4183 4255
f 4183 4256 4255
f 4183 4184 4256
f 4184 4257 4256
f 4184 4185 4257
f 4185 4258 4257
f 4185 4186 4258
f 4186 4259 4258
f 4186 4187 4259
f 4187 4260 4259
f 4187 4188 4260
f 4188 4261 4260
f 4188 4189 4261
f 4189 4262 4261
f 4189 4190 4262
f 4190 4263 4262
f 4190 4191 4263
f 4191 4264 4263
f 4191 4192 4264
f 4192 4265 4264
f 4192 4193 4265
f 4193 4266 4265
f 4193 4194 4266
f 4194 4267 4266
f 4194 4195 4267
f 4195 4268 4267
f 4195 4196 4268
f 4196 4269 4268
f 4196 4197 4269
f 4197 4270 4269
f 4197 4198 4270
f 4198 4271 4270
f 4198 4199 4271
f 4199 4272 4271
f 4199 4200 4272
f 4200 4273 4272
f 4200 4201 4273
f 4201 4274 4273
f 4201 4202 4274
f 4202 4275 4274
f 4202 4203 4275
f 4203 4276 4275
f 4203 4204 4276
f 4204 4277 4276
f 4204 4205 4277
f 4205 4278 4277
f 4205 4206 4278
f 4206 4279 4278
f 4206 4207 4279
f 4207 4280 4279
f 4207 4208 4280
f 4208 4281 4280
f 4208 4209 4281
f 4209 4282 4281
f 4209 4210 4282
f 4210 4283 4282
f 4210 4211 4283
f 4211 4284 4283
f 4211 4212 4284
f 4212 4285 4284
f 4212 4213 4285
f 4213 4286 4285
f 4213 4214 4286
f 4214 4287 4286
f 4214 4215 4287
f 4215 4288 4287
f 4215 4216 4288
f 4216 4289 4288
f 4216 4217 4289
f 4217 4290 4289
f 4217 4218 4290
f 4218 4291 4290
f 4218 4219 4291
f 4219 4292 4291
f 4219 4220 4292
f 4220 4293 4292
f 4220 4221 4293
f 4221 4294 4293
f 4221 4222 4294
f 4222 4295 4294
f 4222 4223 4295
f 4223 4296 4295
f 4223 4224 4296
f 4224 4297 4296
f 4224 4225 4297
f 4225 4298 4297
f 4225 4226 4298
f 4226 4299 4298
f 4226 4227 4299
f 4227 4300 4299
f 4227 4228 4300
f 4228 4301 4300
f 4228 4229 4301
f 4229 4302 4301
f 4229 4230 4302
f 4230 4303 4302
f 4230 4231 4303
f 4231 4304 4303
f 4231 4232 4304
f 4232 4305 4304
f 4232 4233 4305
f 4233 4306 4305
f 4233 4234 4306
f 4234 4307 4306
f 4234 4235 4307
f 4235 4308 4307
f 4235 4236 4308
f 4236 4309 4308
f 4236 4237 4309
f 4237 4310 4309
f 4237 4238 4310
f 4238 4311 4310
f 4238 4239 4311
f 4239 4312 4311
f 4239 4240 4312
f 4240 4313 4312
f 4240 4241 4313
f 4241 4314 4313
f 4241 4242 4314
f 4242 4315 4314
f 4242 4243 4315
f 4243 4316 4315
f 4243 4244 4316
f 4244 4317 4316
f 4244 4245 4317
f 4245 4318 4317
f 4245 4246 4318
f 4246 4319 4318
f 4246 4247 4319
f 4247 4320 4319
f 4247 4248 4320
f 4248 4249 4320
f 4248 4177 4249
f 4249 4322 4321
f 4249 4250 4322
f 4250 4323 4322
f 4250 4251 4323
f 4251 4324 4323
f 4251 4252 4324
f 4252 4325 4324
f 4252 4253 4325
f 4253 4326 4325
f 4253 4254 4326
f 4254 4327 4326
f 4254 4255 4327
f 4255 4328 4327
f 4255 4256 4328
f 4256 4329 4328
f 4256 4257 4329
f 4257 4330 4329
f 4257 4258 4330
f 4258 4331 4330
f 4258 4259 4331
f 4259 4332 4331
f 4259 4260 4332
f 4260 4333 4332
f 4260 4261 4333
f 4261 4334 4333
f 4261 4262 4334
f 4262 4335 4334
f 4262 4263 4335
f 4263 4336 4335
f 4263 4264 4336
f 4264 4337 4336
f 4264 4265 4337
f 4265 4338 4337
f 4265 4266 4338
f 4266 4339 4338
f 4266 4267 4339
f 4267 4340 4339
f 4267 4268 4340
f 4268 4341 4340
f 4268 4269 4341
f 4269 4342 4341
f 4269 4270 4342
f 4270 4343 4342
f 4270 4271 4343
f 4271 4344 4343
f 4271 4272 4344
f 4272 4345 4344
f 4272 4273 4345
f 4273 4346 4345
f 4273 4274 4346
f 4274 4347 4346
f 4274 4275 4347
f 4275 4348 4347
f 4275 4276 4348
f 4276 4349 4348
f 4276 4277 4349
f 4277 4350 4349
f 4277 4278 4350
f 4278 4351 4350
f 4278 4279 4351
f 4279 4352 4351
f 4279 4280 4352
f 4280 4353 4352
f 4280 4281 4353
f 4281 4354 4353
f 4281 4282 4354
f 4282 4355 4354
f 4282 4283 4355
f 4283 4356 4355
f 4283 4284 4356
f 4284 4357 4356
f 4284 4285 4357
f 4285 4358 4357
f 4285 4286 4358
f 4286 4359 4358
f 4286 4287 4359
f 4287 4360 4359
f 4287 4288 4360
f 4288 4361 4360
f 4288 4289 4361
f 4289 4362 4361
f 4289 4290 4362
f 4290 4363 4362
f 4290 4291 4363
f 4291 4364 4363
f 4291 4292 4364
f 4292 4365 4364
f 4292 4293 4365
f 4293 4366 4365
f 4293 4294 4366
f 4294 4367 4366
f 4294 4295 4367
f 4295 4368 4367
f 4295 4296 4368
f 4296 4369 4368
f 4296 4297 4369
f 4297 4370 4369
f 4297 4298 4370
f 4298 4371 4370
f 4298 4299 4371
f 4299 4372 4371
f 4299 4300 4372
f 4300 4373 4372
f 4300 4301 4373
f 4301 4374 4373
f 4301 4302 4374
f 4302 4375 4374
f 4302 4303 4375
f 4303 4376 4375
f 4303 4304 4376
f 4304 4377 4376
f 4304 4305 4377
f 4305 4378 4377
f 4305 4306 4378
f 4306 4379 4378
f 4306 4307 4379
f 4307 4380 4379
f 4307 4308 4380
f 4308 4381 4380
f 4308 4309 4381
f 4309 4382 4381
f 4309 4310 4382
f 4310 4383 4382
f 4310 4311 4383
f 4311 4384 4383
f 4311 4312 4384
f 4312 4385 4384
f 4312 4313 4385
f 4313 4386 4385
f 4313 4314 4386
f 4314 4387 4386
f 4314 4315 4387
f 4315 4388 4387
f 4315 4316 4388
f 4316 4389 4388
f 4316 4317 4389
f 4317 4390 4389
f 4317 4318 4390
f 4318 4391 4390
f 4318 4319 4391
f 4319 4392 4391
f 4319 4320 4392
f 4320 4321 4392
f 4320 4249 4321
f 4321 4394 4393
f 4321 4322 4394
f 4322 4395 4394
f 4322 4323 4395
f 4323 4396 4395
f 4323 4324 4396
f 4324 4397 4396
f 4324 4325 4397
f 4325 4398 4397
f 4325 4326 4398
f 4326 4399 4398
f 4326 4327 4399
f 4327 4400 4399
f 4327 4328 4400
f 4328 4401 4400
f 4328 4329 4401
f 4329 4402 4401
f 4329 4330 4402
f 4330 4403 4402
f 4330 4331 4403
f 4331 4404 4403
f 4331 4332 4404
f 4332 4405 4404
f 4332 4333 4405
f 4333 4406 4405
f 4333 4334 4406
f 4334 4407 4406
f 4334 4335 4407
f 4335 4408 4407
f 4335 4336 4408
f 4336 4409 4408
f 4336 4337 4409
f 4337 4410 4409
f 4337 4338 4410
f 4338 4411 4410
f 4338 4339 4411
f 4339 4412 4411
f 4339 4340 4412
f 4340 4413 4412
f 4340 4341 4413
f 4341 4414 4413
f 4341 4342 4414
f 4342 4415 4414
f 4342 4343 4415
f 4343 4416 4415
f 4343 4344 4416
f 4344 4417 4416
f 4344 4345 4417
f 4345 4418 4417
f 4345 4346 4418
f 4346 4419 4418
f 4346 4347 4419
f 4347 4420 4419
f 4347 4348 4420
f 4348 4421 4420
f 4348 4349 4421
f 4349 4422 4421
f 4349 4350 4422
f 4350 4423 4422
f 4350 4351 4423
f 4351 4424 4423
f 4351 4352 4424
f 4352 4425 4424
f 4352 4353 4425
f 4353 4426 4425
f 4353 4354 4426
f 4354 4427 4426
f 4354 4355 4427
f 4355 4428 4427
f 4355 4356 4428
f 4356 4429 4428
f 4356 4357 4429
f 4357 4430 4429
f 4357 4358 4430
f 4358 4431 4430
f 4358 4359 4431
f 4359 4432 4431
f 4359 4360 4432
f 4360 4433 4432
f 4360 4361 4433
f 4361 4434 4433
f 4361 4362 4434
f 4362 4435 4434
f 4362 4363 4435
f 4363 4436 4435
f 4363 4364 4436
f 4364 4437 4436
f 4364 4365 4437
f 4365 4438 4437
f 4365 4366 4438
f 4366 4439 4438
f 4366 4367 4439
f 4367 4440 4439
f 4367 4368 4440
f 4368 4441 4440
f 4368 4369 4441
f 4369 4442 4441
f 4369 4370 4442
f 4370 4443 4442
f 4370 4371 4443
f 4371 4444 4443
f 4371 4372 4444
f 4372 4445 4444
f 4372 4373 4445
f 4373 4446 4445
f 4373 4374 4446
f 4374 4447 4446
f 4374 4375 4447
f 4375 4448 4447
f 4375 4376 4448
f 4376 4449 4448
f 4376 4377 4449
f 4377 4450 4449
f 4377 4378 4450
f 4378 4451 4450
f 4378 4379 4451
f 4379 4452 4451
f 4379 4380 4452
f 4380 4453 4452
f 4380 4381 4453
f 4381 4454 4453
f 4381 4382 4454
f 4382 4455 4454
f 4382 4383 4455
f 4383 4456 4455
f 4383 4384 4456
f 4384 4457 4456
f 4384 4385 4457
f 4385 4458 4457
f 4385 4386 4458
f 4386 4459 4458
f 4386 4387 4459
f 4387 4460 4459
f 4387 4388 4460
f 4388 4461 4460
f 4388 4389 4461
f 4389 4462 4461
f 4389 4390 4462
f 4390 4463 4462
f 4390 4391 4463
f 4391 4464 4463
f 4391 4392 4464
f 4392 4393 4464
f 4392 4321 4393
f 4393 4466 4465
f 4393 4394 4466
f 4394 4467 4466
f 4394 4395 4467
f 4395 4468 4467
f 4395 4396 4468
f 4396 4469 4468
f 4396 4397 4469
f 4397 4470 4469
f 4397 4398 4470
f 4398 4471 4470
f 4398 4399 4471
f 4399 4472 4471
f 4399 4400 4472
f 4400 4473 4472
f 4400 4401 4473
f 4401 4474 4473
f 4401 4402 4474
f 4402 4475 4474
f 4402 4403 4475
f 4403 4476 4475
f 4403 4404 4476
f 4404 4477 4476
f 4404 4405 4477
f 4405 4478 4477
f 4405 4406 4478
f 4406 4479 4478
f 4406 4407 4479
f 4407 4480 4479
f 4407 4408 4480
f 4408 4481 4480
f 4408 4409 4481
f 4409 4482 4481
f 4409 4410 4482
f 4410 4483 4482
f 4410 4411 4483
f 4411 4484 4483
f 4411 4412 4484
f 4412 4485 4484
f 4412 4413 4485
f 4413 4486 4485
f 4413 4414 4486
f 4414 4487 4486
f 4414 4415 4487
f 4415 4488 4487
f 4415 4416 4488
f 4416 4489 4488
f 4416 4417 4489
f 4417 4490 4489
f 4417 4418 4490
f 4418 4491 4490
f 4418 4419 4491
f 4419 4492 4491
f 4419 4420 4492
f 4420 4493 4492
f 4420 4421 4493
f 4421 4494 4493
f 4421 4422 4494
f 4422 4495 4494
f 4422 4423 4495
f 4423 4496 4495
f 4423 4424 4496
f 4424 4497 4496
f 4424 4425 4497
f 4425 4498 4497
f 4425 4426 4498
f 4426 4499 4498
f 4426 4427 4499
f 4427 4500 4499
f 4427 4428 4500
f 4428 4501 4500
f 4428 4429 4501
f 4429 4502 4501
f 4429 4430 4502
f 4430 4503 4502
f 4430 4431 4503
f 4431 4504 4503
f 4431 4432 4504
f 4432 4505 4504
f 4432 4433 4505
f 4433 4506 4505
f 4433 4434 4506
f 4434 4507 4506
f 4434 4435 4507
f 4435 4508 4507
f 4435 4436 4508
f 4436 4509 4508
f 4436 4437 4509
f 4437 4510 4509
f 4437 4438 4510
f 4438 4511 4510
f 4438 4439 4511
f 4439 4512 4511
f 4439 4440 4512
f 4440 4513 4512
f 4440 4441 4513
f 4441 4514 4513
f 4441 4442 4514
f 4442 4515 4514
f 4442 4443 4515
f 4443 4516 4515
f 4443 4444 4516
f 4444 4517 4516
f 4444 4445 4517
f 4445 4518 4517
f 4445 4446 4518
f 4446 4519 4518
f 4446 4447 4519
f 4447 4520 4519
f 4447 4448 4520
f 4448 4521 4520
f 4448 4449 4521
f 4449 4522 4521
f 4449 4450 4522
f 4450 4523 4522
f 4450 4451 4523
f 4451 4524 4523
f 4451 4452 4524
f 4452 4525 4524
f 4452 4453 4525
f 4453 4526 4525
f 4453 4454 4526
f 4454 4527 4526
f 4454 4455 4527
f 4455 4528 4527
f 4455 4456 4528
f 4456 4529 4528
f 4456 4457 4529
f 4457 4530 4529
f 4457 4458 4530
f 4458 4531 4530
f 4458 4459 4531
f 4459 4532 4531
f 4459 4460 4532
f 4460 4533 4532
f 4460 4461 4533
f 4461 4534 4533
f 4461 4462 4534
f 4462 4535 4534
f 4462 4463 4535
f 4463 4536 4535
f 4463 4464 4536
f 4464 4465 4536
f 4464 4393 4465
f 4465 4538 4537
f 4465 4466 4538
f 4466 4539 4538
f 4466 4467 4539
f 4467 4540 4539
f 4467 4468 4540
f 4468 4541 4540
f 4468 4469 4541
f 4469 4542 4541
f 4469 4470 4542
f 4470 4543 4542
f 4470 4471 4543
f 4471 4544 4543
f 4471 4472 4544
f 4472 4545 4544
f 4472 4473 4545
f 4473 4546 4545
f 4473 4474 4546
f 4474 4547 4546
f 4474 4475 4547
f 4475 4548 4547
f 4475 4476 4548
f 4476 4549 4548
f 4476 4477 4549
f 4477 4550 4549
f 4477 4478 4550
f 4478 4551 4550
f 4478 4479 4551
f 4479 4552 4551
f 4479 4480 4552
f 4480 4553 4552
f 4480 4481 4553
f 4481 4554 4553
f 4481 4482 4554
f 4482 4555 4554
f 4482 4483 4555
f 4483 4556 4555
f 4483 4484 4556
f 4484 4557 4556
f 4484 4485 4557
f 4485 4558 4557
f 4485 4486 4558
f 4486 4559 4558
f 4486 4487 4559
f 4487 4560 4559
f 4487 4488 4560
f 4488 4561 4560
f 4488 4489 4561
f 4489 4562 4561
f 4489 4490 4562
f 4490 4563 4562
f 4490 4491 4563
f 4491 4564 4563
f 4491 4492 4564
f 4492 4565 4564
f 4492 4493 4565
f 4493 4566 4565
f 4493 4494 4566
f 4494 4567 4566
f 4494 4495 4567
f 4495 4568 4567
f 4495 4496 4568
f 4496 4569 4568
f 4496 4497 4569
f 4497 4570 4569
f 4497 4498 4570
f 4498 4571 4570
f 4498 4499 4571
f 4499 4572 4571
f 4499 4500 4572
f 4500 4573 4572
f 4500 4501 4573
f 4501 4574 4573
f 4501 4502 4574
f 4502 4575 4574
f 4502 4503 4575
f 4503 4576 4575
f 4503 4504 4576
f 4504 4577 4576
f 4504 4505 4577
f 4505 4578 4577
f 4505 4506 4578
f 4506 4579 4578
f 4506 4507 4579
f 4507 4580 4579
f 4507 4508 4580
f 4508 4581 4580
f 4508 4509 4581
f 4509 4582 4581
f 4509 4510 4582
f 4510 4583 4582
f 4510 4511 4583
f 4511 4584 4583
f 4511 4512 4584
f 4512 4585 4584
f 4512 4513 4585
f 4513 4586 4585
f 4513 4514 4586
f 4514 4587 4586
f 4514 4515 4587
f 4515 4588 4587
f 4515 4516 4588
f 4516 4589 4588
f 4516 4517 4589
f 4517 4590 4589
f 4517 4518 4590
f 4518 4591 4590
f 4518 4519 4591
f 4519 4592 4591
f 4519 4520 4592
f 4520 4593 4592
f 4520 4521 4593
f 4521 4594 4593
f 4521 4522 4594
f 4522 4595 4594
f 4522 4523 4595
f 4523 4596 4595
f 4523 4524 4596
f 4524 4597 4596
f 4524 4525 4597
f 4525 4598 4597
f 4525 4526 4598
f 4526 4599 4598
f 4526 4527 4599
f 4527 4600 4599
f 4527 4528 4600
f 4528 4601 4600
f 4528 4529 4601
f 4529 4602 4601
f 4529 4530 4602
f 4530 4603 4602
f 4530 4531 4603
f 4531 4604 4603
f 4531 4532 4604
f 4532 4605 4604
f 4532 4533 4605
f 4533 4606 4605
f 4533 4534 4606
f 4534 4607 4606
f 4534 4535 4607
f 4535 4608 4607
f 4535 4536 4608
f 4536 4537 4608
f 4536 4465 4537
f 4537 4610 4609
f 4537 4538 4610
f 4538 4611 4610
f 4538 4539 4611
f 4539 4612 4611
f 4539 4540 4612
f 4540 4613 4612
f 4540 4541 4613
f 4541 4614 4613
f 4541 4542 4614
f 4542 4615 4614
f 4542 4543 4615
f 4543 4616 4615
f 4543 4544 4616
f 4544 4617 4616
f 4544 4545 4617
f 4545 4618 4617
f 4545 4546 4618
f 4546 4619 4618
f 4546 4547 4619
f 4547 4620 4619
f 4547 4548 4620
f 4548 4621 4620
f 4548 4549 4621
f 4549 4622 4621
f 4549 4550 4622
f 4550 4623 4622
f 4550 4551 4623
f 4551 4624 4623
f 4551 4552 4624
f 4552 4625 4624
f 4552 4553 4625
f 4553 4626 4625
f 4553 4554 4626
f 4554 4627 4626
f 4554 4555 4627
f 4555 4628 4627
f 4555 4556 4628
f 4556 4629 4628
f 4556 4557 4629
f 4557 4630 4629
f 4557 4558 4630
f 4558 4631 4630
f 4558 4559 4631
f 4559 4632 4631
f 4559 4560 4632
f 4560 4633 4632
f 4560 4561 4633
f 4561 4634 4633
f 4561 4562 4634
f 4562 4635 4634
f 4562 4563 4635
f 4563 4636 4635
f 4563 4564 4636
f 4564 4637 4636
f 4564 4565 4637
f 4565 4638 4637
f 4565 4566 4638
f 4566 4639 4638
f 4566 4567 4639
f 4567 4640 4639
f 4567 4568 4640
f 4568 4641 4640
f 4568 4569 4641
f 4569 4642 4641
f 4569 4570 4642
f 4570 4643 4642
f 4570 4571 4643
f 4571 4644 4643
f 4571 4572 4644
f 4572 4645 4644
f 4572 4573 4645
f 4573 4646 4645
f 4573 4574 4646
f 4574 4647 4646
f 4574 4575 4647
f 4575 4648 4647
f 4575 4576 4648
f 4576 4649 4648
f 4576 4577 4649
f 4577 4650 4649
f 4577 4578 4650
f 4578 4651 4650
f 4578 4579 4651
f 4579 4652 4651
f 4579 4580 4652
f 4580 4653 4652
f 4580 4581 4653
f 4581 4654 4653
f 4581 4582 4654
f 4582 4655 4654
f 4582 4583 4655
f 4583 4656 4655
f 4583 4584 4656
f 4584 4657 4656
f 4584 4585 4657
f 4585 4658 4657
f 4585 4586 4658
f 4586 4659 4658
f 4586 4587 4659
f 4587 4660 4659
f 4587 4588 4660
f 4588 4661 4660
f 4588 4589 4661
f 4589 4662 4661
f 4589 4590 4662
f 4590 4663 4662
f 4590 4591 4663
f 4591 4664 4663
f 4591 4592 4664
f 4592 4665 4664
f 4592 4593 4665
f 4593 4666 4665
f 4593 4594 4666
f 4594 4667 4666
f 4594 4595 4667
f 4595 4668 4667
f 4595 4596 4668
f 4596 4669 4668
f 4596 4597 4669
f 4597 4670 4669
f 4597 4598 4670
f 4598 4671 4670
f 4598 4599 4671
f 4599 4672 4671
f 4599 4600 4672
f 4600 4673 4672
f 4600 4601 4673
f 4601 4674 4673
f 4601 4602 4674
f 4602 4675 4674
f 4602 4603 4675
f 4603 4676 4675
f 4603 4604 4676
f 4604 4677 4676
f 4604 4605 4677
f 4605 4678 4677
f 4605 4606 4678
f 4606 4679 4678
f 4606 4607 4679
f 4607 4680 4679
f 4607 4608 4680
f 4608 4609 4680
f 4608 4537 4609
f 4609 4682 4681
f 4609 4610 4682
f 4610 4683 4682
f 4610 4611 4683
f 4611 4684 4683
f 4611 4612 4684
f 4612 4685 4684
f 4612 4613 4685
f 4613 4686 4685
f 4613 4614 4686
f 4614 4687 4686
f 4614 4615 4687
f 4615 4688 4687
f 4615 4616 4688
f 4616 4689 4688
f 4616 4617 4689
f 4617 4690 4689
f 4617 4618 4690
f 4618 4691 4690
f 4618 4619 4691
f 4619 4692 4691
f 4619 4620 4692
f 4620 4693 4692
f 4620 4621 4693
f 4621 4694 4693
f 4621 4622 4694
f 4622 4695 4694
f 4622 4623 4695
f 4623 4696 4695
f 4623 4624 4696
f 4624 4697 4696
f 4624 4625 4697
f 4625 4698 4697
f 4625 4626 4698
f 4626 4699 4698
f 4626 4627 4699
f 4627 4700 4699
f 4627 4628 4700
f 4628 4701 4700
f 4628 4629 4701
f 4629 4702 4701
f 4629 4630 4702
f 4630 4703 4702
f 4630 4631 4703
f 4631 4704 4703
f 4631 4632 4704
f 4632 4705 4704
f 4632 4633 4705
f 4633 4706 4705
f 4633 4634 4706
f 4634 4707 4706
f 4634 4635 4707
f 4635 4708 4707
f 4635 4636 4708
f 4636 4709 4708
f 4636 4637 4709
f 4637 4710 4709
f 4637 4638 4710
f 4638 4711 4710
f 4638 4639 4711
f 4639 4712 4711
f 4639 4640 4712
f 4640 4713 4712
f 4640 4641 4713
f 4641 4714 4713
f 4641 4642 4714
f 4642 4715 4714
f 4642 4643 4715
f 4643 4716 4715
f 4643 4644 4716
f 4644 4717 4716
f 4644 4645 4717
f 4645 4718 4717
f 4645 4646 4718
f 4646 4719 4718
f 4646 4647 4719
f 4647 4720 4719
f 4647 4648 4720
f 4648 4721 4720
f 4648 4649 4721
f 4649 4722 4721
f 4649 4650 4722
f 4650 4723 4722
f 4650 4651 4723
f 4651 4724 4723
f 4651 4652 4724
f 4652 4725 4724
f 4652 4653 4725
f 4653 4726 4725
f 4653 4654 4726
f 4654 4727 4726
f 4654 4655 4727
f 4655 4728 4727
f 4655 4656 4728
f 4656 4729 4728
f 4656 4657 4729
f 4657 4730 4729
f 4657 4658 4730
f 4658 4731 4730
f 4658 4659 4731
f 4659 4732 4731
f 4659 4660 4732
f 4660 4733 4732
f 4660 4661 4733
f 4661 4734 4733
f 4661 4662 4734
f 4662 4735 4734
f 4662 4663 4735
f 4663 4736 4735
f 4663 4664 4736
f 4664 4737 4736
f 4664 4665 4737
f 4665 4738 4737
f 4665 4666 4738
f 4666 4739 4738
f 4666 4667 4739
f 4667 4740 4739
f 4667 4668 4740
f 4668 4741 4740
f 4668 4669 4741
f 4669 4742 4741
f 4669 4670 4742
f 4670 4743 4742
f 4670 4671 4743
f 4671 4744 4743
f 4671 4672 4744
f 4672 4745 4744
f 4672 4673 4745
f 4673 4746 4745
f 4673 4674 4746
f 4674 4747 4746
f 4674 4675 4747
f 4675 4748 4747
f 4675 4676 4748
f 4676 4749 4748
f 4676 4677 4749
f 4677 4750 4749
f 4677 4678 4750
f 4678 4751 4750
f 4678 4679 4751
f 4679 4752 4751
f 4679 4680 4752
f 4680 4681 4752
f 4680 4609 4681
f 4681 4754 4753
f 4681 4682 4754
f 4682 4755 4754
f 4682 4683 4755
f 4683 4756 4755
f 4683 4684 4756
f 4684 4757 4756
f 4684 4685 4757
f 4685 4758 4757
f 4685 4686 4758
f 4686 4759 4758
f 4686 4687 4759
f 4687 4760 4759
f 4687 4688 4760
f 4688 4761 4760
f 4688 4689 4761
f 4689 4762 4761
f 4689 4690 4762
f 4690 4763 4762
f 4690 4691 4763
f 4691 4764 4763
f 4691 4692 4764
f 4692 4765 4764
f 4692 4693 4765
f 4693 4766 4765
f 4693 4694 4766
f 4694 4767 4766
f 4694 4695 4767
f 4695 4768 4767
f 4695 4696 4768
f 4696 4769 4768
f 4696 4697 4769
f 4697 4770 4769
f 4697 4698 4770
f 4698 4771 4770
f 4698 4699 4771
f 4699 4772 4771
f 4699 4700 4772
f 4700 4773 4772
f 4700 4701 4773
f 4701 4774 4773
f 4701 4702 4774
f 4702 4775 4774
f 4702 4703 4775
f 4703 4776 4775
f 4703 4704 4776
f 4704 4777 4776
f 4704 4705 4777
f 4705 4778 4777
f 4705 4706 4778
f 4706 4779 4778
f 4706 4707 4779
f 4707 4780 4779
f 4707 4708 4780
f 4708 4781 4780
f 4708 4709 4781
f 4709 4782 4781
f 4709 4710 4782
f 4710 4783 4782
f 4710 4711 4783
f 4711 4784 4783
f 4711 4712 4784
f 4712 4785 4784
f 4712 4713 4785
f 4713 4786 4785
f 4713 4714 4786
f 4714 4787 4786
f 4714 4715 4787
f 4715 4788 4787
f 4715 4716 4788
f 4716 4789 4788
f 4716 4717 4789
f 4717 4790 4789
f 4717 4718 4790
f 4718 4791 4790
f 4718 4719 4791
f 4719 4792 4791
f 4719 4720 4792
f 4720 4793 4792
f 4720 4721 4793
f 4721 4794 4793
f 4721 4722 4794
f 4722 4795 4794
f 4722 4723 4795
f 4723 4796 4795
f 4723 4724 4796
f 4724 4797 4796
f 4724 4725 4797
f 4725 4798 4797
f 4725 4726 4798
f 4726 4799 4798
f 4726 4727 4799
f 4727 4800 4799
f 4727 4728 4800
f 4728 4801 4800
f 4728 4729 4801
f 4729 4802 4801
f 4729 4730 4802
f 4730 4803 4802
f 4730 4731 4803
f 4731 4804 4803
f 4731 4732 4804
f 4732 4805 4804
f 4732 4733 4805
f 4733 4806 4805
f 4733 4734 4806
f 4734 4807 4806
f 4734 4735 4807
f 4735 4808 4807
f 4735 4736 4808
f 4736 4809 4808
f 4736 4737 4809
f 4737 4810 4809
f 4737 4738 4810
f 4738 4811 4810
f 4738 4739 4811
f 4739 4812 4811
f 4739 4740 4812
f 4740 4813 4812
f 4740 4741 4813
f 4741 4814 4813
f 4741 4742 4814
f 4742 4815 4814
f 4742 4743 4815
f 4743 4816 4815
f 4743 4744 4816
f 4744 4817 4816
f 4744 4745 4817
f 4745 4818 4817
f 4745 4746 4818
f 4746 4819 4818
f 4746 4747 4819
f 4747 4820 4819
f 4747 4748 4820
f 4748 4821 4820
f 4748 4749 4821
f 4749 4822 4821
f 4749 4750 4822
f 4750 4823 4822
f 4750 4751 4823
f 4751 4824 4823
f 4751 4752 4824
f 4752 4753 4824
f 4752 4681 4753
f 4753 4826 4825
f 4753 4754 4826
f 4754 4827 4826
f 4754 4755 4827
f 4755 4828 4827
f 4755 4756 4828
f 4756 4829 4828
f 4756 4757 4829
f 4757 4830 4829
f 4757 4758 4830
f 4758 4831 4830
f 4758 4759 4831
f 4759 4832 4831
f 4759 4760 4832
f 4760 4833 4832
f 4760 4761 4833
f 4761 4834 4833
f 4761 4762 4834
f 4762 4835 4834
f 4762 4763 4835
f 4763 4836 4835
f 4763 4764 4836
f 4764 4837 4836
f 4764 4765 4837
f 4765 4838 4837
f 4765 4766 4838
f 4766 4839 4838
f 4766 4767 4839
f 4767 4840 4839
f 4767 4768 4840
f 4768 4841 4840
f 4768 4769 4841
f 4769 4842 4841
f 4769 4770 4842
f 4770 4843 4842
f 4770 4771 4843
f 4771 4844 4843
f 4771 4772 4844
f 4772 4845 4844
f 4772 4773 4845
f 4773 4846 4845
f 4773 4774 4846
f 4774 4847 4846
f 4774 4775 4847
f 4775 4848 4847
f 4775 4776 4848
f 4776 4849 4848
f 4776 4777 4849
f 4777 4850 4849
f 4777 4778 4850
f 4778 4851 4850
f 4778 4779 4851
f 4779 4852 4851
f 4779 4780 4852
f 4780 4853 4852
f 4780 4781 4853
f 4781 4854 4853
f 4781 4782 4854
f 4782 4855 4854
f 4782 4783 4855
f 4783 4856 4855
f 4783 4784 4856
f 4784 4857 4856
f 4784 4785 4857
f 4785 4858 4857
f 4785 4786 4858
f 4786 4859 4858
f 4786 4787 4859
f 4787 4860 4859
f 4787 4788 4860
f 4788 4861 4860
f 4788 4789 4861
f 4789 4862 4861
f 4789 4790 4862
f 4790 4863 4862
f 4790 4791 4863
f 4791 4864 4863
f 4791 4792 4864
f 4792 4865 4864
f 4792 4793 4865
f 4793 4866 4865
f 4793 4794 4866
f 4794 4867 4866
f 4794 4795 4867
f 4795 4868 4867
f 4795 4796 4868
f 4796 4869 4868
f 4796 4797 4869
f 4797 4870 4869
f 4797 4798 4870
f 4798 4871 4870
f 4798 4799 4871
f 4799 4872 4871
f 4799 4800 4872
f 4800 4873 4872
f 4800 4801 4873
f 4801 4874 4873
f 4801 4802 4874
f 4802 4875 4874
f 4802 4803 4875
f 4803 4876 4875
f 4803 4804 4876
f 4804 4877 4876
f 4804 4805 4877
f 4805 4878 4877
f 4805 4806 4878
f 4806 4879 4878
f 4806 4807 4879
f 4807 4880 4879
f 4807 4808 4880
f 4808 4881 4880
f 4808 4809 4881
f 4809 4882 4881
f 4809 4810 4882
f 4810 4883 4882
f 4810 4811 4883
f 4811 4884 4883
f 4811 4812 4884
f 4812 4885 4884
f 4812 4813 4885
f 4813 4886 4885
f 4813 4814 4886
f 4814 4887 4886
f 4814 4815 4887
f 4815 4888 4887
f 4815 4816 4888
f 4816 4889 4888
f 4816 4817 4889
f 4817 4890 4889
f 4817 4818 4890
f 4818 4891 4890
f 4818 4819 4891
f 4819 4892 4891
f 4819 4820 4892
f 4820 4893 4892
f 4820 4821 4893
f 4821 4894 4893
f 4821 4822 4894
f 4822 4895 4894
f 4822 4823 4895
f 4823 4896 4895
f 4823 4824 4896
f 4824 4825 4896
f 4824 4753 4825
f 4825 4898 4897
f 4825 4826 4898
f 4826 4899 4898
f 4826 4827 4899
f 4827 4900 4899
f 4827 4828 4900
f 4828 4901 4900
f 4828 4829 4901
f 4829 4902 4901
f 4829 4830 4902
f 4830 4903 4902
f 4830 4831 4903
f 4831 4904 4903
f 4831 4832 4904
f 4832 4905 4904
f 4832 4833 4905
f 4833 4906 4905
f 4833 4834 4906
f 4834 4907 4906
f 4834 4835 4907
f 4835 4908 4907
f 4835 4836 4908
f 4836 4909 4908
f 4836 4837 4909
f 4837 4910 4909
f 4837 4838 4910
f 4838 4911 4910
f 4838 4839 4911
f 4839 4912 4911
f 4839 4840 4912
f 4840 4913 4912
f 4840 4841 4913
f 4841 4914 4913
f 4841 4842 4914
f 4842 4915 4914
f 4842 4843 4915
f 4843 4916 4915
f 4843 4844 4916
f 4844 4917 4916
f 4844 4845 4917
f 4845 4918 4917
f 4845 4846 4918
f 4846 4919 4918
f 4846 4847 4919
f 4847 4920 4919
f 4847 4848 4920
f 4848 4921 4920
f 4848 4849 4921
f 4849 4922 4921
f 4849 4850 4922
f 4850 4923 4922
f 4850 4851 4923
f 4851 4924 4923
f 4851 4852 4924
f 4852 4925 4924
f 4852 4853 4925
f 4853 4926 4925
f 4853 4854 4926
f 4854 4927 4926
f 4854 4855 4927
f 4855 4928 4927
f 4855 4856 4928
f 4856 4929 4928
f 4856 4857 4929
f 4857 4930 4929
f 4857 4858 4930
f 4858 4931 4930
f 4858 4859 4931
f 4859 4932 4931
f 4859 4860 4932
f 4860 4933 4932
f 4860 4861 4933
f 4861 4934 4933
f 4861 4862 4934
f 4862 4935 4934
f 4862 4863 4935
f 4863 4936 4935
f 4863 4864 4936
f 4864 4937 4936
f 4864 4865 4937
f 4865 4938 4937
f 4865 4866 4938
f 4866 4939 4938
f 4866 4867 4939
f 4867 4940 4939
f 4867 4868 4940
f 4868 4941 4940
f 4868 4869 4941
f 4869 4942 4941
f 4869 4870 4942
f 4870 4943 4942
f 4870 4871 4943
f 4871 4944 4943
f 4871 4872 4944
f 4872 4945 4944
f 4872 4873 4945
f 4873 4946 4945
f 4873 4874 4946
f 4874 4947 4946
f 4874 4875 4947
f 4875 4948 4947
f 4875 4876 4948
f 4876 4949 4948
f 4876 4877 4949
f 4877 4950 4949
f 4877 4878 4950
f 4878 4951 4950
f 4878 4879 4951
f 4879 4952 4951
f 4879 4880 4952
f 4880 4953 4952
f 4880 4881 4953
f 4881 4954 4953
f 4881 4882 4954
f 4882 4955 4954
f 4882 4883 4955
f 4883 4956 4955
f 4883 4884 4956
f 4884 4957 4956
f 4884 4885 4957
f 4885 4958 4957
f 4885 4886 4958
f 4886 4959 4958
f 4886 4887 4959
f 4887 4960 4959
f 4887 4888 4960
f 4888 4961 4960
f 4888 4889 4961
f 4889 4962 4961
f 4889 4890 4962
f 4890 4963 4962
f 4890 4891 4963
f 4891 4964 4963
f 4891 4892 4964
f 4892 4965 4964
f 4892 4893 4965
f 4893 4966 4965
f 4893 4894 4966
f 4894 4967 4966
f 4894 4895 4967
f 4895 4968 4967
f 4895 4896 4968
f 4896 4897 4968
f 4896 4825 4897
f 4897 4970 4969
f 4897 4898 4970
f 4898 4971 4970
f 4898 4899 4971
f 4899 4972 4971
f 4899 4900 4972
f 4900 4973 4972
f 4900 4901 4973
f 4901 4974 4973
f 4901 4902 4974
f 4902 4975 4974
f 4902 4903 4975
f 4903 4976 4975
f 4903 4904 4976
f 4904 4977 4976
f 4904 4905 4977
f 4905 4978 4977
f 4905 4906 4978
f 4906 4979 4978
f 4906 4907 4979
f 4907 4980 4979
f 4907 4908 4980
f 4908 4981 4980
f 4908 4909 4981
f 4909 4982 4981
f 4909 4910 4982
f 4910 4983 4982
f 4910 4911 4983
f 4911 4984 4983
f 4911 4912 4984
f 4912 4985 4984
f 4912 4913 4985
f 4913 4986 4985
f 4913 4914 4986
f 4914 4987 4986
f 4914 4915 4987
f 4915 4988 4987
f 4915 4916 4988
f 4916 4989 4988
f 4916 4917 4989
f 4917 4990 4989
f 4917 4918 4990
f 4918 4991 4990
f 4918 4919 4991
f 4919 4992 4991
f 4919 4920 4992
f 4920 4993 4992
f 4920 4921 4993
f 4921 4994 4993
f 4921 4922 4994
f 4922 4995 4994
f 4922 4923 4995
f 4923 4996 4995
f 4923 4924 4996
f 4924 4997 4996
f 4924 4925 4997
f 4925 4998 4997
f 4925 4926 4998
f 4926 4999 4998
f 4926 4927 4999
f 4927 5000 4999
f 4927 4928 5000
f 4928 5001 5000
f 4928 4929 5001
f 4929 5002 5001
f 4929 4930 5002
f 4930 5003 5002
f 4930 4931 5003
f 4931 5004 5003
f 4931 4932 5004
f 4932 5005 5004
f 4932 4933 5005
f 4933 5006 5005
f 4933 4934 5006
f 4934 5007 5006
f 4934 4935 5007
f 4935 5008 5007
f 4935 4936 5008
f 4936 5009 5008
f 4936 4937 5009
f 4937 5010 5009
f 4937 4938 5010
f 4938 5011 5010
f 4938 4939 5011
f 4939 5012 5011
f 4939 4940 5012
f 4940 5013 5012
f 4940 4941 5013
f 4941 5014 5013
f 4941 4942 5014
f 4942 5015 5014
f 4942 4943 5015
f 4943 5016 5015
f 4943 4944 5016
f 4944 5017 5016
f 4944 4945 5017
f 4945 5018 5017
f 4945 4946 5018
f 4946 5019 5018
f 4946 4947 5019
f 4947 5020 5019
f 4947 4948 5020
f 4948 5021 5020
f 4948 4949 5021
f 4949 5022 5021
f 4949 4950 5022
f 4950 5023 5022
f 4950 4951 5023
f 4951 5024 5023
f 4951 4952 5024
f 4952 5025 5024
f 4952 4953 5025
f 4953 5026 5025
f 4953 4954 5026
f 4954 5027 5026
f 4954 4955 5027
f 4955 5028 5027
f 4955 4956 5028
f 4956 5029 5028
f 4956 4957 5029
f 4957 5030 5029
f 4957 4958 5030
f 4958 5031 5030
f 4958 4959 5031
f 4959 5032 5031
f 4959 4960 5032
f 4960 5033 5032
f 4960 4961 5033
f 4961 5034 5033
f 4961 4962 5034
f 4962 5035 5034
f 4962 4963 5035
f 4963 5036 5035
f 4963 4964 5036
f 4964 5037 5036
f 4964 4965 5037
f 4965 5038 5037
f 4965 4966 5038
f 4966 5039 5038
f 4966 4967 5039
f 4967 5040 5039
f 4967 4968 5040
f 4968 4969 5040
f 4968 4897 4969
f 4969 5042 5041
f 4969 4970 5042
f 4970 5043 5042
f 4970 4971 5043
f 4971 5044 5043
f 4971 4972 5044
f 4972 5045 5044
f 4972 4973 5045
f 4973 5046 5045
f 4973 4974 5046
f 4974 5047 5046
f 4974 4975 5047
f 4975 5048 5047
f 4975 4976 5048
f 4976 5049 5048
f 4976 4977 5049
f 4977 5050 5049
f 4977 4978 5050
f 4978 5051 5050
f 4978 4979 5051
f 4979 5052 5051
f 4979 4980 5052
f 4980 5053 5052
f 4980 4981 5053
f 4981 5054 5053
f 4981 4982 5054
f 4982 5055 5054
f 4982 4983 5055
f 4983 5056 5055
f 4983 4984 5056
f 4984 5057 5056
f 4984 4985 5057
f 4985 5058 5057
f 4985 4986 5058
f 4986 5059 5058
f 4986 4987 5059
f 4987 5060 5059
f 4987 4988 5060
f 4988 5061 5060
f 4988 4989 5061
f 4989 5062 5061
f 4989 4990 5062
f 4990 5063 5062
f 4990 4991 5063
f 4991 5064 5063
f 4991 4992 5064
f 4992 5065 5064
f 4992 4993 5065
f 4993 5066 5065
f 4993 4994 5066
f 4994 5067 5066
f 4994 4995 5067
f 4995 5068 5067
f 4995 4996 5068
f 4996 5069 5068
f 4996 4997 5069
f 4997 5070 5069
f 4997 4998 5070
f 4998 5071 5070
f 4998 4999 5071
f 4999 5072 5071
f 4999 5000 5072
f 5000 5073 5072
f 5000 5001 5073
f 5001 5074 5073
f 5001 5002 5074
f 5002 5075 5074
f 5002 5003 5075
f 5003 5076 5075
f 5003 5004 5076
f 5004 5077 5076
f 5004 5005 5077
f 5005 5078 5077
f 5005 5006 5078
f 5006 5079 5078
f 5006 5007 5079
f 5007 5080 5079
f 5007 5008 5080
f 5008 5081 5080
f 5008 5009 5081
f 5009 5082 5081
f 5009 5010 5082
f 5010 5083 5082
f 5010 5011 5083
f 5011 5084 5083
f 5011 5012 5084
f 5012 5085 5084
f 5012 5013 5085
f 5013 5086 5085
f 5013 5014 5086
f 5014 5087 5086
f 5014 5015 5087
f 5015 5088 5087
f 5015 5016 5088
f 5016 5089 5088
f 5016 5017 5089
f 5017 5090 5089
f 5017 5018 5090
f 5018 5091 5090
f 5018 5019 5091
f 5019 5092 5091
f 5019 5020 5092
f 5020 5093 5092
f 5020 5021 5093
f 5021 5094 5093
f 5021 5022 5094
f 5022 5095 5094
f 5022 5023 5095
f 5023 5096 5095
f 5023 5024 5096
f 5024 5097 5096
f 5024 5025 5097
f 5025 5098 5097
f 5025 5026 5098
f 5026 5099 5098
f 5026 5027 5099
f 5027 5100 5099
f 5027 5028 5100
f 5028 5101 5100
f 5028 5029 5101
f 5029 5102 5101
f 5029 5030 5102
f 5030 5103 5102
f 5030 5031 5103
f 5031 5104 5103
f 5031 5032 5104
f 5032 5105 5104
f 5032 5033 5105
f 5033 5106 5105
f 5033 5034 5106
f 5034 5107 5106
f 5034 5035 5107
f 5035 5108 5107
f 5035 5036 5108
f 5036 5109 5108
f 5036 5037 5109
f 5037 5110 5109
f 5037 5038 5110
f 5038 5111 5110
f 5038 5039 5111
f 5039 5112 5111
f 5039 5040 5112
f 5040 5041 5112
f 5040 4969 5041
f 5041 5114 5113
f 5041 5042 5114
f 5042 5115 5114
f 5042 5043 5115
f 5043 5116 5115
f 5043 5044 5116
f 5044 5117 5116
f 5044 5045 5117
f 5045 5118 5117
f 5045 5046 5118
f 5046 5119 5118
f 5046 5047 5119
f 5047 5120 5119
f 5047 5048 5120
f 5048 5121 5120
f 5048 5049 5121
f 5049 5122 5121
f 5049 5050 5122
f 5050 5123 5122
f 5050 5051 5123
f 5051 5124 5123
f 5051 5052 5124
f 5052 5125 5124
f 5052 5053 5125
f 5053 5126 5125
f 5053 5054 5126
f 5054 5127 5126
f 5054 5055 5127
f 5055 5128 5127
f 5055 5056 5128
f 5056 5129 5128
f 5056 5057 5129
f 5057 5130 5129
f 5057 5058 5130
f 5058 5131 5130
f 5058 5059 5131
f 5059 5132 5131
f 5059 5060 5132
f 5060 5133 5132
f 5060 5061 5133
f 5061 5134 5133
f 5061 5062 5134
f 5062 5135 5134
f 5062 5063 5135
f 5063 5136 5135
f 5063 5064 5136
f 5064 5137 5136
f 5064 5065 5137
f 5065 5138 5137
f 5065 5066 5138
f 5066 5139 5138
f 5066 5067 5139
f 5067 5140 5139
f 5067 5068 5140
f 5068 5141 5140
f 5068 5069 5141
f 5069 5142 5141
f 5069 5070 5142
f 5070 5143 5142
f 5070 5071 5143
f 5071 5144 5143
f 5071 5072 5144
f 5072 5145 5144
f 5072 5073 5145
f 5073 5146 5145
f 5073 5074 5146
f 5074 5147 5146
f 5074 5075 5147
f 5075 5148 5147
f 5075 5076 5148
f 5076 5149 5148
f 5076 5077 5149
f 5077 5150 5149
f 5077 5078 5150
f 5078 5151 5150
f 5078 5079 5151
f 5079 5152 5151
f 5079 5080 5152
f 5080 5153 5152
f 5080 5081 5153
f 5081 5154 5153
f 5081 5082 5154
f 5082 5155 5154
f 5082 5083 5155
f 5083 5156 5155
f 5083 5084 5156
f 5084 5157 5156
f 5084 5085 5157
f 5085 5158 5157
f 5085 5086 5158
f 5086 5159 5158
f 5086 5087 5159
f 5087 5160 5159
f 5087 5088 5160
f 5088 5161 5160
f 5088 5089 5161
f 5089 5162 5161
f 5089 5090 5162
f 5090 5163 5162
f 5090 5091 5163
f 5091 5164 5163
f 5091 5092 5164
f 5092 5165 5164
f 5092 5093 5165
f 5093 5166 5165
f 5093 5094 5166
f 5094 5167 5166
f 5094 5095 5167
f 5095 5168 5167
f 5095 5096 5168
f 5096 5169 5168
f 5096 5097 5169
f 5097 5170 5169
f 5097 5098 5170
f 5098 5171 5170
f 5098 5099 5171
f 5099 5172 5171
f 5099 5100 5172
f 5100 5173 5172
f 5100 5101 5173
f 5101 5174 5173
f 5101 5102 5174
f 5102 5175 5174
f 5102 5103 5175
f 5103 5176 5175
f 5103 5104 5176
f 5104 5177 5176
f 5104 5105 5177
f 5105 5178 5177
f 5105 5106 5178
f 5106 5179 5178
f 5106 5107 5179
f 5107 5180 5179
f 5107 5108 5180
f 5108 5181 5180
f 5108 5109 5181
f 5109 5182 5181
f 5109 5110 5182
f 5110 5183 5182
f 5110 5111 5183
f 5111 5184 5183
f 5111 5112 5184
f 5112 5113 5184
f 5112 5041 5113
f 5113 5186 5185
f 5113 5114 5186
f 5114 5187 5186
f 5114 5115 5187
f 5115 5188 5187
f 5115 5116 5188
f 5116 5189 5188
f 5116 5117 5189
f 5117 5190 5189
f 5117 5118 5190
f 5118 5191 5190
f 5118 5119 5191
f 5119 5192 5191
f 5119 5120 5192
f 5120 5193 5192
f 5120 5121 5193
f 5121 5194 5193
f 5121 5122 5194
f 5122 5195 5194
f 5122 5123 5195
f 5123 5196 5195
f 5123 5124 5196
f 5124 5197 5196
f 5124 5125 5197
f 5125 5198 5197
f 5125 5126 5198
f 5126 5199 5198
f 5126 5127 5199
f 5127 5200 5199
f 5127 5128 5200
f 5128 5201 5200
f 5128 5129 5201
f 5129 5202 5201
f 5129 5130 5202
f 5130 5203 5202
f 5130 5131 5203
f 5131 5204 5203
f 5131 5132 5204
f 5132 5205 5204
f 5132 5133 5205
f 5133 5206 5205
f 5133 5134 5206
f 5134 5207 5206
f 5134 5135 5207
f 5135 5208 5207
f 5135 5136 5208
f 5136 5209 5208
f 5136 5137 5209
f 5137 5210 5209
f 5137 5138 5210
f 5138 5211 5210
f 5138 5139 5211
f 5139 5212 5211
f 5139 5140 5212
f 5140 5213 5212
f 5140 5141 5213
f 5141 5214 5213
f 5141 5142 5214
f 5142 5215 5214
f 5142 5143 5215
f 5143 5216 5215
f 5143 5144 5216
f 5144 5217 5216
f 5144 5145 5217
f 5145 5218 5217
f 5145 5146 5218
f 5146 5219 5218
f 5146 5147 5219
f 5147 5220 5219
f 5147 5148 5220
f 5148 5221 5220
f 5148 5149 5221
f 5149 5222 5221
f 5149 5150 5222
f 5150 5223 5222
f 5150 5151 5223
f 5151 5224 5223
f 5151 5152 5224
f 5152 5225 5224
f 5152 5153 5225
f 5153 5226 5225
f 5153 5154 5226
f 5154 5227 5226
f 5154 5155 5227
f 5155 5228 5227
f 5155 5156 5228
f 5156 5229 5228
f 5156 5157 5229
f 5157 5230 5229
f 5157 5158 5230
f 5158 5231 5230
f 5158 5159 5231
f 5159 5232 5231
f 5159 5160 5232
f 5160 5233 5232
f 5160 5161 5233
f 5161 5234 5233
f 5161 5162 5234
f 5162 5235 5234
f 5162 5163 5235
f 5163 5236 5235
f 5163 5164 5236
f 5164 5237 5236
f 5164 5165 5237
f 5165 5238 5237
f 5165 5166 5238
f 5166 5239 5238
f 5166 5167 5239
f 5167 5240 5239
f 5167 5168 5240
f 5168 5241 5240
f 5168 5169 5241
f 5169 5242 5241
f 5169 5170 5242
f 5170 5243 5242
f 5170 5171 5243
f 5171 5244 5243
f 5171 5172 5244
f 5172 5245 5244
f 5172 5173 5245
f 5173 5246 5245
f 5173 5174 5246
f 5174 5247 5246
f 5174 5175 5247
f 5175 5248 5247
f 5175 5176 5248
f 5176 5249 5248
f 5176 5177 5249
f 5177 5250 5249
f 5177 5178 5250
f 5178 5251 5250
f 5178 5179 5251
f 5179 5252 5251
f 5179 5180 5252
f 5180 5253 5252
f 5180 5181 5253
f 5181 5254 5253
f 5181 5182 5254
f 5182 5255 5254
f 5182 5183 5255
f 5183 5256 5255
f 5183 5184 5256
f 5184 5185 5256
f 5184 5113 5185
f 5185 5258 5257
f 5185 5186 5258
f 5186 5259 5258
f 5186 5187 5259
f 5187 5260 5259
f 5187 5188 5260
f 5188 5261 5260
f 5188 5189 5261
f 5189 5262 5261
f 5189 5190 5262
f 5190 5263 5262
f 5190 5191 5263
f 5191 5264 5263
f 5191 5192 5264
f 5192 5265 5264
f 5192 5193 5265
f 5193 5266 5265
f 5193 5194 5266
f 5194 5267 5266
f 5194 5195 5267
f 5195 5268 5267
f 5195 5196 5268
f 5196 5269 5268
f 5196 5197 5269
f 5197 5270 5269
f 5197 5198 5270
f 5198 5271 5270
f 5198 5199 5271
f 5199 5272 5271
f 5199 5200 5272
f 5200 5273 5272
f 5200 5201 5273
f 5201 5274 5273
f 5201 5202 5274
f 5202 5275 5274
f 5202 5203 5275
f 5203 5276 5275
f 5203 5204 5276
f 5204 5277 5276
f 5204 5205 5277
f 5205 5278 5277
f 5205 5206 5278
f 5206 5279 5278
f 5206 5207 5279
f 5207 5280 5279
f 5207 5208 5280
f 5208 5281 5280
f 5208 5209 5281
f 5209 5282 5281
f 5209 5210 5282
f 5210 5283 5282
f 5210 5211 5283
f 5211 5284 5283
f 5211 5212 5284
f 5212 5285 5284
f 5212 5213 5285
f 5213 5286 5285
f 5213 5214 5286
f 5214 5287 5286
f 5214 5215 5287
f 5215 5288 5287
f 5215 5216 5288
f 5216 5289 5288
f 5216 5217 5289
f 5217 5290 5289
f 5217 5218 5290
f 5218 5291 5290
f 5218 5219 5291
f 5219 5292 5291
f 5219 5220 5292
f 5220 5293 5292
f 5220 5221 5293
f 5221 5294 5293
f 5221 5222 5294
f 5222 5295 5294
f 5222 5223 5295
f 5223 5296 5295
f 5223 5224 5296
f 5224 5297 5296
f 5224 5225 5297
f 5225 5298 5297
f 5225 5226 5298
f 5226 5299 5298
f 5226 5227 5299
f 5227 5300 5299
f 5227 5228 5300
f 5228 5301 5300
f 5228 5229 5301
f 5229 5302 5301
f 5229 5230 5302
f 5230 5303 5302
f 5230 5231 5303
f 5231 5304 5303
f 5231 5232 5304
f 5232 5305 5304
f 5232 5233 5305
f 5233 5306 5305
f 5233 5234 5306
f 5234 5307 5306
f 5234 5235 5307
f 5235 5308 5307
f 5235 5236 5308
f 5236 5309 5308
f 5236 5237 5309
f 5237 5310 5309
f 5237 5238 5310
f 5238 5311 5310
f 5238 5239 5311
f 5239 5312 5311
f 5239 5240 5312
f 5240 5313 5312
f 5240 5241 5313
f 5241 5314 5313
f 5241 5242 5314
f 5242 5315 5314
f 5242 5243 5315
f 5243 5316 5315
f 5243 5244 5316
f 5244 5317 5316
f 5244 5245 5317
f 5245 5318 5317
f 5245 5246 5318
f 5246 5319 5318
f 5246 5247 5319
f 5247 5320 5319
f 5247 5248 5320
f 5248 5321 5320
f 5248 5249 5321
f 5249 5322 5321
f 5249 5250 5322
f 5250 5323 5322
f 5250 5251 5323
f 5251 5324 5323
f 5251 5252 5324
f 5252 5325 5324
f 5252 5253 5325
f 5253 5326 5325
f 5253 5254 5326
f 5254 5327 5326
f 5254 5255 5327
f 5255 5328 5327
f 5255 5256 5328
f 5256 5257 5328
f 5256 5185 5257
f 5257 5330 5329
f 5257 5258 5330
f 5258 5331 5330
f 5258 5259 5331
f 5259 5332 5331
f 5259 5260 5332
f 5260 5333 5332
f 5260 5261 5333
f 5261 5334 5333
f 5261 5262 5334
f 5262 5335 5334
f 5262 5263 5335
f 5263 5336 5335
f 5263 5264 5336
f 5264 5337 5336
f 5264 5265 5337
f 5265 5338 5337
f 5265 5266 5338
f 5266 5339 5338
f 5266 5267 5339
f 5267 5340 5339
f 5267 5268 5340
f 5268 5341 5340
f 5268 5269 5341
f 5269 5342 5341
f 5269 5270 5342
f 5270 5343 5342
f 5270 5271 5343
f 5271 5344 5343
f 5271 5272 5344
f 5272 5345 5344
f 5272 5273 5345
f 5273 5346 5345
f 5273 5274 5346
f 5274 5347 5346
f 5274 5275 5347
f 5275 5348 5347
f 5275 5276 5348
f 5276 5349 5348
f 5276 5277 5349
f 5277 5350 5349
f 5277 5278 5350
f 5278 5351 5350
f 5278 5279 5351
f 5279 5352 5351
f 5279 5280 5352
f 5280 5353 5352
f 5280 5281 5353
f 5281 5354 5353
f 5281 5282 5354
f 5282 5355 5354
f 5282 5283 5355
f 5283 5356 5355
f 5283 5284 5356
f 5284 5357 5356
f 5284 5285 5357
f 5285 5358 5357
f 5285 5286 5358
f 5286 5359 5358
f 5286 5287 5359
f 5287 5360 5359
f 5287 5288 5360
f 5288 5361 5360
f 5288 5289 5361
f 5289 5362 5361
f 5289 5290 5362
f 5290 5363 5362
f 5290 5291 5363
f 5291 5364 5363
f 5291 5292 5364
f 5292 5365 5364
f 5292 5293 5365
f 5293 5366 5365
f 5293 5294 5366
f 5294 5367 5366
f 5294 5295 5367
f 5295 5368 5367
f 5295 5296 5368
f 5296 5369 5368
f 5296 5297 5369
f 5297 5370 5369
f 5297 5298 5370
f 5298 5371 5370
f 5298 5299 5371
f 5299 5372 5371
f 5299 5300 5372
f 5300 5373 5372
f 5300 5301 5373
f 5301 5374 5373
f 5301 5302 5374
f 5302 5375 5374
f 5302 5303 5375
f 5303 5376 5375
f 5303 5304 5376
f 5304 5377 5376
f 5304 5305 5377
f 5305 5378 5377
f 5305 5306 5378
f 5306 5379 5378
f 5306 5307 5379
f 5307 5380 5379
f 5307 5308 5380
f 5308 5381 5380
f 5308 5309 5381
f 5309 5382 5381
f 5309 5310 5382
f 5310 5383 5382
f 5310 5311 5383
f 5311 5384 5383
f 5311 5312 5384
f 5312 5385 5384
f 5312 5313 5385
f 5313 5386 5385
f 5313 5314 5386
f 5314 5387 5386
f 5314 5315 5387
f 5315 5388 5387
f 5315 5316 5388
f 5316 5389 5388
f 5316 5317 5389
f 5317 5390 5389
f 5317 5318 5390
f 5318 5391 5390
f 5318 5319 5391
f 5319 5392 5391
f 5319 5320 5392
f 5320 5393 5392
f 5320 5321 5393
f 5321 5394 5393
f 5321 5322 5394
f 5322 5395 5394
f 5322 5323 5395
f 5323 5396 5395
f 5323 5324 5396
f 5324 5397 5396
f 5324 5325 5397
f 5325 5398 5397
f 5325 5326 5398
f 5326 5399 5398
f 5326 5327 5399
f 5327 5400 5399
f 5327 5328 5400
f 5328 5329 5400
f 5328 5257 5329
f 5329 5402 5401
f 5329 5330 5402
f 5330 5403 5402
f 5330 5331 5403
f 5331 5404 5403
f 5331 5332 5404
f 5332 5405 5404
f 5332 5333 5405
f 5333 5406 5405
f 5333 5334 5406
f 5334 5407 5406
f 5334 5335 5407
f 5335 5408 5407
f 5335 5336 5408
f 5336 5409 5408
f 5336 5337 5409
f 5337 5410 5409
f 5337 5338 5410
f 5338 5411 5410
f 5338 5339 5411
f 5339 5412 5411
f 5339 5340 5412
f 5340 5413 5412
f 5340 5341 5413
f 5341 5414 5413
f 5341 5342 5414
f 5342 5415 5414
f 5342 5343 5415
f 5343 5416 5415
f 5343 5344 5416
f 5344 5417 5416
f 5344 5345 5417
f 5345 5418 5417
f 5345 5346 5418
f 5346 5419 5418
f 5346 5347 5419
f 5347 5420 5419
f 5347 5348 5420
f 5348 5421 5420
f 5348 5349 5421
f 5349 5422 5421
f 5349 5350 5422
f 5350 5423 5422
f 5350 5351 5423
f 5351 5424 5423
f 5351 5352 5424
f 5352 5425 5424
f 5352 5353 5425
f 5353 5426 5425
f 5353 5354 5426
f 5354 5427 5426
f 5354 5355 5427
f 5355 5428 5427
f 5355 5356 5428
f 5356 5429 5428
f 5356 5357 5429
f 5357 5430 5429
f 5357 5358 5430
f 5358 5431 5430
f 5358 5359 5431
f 5359 5432 5431
f 5359 5360 5432
f 5360 5433 5432
f 5360 5361 5433
f 5361 5434 5433
f 5361 5362 5434
f 5362 5435 5434
f 5362 5363 5435
f 5363 5436 5435
f 5363 5364 5436
f 5364 5437 5436
f 5364 5365 5437
f 5365 5438 5437
f 5365 5366 5438
f 5366 5439 5438
f 5366 5367 5439
f 5367 5440 5439
f 5367 5368 5440
f 5368 5441 5440
f 5368 5369 5441
f 5369 5442 5441
f 5369 5370 5442
f 5370 5443 5442
f 5370 5371 5443
f 5371 5444 5443
f 5371 5372 5444
f 5372 5445 5444
f 5372 5373 5445
f 5373 5446 5445
f 5373 5374 5446
f 5374 5447 5446
f 5374 5375 5447
f 5375 5448 5447
f 5375 5376 5448
f 5376 5449 5448
f 5376 5377 5449
f 5377 5450 5449
f 5377 5378 5450
f 5378 5451 5450
f 5378 5379 5451
f 5379 5452 5451
f 5379 5380 5452
f 5380 5453 5452
f 5380 5381 5453
f 5381 5454 5453
f 5381 5382 5454
f 5382 5455 5454
f 5382 5383 5455
f 5383 5456 5455
f 5383 5384 5456
f 5384 5457 5456
f 5384 5385 5457
f 5385 5458 5457
f 5385 5386 5458
f 5386 5459 5458
f 5386 5387 5459
f 5387 5460 5459
f 5387 5388 5460
f 5388 5461 5460
f 5388 5389 5461
f 5389 5462 5461
f 5389 5390 5462
f 5390 5463 5462
f 5390 5391 5463
f 5391 5464 5463
f 5391 5392 5464
f 5392 5465 5464
f 5392 5393 5465
f 5393 5466 5465
f 5393 5394 5466
f 5394 5467 5466
f 5394 5395 5467
f 5395 5468 5467
f 5395 5396 5468
f 5396 5469 5468
f 5396 5397 5469
f 5397 5470 5469
f 5397 5398 5470
f 5398 5471 5470
f 5398 5399 5471
f 5399 5472 5471
f 5399 5400 5472
f 5400 5401 5472
f 5400 5329 5401
f 5401 5474 5473
f 5401 5402 5474
f 5402 5475 5474
f 5402 5403 5475
f 5403 5476 5475
f 5403 5404 5476
f 5404 5477 5476
f 5404 5405 5477
f 5405 5478 5477
f 5405 5406 5478
f 5406 5479 5478
f 5406 5407 5479
f 5407 5480 5479
f 5407 5408 5480
f 5408 5481 5480
f 5408 5409 5481
f 5409 5482 5481
f 5409 5410 5482
f 5410 5483 5482
f 5410 5411 5483
f 5411 5484 5483
f 5411 5412 5484
f 5412 5485 5484
f 5412 5413 5485
f 5413 5486 5485
f 5413 5414 5486
f 5414 5487 5486
f 5414 5415 5487
f 5415 5488 5487
f 5415 5416 5488
f 5416 5489 5488
f 5416 5417 5489
f 5417 5490 5489
f 5417 5418 5490
f 5418 5491 5490
f 5418 5419 5491
f 5419 5492 5491
f 5419 5420 5492
f 5420 5493 5492
f 5420 5421 5493
f 5421 5494 5493
f 5421 5422 5494
f 5422 5495 5494
f 5422 5423 5495
f 5423 5496 5495
f 5423 5424 5496
f 5424 5497 5496
f 5424 5425 5497
f 5425 5498 5497
f 5425 5426 5498
f 5426 5499 5498
f 5426 5427 5499
f 5427 5500 5499
f 5427 5428 5500
f 5428 5501 5500
f 5428 5429 5501
f 5429 5502 5501
f 5429 5430 5502
f 5430 5503 5502
f 5430 5431 5503
f 5431 5504 5503
f 5431 5432 5504
f 5432 5505 5504
f 5432 5433 5505
f 5433 5506 5505
f 5433 5434 5506
f 5434 5507 5506
f 5434 5435 5507
f 5435 5508 5507
f 5435 5436 5508
f 5436 5509 5508
f 5436 5437 5509
f 5437 5510 5509
f 5437 5438 5510
f 5438 5511 5510
f 5438 5439 5511
f 5439 5512 5511
f 5439 5440 5512
f 5440 5513 5512
f 5440 5441 5513
f 5441 5514 5513
f 5441 5442 5514
f 5442 5515 5514
f 5442 5443 5515
f 5443 5516 5515
f 5443 5444 5516
f 5444 5517 5516
f 5444 5445 5517
f 5445 5518 5517
f 5445 5446 5518
f 5446 5519 5518
f 5446 5447 5519
f 5447 5520 5519
f 5447 5448 5520
f 5448 5521 5520
f 5448 5449 5521
f 5449 5522 5521
f 5449 5450 5522
f 5450 5523 5522
f 5450 5451 5523
f 5451 5524 5523
f 5451 5452 5524
f 5452 5525 5524
f 5452 5453 5525
f 5453 5526 5525
f 5453 5454 5526
f 5454 5527 5526
f 5454 5455 5527
f 5455 5528 5527
f 5455 5456 5528
f 5456 5529 5528
f 5456 5457 5529
f 5457 5530 5529
f 5457 5458 5530
f 5458 5531 5530
f 5458 5459 5531
f 5459 5532 5531
f 5459 5460 5532
f 5460 5533 5532
f 5460 5461 5533
f 5461 5534 5533
f 5461 5462 5534
f 5462 5535 5534
f 5462 5463 5535
f 5463 5536 5535
f 5463 5464 5536
f 5464 5537 5536
f 5464 5465 5537
f 5465 5538 5537
f 5465 5466 5538
f 5466 5539 5538
f 5466 5467 5539
f 5467 5540 5539
f 5467 5468 5540
f 5468 5541 5540
f 5468 5469 5541
f 5469 5542 5541
f 5469 5470 5542
f 5470 5543 5542
f 5470 5471 5543
f 5471 5544 5543
f 5471 5472 5544
f 5472 5473 5544
f 5472 5401 5473
f 5473 5546 5545
f 5473 5474 5546
f 5474 5547 5546
f 5474 5475 5547
f 5475 5548 5547
f 5475 5476 5548
f 5476 5549 5548
f 5476 5477 5549
f 5477 5550 5549
f 5477 5478 5550
f 5478 5551 5550
f 5478 5479 5551
f 5479 5552 5551
f 5479 5480 5552
f 5480 5553 5552
f 5480 5481 5553
f 5481 5554 5553
f 5481 5482 5554
f 5482 5555 5554
f 5482 5483 5555
f 5483 5556 5555
f 5483 5484 5556
f 5484 5557 5556
f 5484 5485 5557
f 5485 5558 5557
f 5485 5486 5558
f 5486 5559 5558
f 5486 5487 5559
f 5487 5560 5559
f 5487 5488 5560
f 5488 5561 5560
f 5488 5489 5561
f 5489 5562 5561
f 5489 5490 5562
f 5490 5563 5562
f 5490 5491 5563
f 5491 5564 5563
f 5491 5492 5564
f 5492 5565 5564
f 5492 5493 5565
f 5493 5566 5565
f 5493 5494 5566
f 5494 5567 5566
f 5494 5495 5567
f 5495 5568 5567
f 5495 5496 5568
f 5496 5569 5568
f 5496 5497 5569
f 5497 5570 5569
f 5497 5498 5570
f 5498 5571 5570
f 5498 5499 5571
f 5499 5572 5571
f 5499 5500 5572
f 5500 5573 5572
f 5500 5501 5573
f 5501 5574 5573
f 5501 5502 5574
f 5502 5575 5574
f 5502 5503 5575
f 5503 5576 5575
f 5503 5504 5576
f 5504 5577 5576
f 5504 5505 5577
f 5505 5578 5577
f 5505 5506 5578
f 5506 5579 5578
f 5506 5507 5579
f 5507 5580 5579
f 5507 5508 5580
f 5508 5581 5580
f 5508 5509 5581
f 5509 5582 5581
f 5509 5510 5582
f 5510 5583 5582
f 5510 5511 5583
f 5511 5584 5583
f 5511 5512 5584
f 5512 5585 5584
f 5512 5513 5585
f 5513 5586 5585
f 5513 5514 5586
f 5514 5587 5586
f 5514 5515 5587
f 5515 5588 5587
f 5515 5516 5588
f 5516 5589 5588
f 5516 5517 5589
f 5517 5590 5589
f 5517 5518 5590
f 5518 5591 5590
f 5518 5519 5591
f 5519 5592 5591
f 5519 5520 5592
f 5520 5593 5592
f 5520 5521 5593
f 5521 5594 5593
f 5521 5522 5594
f 5522 5595 5594
f 5522 5523 5595
f 5523 5596 5595
f 5523 5524 5596
f 5524 5597 5596
f 5524 5525 5597
f 5525 5598 5597
f 5525 5526 5598
f 5526 5599 5598
f 5526 5527 5599
f 5527 5600 5599
f 5527 5528 5600
f 5528 5601 5600
f 5528 5529 5601
f 5529 5602 5601
f 5529 5530 5602
f 5530 5603 5602
f 5530 5531 5603
f 5531 5604 5603
f 5531 5532 5604
f 5532 5605 5604
f 5532 5533 5605
f 5533 5606 5605
f 5533 5534 5606
f 5534 5607 5606
f 5534 5535 5607
f 5535 5608 5607
f 5535 5536 5608
f 5536 5609 5608
f 5536 5537 5609
f 5537 5610 5609
f 5537 5538 5610
f 5538 5611 5610
f 5538 5539 5611
f 5539 5612 5611
f 5539 5540 5612
f 5540 5613 5612
f 5540 5541 5613
f 5541 5614 5613
f 5541 5542 5614
f 5542 5615 5614
f 5542 5543 5615
f 5543 5616 5615
f 5543 5544 5616
f 5544 5545 5616
f 5544 5473 5545
f 5545 5618 5617
f 5545 5546 5618
f 5546 5619 5618
f 5546 5547 5619
f 5547 5620 5619
f 5547 5548 5620
f 5548 5621 5620
f 5548 5549 5621
f 5549 5622 5621
f 5549 5550 5622
f 5550 5623 5622
f 5550 5551 5623
f 5551 5624 5623
f 5551 5552 5624
f 5552 5625 5624
f 5552 5553 5625
f 5553 5626 5625
f 5553 5554 5626
f 5554 5627 5626
f 5554 5555 5627
f 5555 5628 5627
f 5555 5556 5628
f 5556 5629 5628
f 5556 5557 5629
f 5557 5630 5629
f 5557 5558 5630
f 5558 5631 5630
f 5558 5559 5631
f 5559 5632 5631
f 5559 5560 5632
f 5560 5633 5632
f 5560 5561 5633
f 5561 5634 5633
f 5561 5562 5634
f 5562 5635 5634
f 5562 5563 5635
f 5563 5636 5635
f 5563 5564 5636
f 5564 5637 5636
f 5564 5565 5637
f 5565 5638 5637
f 5565 5566 5638
f 5566 5639 5638
f 5566 5567 5639
f 5567 5640 5639
f 5567 5568 5640
f 5568 5641 5640
f 5568 5569 5641
f 5569 5642 5641
f 5569 5570 5642
f 5570 5643 5642
f 5570 5571 5643
f 5571 5644 5643
f 5571 5572 5644
f 5572 5645 5644
f 5572 5573 5645
f 5573 5646 5645
f 5573 5574 5646
f 5574 5647 5646
f 5574 5575 5647
f 5575 5648 5647
f 5575 5576 5648
f 5576 5649 5648
f 5576 5577 5649
f 5577 5650 5649
f 5577 5578 5650
f 5578 5651 5650
f 5578 5579 5651
f 5579 5652 5651
f 5579 5580 5652
f 5580 5653 5652
f 5580 5581 5653
f 5581 5654 5653
f 5581 5582 5654
f 5582 5655 5654
f 5582 5583 5655
f 5583 5656 5655
f 5583 5584 5656
f 5584 5657 5656
f 5584 5585 5657
f 5585 5658 5657
f 5585 5586 5658
f 5586 5659 5658
f 5586 5587 5659
f 5587 5660 5659
f 5587 5588 5660
f 5588 5661 5660
f 5588 5589 5661
f 5589 5662 5661
f 5589 5590 5662
f 5590 5663 5662
f 5590 5591 5663
f 5591 5664 5663
f 5591 5592 5664
f 5592 5665 5664
f 5592 5593 5665
f 5593 5666 5665
f 5593 5594 5666
f 5594 5667 5666
f 5594 5595 5667
f 5595 5668 5667
f 5595 5596 5668
f 5596 5669 5668
f 5596 5597 5669
f 5597 5670 5669
f 5597 5598 5670
f 5598 5671 5670
f 5598 5599 5671
f 5599 5672 5671
f 5599 5600 5672
f 5600 5673 5672
f 5600 5601 5673
f 5601 5674 5673
f 5601 5602 5674
f 5602 5675 5674
f 5602 5603 5675
f 5603 5676 5675
f 5603 5604 5676
f 5604 5677 5676
f 5604 5605 5677
f 5605 5678 5677
f 5605 5606 5678
f 5606 5679 5678
f 5606 5607 5679
f 5607 5680 5679
f 5607 5608 5680
f 5608 5681 5680
f 5608 5609 5681
f 5609 5682 5681
f 5609 5610 5682
f 5610 5683 5682
f 5610 5611 5683
f 5611 5684 5683
f 5611 5612 5684
f 5612 5685 5684
f 5612 5613 5685
f 5613 5686 5685
f 5613 5614 5686
f 5614 5687 5686
f 5614 5615 5687
f 5615 5688 5687
f 5615 5616 5688
f 5616 5617 5688
f 5616 5545 5617
f 5617 5690 5689
f 5617 5618 5690
f 5618 5691 5690
f 5618 5619 5691
f 5619 5692 5691
f 5619 5620 5692
f 5620 5693 5692
f 5620 5621 5693
f 5621 5694 5693
f 5621 5622 5694
f 5622 5695 5694
f 5622 5623 5695
f 5623 5696 5695
f 5623 5624 5696
f 5624 5697 5696
f 5624 5625 5697
f 5625 5698 5697
f 5625 5626 5698
f 5626 5699 5698
f 5626 5627 5699
f 5627 5700 5699
f 5627 5628 5700
f 5628 5701 5700
f 5628 5629 5701
f 5629 5702 5701
f 5629 5630 5702
f 5630 5703 5702
f 5630 5631 5703
f 5631 5704 5703
f 5631 5632 5704
f 5632 5705 5704
f 5632 5633 5705
f 5633 5706 5705
f 5633 5634 5706
f 5634 5707 5706
f 5634 5635 5707
f 5635 5708 5707
f 5635 5636 5708
f 5636 5709 5708
f 5636 5637 5709
f 5637 5710 5709
f 5637 5638 5710
f 5638 5711 5710
f 5638 5639 5711
f 5639 5712 5711
f 5639 5640 5712
f 5640 5713 5712
f 5640 5641 5713
f 5641 5714 5713
f 5641 5642 5714
f 5642 5715 5714
f 5642 5643 5715
f 5643 5716 5715
f 5643 5644 5716
f 5644 5717 5716
f 5644 5645 5717
f 5645 5718 5717
f 5645 5646 5718
f 5646 5719 5718
f 5646 5647 5719
f 5647 5720 5719
f 5647 5648 5720
f 5648 5721 5720
f 5648 5649 5721
f 5649 5722 5721
f 5649 5650 5722
f 5650 5723 5722
f 5650 5651 5723
f 5651 5724 5723
f 5651 5652 5724
f 5652 5725 5724
f 5652 5653 5725
f 5653 5726 5725
f 5653 5654 5726
f 5654 5727 5726
f 5654 5655 5727
f 5655 5728 5727
f 5655 5656 5728
f 5656 5729 5728
f 5656 5657 5729
f 5657 5730 5729
f 5657 5658 5730
f 5658 5731 5730
f 5658 5659 5731
f 5659 5732 5731
f 5659 5660 5732
f 5660 5733 5732
f 5660 5661 5733
f 5661 5734 5733
f 5661 5662 5734
f 5662 5735 5734
f 5662 5663 5735
f 5663 5736 5735
f 5663 5664 5736
f 5664 5737 5736
f 5664 5665 5737
f 5665 5738 5737
f 5665 5666 5738
f 5666 5739 5738
f 5666 5667 5739
f 5667 5740 5739
f 5667 5668 5740
f 5668 5741 5740
f 5668 5669 5741
f 5669 5742 5741
f 5669 5670 5742
f 5670 5743 5742
f 5670 5671 5743
f 5671 5744 5743
f 5671 5672 5744
f 5672 5745 5744
f 5672 5673 5745
f 5673 5746 5745
f 5673 5674 5746
f 5674 5747 5746
f 5674 5675 5747
f 5675 5748 5747
f 5675 5676 5748
f 5676 5749 5748
f 5676 5677 5749
f 5677 5750 5749
f 5677 5678 5750
f 5678 5751 5750
f 5678 5679 5751
f 5679 5752 5751
f 5679 5680 5752
f 5680 5753 5752
f 5680 5681 5753
f 5681 5754 5753
f 5681 5682 5754
f 5682 5755 5754
f 5682 5683 5755
f 5683 5756 5755
f 5683 5684 5756
f 5684 5757 5756
f 5684 5685 5757
f 5685 5758 5757
f 5685 5686 5758
f 5686 5759 5758
f 5686 5687 5759
f 5687 5760 5759
f 5687 5688 5760
f 5688 5689 5760
f 5688 5617 5689
f 5689 5762 5761
f 5689 5690 5762
f 5690 5763 5762
f 5690 5691 5763
f 5691 5764 5763
f 5691 5692 5764
f 5692 5765 5764
f 5692 5693 5765
f 5693 5766 5765
f 5693 5694 5766
f 5694 5767 5766
f 5694 5695 5767
f 5695 5768 5767
f 5695 5696 5768
f 5696 5769 5768
f 5696 5697 5769
f 5697 5770 5769
f 5697 5698 5770
f 5698 5771 5770
f 5698 5699 5771
f 5699 5772 5771
f 5699 5700 5772
f 5700 5773 5772
f 5700 5701 5773
f 5701 5774 5773
f 5701 5702 5774
f 5702 5775 5774
f 5702 5703 5775
f 5703 5776 5775
f 5703 5704 5776
f 5704 5777 5776
f 5704 5705 5777
f 5705 5778 5777
f 5705 5706 5778
f 5706 5779 5778
f 5706 5707 5779
f 5707 5780 5779
f 5707 5708 5780
f 5708 5781 5780
f 5708 5709 5781
f 5709 5782 5781
f 5709 5710 5782
f 5710 5783 5782
f 5710 5711 5783
f 5711 5784 5783
f 5711 5712 5784
f 5712 5785 5784
f 5712 5713 5785
f 5713 5786 5785
f 5713 5714 5786
f 5714 5787 5786
f 5714 5715 5787
f 5715 5788 5787
f 5715 5716 5788
f 5716 5789 5788
f 5716 5717 5789
f 5717 5790 5789
f 5717 5718 5790
f 5718 5791 5790
f 5718 5719 5791
f 5719 5792 5791
f 5719 5720 5792
f 5720 5793 5792
f 5720 5721 5793
f 5721 5794 5793
f 5721 5722 5794
f 5722 5795 5794
f 5722 5723 5795
f 5723 5796 5795
f 5723 5724 5796
f 5724 5797 5796
f 5724 5725 5797
f 5725 5798 5797
f 5725 5726 5798
f 5726 5799 5798
f 5726 5727 5799
f 5727 5800 5799
f 5727 5728 5800
f 5728 5801 5800
f 5728 5729 5801
f 5729 5802 5801
f 5729 5730 5802
f 5730 5803 5802
f 5730 5731 5803
f 5731 5804 5803
f 5731 5732 5804
f 5732 5805 5804
f 5732 5733 5805
f 5733 5806 5805
f 5733 5734 5806
f 5734 5807 5806
f 5734 5735 5807
f 5735 5808 5807
f 5735 5736 5808
f 5736 5809 5808
f 5736 5737 5809
f 5737 5810 5809
f 5737 5738 5810
f 5738 5811 5810
f 5738 5739 5811
f 5739 5812 5811
f 5739 5740 5812
f 5740 5813 5812
f 5740 5741 5813
f 5741 5814 5813
f 5741 5742 5814
f 5742 5815 5814
f 5742 5743 5815
f 5743 5816 5815
f 5743 5744 5816
f 5744 5817 5816
f 5744 5745 5817
f 5745 5818 5817
f 5745 5746 5818
f 5746 5819 5818
f 5746 5747 5819
f 5747 5820 5819
f 5747 5748 5820
f 5748 5821 5820
f 5748 5749 5821
f 5749 5822 5821
f 5749 5750 5822
f 5750 5823 5822
f 5750 5751 5823
f 5751 5824 5823
f 5751 5752 5824
f 5752 5825 5824
f 5752 5753 5825
f 5753 5826 5825
f 5753 5754 5826
f 5754 5827 5826
f 5754 5755 5827
f 5755 5828 5827
f 5755 5756 5828
f 5756 5829 5828
f 5756 5757 5829
f 5757 5830 5829
f 5757 5758 5830
f 5758 5831 5830
f 5758 5759 5831
f 5759 5832 5831
f 5759 5760 5832
f 5760 5761 5832
f 5760 5689 5761
f 5833 2 1
f 5834 5761 5762
f 5833 3 2
f 5834 5762 5763
f 5833 4 3
f 5834 5763 5764
f 5833 5 4
f 5834 5764 5765
f 5833 6 5
f 5834 5765 5766
f 5833 7 6
f 5834 5766 5767
f 5833 8 7
f 5834 5767 5768
f 5833 9 8
f 5834 5768 5769
f 5833 10 9
f 5834 5769 5770
f 5833 11 10
f 5834 5770 5771
f 5833 12 11
f 5834 5771 5772
f 5833 13 12
f 5834 5772 5773
f 5833 14 13
f 5834 5773 5774
f 5833 15 14
f 5834 5774 5775
f 5833 16 15
f 5834 5775 5776
f 5833 17 16
f 5834 5776 5777
f 5833 18 17
f 5834 5777 5778
f 5833 19 18
f 5834 5778 5779
f 5833 20 19
f 5834 5779 5780
f 5833 21 20
f 5834 5780 5781
f 5833 22 21
f 5834 5781 5782
f 5833 23 22
f 5834 5782 5783
f 5833 24 23
f 5834 5783 5784
f 5833 25 24
f 5834 5784 5785
f 5833 26 25
f 5834 5785 5786
f 5833 27 26
f 5834 5786 5787
f 5833 28 27
f 5834 5787 5788
f 5833 29 28
f 5834 5788 5789
f 5833 30 29
f 5834 5789 5790
f 5833 31 30
f 5834 5790 5791
f 5833 32 31
f 5834 5791 5792
f 5833 33 32
f 5834 5792 5793
f 5833 34 33
f 5834 5793 5794
f 5833 35 34
f 5834 5794 5795
f 5833 36 35
f 5834 5795 5796
f 5833 37 36
f 5834 5796 5797
f 5833 38 37
f 5834 5797 5798
f 5833 39 38
f 5834 5798 5799
f 5833 40 39
f 5834 5799 5800
f 5833 41 40
f 5834 5800 5801
f 5833 42 41
f 5834 5801 5802
f 5833 43 42
f 5834 5802 5803
f 5833 44 43
f 5834 5803 5804
f 5833 45 44
f 5834 5804 5805
f 5833 46 45
f 5834 5805 5806
f 5833 47 46
f 5834 5806 5807
f 5833 48 47
f 5834 5807 5808
f 5833 49 48
f 5834 5808 5809
f 5833 50 49
f 5834 5809 5810
f 5833 51 50
f 5834 5810 5811
f 5833 52 51
f 5834 5811 5812
f 5833 53 52
f 5834 5812 5813
f 5833 54 53
f 5834 5813 5814
f 5833 55 54
f 5834 5814 5815
f 5833 56 55
f 5834 5815 5816
f 5833 57 56
f 5834 5816 5817
f 5833 58 57
f 5834 5817 5818
f 5833 59 58
f 5834 5818 5819
f 5833 60 59
f 5834 5819 5820
f 5833 61 60
f 5834 5820 5821
f 5833 62 61
f 5834 5821 5822
f 5833 63 62
f 5834 5822 5823
f 5833 64 63
f 5834 5823 5824
f 5833 65 64
f 5834 5824 5825
f 5833 66 65
f 5834 5825 5826
f 5833 67 66
f 5834 5826 5827
f 5833 68 67
f 5834 5827 5828
f 5833 69 68
f 5834 5828 5829
f 5833 70 69
f 5834 5829 5830
f 5833 71 70
f 5834 5830 5831
f 5833 72 71
f 5834 5831 5832
f 5833 1 72
f 5834 5832 5761
