# Salamandra provisional fuselage OML
# DRAFT - NOT FOR MANUFACTURE
# family=lifting_saddle authority=[I]
# units=millimetres axes=x_aft,y_starboard,z_up
v -452.700160 49.349646 -5.000000
v -452.700160 49.199357 1.407469
v -452.700160 48.748944 6.122077
v -452.700160 47.999760 10.305471
v -452.700160 46.954011 14.128947
v -452.700160 45.614678 17.657309
v -452.700160 43.985400 20.919447
v -452.700160 42.070305 23.928290
v -452.700160 39.873762 26.688649
v -452.700160 37.400038 29.200915
v -452.700160 34.652777 31.463042
v -452.700160 31.634217 33.471697
v -452.700160 28.343929 35.222979
v -452.700160 24.776654 36.712891
v -452.700160 20.918252 37.937661
v -452.700160 16.737131 38.893958
v -452.700160 12.162426 39.579059
v -452.700160 7.006818 39.990944
v -452.700160 0.000000 40.128378
v -452.700160 -7.006818 39.990944
v -452.700160 -12.162426 39.579059
v -452.700160 -16.737131 38.893958
v -452.700160 -20.918252 37.937661
v -452.700160 -24.776654 36.712891
v -452.700160 -28.343929 35.222979
v -452.700160 -31.634217 33.471697
v -452.700160 -34.652777 31.463042
v -452.700160 -37.400038 29.200915
v -452.700160 -39.873762 26.688649
v -452.700160 -42.070305 23.928290
v -452.700160 -43.985400 20.919447
v -452.700160 -45.614678 17.657309
v -452.700160 -46.954011 14.128947
v -452.700160 -47.999760 10.305471
v -452.700160 -48.748944 6.122077
v -452.700160 -49.199357 1.407469
v -452.700160 -49.349646 -5.000000
v -452.700160 -49.199357 -7.242317
v -452.700160 -48.748944 -8.892212
v -452.700160 -47.999760 -10.356206
v -452.700160 -46.954011 -11.694245
v -452.700160 -45.614678 -12.929008
v -452.700160 -43.985400 -14.070605
v -452.700160 -42.070305 -15.123561
v -452.700160 -39.873762 -16.089558
v -452.700160 -37.400038 -16.968735
v -452.700160 -34.652777 -17.760375
v -452.700160 -31.634217 -18.463311
v -452.700160 -28.343929 -19.076178
v -452.700160 -24.776654 -19.597579
v -452.700160 -20.918252 -20.026191
v -452.700160 -16.737131 -20.360851
v -452.700160 -12.162426 -20.600604
v -452.700160 -7.006818 -20.744745
v -452.700160 -0.000000 -20.792841
v -452.700160 7.006818 -20.744745
v -452.700160 12.162426 -20.600604
v -452.700160 16.737131 -20.360851
v -452.700160 20.918252 -20.026191
v -452.700160 24.776654 -19.597579
v -452.700160 28.343929 -19.076178
v -452.700160 31.634217 -18.463311
v -452.700160 34.652777 -17.760375
v -452.700160 37.400038 -16.968735
v -452.700160 39.873762 -16.089558
v -452.700160 42.070305 -15.123561
v -452.700160 43.985400 -14.070605
v -452.700160 45.614678 -12.929008
v -452.700160 46.954011 -11.694245
v -452.700160 47.999760 -10.356206
v -452.700160 48.748944 -8.892212
v -452.700160 49.199357 -7.242317
v -443.728908 48.780710 -4.117016
v -443.728908 48.638360 2.655780
v -443.728908 48.211633 7.371029
v -443.728908 47.501479 11.482281
v -443.728908 46.509433 15.198094
v -443.728908 45.237525 18.599321
v -443.728908 43.688157 21.724106
v -443.728908 41.863908 24.591626
v -443.728908 39.767269 27.211328
v -443.728908 37.400245 29.587263
v -443.728908 34.763769 31.720372
v -443.728908 31.856794 33.609817
v -443.728908 28.674826 35.253790
v -443.728908 25.207380 36.650047
v -443.728908 21.433179 37.796262
v -443.728908 17.309895 38.690272
v -443.728908 12.747809 39.330247
v -443.728908 7.515492 39.714804
v -443.728908 0.000000 39.843087
v -443.728908 -7.515492 39.714804
v -443.728908 -12.747809 39.330247
v -443.728908 -17.309895 38.690272
v -443.728908 -21.433179 37.796262
v -443.728908 -25.207380 36.650047
v -443.728908 -28.674826 35.253790
v -443.728908 -31.856794 33.609817
v -443.728908 -34.763769 31.720372
v -443.728908 -37.400245 29.587263
v -443.728908 -39.767269 27.211328
v -443.728908 -41.863908 24.591626
v -443.728908 -43.688157 21.724106
v -443.728908 -45.237525 18.599321
v -443.728908 -46.509433 15.198094
v -443.728908 -47.501479 11.482281
v -443.728908 -48.211633 7.371029
v -443.728908 -48.638360 2.655780
v -443.728908 -48.780710 -4.117016
v -443.728908 -48.638360 -6.599937
v -443.728908 -48.211633 -8.328557
v -443.728908 -47.501479 -9.835751
v -443.728908 -46.509433 -11.197976
v -443.728908 -45.237525 -12.444872
v -443.728908 -43.688157 -13.590425
v -443.728908 -41.863908 -14.641664
v -443.728908 -39.767269 -15.602052
v -443.728908 -37.400245 -16.473075
v -443.728908 -34.763769 -17.255078
v -443.728908 -31.856794 -17.947752
v -443.728908 -28.674826 -18.550436
v -443.728908 -25.207380 -19.062307
v -443.728908 -21.433179 -19.482511
v -443.728908 -17.309895 -19.810257
v -443.728908 -12.747809 -20.044874
v -443.728908 -7.515492 -20.185853
v -443.728908 -0.000000 -20.232882
v -443.728908 7.515492 -20.185853
v -443.728908 12.747809 -20.044874
v -443.728908 17.309895 -19.810257
v -443.728908 21.433179 -19.482511
v -443.728908 25.207380 -19.062307
v -443.728908 28.674826 -18.550436
v -443.728908 31.856794 -17.947752
v -443.728908 34.763769 -17.255078
v -443.728908 37.400245 -16.473075
v -443.728908 39.767269 -15.602052
v -443.728908 41.863908 -14.641664
v -443.728908 43.688157 -13.590425
v -443.728908 45.237525 -12.444872
v -443.728908 46.509433 -11.197976
v -443.728908 47.501479 -9.835751
v -443.728908 48.211633 -8.328557
v -443.728908 48.638360 -6.599937
v -434.757656 48.304281 -3.268625
v -434.757656 48.168653 5.453635
v -434.757656 47.761986 11.232949
v -434.757656 47.084913 16.195805
v -434.757656 46.138437 20.638047
v -434.757656 44.923832 24.675603
v -434.757656 43.442515 28.364716
v -434.757656 41.695832 31.735184
v -434.757656 39.684768 34.803192
v -434.757656 37.409509 37.577295
v -434.757656 34.868794 40.061557
v -434.757656 32.058901 42.257356
v -434.757656 28.971995 44.164488
v -434.757656 25.593250 45.781878
v -434.757656 21.895378 47.108055
v -434.757656 17.826867 48.141475
v -434.757656 13.281541 48.880742
v -434.757656 7.988447 49.324765
v -434.757656 0.000000 49.472852
v -434.757656 -7.988447 49.324765
v -434.757656 -13.281541 48.880742
v -434.757656 -17.826867 48.141475
v -434.757656 -21.895378 47.108055
v -434.757656 -25.593250 45.781878
v -434.757656 -28.971995 44.164488
v -434.757656 -32.058901 42.257356
v -434.757656 -34.868794 40.061557
v -434.757656 -37.409509 37.577295
v -434.757656 -39.684768 34.803192
v -434.757656 -41.695832 31.735184
v -434.757656 -43.442515 28.364716
v -434.757656 -44.923832 24.675603
v -434.757656 -46.138437 20.638047
v -434.757656 -47.084913 16.195805
v -434.757656 -47.761986 11.232949
v -434.757656 -48.168653 5.453635
v -434.757656 -48.304281 -3.268625
v -434.757656 -48.168653 -5.950817
v -434.757656 -47.761986 -7.728020
v -434.757656 -47.084913 -9.254153
v -434.757656 -46.138437 -10.620191
v -434.757656 -44.923832 -11.861785
v -434.757656 -43.442515 -12.996228
v -434.757656 -41.695832 -14.032684
v -434.757656 -39.684768 -14.976130
v -434.757656 -37.409509 -15.829198
v -434.757656 -34.868794 -16.593136
v -434.757656 -32.058901 -17.268368
v -434.757656 -28.971995 -17.854833
v -434.757656 -25.593250 -18.352198
v -434.757656 -21.895378 -18.760012
v -434.757656 -17.826867 -19.077800
v -434.757656 -13.281541 -19.305133
v -434.757656 -7.988447 -19.441675
v -434.757656 -0.000000 -19.487213
v -434.757656 7.988447 -19.441675
v -434.757656 13.281541 -19.305133
v -434.757656 17.826867 -19.077800
v -434.757656 21.895378 -18.760012
v -434.757656 25.593250 -18.352198
v -434.757656 28.971995 -17.854833
v -434.757656 32.058901 -17.268368
v -434.757656 34.868794 -16.593136
v -434.757656 37.409509 -15.829198
v -434.757656 39.684768 -14.976130
v -434.757656 41.695832 -14.032684
v -434.757656 43.442515 -12.996228
v -434.757656 44.923832 -11.861785
v -434.757656 46.138437 -10.620191
v -434.757656 47.084913 -9.254153
v -434.757656 47.761986 -7.728020
v -434.757656 48.168653 -5.950817
v -425.786404 47.881969 -2.455672
v -425.786404 47.752143 6.548283
v -425.786404 47.362797 12.254859
v -425.786404 46.714309 17.090422
v -425.786404 45.807252 21.382221
v -425.786404 44.642295 25.259061
v -425.786404 43.220057 28.784404
v -425.786404 41.540889 31.992845
v -425.786404 39.604554 34.904106
v -425.786404 37.409759 37.529518
v -425.786404 34.953449 39.875411
v -425.786404 32.229701 41.945051
v -425.786404 29.227914 43.739819
v -425.786404 25.929637 45.259969
v -425.786404 22.302504 46.505126
v -425.786404 18.287137 47.474629
v -425.786404 13.763032 48.167761
v -425.786404 8.424014 48.583911
v -425.786404 0.000000 48.722675
v -425.786404 -8.424014 48.583911
v -425.786404 -13.763032 48.167761
v -425.786404 -18.287137 47.474629
v -425.786404 -22.302504 46.505126
v -425.786404 -25.929637 45.259969
v -425.786404 -29.227914 43.739819
v -425.786404 -32.229701 41.945051
v -425.786404 -34.953449 39.875411
v -425.786404 -37.409759 37.529518
v -425.786404 -39.604554 34.904106
v -425.786404 -41.540889 31.992845
v -425.786404 -43.220057 28.784404
v -425.786404 -44.642295 25.259061
v -425.786404 -45.807252 21.382221
v -425.786404 -46.714309 17.090422
v -425.786404 -47.362797 12.254859
v -425.786404 -47.752143 6.548283
v -425.786404 -47.881969 -2.455672
v -425.786404 -47.752143 -4.977383
v -425.786404 -47.362797 -6.575606
v -425.786404 -46.714309 -7.929888
v -425.786404 -45.807252 -9.131879
v -425.786404 -44.642295 -10.217654
v -425.786404 -43.220057 -11.204986
v -425.786404 -41.540889 -12.103565
v -425.786404 -39.604554 -12.918913
v -425.786404 -37.409759 -13.654204
v -425.786404 -34.953449 -14.311211
v -425.786404 -32.229701 -14.890849
v -425.786404 -29.227914 -15.393505
v -425.786404 -25.929637 -15.819249
v -425.786404 -22.302504 -16.167976
v -425.786404 -18.287137 -16.439501
v -425.786404 -13.763032 -16.633625
v -425.786404 -8.424014 -16.750175
v -425.786404 -0.000000 -16.789038
v -425.786404 8.424014 -16.750175
v -425.786404 13.763032 -16.633625
v -425.786404 18.287137 -16.439501
v -425.786404 22.302504 -16.167976
v -425.786404 25.929637 -15.819249
v -425.786404 29.227914 -15.393505
v -425.786404 32.229701 -14.890849
v -425.786404 34.953449 -14.311211
v -425.786404 37.409759 -13.654204
v -425.786404 39.604554 -12.918913
v -425.786404 41.540889 -12.103565
v -425.786404 43.220057 -11.204986
v -425.786404 44.642295 -10.217654
v -425.786404 45.807252 -9.131879
v -425.786404 46.714309 -7.929888
v -425.786404 47.362797 -6.575606
v -425.786404 47.752143 -4.977383
v -416.815152 47.514436 -1.679000
v -416.815152 47.389631 7.561107
v -416.815152 47.015280 13.187287
v -416.815152 46.391555 17.899198
v -416.815152 45.518678 22.050234
v -416.815152 44.396825 25.779655
v -416.815152 43.025965 29.156702
v -416.815152 41.405635 32.219777
v -416.815152 39.534597 34.991392
v -416.815152 37.410343 37.485062
v -416.815152 35.028337 39.708896
v -416.815152 32.380832 41.667644
v -416.815152 29.454918 43.363932
v -416.815152 26.229090 44.799054
v -416.815152 22.666669 45.973498
v -416.815152 18.701511 46.887293
v -416.815152 14.200593 47.540258
v -416.815152 8.826346 47.932157
v -416.815152 0.000000 48.062812
v -416.815152 -8.826346 47.932157
v -416.815152 -14.200593 47.540258
v -416.815152 -18.701511 46.887293
v -416.815152 -22.666669 45.973498
v -416.815152 -26.229090 44.799054
v -416.815152 -29.454918 43.363932
v -416.815152 -32.380832 41.667644
v -416.815152 -35.028337 39.708896
v -416.815152 -37.410343 37.485062
v -416.815152 -39.534597 34.991392
v -416.815152 -41.405635 32.219777
v -416.815152 -43.025965 29.156702
v -416.815152 -44.396825 25.779655
v -416.815152 -45.518678 22.050234
v -416.815152 -46.391555 17.899198
v -416.815152 -47.015280 13.187287
v -416.815152 -47.389631 7.561107
v -416.815152 -47.514436 -1.679000
v -416.815152 -47.389631 -4.300187
v -416.815152 -47.015280 -5.896193
v -416.815152 -46.391555 -7.232845
v -416.815152 -45.518678 -8.410389
v -416.815152 -44.396825 -9.468333
v -416.815152 -43.025965 -10.426316
v -416.815152 -41.405635 -11.295234
v -416.815152 -39.534597 -12.081472
v -416.815152 -37.410343 -12.788863
v -416.815152 -35.028337 -13.419710
v -416.815152 -32.380832 -13.975357
v -416.815152 -29.454918 -14.456552
v -416.815152 -26.229090 -14.863660
v -416.815152 -22.666669 -15.196820
v -416.815152 -18.701511 -15.456041
v -416.815152 -14.200593 -15.641271
v -416.815152 -8.826346 -15.752443
v -416.815152 -0.000000 -15.789506
v -416.815152 8.826346 -15.752443
v -416.815152 14.200593 -15.641271
v -416.815152 18.701511 -15.456041
v -416.815152 22.666669 -15.196820
v -416.815152 26.229090 -14.863660
v -416.815152 29.454918 -14.456552
v -416.815152 32.380832 -13.975357
v -416.815152 35.028337 -13.419710
v -416.815152 37.410343 -12.788863
v -416.815152 39.534597 -12.081472
v -416.815152 41.405635 -11.295234
v -416.815152 43.025965 -10.426316
v -416.815152 44.396825 -9.468333
v -416.815152 45.518678 -8.410389
v -416.815152 46.391555 -7.232845
v -416.815152 47.015280 -5.896193
v -416.815152 47.389631 -4.300187
v -407.843900 47.192847 -0.939453
v -407.843900 47.072419 8.497369
v -407.843900 46.711140 14.038763
v -407.843900 46.109012 18.631841
v -407.843900 45.265971 22.651656
v -407.843900 44.181785 26.245934
v -407.843900 42.855890 29.488529
v -407.843900 41.287150 32.420858
v -407.843900 39.473499 35.067635
v -407.843900 37.411420 37.444097
v -407.843900 35.095146 39.559759
v -407.843900 32.515403 41.420538
v -407.843900 29.657340 43.030042
v -407.843900 26.496869 44.390390
v -407.843900 22.993623 45.502748
v -407.843900 19.075617 46.367695
v -407.843900 14.598867 46.985470
v -407.843900 9.197818 47.356136
v -407.843900 0.000000 47.479694
v -407.843900 -9.197818 47.356136
v -407.843900 -14.598867 46.985470
v -407.843900 -19.075617 46.367695
v -407.843900 -22.993623 45.502748
v -407.843900 -26.496869 44.390390
v -407.843900 -29.657340 43.030042
v -407.843900 -32.515403 41.420538
v -407.843900 -35.095146 39.559759
v -407.843900 -37.411420 37.444097
v -407.843900 -39.473499 35.067635
v -407.843900 -41.287150 32.420858
v -407.843900 -42.855890 29.488529
v -407.843900 -44.181785 26.245934
v -407.843900 -45.265971 22.651656
v -407.843900 -46.109012 18.631841
v -407.843900 -46.711140 14.038763
v -407.843900 -47.072419 8.497369
v -407.843900 -47.192847 -0.939453
v -407.843900 -47.072419 -3.648182
v -407.843900 -46.711140 -5.238774
v -407.843900 -46.109012 -6.557163
v -407.843900 -45.265971 -7.711004
v -407.843900 -44.181785 -8.742699
v -407.843900 -42.855890 -9.673448
v -407.843900 -41.287150 -10.515139
v -407.843900 -39.473499 -11.274865
v -407.843900 -37.411420 -11.957001
v -407.843900 -35.095146 -12.564276
v -407.843900 -32.515403 -13.098391
v -407.843900 -29.657340 -13.560380
v -407.843900 -26.496869 -13.950852
v -407.843900 -22.993623 -14.270142
v -407.843900 -19.075617 -14.518415
v -407.843900 -14.598867 -14.695739
v -407.843900 -9.197818 -14.802135
v -407.843900 -0.000000 -14.837601
v -407.843900 9.197818 -14.802135
v -407.843900 14.598867 -14.695739
v -407.843900 19.075617 -14.518415
v -407.843900 22.993623 -14.270142
v -407.843900 26.496869 -13.950852
v -407.843900 29.657340 -13.560380
v -407.843900 32.515403 -13.098391
v -407.843900 35.095146 -12.564276
v -407.843900 37.411420 -11.957001
v -407.843900 39.473499 -11.274865
v -407.843900 41.287150 -10.515139
v -407.843900 42.855890 -9.673448
v -407.843900 44.181785 -8.742699
v -407.843900 45.265971 -7.711004
v -407.843900 46.109012 -6.557163
v -407.843900 46.711140 -5.238774
v -407.843900 47.072419 -3.648182
v -398.872648 46.908030 -0.237875
v -398.872648 46.791444 9.149846
v -398.872648 46.441646 14.484090
v -398.872648 45.858495 18.864968
v -398.872648 45.041689 22.676739
v -398.872648 43.990660 26.070540
v -398.872648 42.704397 29.122187
v -398.872648 41.181204 31.874513
v -398.872648 39.418327 34.353385
v -398.872648 37.411405 36.575035
v -398.872648 35.153636 38.549852
v -398.872648 32.634463 40.284527
v -398.872648 29.837390 41.783352
v -398.872648 26.736131 43.049038
v -398.872648 23.287154 44.083253
v -398.872648 19.413412 44.886992
v -398.872648 14.961311 45.460814
v -398.872648 9.540344 45.805016
v -398.872648 0.000000 45.919737
v -398.872648 -9.540344 45.805016
v -398.872648 -14.961311 45.460814
v -398.872648 -19.413412 44.886992
v -398.872648 -23.287154 44.083253
v -398.872648 -26.736131 43.049038
v -398.872648 -29.837390 41.783352
v -398.872648 -32.634463 40.284527
v -398.872648 -35.153636 38.549852
v -398.872648 -37.411405 36.575035
v -398.872648 -39.418327 34.353385
v -398.872648 -41.181204 31.874513
v -398.872648 -42.704397 29.122187
v -398.872648 -43.990660 26.070540
v -398.872648 -45.041689 22.676739
v -398.872648 -45.858495 18.864968
v -398.872648 -46.441646 14.484090
v -398.872648 -46.791444 9.149846
v -398.872648 -46.908030 -0.237875
v -398.872648 -46.791444 -3.023632
v -398.872648 -46.441646 -4.606541
v -398.872648 -45.858495 -5.906543
v -398.872648 -45.041689 -7.037666
v -398.872648 -43.990660 -8.044759
v -398.872648 -42.704397 -8.950319
v -398.872648 -41.181204 -9.767057
v -398.872648 -39.418327 -10.502650
v -398.872648 -37.411405 -11.161913
v -398.872648 -35.153636 -11.747929
v -398.872648 -32.634463 -12.262685
v -398.872648 -29.837390 -12.707453
v -398.872648 -26.736131 -13.083039
v -398.872648 -23.287154 -13.389937
v -398.872648 -19.413412 -13.628442
v -398.872648 -14.961311 -13.798721
v -398.872648 -9.540344 -13.900861
v -398.872648 -0.000000 -13.934904
v -398.872648 9.540344 -13.900861
v -398.872648 14.961311 -13.798721
v -398.872648 19.413412 -13.628442
v -398.872648 23.287154 -13.389937
v -398.872648 26.736131 -13.083039
v -398.872648 29.837390 -12.707453
v -398.872648 32.634463 -12.262685
v -398.872648 35.153636 -11.747929
v -398.872648 37.411405 -11.161913
v -398.872648 39.418327 -10.502650
v -398.872648 41.181204 -9.767057
v -398.872648 42.704397 -8.950319
v -398.872648 43.990660 -8.044759
v -398.872648 45.041689 -7.037666
v -398.872648 45.858495 -5.906543
v -398.872648 46.441646 -4.606541
v -398.872648 46.791444 -3.023632
v -389.901396 46.649471 0.424891
v -389.901396 46.536290 8.024140
v -389.901396 46.196667 12.214929
v -389.901396 45.630344 15.628576
v -389.901396 44.836819 18.583335
v -389.901396 43.815240 21.204148
v -389.901396 42.564225 23.553813
v -389.901396 41.081608 25.667995
v -389.901396 39.364054 27.568414
v -389.901396 37.406491 29.268868
v -389.901396 35.201247 30.778336
v -389.901396 32.736676 32.102734
v -389.901396 29.994886 33.245973
v -389.901396 26.947709 34.210625
v -389.901396 23.548892 34.998360
v -389.901396 19.716994 35.610244
v -389.901396 15.289985 36.046933
v -389.901396 9.855134 36.308815
v -389.901396 0.000000 36.396088
v -389.901396 -9.855134 36.308815
v -389.901396 -15.289985 36.046933
v -389.901396 -19.716994 35.610244
v -389.901396 -23.548892 34.998360
v -389.901396 -26.947709 34.210625
v -389.901396 -29.994886 33.245973
v -389.901396 -32.736676 32.102734
v -389.901396 -35.201247 30.778336
v -389.901396 -37.406491 29.268868
v -389.901396 -39.364054 27.568414
v -389.901396 -41.081608 25.667995
v -389.901396 -42.564225 23.553813
v -389.901396 -43.815240 21.204148
v -389.901396 -44.836819 18.583335
v -389.901396 -45.630344 15.628576
v -389.901396 -46.196667 12.214929
v -389.901396 -46.536290 8.024140
v -389.901396 -46.649471 0.424891
v -389.901396 -46.536290 -2.430390
v -389.901396 -46.196667 -4.005004
v -389.901396 -45.630344 -5.287620
v -389.901396 -44.836819 -6.397818
v -389.901396 -43.815240 -7.382541
v -389.901396 -42.564225 -8.265385
v -389.901396 -41.081608 -9.059751
v -389.901396 -39.364054 -9.773799
v -389.901396 -37.406491 -10.412714
v -389.901396 -35.201247 -10.979869
v -389.901396 -32.736676 -11.477488
v -389.901396 -29.994886 -11.907040
v -389.901396 -26.947709 -12.269490
v -389.901396 -23.548892 -12.565468
v -389.901396 -19.716994 -12.795372
v -389.901396 -15.289985 -12.959450
v -389.901396 -9.855134 -13.057847
v -389.901396 -0.000000 -13.090639
v -389.901396 9.855134 -13.057847
v -389.901396 15.289985 -12.959450
v -389.901396 19.716994 -12.795372
v -389.901396 23.548892 -12.565468
v -389.901396 26.947709 -12.269490
v -389.901396 29.994886 -11.907040
v -389.901396 32.736676 -11.477488
v -389.901396 35.201247 -10.979869
v -389.901396 37.406491 -10.412714
v -389.901396 39.364054 -9.773799
v -389.901396 41.081608 -9.059751
v -389.901396 42.564225 -8.265385
v -389.901396 43.815240 -7.382541
v -389.901396 44.836819 -6.397818
v -389.901396 45.630344 -5.287620
v -389.901396 46.196667 -4.005004
v -389.901396 46.536290 -2.430390
v -380.930144 46.429232 1.048000
v -380.930144 46.319046 8.702970
v -380.930144 45.988376 12.810944
v -380.930144 45.436862 16.132614
v -380.930144 44.663837 18.994385
v -380.930144 43.668208 21.524121
v -380.930144 42.448277 23.786166
v -380.930144 41.001481 25.817197
v -380.930144 39.323993 27.639687
v -380.930144 37.410137 29.268040
v -380.930144 35.251498 30.711742
v -380.930144 32.835497 31.977142
v -380.930144 30.143044 33.068521
v -380.930144 27.144344 33.988766
v -380.930144 23.790778 34.739811
v -380.930144 19.997048 35.322936
v -380.930144 15.593647 35.738966
v -380.930144 10.147877 35.988404
v -380.930144 0.000000 36.071522
v -380.930144 -10.147877 35.988404
v -380.930144 -15.593647 35.738966
v -380.930144 -19.997048 35.322936
v -380.930144 -23.790778 34.739811
v -380.930144 -27.144344 33.988766
v -380.930144 -30.143044 33.068521
v -380.930144 -32.835497 31.977142
v -380.930144 -35.251498 30.711742
v -380.930144 -37.410137 29.268040
v -380.930144 -39.323993 27.639687
v -380.930144 -41.001481 25.817197
v -380.930144 -42.448277 23.786166
v -380.930144 -43.668208 21.524121
v -380.930144 -44.663837 18.994385
v -380.930144 -45.436862 16.132614
v -380.930144 -45.988376 12.810944
v -380.930144 -46.319046 8.702970
v -380.930144 -46.429232 1.048000
v -380.930144 -46.319046 -1.873369
v -380.930144 -45.988376 -3.441097
v -380.930144 -45.436862 -4.708747
v -380.930144 -44.663837 -5.800886
v -380.930144 -43.668208 -6.766310
v -380.930144 -42.448277 -7.629575
v -380.930144 -41.001481 -8.404678
v -380.930144 -39.323993 -9.100196
v -380.930144 -37.410137 -9.721625
v -380.930144 -35.251498 -10.272585
v -380.930144 -32.835497 -10.755500
v -380.930144 -30.143044 -11.172003
v -380.930144 -27.144344 -11.523197
v -380.930144 -23.790778 -11.809819
v -380.930144 -19.997048 -12.032357
v -380.930144 -15.593647 -12.191126
v -380.930144 -10.147877 -12.286320
v -380.930144 -0.000000 -12.318040
v -380.930144 10.147877 -12.286320
v -380.930144 15.593647 -12.191126
v -380.930144 19.997048 -12.032357
v -380.930144 23.790778 -11.809819
v -380.930144 27.144344 -11.523197
v -380.930144 30.143044 -11.172003
v -380.930144 32.835497 -10.755500
v -380.930144 35.251498 -10.272585
v -380.930144 37.410137 -9.721625
v -380.930144 39.323993 -9.100196
v -380.930144 41.001481 -8.404678
v -380.930144 42.448277 -7.629575
v -380.930144 43.668208 -6.766310
v -380.930144 44.663837 -5.800886
v -380.930144 45.436862 -4.708747
v -380.930144 45.988376 -3.441097
v -380.930144 46.319046 -1.873369
v -371.958892 46.234083 1.630609
v -371.958892 46.126563 9.337146
v -371.958892 45.803860 13.371010
v -371.958892 45.265532 16.611260
v -371.958892 44.510766 19.391206
v -371.958892 43.538266 21.841130
v -371.958892 42.346067 24.026630
v -371.958892 40.931266 25.985195
v -371.958892 39.289614 27.739905
v -371.958892 37.414922 29.305649
v -371.958892 35.298135 30.692320
v -371.958892 32.925876 31.906615
v -371.958892 30.278018 32.953114
v -371.958892 27.323359 33.834959
v -371.958892 24.011215 34.554297
v -371.958892 20.252902 35.112582
v -371.958892 15.872287 35.510772
v -371.958892 10.418756 35.749468
v -371.958892 0.000000 35.828999
v -371.958892 -10.418756 35.749468
v -371.958892 -15.872287 35.510772
v -371.958892 -20.252902 35.112582
v -371.958892 -24.011215 34.554297
v -371.958892 -27.323359 33.834959
v -371.958892 -30.278018 32.953114
v -371.958892 -32.925876 31.906615
v -371.958892 -35.298135 30.692320
v -371.958892 -37.414922 29.305649
v -371.958892 -39.289614 27.739905
v -371.958892 -40.931266 25.985195
v -371.958892 -42.346067 24.026630
v -371.958892 -43.538266 21.841130
v -371.958892 -44.510766 19.391206
v -371.958892 -45.265532 16.611260
v -371.958892 -45.803860 13.371010
v -371.958892 -46.126563 9.337146
v -371.958892 -46.234083 1.630609
v -371.958892 -46.126563 -1.358414
v -371.958892 -45.803860 -2.922971
v -371.958892 -45.265532 -4.179720
v -371.958892 -44.510766 -5.257938
v -371.958892 -43.538266 -6.208154
v -371.958892 -42.346067 -7.055813
v -371.958892 -40.931266 -7.815453
v -371.958892 -39.289614 -8.496028
v -371.958892 -37.414922 -9.103310
v -371.958892 -35.298135 -9.641138
v -371.958892 -32.925876 -10.112110
v -371.958892 -30.278018 -10.518000
v -371.958892 -27.323359 -10.860028
v -371.958892 -24.011215 -11.139028
v -371.958892 -20.252902 -11.355562
v -371.958892 -15.872287 -11.510002
v -371.958892 -10.418756 -11.602582
v -371.958892 -0.000000 -11.633428
v -371.958892 10.418756 -11.602582
v -371.958892 15.872287 -11.510002
v -371.958892 20.252902 -11.355562
v -371.958892 24.011215 -11.139028
v -371.958892 27.323359 -10.860028
v -371.958892 30.278018 -10.518000
v -371.958892 32.925876 -10.112110
v -371.958892 35.298135 -9.641138
v -371.958892 37.414922 -9.103310
v -371.958892 39.289614 -8.496028
v -371.958892 40.931266 -7.815453
v -371.958892 42.346067 -7.055813
v -371.958892 43.538266 -6.208154
v -371.958892 44.510766 -5.257938
v -371.958892 45.265532 -4.179720
v -371.958892 45.803860 -2.922971
v -371.958892 46.126563 -1.358414
v -362.987640 46.060810 2.171875
v -362.987640 45.955671 9.922578
v -362.987640 45.640090 13.887983
v -362.987640 45.113550 17.054292
v -362.987640 44.375116 19.760547
v -362.987640 43.423318 22.138978
v -362.987640 42.255960 24.256175
v -362.987640 40.869848 26.150271
v -362.987640 39.260372 27.844822
v -362.987640 37.420897 29.355102
v -362.987640 35.341820 30.691330
v -362.987640 33.009072 31.860483
v -362.987640 30.401627 32.867381
v -362.987640 27.487056 33.715371
v -362.987640 24.212868 34.406775
v -362.987640 20.487391 34.943186
v -362.987640 16.128596 35.325675
v -362.987640 10.669751 35.554919
v -362.987640 0.000000 35.631293
v -362.987640 -10.669751 35.554919
v -362.987640 -16.128596 35.325675
v -362.987640 -20.487391 34.943186
v -362.987640 -24.212868 34.406775
v -362.987640 -27.487056 33.715371
v -362.987640 -30.401627 32.867381
v -362.987640 -33.009072 31.860483
v -362.987640 -35.341820 30.691330
v -362.987640 -37.420897 29.355102
v -362.987640 -39.260372 27.844822
v -362.987640 -40.869848 26.150271
v -362.987640 -42.255960 24.256175
v -362.987640 -43.423318 22.138978
v -362.987640 -44.375116 19.760547
v -362.987640 -45.113550 17.054292
v -362.987640 -45.640090 13.887983
v -362.987640 -45.955671 9.922578
v -362.987640 -46.060810 2.171875
v -362.987640 -45.955671 -0.891532
v -362.987640 -45.640090 -2.458828
v -362.987640 -45.113550 -3.710287
v -362.987640 -44.375116 -4.779914
v -362.987640 -43.423318 -5.719971
v -362.987640 -42.255960 -6.556777
v -362.987640 -40.869848 -7.305404
v -362.987640 -39.260372 -7.975163
v -362.987640 -37.420897 -8.572089
v -362.987640 -35.341820 -9.100223
v -362.987640 -33.009072 -9.562322
v -362.987640 -30.401627 -9.960291
v -362.987640 -27.487056 -10.295452
v -362.987640 -24.212868 -10.568725
v -362.987640 -20.487391 -10.780737
v -362.987640 -16.128596 -10.931913
v -362.987640 -10.669751 -11.022520
v -362.987640 -0.000000 -11.052706
v -362.987640 10.669751 -11.022520
v -362.987640 16.128596 -10.931913
v -362.987640 20.487391 -10.780737
v -362.987640 24.212868 -10.568725
v -362.987640 27.487056 -10.295452
v -362.987640 30.401627 -9.960291
v -362.987640 33.009072 -9.562322
v -362.987640 35.341820 -9.100223
v -362.987640 37.420897 -8.572089
v -362.987640 39.260372 -7.975163
v -362.987640 40.869848 -7.305404
v -362.987640 42.255960 -6.556777
v -362.987640 43.423318 -5.719971
v -362.987640 44.375116 -4.779914
v -362.987640 45.113550 -3.710287
v -362.987640 45.640090 -2.458828
v -362.987640 45.955671 -0.891532
v -354.016388 45.906680 2.670953
v -354.016388 45.803679 10.462075
v -354.016388 45.494490 14.365429
v -354.016388 44.978533 17.465388
v -354.016388 44.254769 20.105875
v -354.016388 43.321575 22.420732
v -354.016388 42.176557 24.477359
v -354.016388 40.816269 26.314404
v -354.016388 39.235788 27.955811
v -354.016388 37.428095 29.417163
v -354.016388 35.383109 30.708945
v -354.016388 33.086158 31.838360
v -354.016388 30.515435 32.810426
v -354.016388 27.637434 33.628658
v -354.016388 24.398070 34.295521
v -354.016388 20.703027 34.812725
v -354.016388 16.365009 35.181429
v -354.016388 10.902735 35.402376
v -354.016388 0.000000 35.475981
v -354.016388 -10.902735 35.402376
v -354.016388 -16.365009 35.181429
v -354.016388 -20.703027 34.812725
v -354.016388 -24.398070 34.295521
v -354.016388 -27.637434 33.628658
v -354.016388 -30.515435 32.810426
v -354.016388 -33.086158 31.838360
v -354.016388 -35.383109 30.708945
v -354.016388 -37.428095 29.417163
v -354.016388 -39.235788 27.955811
v -354.016388 -40.816269 26.314404
v -354.016388 -42.176557 24.477359
v -354.016388 -43.321575 22.420732
v -354.016388 -44.254769 20.105875
v -354.016388 -44.978533 17.465388
v -354.016388 -45.494490 14.365429
v -354.016388 -45.803679 10.462075
v -354.016388 -45.906680 2.670953
v -354.016388 -45.803679 -0.477471
v -354.016388 -45.494490 -2.054833
v -354.016388 -44.978533 -3.307539
v -354.016388 -44.254769 -4.374571
v -354.016388 -43.321575 -5.310014
v -354.016388 -42.176557 -6.141105
v -354.016388 -40.816269 -6.883463
v -354.016388 -39.235788 -7.546762
v -354.016388 -37.428095 -8.137301
v -354.016388 -35.383109 -8.659315
v -354.016388 -33.086158 -9.115716
v -354.016388 -30.515435 -9.508532
v -354.016388 -27.637434 -9.839183
v -354.016388 -24.398070 -10.108665
v -354.016388 -20.703027 -10.317669
v -354.016388 -16.365009 -10.466664
v -354.016388 -10.902735 -10.555950
v -354.016388 -0.000000 -10.585694
v -354.016388 10.902735 -10.555950
v -354.016388 16.365009 -10.466664
v -354.016388 20.703027 -10.317669
v -354.016388 24.398070 -10.108665
v -354.016388 27.637434 -9.839183
v -354.016388 30.515435 -9.508532
v -354.016388 33.086158 -9.115716
v -354.016388 35.383109 -8.659315
v -354.016388 37.428095 -8.137301
v -354.016388 39.235788 -7.546762
v -354.016388 40.816269 -6.883463
v -354.016388 42.176557 -6.141105
v -354.016388 43.321575 -5.310014
v -354.016388 44.254769 -4.374571
v -354.016388 44.978533 -3.307539
v -354.016388 45.494490 -2.054833
v -354.016388 45.803679 -0.477471
v -345.045136 45.769358 3.127000
v -345.045136 45.668283 10.958036
v -345.045136 45.364855 14.806312
v -345.045136 44.858441 17.847542
v -345.045136 44.147906 20.429952
v -345.045136 43.231499 22.688774
v -345.045136 42.106653 24.692094
v -345.045136 40.769700 26.478992
v -345.045136 39.215449 28.073734
v -345.045136 37.436541 29.492162
v -345.045136 35.422479 30.744981
v -345.045136 33.158067 31.839582
v -345.045136 30.620805 32.781148
v -345.045136 27.776243 33.573336
v -345.045136 24.568885 34.218727
v -345.045136 20.902058 34.719130
v -345.045136 16.583742 35.075779
v -345.045136 11.119479 35.289472
v -345.045136 0.000000 35.360655
v -345.045136 -11.119479 35.289472
v -345.045136 -16.583742 35.075779
v -345.045136 -20.902058 34.719130
v -345.045136 -24.568885 34.218727
v -345.045136 -27.776243 33.573336
v -345.045136 -30.620805 32.781148
v -345.045136 -33.158067 31.839582
v -345.045136 -35.422479 30.744981
v -345.045136 -37.436541 29.492162
v -345.045136 -39.215449 28.073734
v -345.045136 -40.769700 26.478992
v -345.045136 -42.106653 24.692094
v -345.045136 -43.231499 22.688774
v -345.045136 -44.147906 20.429952
v -345.045136 -44.858441 17.847542
v -345.045136 -45.364855 14.806312
v -345.045136 -45.668283 10.958036
v -345.045136 -45.769358 3.127000
v -345.045136 -45.668283 -0.118332
v -345.045136 -45.364855 -1.713132
v -345.045136 -44.858441 -2.973476
v -345.045136 -44.147906 -4.043676
v -345.045136 -43.231499 -4.979776
v -345.045136 -42.106653 -5.809990
v -345.045136 -40.769700 -6.550515
v -345.045136 -39.215449 -7.211406
v -345.045136 -37.436541 -7.799231
v -345.045136 -35.422479 -8.318423
v -345.045136 -33.158067 -8.772047
v -345.045136 -30.620805 -9.162250
v -345.045136 -27.776243 -9.490547
v -345.045136 -24.568885 -9.758010
v -345.045136 -20.902058 -9.965387
v -345.045136 -16.583742 -10.113189
v -345.045136 -11.119479 -10.201747
v -345.045136 -0.000000 -10.231247
v -345.045136 11.119479 -10.201747
v -345.045136 16.583742 -10.113189
v -345.045136 20.902058 -9.965387
v -345.045136 24.568885 -9.758010
v -345.045136 27.776243 -9.490547
v -345.045136 30.620805 -9.162250
v -345.045136 33.158067 -8.772047
v -345.045136 35.422479 -8.318423
v -345.045136 37.436541 -7.799231
v -345.045136 39.215449 -7.211406
v -345.045136 40.769700 -6.550515
v -345.045136 42.106653 -5.809990
v -345.045136 43.231499 -4.979776
v -345.045136 44.147906 -4.043676
v -345.045136 44.858441 -2.973476
v -345.045136 45.364855 -1.713132
v -345.045136 45.668283 -0.118332
v -336.073884 45.646856 3.539172
v -336.073884 45.547525 11.412530
v -336.073884 45.249313 15.213135
v -336.073884 44.751537 18.203239
v -336.073884 44.052984 20.735031
v -336.073884 43.151788 22.945007
v -336.073884 42.045230 24.901863
v -336.073884 40.729450 26.645065
v -336.073884 39.199016 28.199155
v -336.073884 37.446278 29.580203
v -336.073884 35.460370 30.799099
v -336.073884 33.225631 31.863398
v -336.073884 30.718955 32.778423
v -336.073884 27.905050 33.547950
v -336.073884 24.727167 34.174664
v -336.073884 21.086521 34.660453
v -336.073884 16.786835 35.006619
v -336.073884 11.321669 35.214003
v -336.073884 0.000000 35.283080
v -336.073884 -11.321669 35.214003
v -336.073884 -16.786835 35.006619
v -336.073884 -21.086521 34.660453
v -336.073884 -24.727167 34.174664
v -336.073884 -27.905050 33.547950
v -336.073884 -30.718955 32.778423
v -336.073884 -33.225631 31.863398
v -336.073884 -35.460370 30.799099
v -336.073884 -37.446278 29.580203
v -336.073884 -39.199016 28.199155
v -336.073884 -40.729450 26.645065
v -336.073884 -42.045230 24.901863
v -336.073884 -43.151788 22.945007
v -336.073884 -44.052984 20.735031
v -336.073884 -44.751537 18.203239
v -336.073884 -45.249313 15.213135
v -336.073884 -45.547525 11.412530
v -336.073884 -45.646856 3.539172
v -336.073884 -45.547525 0.186851
v -336.073884 -45.249313 -1.431372
v -336.073884 -44.751537 -2.704499
v -336.073884 -44.052984 -3.782486
v -336.073884 -43.151788 -4.723450
v -336.073884 -42.045230 -5.556641
v -336.073884 -40.729450 -6.298862
v -336.073884 -39.199016 -6.960563
v -336.073884 -37.446278 -7.548586
v -336.073884 -35.460370 -8.067568
v -336.073884 -33.225631 -8.520725
v -336.073884 -30.718955 -8.910325
v -336.073884 -27.905050 -9.237974
v -336.073884 -24.727167 -9.504817
v -336.073884 -21.086521 -9.711656
v -336.073884 -16.786835 -9.859047
v -336.073884 -11.321669 -9.947347
v -336.073884 -0.000000 -9.976758
v -336.073884 11.321669 -9.947347
v -336.073884 16.786835 -9.859047
v -336.073884 21.086521 -9.711656
v -336.073884 24.727167 -9.504817
v -336.073884 27.905050 -9.237974
v -336.073884 30.718955 -8.910325
v -336.073884 33.225631 -8.520725
v -336.073884 35.460370 -8.067568
v -336.073884 37.446278 -7.548586
v -336.073884 39.199016 -6.960563
v -336.073884 40.729450 -6.298862
v -336.073884 42.045230 -5.556641
v -336.073884 43.151788 -4.723450
v -336.073884 44.052984 -3.782486
v -336.073884 44.751537 -2.704499
v -336.073884 45.249313 -1.431372
v -336.073884 45.547525 0.186851
v -327.102632 45.537546 3.906750
v -327.102632 45.439800 11.827413
v -327.102632 45.146327 15.588088
v -327.102632 44.656404 18.534626
v -327.102632 43.968747 21.023040
v -327.102632 43.081387 23.191042
v -327.102632 41.991473 25.107912
v -327.102632 40.694975 26.813473
v -327.102632 39.186251 28.332526
v -327.102632 37.457388 29.681342
v -327.102632 35.497198 30.870980
v -327.102632 33.289607 31.909139
v -327.102632 30.810969 32.801265
v -327.102632 28.025244 33.551240
v -327.102632 24.874556 34.161836
v -327.102632 21.258224 34.635016
v -327.102632 16.976114 34.972134
v -327.102632 11.510846 35.174074
v -327.102632 0.000000 35.241333
v -327.102632 -11.510846 35.174074
v -327.102632 -16.976114 34.972134
v -327.102632 -21.258224 34.635016
v -327.102632 -24.874556 34.161836
v -327.102632 -28.025244 33.551240
v -327.102632 -30.810969 32.801265
v -327.102632 -33.289607 31.909139
v -327.102632 -35.497198 30.870980
v -327.102632 -37.457388 29.681342
v -327.102632 -39.186251 28.332526
v -327.102632 -40.694975 26.813473
v -327.102632 -41.991473 25.107912
v -327.102632 -43.081387 23.191042
v -327.102632 -43.968747 21.023040
v -327.102632 -44.656404 18.534626
v -327.102632 -45.146327 15.588088
v -327.102632 -45.439800 11.827413
v -327.102632 -45.537546 3.906750
v -327.102632 -45.439800 0.441402
v -327.102632 -45.146327 -1.203920
v -327.102632 -44.656404 -2.493052
v -327.102632 -43.968747 -3.581752
v -327.102632 -43.081387 -4.530268
v -327.102632 -41.991473 -5.368913
v -327.102632 -40.694975 -6.115108
v -327.102632 -39.186251 -6.779705
v -327.102632 -37.457388 -7.369822
v -327.102632 -35.497198 -7.890297
v -327.102632 -33.289607 -8.344499
v -327.102632 -30.810969 -8.734811
v -327.102632 -28.025244 -9.062930
v -327.102632 -24.874556 -9.330071
v -327.102632 -21.258224 -9.537090
v -327.102632 -16.976114 -9.684582
v -327.102632 -11.510846 -9.772932
v -327.102632 -0.000000 -9.802359
v -327.102632 11.510846 -9.772932
v -327.102632 16.976114 -9.684582
v -327.102632 21.258224 -9.537090
v -327.102632 24.874556 -9.330071
v -327.102632 28.025244 -9.062930
v -327.102632 30.810969 -8.734811
v -327.102632 33.289607 -8.344499
v -327.102632 35.497198 -7.890297
v -327.102632 37.457388 -7.369822
v -327.102632 39.186251 -6.779705
v -327.102632 40.694975 -6.115108
v -327.102632 41.991473 -5.368913
v -327.102632 43.081387 -4.530268
v -327.102632 43.968747 -3.581752
v -327.102632 44.656404 -2.493052
v -327.102632 45.146327 -1.203920
v -327.102632 45.439800 0.441402
v -318.131380 45.440457 4.230469
v -318.131380 45.344151 12.204340
v -318.131380 45.054984 15.932693
v -318.131380 44.572196 18.842913
v -318.131380 43.894442 21.294798
v -318.131380 43.019662 23.427270
v -318.131380 41.944886 25.310189
v -318.131380 40.665937 26.983727
v -318.131380 39.176985 28.472928
v -318.131380 37.469887 29.794254
v -318.131380 35.533165 30.958920
v -318.131380 33.350382 31.974756
v -318.131380 30.897409 32.847318
v -318.131380 28.137537 33.580582
v -318.131380 25.011885 34.177400
v -318.131380 21.418058 34.639797
v -318.131380 17.152430 34.969178
v -318.131380 11.687630 35.166462
v -318.131380 0.000000 35.232167
v -318.131380 -11.687630 35.166462
v -318.131380 -17.152430 34.969178
v -318.131380 -21.418058 34.639797
v -318.131380 -25.011885 34.177400
v -318.131380 -28.137537 33.580582
v -318.131380 -30.897409 32.847318
v -318.131380 -33.350382 31.974756
v -318.131380 -35.533165 30.958920
v -318.131380 -37.469887 29.794254
v -318.131380 -39.176985 28.472928
v -318.131380 -40.665937 26.983727
v -318.131380 -41.944886 25.310189
v -318.131380 -43.019662 23.427270
v -318.131380 -43.894442 21.294798
v -318.131380 -44.572196 18.842913
v -318.131380 -45.054984 15.932693
v -318.131380 -45.344151 12.204340
v -318.131380 -45.440457 4.230469
v -318.131380 -45.344151 0.650907
v -318.131380 -45.054984 -1.022793
v -318.131380 -44.572196 -2.329223
v -318.131380 -43.894442 -3.429902
v -318.131380 -43.019662 -4.387193
v -318.131380 -41.944886 -5.232457
v -318.131380 -40.665937 -5.983727
v -318.131380 -39.176985 -6.652246
v -318.131380 -37.469887 -7.245405
v -318.131380 -35.533165 -7.768237
v -318.131380 -33.350382 -8.224257
v -318.131380 -30.897409 -8.615960
v -318.131380 -28.137537 -8.945130
v -318.131380 -25.011885 -9.213048
v -318.131380 -21.418058 -9.420624
v -318.131380 -17.152430 -9.568487
v -318.131380 -11.687630 -9.657050
v -318.131380 -0.000000 -9.686545
v -318.131380 11.687630 -9.657050
v -318.131380 17.152430 -9.568487
v -318.131380 21.418058 -9.420624
v -318.131380 25.011885 -9.213048
v -318.131380 28.137537 -8.945130
v -318.131380 30.897409 -8.615960
v -318.131380 33.350382 -8.224257
v -318.131380 35.533165 -7.768237
v -318.131380 37.469887 -7.245405
v -318.131380 39.176985 -6.652246
v -318.131380 40.665937 -5.983727
v -318.131380 41.944886 -5.232457
v -318.131380 43.019662 -4.387193
v -318.131380 43.894442 -3.429902
v -318.131380 44.572196 -2.329223
v -318.131380 45.054984 -1.022793
v -318.131380 45.344151 0.650907
v -309.160128 45.354953 4.512000
v -309.160128 45.259949 12.544492
v -309.160128 44.974678 16.247577
v -309.160128 44.498347 19.128144
v -309.160128 43.829556 21.549766
v -309.160128 42.966166 23.652587
v -309.160128 41.905103 25.507045
v -309.160128 40.642057 27.153657
v -309.160128 39.171034 28.617705
v -309.160128 37.483687 29.915832
v -309.160128 35.568283 31.059399
v -309.160128 33.408061 32.056356
v -309.160128 30.978464 32.912360
v -309.160128 28.242187 33.631474
v -309.160128 25.139446 34.216620
v -309.160128 21.566312 34.669881
v -309.160128 17.315998 34.992704
v -309.160128 11.852047 35.186041
v -309.160128 0.000000 35.250428
v -309.160128 -11.852047 35.186041
v -309.160128 -17.315998 34.992704
v -309.160128 -21.566312 34.669881
v -309.160128 -25.139446 34.216620
v -309.160128 -28.242187 33.631474
v -309.160128 -30.978464 32.912360
v -309.160128 -33.408061 32.056356
v -309.160128 -35.568283 31.059399
v -309.160128 -37.483687 29.915832
v -309.160128 -39.171034 28.617705
v -309.160128 -40.642057 27.153657
v -309.160128 -41.905103 25.507045
v -309.160128 -42.966166 23.652587
v -309.160128 -43.829556 21.549766
v -309.160128 -44.498347 19.128144
v -309.160128 -44.974678 16.247577
v -309.160128 -45.259949 12.544492
v -309.160128 -45.354953 4.512000
v -309.160128 -45.259949 0.821443
v -309.160128 -44.974678 -0.879953
v -309.160128 -44.498347 -2.203439
v -309.160128 -43.829556 -3.316062
v -309.160128 -42.966166 -4.282211
v -309.160128 -41.905103 -5.134248
v -309.160128 -40.642057 -5.890789
v -309.160128 -39.171034 -6.563452
v -309.160128 -37.483687 -7.159881
v -309.160128 -35.568283 -7.685297
v -309.160128 -33.408061 -8.143352
v -309.160128 -30.978464 -8.536646
v -309.160128 -28.242187 -8.867046
v -309.160128 -25.139446 -9.135893
v -309.160128 -21.566312 -9.344145
v -309.160128 -17.315998 -9.492468
v -309.160128 -11.852047 -9.581297
v -309.160128 -0.000000 -9.610880
v -309.160128 11.852047 -9.581297
v -309.160128 17.315998 -9.492468
v -309.160128 21.566312 -9.344145
v -309.160128 25.139446 -9.135893
v -309.160128 28.242187 -8.867046
v -309.160128 30.978464 -8.536646
v -309.160128 33.408061 -8.143352
v -309.160128 35.568283 -7.685297
v -309.160128 37.483687 -7.159881
v -309.160128 39.171034 -6.563452
v -309.160128 40.642057 -5.890789
v -309.160128 41.905103 -5.134248
v -309.160128 42.966166 -4.282211
v -309.160128 43.829556 -3.316062
v -309.160128 44.498347 -2.203439
v -309.160128 44.974678 -0.879953
v -309.160128 45.259949 0.821443
v -300.188876 45.280414 4.753031
v -300.188876 45.186581 12.848528
v -300.188876 44.904818 16.532672
v -300.188876 44.434300 19.389562
v -300.188876 43.773579 21.786536
v -300.188876 42.920448 23.864965
v -300.188876 41.871740 25.695869
v -300.188876 40.623029 27.320106
v -300.188876 39.168176 28.763194
v -300.188876 37.498653 30.041948
v -300.188876 35.602504 31.167867
v -300.188876 33.462679 32.149013
v -300.188876 31.054244 32.991138
v -300.188876 28.339362 33.698381
v -300.188876 25.257447 34.273729
v -300.188876 21.703190 34.719316
v -300.188876 17.466966 35.036631
v -300.188876 12.004082 35.226651
v -300.188876 0.000000 35.289931
v -300.188876 -12.004082 35.226651
v -300.188876 -17.466966 35.036631
v -300.188876 -21.703190 34.719316
v -300.188876 -25.257447 34.273729
v -300.188876 -28.339362 33.698381
v -300.188876 -31.054244 32.991138
v -300.188876 -33.462679 32.149013
v -300.188876 -35.602504 31.167867
v -300.188876 -37.498653 30.041948
v -300.188876 -39.168176 28.763194
v -300.188876 -40.623029 27.320106
v -300.188876 -41.871740 25.695869
v -300.188876 -42.920448 23.864965
v -300.188876 -43.773579 21.786536
v -300.188876 -44.434300 19.389562
v -300.188876 -44.904818 16.532672
v -300.188876 -45.186581 12.848528
v -300.188876 -45.280414 4.753031
v -300.188876 -45.186581 0.958180
v -300.188876 -44.904818 -0.768801
v -300.188876 -44.434300 -2.107999
v -300.188876 -43.773579 -3.231607
v -300.188876 -42.920448 -4.205893
v -300.188876 -41.871740 -5.064148
v -300.188876 -40.623029 -5.825527
v -300.188876 -39.168176 -6.501990
v -300.188876 -37.498653 -7.101420
v -300.188876 -35.602504 -7.629206
v -300.188876 -33.462679 -8.089129
v -300.188876 -31.054244 -8.483884
v -300.188876 -28.339362 -8.815412
v -300.188876 -25.257447 -9.085112
v -300.188876 -21.703190 -9.293986
v -300.188876 -17.466966 -9.442731
v -300.188876 -12.004082 -9.531805
v -300.188876 -0.000000 -9.561468
v -300.188876 12.004082 -9.531805
v -300.188876 17.466966 -9.442731
v -300.188876 21.703190 -9.293986
v -300.188876 25.257447 -9.085112
v -300.188876 28.339362 -8.815412
v -300.188876 31.054244 -8.483884
v -300.188876 33.462679 -8.089129
v -300.188876 35.602504 -7.629206
v -300.188876 37.498653 -7.101420
v -300.188876 39.168176 -6.501990
v -300.188876 40.623029 -5.825527
v -300.188876 41.871740 -5.064148
v -300.188876 42.920448 -4.205893
v -300.188876 43.773579 -3.231607
v -300.188876 44.434300 -2.107999
v -300.188876 44.904818 -0.768801
v -300.188876 45.186581 0.958180
v -291.217624 45.216231 4.955250
v -291.217624 45.123447 13.116688
v -291.217624 44.844820 16.787370
v -291.217624 44.379501 19.625807
v -291.217624 43.726000 22.003055
v -291.217624 42.882047 24.061709
v -291.217624 41.844397 25.873368
v -291.217624 40.608521 27.479233
v -291.217624 39.168152 28.905046
v -291.217624 37.514605 30.167790
v -291.217624 35.635724 31.279094
v -291.217624 33.514208 32.247127
v -291.217624 31.124787 33.077725
v -291.217624 28.429156 33.775101
v -291.217624 25.366014 34.342299
v -291.217624 21.828825 34.781499
v -291.217624 17.605418 35.094227
v -291.217624 12.143684 35.281485
v -291.217624 0.000000 35.343843
v -291.217624 -12.143684 35.281485
v -291.217624 -17.605418 35.094227
v -291.217624 -21.828825 34.781499
v -291.217624 -25.366014 34.342299
v -291.217624 -28.429156 33.775101
v -291.217624 -31.124787 33.077725
v -291.217624 -33.514208 32.247127
v -291.217624 -35.635724 31.279094
v -291.217624 -37.514605 30.167790
v -291.217624 -39.168152 28.905046
v -291.217624 -40.608521 27.479233
v -291.217624 -41.844397 25.873368
v -291.217624 -42.882047 24.061709
v -291.217624 -43.726000 22.003055
v -291.217624 -44.379501 19.625807
v -291.217624 -44.844820 16.787370
v -291.217624 -45.123447 13.116688
v -291.217624 -45.216231 4.955250
v -291.217624 -45.123447 1.065362
v -291.217624 -44.844820 -0.684151
v -291.217624 -44.379501 -2.037001
v -291.217624 -43.726000 -3.170040
v -291.217624 -42.882047 -4.151231
v -291.217624 -41.844397 -5.014701
v -291.217624 -40.608521 -5.780085
v -291.217624 -39.168152 -6.459653
v -291.217624 -37.514605 -7.061499
v -291.217624 -35.635724 -7.591167
v -291.217624 -33.514208 -8.052549
v -291.217624 -31.124787 -8.448427
v -291.217624 -28.429156 -8.780809
v -291.217624 -25.366014 -9.051145
v -291.217624 -21.828825 -9.260476
v -291.217624 -17.605418 -9.409528
v -291.217624 -12.143684 -9.498778
v -291.217624 -0.000000 -9.528499
v -291.217624 12.143684 -9.498778
v -291.217624 17.605418 -9.409528
v -291.217624 21.828825 -9.260476
v -291.217624 25.366014 -9.051145
v -291.217624 28.429156 -8.780809
v -291.217624 31.124787 -8.448427
v -291.217624 33.514208 -8.052549
v -291.217624 35.635724 -7.591167
v -291.217624 37.514605 -7.061499
v -291.217624 39.168152 -6.459653
v -291.217624 40.608521 -5.780085
v -291.217624 41.844397 -5.014701
v -291.217624 42.882047 -4.151231
v -291.217624 43.726000 -3.170040
v -291.217624 44.379501 -2.037001
v -291.217624 44.844820 -0.684151
v -291.217624 45.123447 1.065362
v -282.246372 45.161810 5.120344
v -282.246372 45.069955 13.348924
v -282.246372 44.794109 17.010724
v -282.246372 44.333402 19.835156
v -282.246372 43.686305 22.196902
v -282.246372 42.850496 24.239761
v -282.246372 41.822660 26.035902
v -282.246372 40.598178 27.626858
v -282.246372 39.170672 29.038591
v -282.246372 37.531318 30.288244
v -282.246372 35.667788 31.387568
v -282.246372 33.562559 32.344831
v -282.246372 31.190067 33.165949
v -282.246372 28.511593 33.855199
v -282.246372 25.465205 34.415679
v -282.246372 21.943280 34.849612
v -282.246372 17.731382 35.158555
v -282.246372 12.270768 35.343533
v -282.246372 0.000000 35.405129
v -282.246372 -12.270768 35.343533
v -282.246372 -17.731382 35.158555
v -282.246372 -21.943280 34.849612
v -282.246372 -25.465205 34.415679
v -282.246372 -28.511593 33.855199
v -282.246372 -31.190067 33.165949
v -282.246372 -33.562559 32.344831
v -282.246372 -35.667788 31.387568
v -282.246372 -37.531318 30.288244
v -282.246372 -39.170672 29.038591
v -282.246372 -40.598178 27.626858
v -282.246372 -41.822660 26.035902
v -282.246372 -42.850496 24.239761
v -282.246372 -43.686305 22.196902
v -282.246372 -44.333402 19.835156
v -282.246372 -44.794109 17.010724
v -282.246372 -45.069955 13.348924
v -282.246372 -45.161810 5.120344
v -282.246372 -45.069955 1.146451
v -282.246372 -44.794109 -0.621971
v -282.246372 -44.333402 -1.985996
v -282.246372 -43.686305 -3.126573
v -282.246372 -42.850496 -4.113146
v -282.246372 -41.822660 -4.980571
v -282.246372 -40.598178 -5.748904
v -282.246372 -39.170672 -6.430683
v -282.246372 -37.531318 -7.034188
v -282.246372 -35.667788 -7.565093
v -282.246372 -33.562559 -8.027392
v -282.246372 -31.190067 -8.423941
v -282.246372 -28.511593 -8.756806
v -282.246372 -25.465205 -9.027483
v -282.246372 -21.943280 -9.237045
v -282.246372 -17.731382 -9.386246
v -282.246372 -12.270768 -9.475578
v -282.246372 -0.000000 -9.505325
v -282.246372 12.270768 -9.475578
v -282.246372 17.731382 -9.386246
v -282.246372 21.943280 -9.237045
v -282.246372 25.465205 -9.027483
v -282.246372 28.511593 -8.756806
v -282.246372 31.190067 -8.423941
v -282.246372 33.562559 -8.027392
v -282.246372 35.667788 -7.565093
v -282.246372 37.531318 -7.034188
v -282.246372 39.170672 -6.430683
v -282.246372 40.598178 -5.748904
v -282.246372 41.822660 -4.980571
v -282.246372 42.850496 -4.113146
v -282.246372 43.686305 -3.126573
v -282.246372 44.333402 -1.985996
v -282.246372 44.794109 -0.621971
v -282.246372 45.069955 1.146451
v -273.275120 45.116570 5.250000
v -273.275120 45.025531 13.545046
v -273.275120 44.752125 17.201644
v -273.275120 44.295465 20.015766
v -273.275120 43.653988 22.365568
v -273.275120 42.825327 24.396009
v -273.275120 41.806106 26.179809
v -273.275120 40.591629 27.758819
v -273.275120 39.175421 29.159212
v -273.275120 37.548538 30.398282
v -273.275120 35.698501 31.487893
v -273.275120 33.607594 32.436404
v -273.275120 31.249997 33.249805
v -273.275120 28.586630 33.932432
v -273.275120 25.555009 34.487431
v -273.275120 22.046553 34.917063
v -273.275120 17.844827 35.222913
v -273.275120 12.385213 35.406028
v -273.275120 0.000000 35.467001
v -273.275120 -12.385213 35.406028
v -273.275120 -17.844827 35.222913
v -273.275120 -22.046553 34.917063
v -273.275120 -25.555009 34.487431
v -273.275120 -28.586630 33.932432
v -273.275120 -31.249997 33.249805
v -273.275120 -33.607594 32.436404
v -273.275120 -35.698501 31.487893
v -273.275120 -37.548538 30.398282
v -273.275120 -39.175421 29.159212
v -273.275120 -40.591629 27.758819
v -273.275120 -41.806106 26.179809
v -273.275120 -42.825327 24.396009
v -273.275120 -43.653988 22.365568
v -273.275120 -44.295465 20.015766
v -273.275120 -44.752125 17.201644
v -273.275120 -45.025531 13.545046
v -273.275120 -45.116570 5.250000
v -273.275120 -45.025531 1.204301
v -273.275120 -44.752125 -0.579113
v -273.275120 -44.295465 -1.951630
v -273.275120 -43.653988 -3.097687
v -273.275120 -42.825327 -4.087983
v -273.275120 -41.806106 -4.957987
v -273.275120 -40.591629 -5.728109
v -273.275120 -39.175421 -6.411116
v -273.275120 -37.548538 -7.015441
v -273.275120 -35.698501 -7.546871
v -273.275120 -33.607594 -8.009483
v -273.275120 -31.249997 -8.406199
v -273.275120 -28.586630 -8.739133
v -273.275120 -25.555009 -9.009820
v -273.275120 -22.046553 -9.219362
v -273.275120 -17.844827 -9.368533
v -273.275120 -12.385213 -9.457842
v -273.275120 -0.000000 -9.487581
v -273.275120 12.385213 -9.457842
v -273.275120 17.844827 -9.368533
v -273.275120 22.046553 -9.219362
v -273.275120 25.555009 -9.009820
v -273.275120 28.586630 -8.739133
v -273.275120 31.249997 -8.406199
v -273.275120 33.607594 -8.009483
v -273.275120 35.698501 -7.546871
v -273.275120 37.548538 -7.015441
v -273.275120 39.175421 -6.411116
v -273.275120 40.591629 -5.728109
v -273.275120 41.806106 -4.957987
v -273.275120 42.825327 -4.087983
v -273.275120 43.653988 -3.097687
v -273.275120 44.295465 -1.951630
v -273.275120 44.752125 -0.579113
v -273.275120 45.025531 1.204301
v -264.303868 45.079956 5.345906
v -264.303868 44.989622 13.704853
v -264.303868 44.718328 17.359085
v -264.303868 44.265168 20.165899
v -264.303868 43.628553 22.506706
v -264.303868 42.806077 24.527560
v -264.303868 41.794312 26.301701
v -264.303868 40.588493 27.871281
v -264.303868 39.182065 29.262668
v -264.303868 37.565980 30.493295
v -264.303868 35.727629 31.575134
v -264.303868 33.649130 32.516624
v -264.303868 31.304442 33.323822
v -264.303868 28.654172 34.001117
v -264.303868 25.635356 34.551699
v -264.303868 22.138583 34.977861
v -264.303868 17.945673 35.281215
v -264.303868 12.486864 35.462824
v -264.303868 0.000000 35.523295
v -264.303868 -12.486864 35.462824
v -264.303868 -17.945673 35.281215
v -264.303868 -22.138583 34.977861
v -264.303868 -25.635356 34.551699
v -264.303868 -28.654172 34.001117
v -264.303868 -31.304442 33.323822
v -264.303868 -33.649130 32.516624
v -264.303868 -35.727629 31.575134
v -264.303868 -37.565980 30.493295
v -264.303868 -39.182065 29.262668
v -264.303868 -40.588493 27.871281
v -264.303868 -41.794312 26.301701
v -264.303868 -42.806077 24.527560
v -264.303868 -43.628553 22.506706
v -264.303868 -44.265168 20.165899
v -264.303868 -44.718328 17.359085
v -264.303868 -44.989622 13.704853
v -264.303868 -45.079956 5.345906
v -264.303868 -44.989622 1.241304
v -264.303868 -44.718328 -0.553080
v -264.303868 -44.265168 -1.931347
v -264.303868 -43.628553 -3.080784
v -264.303868 -42.806077 -4.073109
v -264.303868 -41.794312 -4.944289
v -264.303868 -40.588493 -5.715020
v -264.303868 -39.182065 -6.398251
v -264.303868 -37.565980 -7.002542
v -264.303868 -35.727629 -7.533771
v -264.303868 -33.649130 -7.996083
v -264.303868 -31.304442 -8.392452
v -264.303868 -28.654172 -8.725033
v -264.303868 -25.635356 -8.995392
v -264.303868 -22.138583 -9.204656
v -264.303868 -17.945673 -9.353616
v -264.303868 -12.486864 -9.442794
v -264.303868 -0.000000 -9.472488
v -264.303868 12.486864 -9.442794
v -264.303868 17.945673 -9.353616
v -264.303868 22.138583 -9.204656
v -264.303868 25.635356 -8.995392
v -264.303868 28.654172 -8.725033
v -264.303868 31.304442 -8.392452
v -264.303868 33.649130 -7.996083
v -264.303868 35.727629 -7.533771
v -264.303868 37.565980 -7.002542
v -264.303868 39.182065 -6.398251
v -264.303868 40.588493 -5.715020
v -264.303868 41.794312 -4.944289
v -264.303868 42.806077 -4.073109
v -264.303868 43.628553 -3.080784
v -264.303868 44.265168 -1.931347
v -264.303868 44.718328 -0.553080
v -264.303868 44.989622 1.241304
v -255.332616 45.051443 5.409750
v -255.332616 44.961708 13.828250
v -255.332616 44.692205 17.482197
v -255.332616 44.242016 20.284094
v -255.332616 43.609527 22.618325
v -255.332616 42.792300 24.631951
v -255.332616 41.786861 26.398691
v -255.332616 40.588393 27.960971
v -255.332616 39.190266 29.345338
v -255.332616 37.583346 30.569353
v -255.332616 35.754916 31.645081
v -255.332616 33.686952 32.581036
v -255.332616 31.353223 33.383332
v -255.332616 28.714071 34.056408
v -255.332616 25.706123 34.603489
v -255.332616 22.219254 35.026899
v -255.332616 18.033789 35.328271
v -255.332616 12.575532 35.508686
v -255.332616 0.000000 35.568757
v -255.332616 -12.575532 35.508686
v -255.332616 -18.033789 35.328271
v -255.332616 -22.219254 35.026899
v -255.332616 -25.706123 34.603489
v -255.332616 -28.714071 34.056408
v -255.332616 -31.353223 33.383332
v -255.332616 -33.686952 32.581036
v -255.332616 -35.754916 31.645081
v -255.332616 -37.583346 30.569353
v -255.332616 -39.190266 29.345338
v -255.332616 -40.588393 27.960971
v -255.332616 -41.786861 26.398691
v -255.332616 -42.792300 24.631951
v -255.332616 -43.609527 22.618325
v -255.332616 -44.242016 20.284094
v -255.332616 -44.692205 17.482197
v -255.332616 -44.961708 13.828250
v -255.332616 -45.051443 5.409750
v -255.332616 -44.961708 1.259507
v -255.332616 -44.692205 -0.541856
v -255.332616 -44.242016 -1.923165
v -255.332616 -43.609527 -3.073920
v -255.332616 -42.792300 -4.066619
v -255.332616 -41.786861 -4.937606
v -255.332616 -40.588393 -5.707796
v -255.332616 -39.190266 -6.390276
v -255.332616 -37.583346 -6.993704
v -255.332616 -35.754916 -7.524028
v -255.332616 -33.686952 -7.985445
v -255.332616 -31.353223 -8.380970
v -255.332616 -28.714071 -8.712791
v -255.332616 -25.706123 -8.982496
v -255.332616 -22.219254 -9.191234
v -255.332616 -18.033789 -9.339807
v -255.332616 -12.575532 -9.428750
v -255.332616 -0.000000 -9.458365
v -255.332616 12.575532 -9.428750
v -255.332616 18.033789 -9.339807
v -255.332616 22.219254 -9.191234
v -255.332616 25.706123 -8.982496
v -255.332616 28.714071 -8.712791
v -255.332616 31.353223 -8.380970
v -255.332616 33.686952 -7.985445
v -255.332616 35.754916 -7.524028
v -255.332616 37.583346 -6.993704
v -255.332616 39.190266 -6.390276
v -255.332616 40.588393 -5.707796
v -255.332616 41.786861 -4.937606
v -255.332616 42.792300 -4.066619
v -255.332616 43.609527 -3.073920
v -255.332616 44.242016 -1.923165
v -255.332616 44.692205 -0.541856
v -255.332616 44.961708 1.259507
v -246.361364 42.209590 5.443219
v -246.361364 42.125940 13.595847
v -246.361364 41.874707 17.113122
v -246.361364 41.455019 19.806438
v -246.361364 40.865346 22.048225
v -246.361364 40.103377 23.980858
v -246.361364 39.165821 25.675689
v -246.361364 38.048119 27.173778
v -246.361364 36.744002 28.500825
v -246.361364 35.244842 29.673836
v -246.361364 33.538630 30.704500
v -246.361364 31.608362 31.601072
v -246.361364 29.429304 32.369485
v -246.361364 26.964074 33.014049
v -246.361364 24.152947 33.537899
v -246.361364 20.892137 33.943295
v -246.361364 16.974553 34.231828
v -246.361364 11.858472 34.404549
v -246.361364 0.000000 34.462058
v -246.361364 -11.858472 34.404549
v -246.361364 -16.974553 34.231828
v -246.361364 -20.892137 33.943295
v -246.361364 -24.152947 33.537899
v -246.361364 -26.964074 33.014049
v -246.361364 -29.429304 32.369485
v -246.361364 -31.608362 31.601072
v -246.361364 -33.538630 30.704500
v -246.361364 -35.244842 29.673836
v -246.361364 -36.744002 28.500825
v -246.361364 -38.048119 27.173778
v -246.361364 -39.165821 25.675689
v -246.361364 -40.103377 23.980858
v -246.361364 -40.865346 22.048225
v -246.361364 -41.455019 19.806438
v -246.361364 -41.874707 17.113122
v -246.361364 -42.125940 13.595847
v -246.361364 -42.209590 5.443219
v -246.361364 -42.125940 1.328013
v -246.361364 -41.874707 -0.447403
v -246.361364 -41.455019 -1.806910
v -246.361364 -40.865346 -2.938497
v -246.361364 -40.103377 -3.914033
v -246.361364 -39.165821 -4.769534
v -246.361364 -38.048119 -5.525725
v -246.361364 -36.744002 -6.195579
v -246.361364 -35.244842 -6.787680
v -246.361364 -33.538630 -7.307929
v -246.361364 -31.608362 -7.760492
v -246.361364 -29.429304 -8.148365
v -246.361364 -26.964074 -8.473721
v -246.361364 -24.152947 -8.738145
v -246.361364 -20.892137 -8.942777
v -246.361364 -16.974553 -9.088420
v -246.361364 -11.858472 -9.175605
v -246.361364 -0.000000 -9.204634
v -246.361364 11.858472 -9.175605
v -246.361364 16.974553 -9.088420
v -246.361364 20.892137 -8.942777
v -246.361364 24.152947 -8.738145
v -246.361364 26.964074 -8.473721
v -246.361364 29.429304 -8.148365
v -246.361364 31.608362 -7.760492
v -246.361364 33.538630 -7.307929
v -246.361364 35.244842 -6.787680
v -246.361364 36.744002 -6.195579
v -246.361364 38.048119 -5.525725
v -246.361364 39.165821 -4.769534
v -246.361364 40.103377 -3.914033
v -246.361364 40.865346 -2.938497
v -246.361364 41.455019 -1.806910
v -246.361364 41.874707 -0.447403
v -246.361364 42.125940 1.328013
v -237.390112 30.579895 5.448000
v -237.390112 30.519541 12.991741
v -237.390112 30.338269 16.230489
v -237.390112 30.035442 18.707726
v -237.390112 29.609942 20.768188
v -237.390112 29.060077 22.543580
v -237.390112 28.383444 24.099890
v -237.390112 27.576713 25.475093
v -237.390112 26.635309 26.692960
v -237.390112 25.552939 27.769223
v -237.390112 24.320853 28.714703
v -237.390112 22.926661 29.537046
v -237.390112 21.352353 30.241749
v -237.390112 19.570716 30.832808
v -237.390112 17.538279 31.313130
v -237.390112 15.179499 31.684817
v -237.390112 12.343602 31.949345
v -237.390112 8.635941 32.107691
v -237.390112 0.000000 32.160412
v -237.390112 -8.635941 32.107691
v -237.390112 -12.343602 31.949345
v -237.390112 -15.179499 31.684817
v -237.390112 -17.538279 31.313130
v -237.390112 -19.570716 30.832808
v -237.390112 -21.352353 30.241749
v -237.390112 -22.926661 29.537046
v -237.390112 -24.320853 28.714703
v -237.390112 -25.552939 27.769223
v -237.390112 -26.635309 26.692960
v -237.390112 -27.576713 25.475093
v -237.390112 -28.383444 24.099890
v -237.390112 -29.060077 22.543580
v -237.390112 -29.609942 20.768188
v -237.390112 -30.035442 18.707726
v -237.390112 -30.338269 16.230489
v -237.390112 -30.519541 12.991741
v -237.390112 -30.579895 5.448000
v -237.390112 -30.519541 1.422139
v -237.390112 -30.338269 -0.306281
v -237.390112 -30.035442 -1.628306
v -237.390112 -29.609942 -2.727911
v -237.390112 -29.060077 -3.675382
v -237.390112 -28.383444 -4.505937
v -237.390112 -27.576713 -5.239841
v -237.390112 -26.635309 -5.889778
v -237.390112 -25.552939 -6.464147
v -237.390112 -24.320853 -6.968720
v -237.390112 -22.926661 -7.407579
v -237.390112 -21.352353 -7.783658
v -237.390112 -19.570716 -8.099087
v -237.390112 -17.538279 -8.355421
v -237.390112 -15.179499 -8.553778
v -237.390112 -12.343602 -8.694949
v -237.390112 -8.635941 -8.779453
v -237.390112 -0.000000 -8.807589
v -237.390112 8.635941 -8.779453
v -237.390112 12.343602 -8.694949
v -237.390112 15.179499 -8.553778
v -237.390112 17.538279 -8.355421
v -237.390112 19.570716 -8.099087
v -237.390112 21.352353 -7.783658
v -237.390112 22.926661 -7.407579
v -237.390112 24.320853 -6.968720
v -237.390112 25.552939 -6.464147
v -237.390112 26.635309 -5.889778
v -237.390112 27.576713 -5.239841
v -237.390112 28.383444 -4.505937
v -237.390112 29.060077 -3.675382
v -237.390112 29.609942 -2.727911
v -237.390112 30.035442 -1.628306
v -237.390112 30.338269 -0.306281
v -237.390112 30.519541 1.422139
v -228.418860 30.814496 5.425781
v -228.418860 30.753868 13.004414
v -228.418860 30.571773 16.246077
v -228.418860 30.267563 18.723417
v -228.418860 29.840103 20.782847
v -228.418860 29.287676 22.556651
v -228.418860 28.607847 24.111094
v -228.418860 27.797238 25.484308
v -228.418860 26.851216 26.700167
v -228.418860 25.763407 27.774475
v -228.418860 24.524953 28.718105
v -228.418860 23.123320 29.538740
v -228.418860 21.540288 30.241910
v -228.418860 19.748338 30.831634
v -228.418860 17.703510 31.310841
v -228.418860 15.329414 31.681645
v -228.418860 12.473556 31.945535
v -228.418860 8.736591 32.103495
v -228.418860 0.000000 32.156087
v -228.418860 -8.736591 32.103495
v -228.418860 -12.473556 31.945535
v -228.418860 -15.329414 31.681645
v -228.418860 -17.703510 31.310841
v -228.418860 -19.748338 30.831634
v -228.418860 -21.540288 30.241910
v -228.418860 -23.123320 29.538740
v -228.418860 -24.524953 28.718105
v -228.418860 -25.763407 27.774475
v -228.418860 -26.851216 26.700167
v -228.418860 -27.797238 25.484308
v -228.418860 -28.607847 24.111094
v -228.418860 -29.287676 22.556651
v -228.418860 -29.840103 20.782847
v -228.418860 -30.267563 18.723417
v -228.418860 -30.571773 16.246077
v -228.418860 -30.753868 13.004414
v -228.418860 -30.814496 5.425781
v -228.418860 -30.753868 1.393802
v -228.418860 -30.571773 -0.330826
v -228.418860 -30.267563 -1.648819
v -228.418860 -29.840103 -2.744475
v -228.418860 -29.287676 -3.688173
v -228.418860 -28.607847 -4.515167
v -228.418860 -27.797238 -5.245744
v -228.418860 -26.851216 -5.892605
v -228.418860 -25.763407 -6.464157
v -228.418860 -24.524953 -6.966186
v -228.418860 -23.123320 -7.402780
v -228.418860 -21.540288 -7.776880
v -228.418860 -19.748338 -8.090625
v -228.418860 -17.703510 -8.345572
v -228.418860 -15.329414 -8.542847
v -228.418860 -12.473556 -8.683242
v -228.418860 -8.736591 -8.767279
v -228.418860 -0.000000 -8.795260
v -228.418860 8.736591 -8.767279
v -228.418860 12.473556 -8.683242
v -228.418860 15.329414 -8.542847
v -228.418860 17.703510 -8.345572
v -228.418860 19.748338 -8.090625
v -228.418860 21.540288 -7.776880
v -228.418860 23.123320 -7.402780
v -228.418860 24.524953 -6.966186
v -228.418860 25.763407 -6.464157
v -228.418860 26.851216 -5.892605
v -228.418860 27.797238 -5.245744
v -228.418860 28.607847 -4.515167
v -228.418860 29.287676 -3.688173
v -228.418860 29.840103 -2.744475
v -228.418860 30.267563 -1.648819
v -228.418860 30.571773 -0.330826
v -228.418860 30.753868 1.393802
v -219.447608 31.035416 5.378250
v -219.447608 30.974483 12.970604
v -219.447608 30.791472 16.209898
v -219.447608 30.485727 18.683979
v -219.447608 30.056098 20.739940
v -219.447608 29.500850 22.510280
v -219.447608 28.817517 24.061364
v -219.447608 28.002685 25.431381
v -219.447608 27.051671 26.644241
v -219.447608 25.958033 27.715776
v -219.447608 24.712822 28.656879
v -219.447608 23.303379 29.475250
v -219.447608 21.711307 30.176433
v -219.447608 19.908821 30.764458
v -219.447608 17.851541 31.242262
v -219.447608 15.462346 31.611969
v -219.447608 12.587261 31.875070
v -219.447608 8.822936 32.032556
v -219.447608 0.000000 32.084990
v -219.447608 -8.822936 32.032556
v -219.447608 -12.587261 31.875070
v -219.447608 -15.462346 31.611969
v -219.447608 -17.851541 31.242262
v -219.447608 -19.908821 30.764458
v -219.447608 -21.711307 30.176433
v -219.447608 -23.303379 29.475250
v -219.447608 -24.712822 28.656879
v -219.447608 -25.958033 27.715776
v -219.447608 -27.051671 26.644241
v -219.447608 -28.002685 25.431381
v -219.447608 -28.817517 24.061364
v -219.447608 -29.500850 22.510280
v -219.447608 -30.056098 20.739940
v -219.447608 -30.485727 18.683979
v -219.447608 -30.791472 16.209898
v -219.447608 -30.974483 12.970604
v -219.447608 -31.035416 5.378250
v -219.447608 -30.974483 1.351249
v -219.447608 -30.791472 -0.366879
v -219.447608 -30.485727 -1.679138
v -219.447608 -30.056098 -2.769624
v -219.447608 -29.500850 -3.708616
v -219.447608 -28.817517 -4.531314
v -219.447608 -28.002685 -5.257974
v -219.447608 -27.051671 -5.901278
v -219.447608 -25.958033 -6.469622
v -219.447608 -24.712822 -6.968785
v -219.447608 -23.303379 -7.402851
v -219.447608 -21.711307 -7.774760
v -219.447608 -19.908821 -8.086650
v -219.447608 -17.851541 -8.340078
v -219.447608 -15.462346 -8.536171
v -219.447608 -12.587261 -8.675721
v -219.447608 -8.822936 -8.759252
v -219.447608 -0.000000 -8.787063
v -219.447608 8.822936 -8.759252
v -219.447608 12.587261 -8.675721
v -219.447608 15.462346 -8.536171
v -219.447608 17.851541 -8.340078
v -219.447608 19.908821 -8.086650
v -219.447608 21.711307 -7.774760
v -219.447608 23.303379 -7.402851
v -219.447608 24.712822 -6.968785
v -219.447608 25.958033 -6.469622
v -219.447608 27.051671 -5.901278
v -219.447608 28.002685 -5.257974
v -219.447608 28.817517 -4.531314
v -219.447608 29.500850 -3.708616
v -219.447608 30.056098 -2.769624
v -219.447608 30.485727 -1.679138
v -219.447608 30.791472 -0.366879
v -219.447608 30.974483 1.351249
v -210.476356 31.227683 5.307096
v -210.476356 31.166442 12.891055
v -210.476356 30.982505 16.122410
v -210.476356 30.675210 18.589663
v -210.476356 30.243397 20.639548
v -210.476356 29.685316 22.404404
v -210.476356 28.998481 23.950512
v -210.476356 28.179448 25.316013
v -210.476356 27.223497 26.524787
v -210.476356 26.124134 27.592645
v -210.476356 24.872342 28.530472
v -210.476356 23.455362 29.345959
v -210.476356 21.854660 30.044646
v -210.476356 20.042242 30.630560
v -210.476356 17.973397 31.106639
v -210.476356 15.570429 31.475002
v -210.476356 12.678203 31.737145
v -210.476356 8.890262 31.894055
v -210.476356 0.000000 31.946297
v -210.476356 -8.890262 31.894055
v -210.476356 -12.678203 31.737145
v -210.476356 -15.570429 31.475002
v -210.476356 -17.973397 31.106639
v -210.476356 -20.042242 30.630560
v -210.476356 -21.854660 30.044646
v -210.476356 -23.455362 29.345959
v -210.476356 -24.872342 28.530472
v -210.476356 -26.124134 27.592645
v -210.476356 -27.223497 26.524787
v -210.476356 -28.179448 25.316013
v -210.476356 -28.998481 23.950512
v -210.476356 -29.685316 22.404404
v -210.476356 -30.243397 20.639548
v -210.476356 -30.675210 18.589663
v -210.476356 -30.982505 16.122410
v -210.476356 -31.166442 12.891055
v -210.476356 -31.227683 5.307097
v -210.476356 -31.166442 1.295675
v -210.476356 -30.982505 -0.413502
v -210.476356 -30.675210 -1.718519
v -210.476356 -30.243397 -2.802774
v -210.476356 -29.685316 -3.736269
v -210.476356 -28.998481 -4.554060
v -210.476356 -28.179448 -5.276321
v -210.476356 -27.223497 -5.915684
v -210.476356 -26.124134 -6.480511
v -210.476356 -24.872342 -6.976561
v -210.476356 -23.455362 -7.407900
v -210.476356 -21.854660 -7.777460
v -210.476356 -20.042242 -8.087371
v -210.476356 -17.973397 -8.339186
v -210.476356 -15.570429 -8.534026
v -210.476356 -12.678203 -8.672682
v -210.476356 -8.890262 -8.755678
v -210.476356 -0.000000 -8.783310
v -210.476356 8.890262 -8.755678
v -210.476356 12.678203 -8.672682
v -210.476356 15.570429 -8.534026
v -210.476356 17.973397 -8.339186
v -210.476356 20.042242 -8.087371
v -210.476356 21.854660 -7.777460
v -210.476356 23.455362 -7.407900
v -210.476356 24.872342 -6.976561
v -210.476356 26.124134 -6.480511
v -210.476356 27.223497 -5.915684
v -210.476356 28.179448 -5.276321
v -210.476356 28.998481 -4.554060
v -210.476356 29.685316 -3.736269
v -210.476356 30.243397 -2.802774
v -210.476356 30.675210 -1.718519
v -210.476356 30.982505 -0.413502
v -210.476356 31.166442 1.295675
v -201.505104 31.394205 5.214167
v -201.505104 31.332646 12.768050
v -201.505104 31.147754 15.986049
v -201.505104 30.838864 18.443009
v -201.505104 30.404808 20.484291
v -201.505104 29.843828 22.241710
v -201.505104 29.153421 23.781282
v -201.505104 28.330128 25.140994
v -201.505104 27.369199 26.344633
v -201.505104 26.264106 27.407947
v -201.505104 25.005780 28.341777
v -201.505104 23.581395 29.153784
v -201.505104 21.972312 29.849486
v -201.505104 20.150384 30.432896
v -201.505104 18.070655 30.906937
v -201.505104 15.655003 31.273724
v -201.505104 12.747439 31.534744
v -201.505104 8.939261 31.690982
v -201.505104 0.000000 31.743000
v -201.505104 -8.939261 31.690982
v -201.505104 -12.747439 31.534744
v -201.505104 -15.655003 31.273724
v -201.505104 -18.070655 30.906937
v -201.505104 -20.150384 30.432896
v -201.505104 -21.972312 29.849486
v -201.505104 -23.581395 29.153784
v -201.505104 -25.005780 28.341777
v -201.505104 -26.264106 27.407947
v -201.505104 -27.369199 26.344633
v -201.505104 -28.330128 25.140994
v -201.505104 -29.153421 23.781282
v -201.505104 -29.843828 22.241710
v -201.505104 -30.404808 20.484291
v -201.505104 -30.838864 18.443009
v -201.505104 -31.147754 15.986049
v -201.505104 -31.332646 12.768050
v -201.505104 -31.394205 5.214167
v -201.505104 -31.332646 1.228069
v -201.505104 -31.147754 -0.470032
v -201.505104 -30.838864 -1.766542
v -201.505104 -30.404808 -2.843703
v -201.505104 -29.843828 -3.771073
v -201.505104 -29.153421 -4.583488
v -201.505104 -28.330128 -5.300992
v -201.505104 -27.369199 -5.936139
v -201.505104 -26.264106 -6.497237
v -201.505104 -25.005780 -6.990008
v -201.505104 -23.581395 -7.418495
v -201.505104 -21.972312 -7.785609
v -201.505104 -20.150384 -8.093468
v -201.505104 -18.070655 -8.343614
v -201.505104 -15.655003 -8.537164
v -201.505104 -12.747439 -8.674901
v -201.505104 -8.939261 -8.757346
v -201.505104 -0.000000 -8.784795
v -201.505104 8.939261 -8.757346
v -201.505104 12.747439 -8.674901
v -201.505104 15.655003 -8.537164
v -201.505104 18.070655 -8.343614
v -201.505104 20.150384 -8.093468
v -201.505104 21.972312 -7.785609
v -201.505104 23.581395 -7.418495
v -201.505104 25.005780 -6.990008
v -201.505104 26.264106 -6.497237
v -201.505104 27.369199 -5.936139
v -201.505104 28.330128 -5.300992
v -201.505104 29.153421 -4.583488
v -201.505104 29.843828 -3.771073
v -201.505104 30.404808 -2.843703
v -201.505104 30.838864 -1.766542
v -201.505104 31.147754 -0.470032
v -201.505104 31.332646 1.228069
v -192.533852 31.541039 5.101549
v -192.533852 31.479143 12.605731
v -192.533852 31.293239 15.805594
v -192.533852 30.982659 18.249242
v -192.533852 30.546233 20.279745
v -192.533852 29.982196 22.028058
v -192.533852 29.288041 23.559773
v -192.533852 28.460293 24.912632
v -192.533852 27.494190 26.110265
v -192.533852 26.383181 27.168319
v -192.533852 25.118163 28.097562
v -192.533852 23.686265 28.905607
v -192.533852 22.068779 29.597931
v -192.533852 20.237450 30.178519
v -192.533852 18.147154 30.650277
v -192.533852 15.719471 31.015301
v -192.533852 12.797829 31.275069
v -192.533852 8.972050 31.430559
v -192.533852 0.000000 31.482328
v -192.533852 -8.972050 31.430559
v -192.533852 -12.797829 31.275069
v -192.533852 -15.719471 31.015301
v -192.533852 -18.147154 30.650277
v -192.533852 -20.237450 30.178519
v -192.533852 -22.068779 29.597931
v -192.533852 -23.686265 28.905607
v -192.533852 -25.118163 28.097562
v -192.533852 -26.383181 27.168319
v -192.533852 -27.494190 26.110265
v -192.533852 -28.460293 24.912632
v -192.533852 -29.288041 23.559773
v -192.533852 -29.982196 22.028058
v -192.533852 -30.546233 20.279745
v -192.533852 -30.982659 18.249242
v -192.533852 -31.293239 15.805594
v -192.533852 -31.479143 12.605731
v -192.533852 -31.541039 5.101550
v -192.533852 -31.479143 1.149248
v -192.533852 -31.293239 -0.536056
v -192.533852 -30.982659 -1.823076
v -192.533852 -30.546233 -2.892501
v -192.533852 -29.982196 -3.813302
v -192.533852 -29.288041 -4.620026
v -192.533852 -28.460293 -5.332549
v -192.533852 -27.494190 -5.963318
v -192.533852 -26.383181 -6.520574
v -192.533852 -25.118163 -7.009988
v -192.533852 -23.686265 -7.435569
v -192.533852 -22.068779 -7.800202
v -192.533852 -20.237450 -8.105986
v -192.533852 -18.147154 -8.354451
v -192.533852 -15.719471 -8.546702
v -192.533852 -12.797829 -8.683517
v -192.533852 -8.972050 -8.765410
v -192.533852 -0.000000 -8.792676
v -192.533852 8.972050 -8.765410
v -192.533852 12.797829 -8.683517
v -192.533852 15.719471 -8.546702
v -192.533852 18.147154 -8.354451
v -192.533852 20.237450 -8.105986
v -192.533852 22.068779 -7.800202
v -192.533852 23.686265 -7.435569
v -192.533852 25.118163 -7.009988
v -192.533852 26.383181 -6.520574
v -192.533852 27.494190 -5.963318
v -192.533852 28.460293 -5.332549
v -192.533852 29.288041 -4.620026
v -192.533852 29.982196 -3.813302
v -192.533852 30.546233 -2.892501
v -192.533852 30.982659 -1.823076
v -192.533852 31.293239 -0.536056
v -192.533852 31.479143 1.149248
v -183.562600 31.674515 4.971354
v -183.562600 31.612252 12.408438
v -183.562600 31.425247 15.586062
v -183.562600 31.112832 18.013847
v -183.562600 30.673837 20.031759
v -183.562600 30.106496 21.769600
v -183.562600 29.408298 23.292391
v -183.562600 28.575767 24.637545
v -183.562600 27.604132 25.828489
v -183.562600 26.486833 26.880729
v -183.562600 25.214751 27.804936
v -183.562600 23.774988 28.608653
v -183.562600 22.148794 29.297306
v -183.562600 20.307852 29.874841
v -183.562600 18.206928 30.344134
v -183.562600 15.767420 30.707262
v -183.562600 12.832405 30.965685
v -183.562600 8.990891 31.120372
v -183.562600 0.000000 31.171875
v -183.562600 -8.990891 31.120372
v -183.562600 -12.832405 30.965685
v -183.562600 -15.767420 30.707262
v -183.562600 -18.206928 30.344134
v -183.562600 -20.307852 29.874841
v -183.562600 -22.148794 29.297306
v -183.562600 -23.774988 28.608653
v -183.562600 -25.214751 27.804936
v -183.562600 -26.486833 26.880729
v -183.562600 -27.604132 25.828489
v -183.562600 -28.575767 24.637545
v -183.562600 -29.408298 23.292391
v -183.562600 -30.106496 21.769600
v -183.562600 -30.673837 20.031759
v -183.562600 -31.112832 18.013847
v -183.562600 -31.425247 15.586062
v -183.562600 -31.612252 12.408438
v -183.562600 -31.674515 4.971354
v -183.562600 -31.612252 1.059906
v -183.562600 -31.425247 -0.611329
v -183.562600 -31.112832 -1.888195
v -183.562600 -30.673837 -2.949492
v -183.562600 -30.106496 -3.863490
v -183.562600 -29.408298 -4.664384
v -183.562600 -28.575767 -5.371853
v -183.562600 -27.604132 -5.998215
v -183.562600 -26.486833 -6.551629
v -183.562600 -25.214751 -7.037705
v -183.562600 -23.774988 -7.460411
v -183.562600 -22.148794 -7.822600
v -183.562600 -20.307852 -8.126348
v -183.562600 -18.206928 -8.373167
v -183.562600 -15.767420 -8.564150
v -183.562600 -12.832405 -8.700065
v -183.562600 -8.990891 -8.781421
v -183.562600 -0.000000 -8.808508
v -183.562600 8.990891 -8.781421
v -183.562600 12.832405 -8.700065
v -183.562600 15.767420 -8.564150
v -183.562600 18.206928 -8.373167
v -183.562600 20.307852 -8.126348
v -183.562600 22.148794 -7.822600
v -183.562600 23.774988 -7.460411
v -183.562600 25.214751 -7.037705
v -183.562600 26.486833 -6.551629
v -183.562600 27.604132 -5.998215
v -183.562600 28.575767 -5.371853
v -183.562600 29.408298 -4.664384
v -183.562600 30.106496 -3.863490
v -183.562600 30.673837 -2.949492
v -183.562600 31.112832 -1.888195
v -183.562600 31.425247 -0.611329
v -183.562600 31.612252 1.059906
v -174.591348 31.800959 4.825690
v -174.591348 31.738290 12.180540
v -174.591348 31.550065 15.332485
v -174.591348 31.235619 17.742322
v -174.591348 30.793784 19.746193
v -174.591348 30.222796 21.472493
v -174.591348 29.520147 22.985544
v -174.591348 28.682365 24.322360
v -174.591348 27.704680 25.506116
v -174.591348 26.580530 26.552148
v -174.591348 25.300796 27.471007
v -174.591348 23.852569 28.270150
v -174.591348 22.217084 28.954939
v -174.591348 20.365991 29.529271
v -174.591348 18.254006 29.995987
v -174.591348 15.802435 30.357135
v -174.591348 12.854198 30.614158
v -174.591348 8.998053 30.768009
v -174.591348 0.000000 30.819234
v -174.591348 -8.998053 30.768009
v -174.591348 -12.854198 30.614158
v -174.591348 -15.802435 30.357135
v -174.591348 -18.254006 29.995987
v -174.591348 -20.365991 29.529271
v -174.591348 -22.217084 28.954939
v -174.591348 -23.852569 28.270150
v -174.591348 -25.300796 27.471007
v -174.591348 -26.580530 26.552148
v -174.591348 -27.704680 25.506116
v -174.591348 -28.682365 24.322360
v -174.591348 -29.520147 22.985544
v -174.591348 -30.222796 21.472493
v -174.591348 -30.793784 19.746193
v -174.591348 -31.235619 17.742322
v -174.591348 -31.550065 15.332485
v -174.591348 -31.738290 12.180540
v -174.591348 -31.800959 4.825690
v -174.591348 -31.738290 0.960612
v -174.591348 -31.550065 -0.695781
v -174.591348 -31.235619 -1.962184
v -174.591348 -30.793784 -3.015247
v -174.591348 -30.222796 -3.922442
v -174.591348 -29.520147 -4.717572
v -174.591348 -28.682365 -5.420089
v -174.591348 -27.704680 -6.042169
v -174.591348 -26.580530 -6.591874
v -174.591348 -25.300796 -7.074748
v -174.591348 -23.852569 -7.494708
v -174.591348 -22.217084 -7.854575
v -174.591348 -20.365991 -8.156395
v -174.591348 -18.254006 -8.401660
v -174.591348 -15.802435 -8.591449
v -174.591348 -12.854198 -8.726518
v -174.591348 -8.998053 -8.807369
v -174.591348 -0.000000 -8.834289
v -174.591348 8.998053 -8.807369
v -174.591348 12.854198 -8.726518
v -174.591348 15.802435 -8.591449
v -174.591348 18.254006 -8.401660
v -174.591348 20.365991 -8.156395
v -174.591348 22.217084 -7.854575
v -174.591348 23.852569 -7.494708
v -174.591348 25.300796 -7.074748
v -174.591348 26.580530 -6.591874
v -174.591348 27.704680 -6.042169
v -174.591348 28.682365 -5.420089
v -174.591348 29.520147 -4.717572
v -174.591348 30.222796 -3.922442
v -174.591348 30.793784 -3.015247
v -174.591348 31.235619 -1.962184
v -174.591348 31.550065 -0.695781
v -174.591348 31.738290 0.960612
v -165.620096 31.926701 4.666667
v -165.620096 31.863575 11.926409
v -165.620096 31.673980 15.049901
v -165.620096 31.357255 17.440164
v -165.620096 30.912235 19.428906
v -165.620096 30.337163 21.142890
v -165.620096 29.629538 22.645636
v -165.620096 28.785896 23.973696
v -165.620096 27.801476 25.149950
v -165.620096 26.669726 26.189541
v -165.620096 25.381533 27.102881
v -165.620096 23.923996 27.897323
v -165.620096 22.278352 28.578155
v -165.620096 20.416249 29.149219
v -165.620096 18.292392 29.613311
v -165.620096 15.828074 29.972449
v -165.620096 12.866219 30.228051
v -165.620096 8.995794 30.381056
v -165.620096 0.000000 30.432000
v -165.620096 -8.995794 30.381056
v -165.620096 -12.866219 30.228051
v -165.620096 -15.828074 29.972449
v -165.620096 -18.292392 29.613311
v -165.620096 -20.416249 29.149219
v -165.620096 -22.278352 28.578155
v -165.620096 -23.923996 27.897323
v -165.620096 -25.381533 27.102881
v -165.620096 -26.669726 26.189541
v -165.620096 -27.801476 25.149950
v -165.620096 -28.785896 23.973696
v -165.620096 -29.629538 22.645636
v -165.620096 -30.337163 21.142890
v -165.620096 -30.912235 19.428906
v -165.620096 -31.357255 17.440164
v -165.620096 -31.673980 15.049901
v -165.620096 -31.863575 11.926409
v -165.620096 -31.926701 4.666667
v -165.620096 -31.863575 0.851815
v -165.620096 -31.673980 -0.789519
v -165.620096 -31.357255 -2.045555
v -165.620096 -30.912235 -3.090600
v -165.620096 -30.337163 -3.991265
v -165.620096 -29.629538 -4.780928
v -165.620096 -28.785896 -5.478798
v -165.620096 -27.801476 -6.096896
v -165.620096 -26.669726 -6.643181
v -165.620096 -25.381533 -7.123123
v -165.620096 -23.923996 -7.540586
v -165.620096 -22.278352 -7.898351
v -165.620096 -20.416249 -8.198433
v -165.620096 -18.292392 -8.442305
v -165.620096 -15.828074 -8.631025
v -165.620096 -12.866219 -8.765338
v -165.620096 -8.995794 -8.845740
v -165.620096 -0.000000 -8.872510
v -165.620096 8.995794 -8.845740
v -165.620096 12.866219 -8.765338
v -165.620096 15.828074 -8.631025
v -165.620096 18.292392 -8.442305
v -165.620096 20.416249 -8.198433
v -165.620096 22.278352 -7.898351
v -165.620096 23.923996 -7.540586
v -165.620096 25.381533 -7.123123
v -165.620096 26.669726 -6.643181
v -165.620096 27.801476 -6.096896
v -165.620096 28.785896 -5.478798
v -165.620096 29.629538 -4.780928
v -165.620096 30.337163 -3.991265
v -165.620096 30.912235 -3.090600
v -165.620096 31.357255 -2.045555
v -165.620096 31.673980 -0.789519
v -165.620096 31.863575 0.851815
v -156.648844 32.058067 4.496393
v -156.648844 31.994423 11.650409
v -156.648844 31.803278 14.743329
v -156.648844 31.483972 17.112852
v -156.648844 31.035348 19.085737
v -156.648844 30.455657 20.786930
v -156.648844 29.742410 22.279058
v -156.648844 28.892156 23.598159
v -156.648844 27.900149 24.766788
v -156.648844 26.759854 25.799867
v -156.648844 25.462176 26.707654
v -156.648844 23.994230 27.497389
v -156.648844 22.337273 28.174275
v -156.648844 20.462972 28.742089
v -156.648844 18.326058 29.203580
v -156.648844 15.847866 29.560729
v -156.648844 12.871446 29.814928
v -156.648844 8.986347 29.967099
v -156.648844 0.000000 30.017766
v -156.648844 -8.986347 29.967099
v -156.648844 -12.871446 29.814928
v -156.648844 -15.847866 29.560729
v -156.648844 -18.326058 29.203580
v -156.648844 -20.462972 28.742089
v -156.648844 -22.337273 28.174275
v -156.648844 -23.994230 27.497389
v -156.648844 -25.462176 26.707654
v -156.648844 -26.759854 25.799867
v -156.648844 -27.900149 24.766788
v -156.648844 -28.892156 23.598159
v -156.648844 -29.742410 22.279058
v -156.648844 -30.455657 20.786930
v -156.648844 -31.035348 19.085737
v -156.648844 -31.483972 17.112852
v -156.648844 -31.803278 14.743329
v -156.648844 -31.994423 11.650409
v -156.648844 -32.058067 4.496393
v -156.648844 -31.994423 0.733847
v -156.648844 -31.803278 -0.892828
v -156.648844 -31.483972 -2.139043
v -156.648844 -31.035348 -3.176651
v -156.648844 -30.455657 -4.071368
v -156.648844 -29.742410 -4.856131
v -156.648844 -28.892156 -5.549892
v -156.648844 -27.900149 -6.164514
v -156.648844 -26.759854 -6.707847
v -156.648844 -25.462176 -7.185284
v -156.648844 -23.994230 -7.600633
v -156.648844 -22.337273 -7.956631
v -156.648844 -20.462972 -8.255264
v -156.648844 -18.326058 -8.497978
v -156.648844 -15.847866 -8.685815
v -156.648844 -12.871446 -8.819508
v -156.648844 -8.986347 -8.899539
v -156.648844 -0.000000 -8.926187
v -156.648844 8.986347 -8.899539
v -156.648844 12.871446 -8.819508
v -156.648844 15.847866 -8.685815
v -156.648844 18.326058 -8.497978
v -156.648844 20.462972 -8.255264
v -156.648844 22.337273 -7.956631
v -156.648844 23.994230 -7.600633
v -156.648844 25.462176 -7.185284
v -156.648844 26.759854 -6.707847
v -156.648844 27.900149 -6.164514
v -156.648844 28.892156 -5.549892
v -156.648844 29.742410 -4.856131
v -156.648844 30.455657 -4.071368
v -156.648844 31.035348 -3.176651
v -156.648844 31.483972 -2.139043
v -156.648844 31.803278 -0.892828
v -156.648844 31.994423 0.733847
v -147.677592 32.201387 4.316979
v -147.677592 32.137154 11.356877
v -147.677592 31.944242 14.417763
v -147.677592 31.621998 16.765841
v -147.677592 31.169272 18.722501
v -147.677592 30.584328 20.410728
v -147.677592 29.864690 21.892179
v -147.677592 29.006926 23.202338
v -147.677592 28.006309 24.363407
v -147.677592 26.856327 25.390070
v -147.677592 25.547910 26.292415
v -147.677592 24.068201 27.077559
v -147.677592 22.398486 27.750613
v -147.677592 20.510470 28.315283
v -147.677592 18.358931 28.774266
v -147.677592 15.865290 29.129502
v -147.677592 12.872813 29.382354
v -147.677592 8.971906 29.533724
v -147.677592 0.000000 29.584125
v -147.677592 -8.971906 29.533724
v -147.677592 -12.872813 29.382354
v -147.677592 -15.865290 29.129502
v -147.677592 -18.358931 28.774266
v -147.677592 -20.510470 28.315283
v -147.677592 -22.398486 27.750613
v -147.677592 -24.068201 27.077559
v -147.677592 -25.547910 26.292415
v -147.677592 -26.856327 25.390070
v -147.677592 -28.006309 24.363407
v -147.677592 -29.006926 23.202338
v -147.677592 -29.864690 21.892179
v -147.677592 -30.584328 20.410728
v -147.677592 -31.169272 18.722501
v -147.677592 -31.621998 16.765841
v -147.677592 -31.944242 14.417763
v -147.677592 -32.137154 11.356877
v -147.677592 -32.201387 4.316979
v -147.677592 -32.137154 0.606941
v -147.677592 -31.944242 -1.006151
v -147.677592 -31.621998 -2.243592
v -147.677592 -31.169272 -3.274755
v -147.677592 -30.584328 -4.164454
v -147.677592 -29.864690 -4.945181
v -147.677592 -29.006926 -5.635637
v -147.677592 -28.006309 -6.247522
v -147.677592 -26.856327 -6.788575
v -147.677592 -25.547910 -7.264112
v -147.677592 -24.068201 -7.677885
v -147.677592 -22.398486 -8.032585
v -147.677592 -20.510470 -8.330168
v -147.677592 -18.358931 -8.572052
v -147.677592 -15.865290 -8.759262
v -147.677592 -12.872813 -8.892516
v -147.677592 -8.971906 -8.972288
v -147.677592 -0.000000 -8.998849
v -147.677592 8.971906 -8.972288
v -147.677592 12.872813 -8.892516
v -147.677592 15.865290 -8.759262
v -147.677592 18.358931 -8.572052
v -147.677592 20.510470 -8.330168
v -147.677592 22.398486 -8.032585
v -147.677592 24.068201 -7.677885
v -147.677592 25.547910 -7.264112
v -147.677592 26.856327 -6.788575
v -147.677592 28.006309 -6.247522
v -147.677592 29.006926 -5.635637
v -147.677592 29.864690 -4.945181
v -147.677592 30.584328 -4.164454
v -147.677592 31.169272 -3.274755
v -147.677592 31.621998 -2.243592
v -147.677592 31.944242 -1.006151
v -147.677592 32.137154 0.606941
v -138.706340 32.362987 4.130534
v -138.706340 32.298082 11.050110
v -138.706340 32.103155 14.078153
v -138.706340 31.777560 16.404541
v -138.706340 31.320156 18.344976
v -138.706340 30.729220 20.020363
v -138.706340 30.002296 21.491338
v -138.706340 29.135970 22.792795
v -138.706340 28.125543 23.946563
v -138.706340 26.964529 24.967074
v -138.706340 25.643888 25.864234
v -138.706340 24.150799 26.645031
v -138.706340 22.466586 27.314474
v -138.706340 20.563000 27.876196
v -138.706340 18.394884 28.332835
v -138.706340 15.883771 28.686289
v -138.706340 12.873197 28.937890
v -138.706340 8.954612 29.088517
v -138.706340 0.000000 29.138672
v -138.706340 -8.954612 29.088517
v -138.706340 -12.873197 28.937890
v -138.706340 -15.883771 28.686289
v -138.706340 -18.394884 28.332835
v -138.706340 -20.563000 27.876196
v -138.706340 -22.466586 27.314474
v -138.706340 -24.150799 26.645031
v -138.706340 -25.643888 25.864234
v -138.706340 -26.964529 24.967074
v -138.706340 -28.125543 23.946563
v -138.706340 -29.135970 22.792795
v -138.706340 -30.002296 21.491338
v -138.706340 -30.729220 20.020363
v -138.706340 -31.320156 18.344976
v -138.706340 -31.777560 16.404541
v -138.706340 -32.103155 14.078153
v -138.706340 -32.298082 11.050110
v -138.706340 -32.362987 4.130534
v -138.706340 -32.298082 0.471273
v -138.706340 -32.103155 -1.130039
v -138.706340 -31.777560 -2.360297
v -138.706340 -31.320156 -3.386452
v -138.706340 -30.729220 -4.272442
v -138.706340 -30.002296 -5.050334
v -138.706340 -29.135970 -5.738580
v -138.706340 -28.125543 -6.348724
v -138.706340 -26.964529 -6.888398
v -138.706340 -25.643888 -7.362841
v -138.706340 -24.150799 -7.775748
v -138.706340 -22.466586 -8.129768
v -138.706340 -20.563000 -8.426822
v -138.706340 -18.394884 -8.668305
v -138.706340 -15.883771 -8.855221
v -138.706340 -12.873197 -8.988275
v -138.706340 -8.954612 -9.067930
v -138.706340 -0.000000 -9.094454
v -138.706340 8.954612 -9.067930
v -138.706340 12.873197 -8.988275
v -138.706340 15.883771 -8.855221
v -138.706340 18.394884 -8.668305
v -138.706340 20.563000 -8.426822
v -138.706340 22.466586 -8.129768
v -138.706340 24.150799 -7.775748
v -138.706340 25.643888 -7.362841
v -138.706340 26.964529 -6.888398
v -138.706340 28.125543 -6.348724
v -138.706340 29.135970 -5.738580
v -138.706340 30.002296 -5.050334
v -138.706340 30.729220 -4.272442
v -138.706340 31.320156 -3.386452
v -138.706340 31.777560 -2.360297
v -138.706340 32.103155 -1.130039
v -138.706340 32.298082 0.471273
v -129.735088 32.549197 3.939167
v -129.735088 32.483525 10.734358
v -129.735088 32.286299 13.729399
v -129.735088 31.956879 16.034316
v -129.735088 31.494137 17.958891
v -129.735088 30.896366 19.621874
v -129.735088 30.161128 21.082836
v -129.735088 29.285036 22.376060
v -129.735088 28.263416 23.522987
v -129.735088 27.089815 24.537782
v -129.735088 25.755229 25.430168
v -129.735088 24.246874 26.206989
v -129.735088 22.546119 26.873155
v -129.735088 20.624767 27.432216
v -129.735088 18.437732 27.886751
v -129.735088 15.906669 28.238612
v -129.735088 12.875409 28.489097
v -129.735088 8.936545 28.639064
v -129.735088 0.000000 28.689000
v -129.735088 -8.936545 28.639064
v -129.735088 -12.875409 28.489097
v -129.735088 -15.906669 28.238612
v -129.735088 -18.437732 27.886751
v -129.735088 -20.624767 27.432216
v -129.735088 -22.546119 26.873155
v -129.735088 -24.246874 26.206989
v -129.735088 -25.755229 25.430168
v -129.735088 -27.089815 24.537782
v -129.735088 -28.263416 23.522987
v -129.735088 -29.285036 22.376060
v -129.735088 -30.161128 21.082836
v -129.735088 -30.896366 19.621874
v -129.735088 -31.494137 17.958891
v -129.735088 -31.956879 16.034316
v -129.735088 -32.286299 13.729399
v -129.735088 -32.483525 10.734358
v -129.735088 -32.549197 3.939167
v -129.735088 -32.483525 0.327024
v -129.735088 -32.286299 -1.265061
v -129.735088 -31.956879 -2.490293
v -129.735088 -31.494137 -3.513346
v -129.735088 -30.896366 -4.397344
v -129.735088 -30.161128 -5.173952
v -129.735088 -29.285036 -5.861396
v -129.735088 -28.263416 -6.471071
v -129.735088 -27.089815 -7.010510
v -129.735088 -25.755229 -7.484878
v -129.735088 -24.246874 -7.897816
v -129.735088 -22.546119 -8.251932
v -129.735088 -20.624767 -8.549114
v -129.735088 -18.437732 -8.790733
v -129.735088 -15.906669 -8.977772
v -129.735088 -12.875409 -9.110924
v -129.735088 -8.936545 -9.190642
v -129.735088 -0.000000 -9.217187
v -129.735088 8.936545 -9.190642
v -129.735088 12.875409 -9.110924
v -129.735088 15.906669 -8.977772
v -129.735088 18.437732 -8.790733
v -129.735088 20.624767 -8.549114
v -129.735088 22.546119 -8.251932
v -129.735088 24.246874 -7.897816
v -129.735088 25.755229 -7.484878
v -129.735088 27.089815 -7.010510
v -129.735088 28.263416 -6.471071
v -129.735088 29.285036 -5.861396
v -129.735088 30.161128 -5.173952
v -129.735088 30.896366 -4.397344
v -129.735088 31.494137 -3.513346
v -129.735088 31.956879 -2.490293
v -129.735088 32.286299 -1.265061
v -129.735088 32.483525 0.327024
v -120.763836 32.807484 3.744987
v -120.763836 32.740854 10.413820
v -120.763836 32.540757 13.376360
v -120.763836 32.206560 15.660496
v -120.763836 31.737146 17.569958
v -120.763836 31.130824 19.221288
v -120.763836 30.385175 20.672974
v -120.763836 29.496834 21.958670
v -120.763836 28.461153 23.099421
v -120.763836 27.271704 24.109121
v -120.763836 25.919511 24.997298
v -120.763836 24.391814 25.770655
v -120.763836 22.670006 26.433991
v -120.763836 20.725905 26.990776
v -120.763836 18.514439 27.443525
v -120.763836 15.957282 27.794042
v -120.763836 12.898361 28.043592
v -120.763836 8.930919 28.193006
v -120.763836 0.000000 28.242760
v -120.763836 -8.930919 28.193006
v -120.763836 -12.898361 28.043592
v -120.763836 -15.957282 27.794042
v -120.763836 -18.514439 27.443525
v -120.763836 -20.725905 26.990776
v -120.763836 -22.670006 26.433991
v -120.763836 -24.391814 25.770655
v -120.763836 -25.919511 24.997298
v -120.763836 -27.271704 24.109121
v -120.763836 -28.461153 23.099421
v -120.763836 -29.496834 21.958670
v -120.763836 -30.385175 20.672974
v -120.763836 -31.130824 19.221288
v -120.763836 -31.737146 17.569958
v -120.763836 -32.206560 15.660496
v -120.763836 -32.540757 13.376360
v -120.763836 -32.740854 10.413820
v -120.763836 -32.807484 3.744987
v -120.763836 -32.740854 0.174453
v -120.763836 -32.540757 -1.411709
v -120.763836 -32.206560 -2.634649
v -120.763836 -31.737146 -3.656986
v -120.763836 -31.130824 -4.541119
v -120.763836 -30.385175 -5.318360
v -120.763836 -29.496834 -6.006730
v -120.763836 -28.461153 -6.617495
v -120.763836 -27.271704 -7.158094
v -120.763836 -25.919511 -7.633629
v -120.763836 -24.391814 -8.047689
v -120.763836 -22.670006 -8.402843
v -120.763836 -20.725905 -8.700950
v -120.763836 -18.514439 -8.943354
v -120.763836 -15.957282 -9.131023
v -120.763836 -12.898361 -9.264633
v -120.763836 -8.930919 -9.344631
v -120.763836 -0.000000 -9.371269
v -120.763836 8.930919 -9.344631
v -120.763836 12.898361 -9.264633
v -120.763836 15.957282 -9.131023
v -120.763836 18.514439 -8.943354
v -120.763836 20.725905 -8.700950
v -120.763836 22.670006 -8.402843
v -120.763836 24.391814 -8.047689
v -120.763836 25.919511 -7.633629
v -120.763836 27.271704 -7.158094
v -120.763836 28.461153 -6.617495
v -120.763836 29.496834 -6.006730
v -120.763836 30.385175 -5.318360
v -120.763836 31.130824 -4.541119
v -120.763836 31.737146 -3.656986
v -120.763836 32.206560 -2.634649
v -120.763836 32.540757 -1.411709
v -120.763836 32.740854 0.174453
v -111.792584 33.400992 3.550104
v -111.792584 33.332674 10.092774
v -111.792584 33.127515 13.024033
v -111.792584 32.784881 15.288606
v -111.792584 32.303661 17.184126
v -111.792584 31.682163 18.824916
v -111.792584 30.917971 20.268372
v -111.792584 30.007712 21.547520
v -111.792584 28.946724 22.683000
v -111.792584 27.728552 23.688435
v -111.792584 26.344165 24.573153
v -111.792584 24.780717 25.343713
v -111.792584 23.019453 26.004804
v -111.792584 21.031953 26.559812
v -111.792584 18.772741 27.011185
v -111.792584 16.162792 27.360680
v -111.792584 13.044693 27.609523
v -111.792584 9.008629 27.758524
v -111.792584 0.000000 27.808141
v -111.792584 -9.008629 27.758524
v -111.792584 -13.044693 27.609523
v -111.792584 -16.162792 27.360680
v -111.792584 -18.772741 27.011185
v -111.792584 -21.031953 26.559812
v -111.792584 -23.019453 26.004804
v -111.792584 -24.780717 25.343713
v -111.792584 -26.344165 24.573153
v -111.792584 -27.728552 23.688435
v -111.792584 -28.946724 22.683000
v -111.792584 -30.007712 21.547520
v -111.792584 -30.917971 20.268372
v -111.792584 -31.682163 18.824916
v -111.792584 -32.303661 17.184126
v -111.792584 -32.784881 15.288606
v -111.792584 -33.127515 13.024033
v -111.792584 -33.332674 10.092774
v -111.792584 -33.400992 3.550104
v -111.792584 -33.332674 0.013947
v -111.792584 -33.127515 -1.570328
v -111.792584 -32.784881 -2.794276
v -111.792584 -32.303661 -3.818759
v -111.792584 -31.682163 -4.705567
v -111.792584 -30.917971 -5.485721
v -111.792584 -30.007712 -6.177070
v -111.792584 -28.946724 -6.790770
v -111.792584 -27.728552 -7.334183
v -111.792584 -26.344165 -7.812352
v -111.792584 -24.780717 -8.228822
v -111.792584 -23.019453 -8.586126
v -111.792584 -21.031953 -8.886094
v -111.792584 -18.772741 -9.130051
v -111.792584 -16.162792 -9.318944
v -111.792584 -13.044693 -9.453438
v -111.792584 -9.008629 -9.533969
v -111.792584 -0.000000 -9.560786
v -111.792584 9.008629 -9.533969
v -111.792584 13.044693 -9.453438
v -111.792584 16.162792 -9.318944
v -111.792584 18.772741 -9.130051
v -111.792584 21.031953 -8.886094
v -111.792584 23.019453 -8.586126
v -111.792584 24.780717 -8.228822
v -111.792584 26.344165 -7.812352
v -111.792584 27.728552 -7.334183
v -111.792584 28.946724 -6.790770
v -111.792584 30.007712 -6.177070
v -111.792584 30.917971 -5.485721
v -111.792584 31.682163 -4.705567
v -111.792584 32.303661 -3.818759
v -111.792584 32.784881 -2.794276
v -111.792584 33.127515 -1.570328
v -111.792584 33.332674 0.013947
v -102.821332 33.680712 3.356628
v -102.821332 33.611299 9.774957
v -102.821332 33.402858 12.676673
v -102.821332 33.054767 14.923273
v -102.821332 32.565929 16.806321
v -102.821332 31.934674 18.437937
v -102.821332 31.158613 19.874429
v -102.821332 30.234407 21.148196
v -102.821332 29.157433 22.279479
v -102.821332 27.921276 23.281623
v -102.821332 26.516953 24.163761
v -102.821332 24.931665 24.932304
v -102.821332 23.146711 25.591830
v -102.821332 21.133727 26.145637
v -102.821332 18.847312 26.596109
v -102.821332 16.208561 26.944951
v -102.821332 13.060358 27.193353
v -102.821332 8.994128 27.342099
v -102.821332 0.000000 27.391633
v -102.821332 -8.994128 27.342099
v -102.821332 -13.060358 27.193353
v -102.821332 -16.208561 26.944951
v -102.821332 -18.847312 26.596109
v -102.821332 -21.133727 26.145637
v -102.821332 -23.146711 25.591830
v -102.821332 -24.931665 24.932304
v -102.821332 -26.516953 24.163761
v -102.821332 -27.921276 23.281623
v -102.821332 -29.157433 22.279479
v -102.821332 -30.234407 21.148196
v -102.821332 -31.158613 19.874429
v -102.821332 -31.934674 18.437937
v -102.821332 -32.565929 16.806321
v -102.821332 -33.054767 14.923273
v -102.821332 -33.402858 12.676673
v -102.821332 -33.611299 9.774957
v -102.821332 -33.680712 3.356628
v -102.821332 -33.611299 -0.153165
v -102.821332 -33.402858 -1.739936
v -102.821332 -33.054767 -2.968464
v -102.821332 -32.565929 -3.998188
v -102.821332 -31.934674 -4.890419
v -102.821332 -31.158613 -5.675949
v -102.821332 -30.234407 -6.372494
v -102.821332 -29.157433 -6.991124
v -102.821332 -27.921276 -7.539135
v -102.821332 -26.516953 -8.021522
v -102.821332 -24.931665 -8.441792
v -102.821332 -23.146711 -8.802446
v -102.821332 -21.133727 -9.105289
v -102.821332 -18.847312 -9.351625
v -102.821332 -16.208561 -9.542385
v -102.821332 -13.060358 -9.678221
v -102.821332 -8.994128 -9.759561
v -102.821332 -0.000000 -9.786648
v -102.821332 8.994128 -9.759561
v -102.821332 13.060358 -9.678221
v -102.821332 16.208561 -9.542385
v -102.821332 18.847312 -9.351625
v -102.821332 21.133727 -9.105289
v -102.821332 23.146711 -8.802446
v -102.821332 24.931665 -8.441792
v -102.821332 26.516953 -8.021522
v -102.821332 27.921276 -7.539135
v -102.821332 29.157433 -6.991124
v -102.821332 30.234407 -6.372494
v -102.821332 31.158613 -5.675949
v -102.821332 31.934674 -4.890419
v -102.821332 32.565929 -3.998188
v -102.821332 33.054767 -2.968464
v -102.821332 33.402858 -1.739936
v -102.821332 33.611299 -0.153165
v -93.850080 34.008191 3.166667
v -93.850080 33.937542 9.464468
v -93.850080 33.725395 12.339088
v -93.850080 33.371140 14.569833
v -93.850080 32.873695 16.442314
v -93.850080 32.231415 18.066490
v -93.850080 31.441939 19.497606
v -93.850080 30.501964 20.767445
v -93.850080 29.406906 21.895852
v -93.850080 28.150391 22.895902
v -93.850080 26.723484 23.776531
v -93.850080 25.113431 24.544005
v -93.850080 23.301579 25.202787
v -93.850080 21.259611 25.756092
v -93.850080 18.942177 26.206235
v -93.850080 16.270453 26.554870
v -93.850080 13.087545 26.803150
v -93.850080 8.985933 26.951833
v -93.850080 0.000000 27.001347
v -93.850080 -8.985933 26.951833
v -93.850080 -13.087545 26.803150
v -93.850080 -16.270453 26.554870
v -93.850080 -18.942177 26.206235
v -93.850080 -21.259611 25.756092
v -93.850080 -23.301579 25.202787
v -93.850080 -25.113431 24.544005
v -93.850080 -26.723484 23.776531
v -93.850080 -28.150391 22.895902
v -93.850080 -29.406906 21.895852
v -93.850080 -30.501964 20.767445
v -93.850080 -31.441939 19.497606
v -93.850080 -32.231415 18.066490
v -93.850080 -32.873695 16.442314
v -93.850080 -33.371140 14.569833
v -93.850080 -33.725395 12.339088
v -93.850080 -33.937542 9.464468
v -93.850080 -34.008191 3.166667
v -93.850080 -33.937542 -0.325868
v -93.850080 -33.725395 -1.920028
v -93.850080 -33.371140 -3.157119
v -93.850080 -32.873695 -4.195530
v -93.850080 -32.231415 -5.096239
v -93.850080 -31.441939 -5.889885
v -93.850080 -30.501964 -6.594092
v -93.850080 -29.406906 -7.219866
v -93.850080 -28.150391 -7.774457
v -93.850080 -26.723484 -8.262823
v -93.850080 -25.113431 -8.688436
v -93.850080 -23.301579 -9.053773
v -93.850080 -21.259611 -9.360616
v -93.850080 -18.942177 -9.610249
v -93.850080 -16.270453 -9.803589
v -93.850080 -13.087545 -9.941277
v -93.850080 -8.985933 -10.023731
v -93.850080 -0.000000 -10.051190
v -93.850080 8.985933 -10.023731
v -93.850080 13.087545 -9.941277
v -93.850080 16.270453 -9.803589
v -93.850080 18.942177 -9.610249
v -93.850080 21.259611 -9.360616
v -93.850080 23.301579 -9.053773
v -93.850080 25.113431 -8.688436
v -93.850080 26.723484 -8.262823
v -93.850080 28.150391 -7.774457
v -93.850080 29.406906 -7.219866
v -93.850080 30.501964 -6.594092
v -93.850080 31.441939 -5.889885
v -93.850080 32.231415 -5.096239
v -93.850080 32.873695 -4.195530
v -93.850080 33.371140 -3.157119
v -93.850080 33.725395 -1.920028
v -93.850080 33.937542 -0.325868
v -84.878828 34.387714 2.981979
v -84.878828 34.315678 9.164513
v -84.878828 34.099372 12.014989
v -84.878828 33.738198 14.232372
v -84.878828 33.231090 16.096496
v -84.878828 32.576431 17.715228
v -84.878828 31.771889 19.142783
v -84.878828 30.814197 20.410346
v -84.878828 29.698811 21.537378
v -84.878828 28.419403 22.536686
v -84.878828 26.967080 23.417016
v -84.878828 25.329134 24.184486
v -84.878828 23.486949 24.843451
v -84.878828 21.412243 25.397037
v -84.878828 19.059694 25.847493
v -84.878828 16.350511 26.196421
v -84.878828 13.127927 26.444936
v -84.878828 8.985250 26.593771
v -84.878828 0.000000 26.643338
v -84.878828 -8.985250 26.593771
v -84.878828 -13.127927 26.444936
v -84.878828 -16.350511 26.196421
v -84.878828 -19.059694 25.847493
v -84.878828 -21.412243 25.397037
v -84.878828 -23.486949 24.843451
v -84.878828 -25.329134 24.184486
v -84.878828 -26.967080 23.417016
v -84.878828 -28.419403 22.536686
v -84.878828 -29.698811 21.537378
v -84.878828 -30.814197 20.410346
v -84.878828 -31.771889 19.142783
v -84.878828 -32.576431 17.715228
v -84.878828 -33.231090 16.096496
v -84.878828 -33.738198 14.232372
v -84.878828 -34.099372 12.014989
v -84.878828 -34.315678 9.164513
v -84.878828 -34.387714 2.981979
v -84.878828 -34.315678 -0.502558
v -84.878828 -34.099372 -2.109115
v -84.878828 -33.738198 -3.358854
v -84.878828 -33.231090 -4.409492
v -84.878828 -32.576431 -5.321826
v -84.878828 -31.771889 -6.126410
v -84.878828 -30.814197 -6.840821
v -84.878828 -29.698811 -7.476027
v -84.878828 -28.419403 -8.039248
v -84.878828 -26.967080 -8.535410
v -84.878828 -25.329134 -8.967964
v -84.878828 -23.486949 -9.339363
v -84.878828 -21.412243 -9.651370
v -84.878828 -19.059694 -9.905251
v -84.878828 -16.350511 -10.101910
v -84.878828 -13.127927 -10.241976
v -84.878828 -8.985250 -10.325861
v -84.878828 -0.000000 -10.353797
v -84.878828 8.985250 -10.325861
v -84.878828 13.127927 -10.241976
v -84.878828 16.350511 -10.101910
v -84.878828 19.059694 -9.905251
v -84.878828 21.412243 -9.651370
v -84.878828 23.486949 -9.339363
v -84.878828 25.329134 -8.967964
v -84.878828 26.967080 -8.535410
v -84.878828 28.419403 -8.039248
v -84.878828 29.698811 -7.476027
v -84.878828 30.814197 -6.840821
v -84.878828 31.771889 -6.126410
v -84.878828 32.576431 -5.321826
v -84.878828 33.231090 -4.409492
v -84.878828 33.738198 -3.358854
v -84.878828 34.099372 -2.109115
v -84.878828 34.315678 -0.502558
v -75.907576 34.814976 2.802917
v -75.907576 34.741409 8.875584
v -75.907576 34.520516 11.704797
v -75.907576 34.151708 13.911239
v -75.907576 33.633943 15.769151
v -75.907576 32.965625 17.384376
v -75.907576 32.144459 18.810131
v -75.907576 31.167216 20.077020
v -75.907576 30.029393 21.204131
v -75.907576 28.724709 22.204010
v -75.907576 27.244315 23.085213
v -75.907576 25.575548 23.853715
v -75.907576 23.699827 24.513760
v -75.907576 21.588895 25.068388
v -75.907576 19.197439 25.519779
v -75.907576 16.446667 25.869486
v -75.907576 13.179872 26.118584
v -75.907576 8.991019 26.267778
v -75.907576 0.000000 26.317467
v -75.907576 -8.991019 26.267778
v -75.907576 -13.179872 26.118584
v -75.907576 -16.446667 25.869486
v -75.907576 -19.197439 25.519779
v -75.907576 -21.588895 25.068388
v -75.907576 -23.699827 24.513760
v -75.907576 -25.575548 23.853715
v -75.907576 -27.244315 23.085213
v -75.907576 -28.724709 22.204010
v -75.907576 -30.029393 21.204131
v -75.907576 -31.167216 20.077020
v -75.907576 -32.144459 18.810131
v -75.907576 -32.965625 17.384376
v -75.907576 -33.633943 15.769151
v -75.907576 -34.151708 13.911239
v -75.907576 -34.520516 11.704797
v -75.907576 -34.741409 8.875584
v -75.907576 -34.814976 2.802917
v -75.907576 -34.741409 -1.130490
v -75.907576 -34.520516 -2.963036
v -75.907576 -34.151708 -4.392199
v -75.907576 -33.633943 -5.595611
v -75.907576 -32.965625 -6.641829
v -75.907576 -32.144459 -7.565323
v -75.907576 -31.167216 -8.385917
v -75.907576 -30.029393 -9.115972
v -75.907576 -28.724709 -9.763617
v -75.907576 -27.244315 -10.334393
v -75.907576 -25.575548 -10.832169
v -75.907576 -23.699827 -11.259695
v -75.907576 -21.588895 -11.618940
v -75.907576 -19.197439 -11.911317
v -75.907576 -16.446667 -12.137830
v -75.907576 -13.179872 -12.299177
v -75.907576 -8.991019 -12.395813
v -75.907576 -0.000000 -12.427997
v -75.907576 8.991019 -12.395813
v -75.907576 13.179872 -12.299177
v -75.907576 16.446667 -12.137830
v -75.907576 19.197439 -11.911317
v -75.907576 21.588895 -11.618940
v -75.907576 23.699827 -11.259695
v -75.907576 25.575548 -10.832169
v -75.907576 27.244315 -10.334393
v -75.907576 28.724709 -9.763617
v -75.907576 30.029393 -9.115972
v -75.907576 31.167216 -8.385917
v -75.907576 32.144459 -7.565323
v -75.907576 32.965625 -6.641829
v -75.907576 33.633943 -5.595611
v -75.907576 34.151708 -4.392199
v -75.907576 34.520516 -2.963036
v -75.907576 34.741409 -1.130490
v -66.936324 35.045662 2.629479
v -66.936324 34.970942 8.596874
v -66.936324 34.746596 11.407196
v -66.936324 34.372050 13.604708
v -66.936324 33.846292 15.458198
v -66.936324 33.167765 17.071540
v -66.936324 32.334224 18.496978
v -66.936324 31.342503 19.764549
v -66.936324 30.188178 20.892972
v -66.936324 28.865056 21.894537
v -66.936324 27.364399 22.777613
v -66.936324 25.673671 23.548030
v -66.936324 23.774454 24.209922
v -66.936324 21.638704 24.766242
v -66.936324 19.221416 25.219103
v -66.936324 16.444310 25.570004
v -66.936324 13.151753 25.819983
v -66.936324 8.941016 25.969715
v -66.936324 0.000000 26.019585
v -66.936324 -8.941016 25.969715
v -66.936324 -13.151753 25.819983
v -66.936324 -16.444310 25.570004
v -66.936324 -19.221416 25.219103
v -66.936324 -21.638704 24.766242
v -66.936324 -23.774454 24.209922
v -66.936324 -25.673671 23.548030
v -66.936324 -27.364399 22.777613
v -66.936324 -28.865056 21.894537
v -66.936324 -30.188178 20.892972
v -66.936324 -31.342503 19.764549
v -66.936324 -32.334224 18.496978
v -66.936324 -33.167765 17.071540
v -66.936324 -33.846292 15.458198
v -66.936324 -34.372050 13.604708
v -66.936324 -34.746596 11.407196
v -66.936324 -34.970942 8.596874
v -66.936324 -35.045662 2.629479
v -66.936324 -34.970942 -3.519915
v -66.936324 -34.746596 -6.415948
v -66.936324 -34.372050 -8.680481
v -66.936324 -33.846292 -10.590501
v -66.936324 -33.167765 -12.253047
v -66.936324 -32.334224 -13.721960
v -66.936324 -31.342503 -15.028190
v -66.936324 -30.188178 -16.191028
v -66.936324 -28.865056 -17.223141
v -66.936324 -27.364399 -18.133149
v -66.936324 -25.673671 -18.927063
v -66.936324 -23.774454 -19.609142
v -66.936324 -21.638704 -20.182429
v -66.936324 -19.221416 -20.649102
v -66.936324 -16.444310 -21.010705
v -66.936324 -13.151753 -21.268308
v -66.936324 -8.941016 -21.422607
v -66.936324 -0.000000 -21.473998
v -66.936324 8.941016 -21.422607
v -66.936324 13.151753 -21.268308
v -66.936324 16.444310 -21.010705
v -66.936324 19.221416 -20.649102
v -66.936324 21.638704 -20.182429
v -66.936324 23.774454 -19.609142
v -66.936324 25.673671 -18.927063
v -66.936324 27.364399 -18.133149
v -66.936324 28.865056 -17.223141
v -66.936324 30.188178 -16.191028
v -66.936324 31.342503 -15.028190
v -66.936324 32.334224 -13.721960
v -66.936324 33.167765 -12.253047
v -66.936324 33.846292 -10.590501
v -66.936324 34.372050 -8.680481
v -66.936324 34.746596 -6.415948
v -66.936324 34.970942 -3.519915
v -57.965072 35.539771 2.461667
v -57.965072 35.463300 8.329244
v -57.965072 35.233704 11.123319
v -57.965072 34.850426 13.314106
v -57.965072 34.312473 15.165122
v -57.965072 33.618323 16.778338
v -57.965072 32.765769 18.205057
v -57.965072 31.751692 19.474764
v -57.965072 30.571718 20.605820
v -57.965072 29.219710 21.610265
v -57.965072 27.686983 22.496278
v -57.965072 25.961054 23.269552
v -57.965072 24.023550 23.934109
v -57.965072 21.846456 24.492814
v -57.965072 19.384776 24.947713
v -57.965072 16.560227 25.300250
v -57.965072 13.217206 25.551424
v -57.965072 8.953601 25.701886
v -57.965072 0.000000 25.752000
v -57.965072 -8.953601 25.701886
v -57.965072 -13.217206 25.551424
v -57.965072 -16.560227 25.300250
v -57.965072 -19.384776 24.947713
v -57.965072 -21.846456 24.492814
v -57.965072 -24.023550 23.934109
v -57.965072 -25.961054 23.269552
v -57.965072 -27.686983 22.496278
v -57.965072 -29.219710 21.610265
v -57.965072 -30.571718 20.605820
v -57.965072 -31.751692 19.474764
v -57.965072 -32.765769 18.205057
v -57.965072 -33.618323 16.778338
v -57.965072 -34.312473 15.165122
v -57.965072 -34.850426 13.314106
v -57.965072 -35.233704 11.123319
v -57.965072 -35.463300 8.329244
v -57.965072 -35.539771 2.461667
v -57.965072 -35.463300 -3.571896
v -57.965072 -35.233704 -6.445012
v -57.965072 -34.850426 -8.697773
v -57.965072 -34.312473 -10.601152
v -57.965072 -33.618323 -12.260004
v -57.965072 -32.765769 -13.727082
v -57.965072 -31.751692 -15.032708
v -57.965072 -30.571718 -16.195760
v -57.965072 -29.219710 -17.228619
v -57.965072 -27.686983 -18.139697
v -57.965072 -25.961054 -18.934846
v -57.965072 -24.023550 -19.618202
v -57.965072 -21.846456 -20.192712
v -57.965072 -19.384776 -20.660479
v -57.965072 -16.560227 -21.022989
v -57.965072 -13.217206 -21.281269
v -57.965072 -8.953601 -21.435986
v -57.965072 -0.000000 -21.487518
v -57.965072 8.953601 -21.435986
v -57.965072 13.217206 -21.281269
v -57.965072 16.560227 -21.022989
v -57.965072 19.384776 -20.660479
v -57.965072 21.846456 -20.192712
v -57.965072 24.023550 -19.618202
v -57.965072 25.961054 -18.934846
v -57.965072 27.686983 -18.139697
v -57.965072 29.219710 -17.228619
v -57.965072 30.571718 -16.195760
v -57.965072 31.751692 -15.032708
v -57.965072 32.765769 -13.727082
v -57.965072 33.618323 -12.260004
v -57.965072 34.312473 -10.601152
v -57.965072 34.850426 -8.697773
v -57.965072 35.233704 -6.445012
v -57.965072 35.463300 -3.571896
v -48.993820 36.090329 2.299479
v -48.993820 36.011944 8.072197
v -48.993820 35.776616 10.852311
v -48.993820 35.383799 13.038278
v -48.993820 34.832526 14.888508
v -48.993820 34.121309 16.503122
v -48.993820 33.247982 17.932510
v -48.993820 32.209475 19.205621
v -48.993820 31.001467 20.340462
v -48.993820 29.617876 21.348827
v -48.993820 28.050073 22.238712
v -48.993820 26.285625 23.015668
v -48.993820 24.306195 23.683605
v -48.993820 22.083787 24.245303
v -48.993820 19.573388 24.702737
v -48.993820 16.696656 25.057299
v -48.993820 13.297921 25.309948
v -48.993820 8.975407 25.461304
v -48.993820 0.000000 25.511719
v -48.993820 -8.975407 25.461304
v -48.993820 -13.297921 25.309948
v -48.993820 -16.696656 25.057299
v -48.993820 -19.573388 24.702737
v -48.993820 -22.083787 24.245303
v -48.993820 -24.306195 23.683605
v -48.993820 -26.285625 23.015668
v -48.993820 -28.050073 22.238712
v -48.993820 -29.617876 21.348827
v -48.993820 -31.001467 20.340462
v -48.993820 -32.209475 19.205621
v -48.993820 -33.247982 17.932510
v -48.993820 -34.121309 16.503122
v -48.993820 -34.832526 14.888508
v -48.993820 -35.383799 13.038278
v -48.993820 -35.776616 10.852311
v -48.993820 -36.011944 8.072197
v -48.993820 -36.090329 2.299479
v -48.993820 -36.011944 -3.620378
v -48.993820 -35.776616 -6.471353
v -48.993820 -35.383799 -8.713038
v -48.993820 -34.832526 -10.610427
v -48.993820 -34.121309 -12.266196
v -48.993820 -33.247982 -13.732017
v -48.993820 -32.209475 -15.037578
v -48.993820 -31.001467 -16.201345
v -48.993820 -29.617876 -17.235411
v -48.993820 -28.050073 -18.147978
v -48.993820 -26.285625 -18.944737
v -48.993820 -24.306195 -19.629699
v -48.993820 -22.083787 -20.205714
v -48.993820 -19.573388 -20.674808
v -48.993820 -16.696656 -21.038407
v -48.993820 -13.297921 -21.297495
v -48.993820 -8.975407 -21.452710
v -48.993820 -0.000000 -21.504409
v -48.993820 8.975407 -21.452710
v -48.993820 13.297921 -21.297495
v -48.993820 16.696656 -21.038407
v -48.993820 19.573388 -20.674808
v -48.993820 22.083787 -20.205714
v -48.993820 24.306195 -19.629699
v -48.993820 26.285625 -18.944737
v -48.993820 28.050073 -18.147978
v -48.993820 29.617876 -17.235411
v -48.993820 31.001467 -16.201345
v -48.993820 32.209475 -15.037578
v -48.993820 33.247982 -13.732017
v -48.993820 34.121309 -12.266196
v -48.993820 34.832526 -10.610427
v -48.993820 35.383799 -8.713038
v -48.993820 35.776616 -6.471353
v -48.993820 36.011944 -3.620378
v -40.022568 36.659195 2.142917
v -40.022568 36.578820 7.825523
v -40.022568 36.337524 10.593728
v -40.022568 35.934781 12.776577
v -40.022568 35.369650 14.627522
v -40.022568 34.640679 16.244894
v -40.022568 33.745750 17.678189
v -40.022568 32.681845 18.955834
v -40.022568 31.444705 20.095489
v -40.022568 30.028311 21.108705
v -40.022568 28.424099 22.003294
v -40.022568 26.619696 22.784668
v -40.022568 24.596816 23.456627
v -40.022568 22.327496 24.021862
v -40.022568 19.766730 24.482277
v -40.022568 16.836150 24.839212
v -40.022568 13.380070 25.093584
v -40.022568 8.997205 25.245985
v -40.022568 0.000000 25.296750
v -40.022568 -8.997205 25.245985
v -40.022568 -13.380070 25.093584
v -40.022568 -16.836150 24.839212
v -40.022568 -19.766730 24.482277
v -40.022568 -22.327496 24.021862
v -40.022568 -24.596816 23.456627
v -40.022568 -26.619696 22.784668
v -40.022568 -28.424099 22.003294
v -40.022568 -30.028311 21.108705
v -40.022568 -31.444705 20.095489
v -40.022568 -32.681845 18.955834
v -40.022568 -33.745750 17.678189
v -40.022568 -34.640679 16.244894
v -40.022568 -35.369650 14.627522
v -40.022568 -35.934781 12.776577
v -40.022568 -36.337524 10.593728
v -40.022568 -36.578820 7.825523
v -40.022568 -36.659195 2.142917
v -40.022568 -36.578820 -3.665797
v -40.022568 -36.337524 -6.495432
v -40.022568 -35.934781 -8.726722
v -40.022568 -35.369650 -10.618743
v -40.022568 -34.640679 -12.272007
v -40.022568 -33.745750 -13.737110
v -40.022568 -32.681845 -15.043107
v -40.022568 -31.444705 -16.208053
v -40.022568 -30.028311 -17.243754
v -40.022568 -28.424099 -18.158196
v -40.022568 -26.619696 -18.956910
v -40.022568 -24.596816 -19.643781
v -40.022568 -22.327496 -20.221559
v -40.022568 -19.766730 -20.692192
v -40.022568 -16.836150 -21.057048
v -40.022568 -13.380070 -21.317064
v -40.022568 -8.997205 -21.472848
v -40.022568 -0.000000 -21.524739
v -40.022568 8.997205 -21.472848
v -40.022568 13.380070 -21.317064
v -40.022568 16.836150 -21.057048
v -40.022568 19.766730 -20.692192
v -40.022568 22.327496 -20.221559
v -40.022568 24.596816 -19.643781
v -40.022568 26.619696 -18.956910
v -40.022568 28.424099 -18.158196
v -40.022568 30.028311 -17.243754
v -40.022568 31.444705 -16.208053
v -40.022568 32.681845 -15.043107
v -40.022568 33.745750 -13.737110
v -40.022568 34.640679 -12.272007
v -40.022568 35.369650 -10.618743
v -40.022568 35.934781 -8.726722
v -40.022568 36.337524 -6.495432
v -40.022568 36.578820 -3.665797
v -31.051316 37.238282 1.991979
v -31.051316 37.155859 7.589111
v -31.051316 36.908425 10.347269
v -31.051316 36.495471 12.528528
v -31.051316 35.916088 14.381534
v -31.051316 35.168863 16.002874
v -31.051316 34.251730 17.441181
v -31.051316 33.161731 18.724365
v -31.051316 31.894674 19.869751
v -31.051316 30.444615 20.888645
v -31.051316 28.803063 21.788683
v -31.051316 26.957721 22.575132
v -31.051316 24.890369 23.251683
v -31.051316 22.573099 23.820939
v -31.051316 19.960940 24.284734
v -31.051316 16.975544 24.644351
v -31.051316 13.461294 24.900667
v -31.051316 9.017598 25.054247
v -31.051316 0.000000 25.105406
v -31.051316 -9.017598 25.054247
v -31.051316 -13.461294 24.900667
v -31.051316 -16.975544 24.644351
v -31.051316 -19.960940 24.284734
v -31.051316 -22.573099 23.820939
v -31.051316 -24.890369 23.251683
v -31.051316 -26.957721 22.575132
v -31.051316 -28.803063 21.788683
v -31.051316 -30.444615 20.888645
v -31.051316 -31.894674 19.869751
v -31.051316 -33.161731 18.724365
v -31.051316 -34.251730 17.441181
v -31.051316 -35.168863 16.002874
v -31.051316 -35.916088 14.381534
v -31.051316 -36.495471 12.528528
v -31.051316 -36.908425 10.347269
v -31.051316 -37.155859 7.589111
v -31.051316 -37.238282 1.991979
v -31.051316 -37.155859 -3.588415
v -31.051316 -36.908425 -6.338325
v -31.051316 -36.495471 -8.513061
v -31.051316 -35.916088 -10.360525
v -31.051316 -35.168863 -11.977017
v -31.051316 -34.251730 -13.411022
v -31.051316 -33.161731 -14.690369
v -31.051316 -31.894674 -15.832330
v -31.051316 -30.444615 -16.848178
v -31.051316 -28.803063 -17.745523
v -31.051316 -26.957721 -18.529621
v -31.051316 -24.890369 -19.204149
v -31.051316 -22.573099 -19.771702
v -31.051316 -19.960940 -20.234110
v -31.051316 -16.975544 -20.592652
v -31.051316 -13.461294 -20.848202
v -31.051316 -9.017598 -21.001322
v -31.051316 -0.000000 -21.052328
v -31.051316 9.017598 -21.001322
v -31.051316 13.461294 -20.848202
v -31.051316 16.975544 -20.592652
v -31.051316 19.960940 -20.234110
v -31.051316 22.573099 -19.771702
v -31.051316 24.890369 -19.204149
v -31.051316 26.957721 -18.529621
v -31.051316 28.803063 -17.745523
v -31.051316 30.444615 -16.848178
v -31.051316 31.894674 -15.832330
v -31.051316 33.161731 -14.690369
v -31.051316 34.251730 -13.411022
v -31.051316 35.168863 -11.977017
v -31.051316 35.916088 -10.360525
v -31.051316 36.495471 -8.513061
v -31.051316 36.908425 -6.338325
v -31.051316 37.155859 -3.588415
v -22.080064 37.818746 1.846667
v -22.080064 37.734240 7.362879
v -22.080064 37.480567 10.112673
v -22.080064 37.057237 12.293700
v -22.080064 36.463372 14.149950
v -22.080064 35.697605 15.776323
v -22.080064 34.757927 17.220606
v -22.080064 33.641445 18.510209
v -22.080064 32.344045 19.662124
v -22.080064 30.859863 20.687420
v -22.080064 29.180498 21.593552
v -22.080064 27.293740 22.385649
v -22.080064 25.181458 23.067290
v -22.080064 22.815822 23.640988
v -22.080064 20.151935 24.108509
v -22.080064 17.111525 24.471079
v -22.080064 13.539152 24.729533
v -22.080064 9.035178 24.884407
v -22.080064 0.000000 24.936000
v -22.080064 -9.035178 24.884407
v -22.080064 -13.539152 24.729533
v -22.080064 -17.111525 24.471079
v -22.080064 -20.151935 24.108509
v -22.080064 -22.815822 23.640988
v -22.080064 -25.181458 23.067290
v -22.080064 -27.293740 22.385649
v -22.080064 -29.180498 21.593552
v -22.080064 -30.859863 20.687420
v -22.080064 -32.344045 19.662124
v -22.080064 -33.641445 18.510209
v -22.080064 -34.757927 17.220606
v -22.080064 -35.697605 15.776323
v -22.080064 -36.463372 14.149950
v -22.080064 -37.057237 12.293700
v -22.080064 -37.480567 10.112673
v -22.080064 -37.734240 7.362879
v -22.080064 -37.818746 1.846667
v -22.080064 -37.734240 -1.745709
v -22.080064 -37.480567 -3.536483
v -22.080064 -37.057237 -4.956854
v -22.080064 -36.463372 -6.165717
v -22.080064 -35.697605 -7.224875
v -22.080064 -34.757927 -8.165449
v -22.080064 -33.641445 -9.005289
v -22.080064 -32.344045 -9.755462
v -22.080064 -30.859863 -10.423175
v -22.080064 -29.180498 -11.013284
v -22.080064 -27.293740 -11.529129
v -22.080064 -25.181458 -11.973040
v -22.080064 -22.815822 -12.346655
v -22.080064 -20.151935 -12.651123
v -22.080064 -17.111525 -12.887243
v -22.080064 -13.539152 -13.055559
v -22.080064 -9.035178 -13.156419
v -22.080064 -0.000000 -13.190018
v -22.080064 9.035178 -13.156419
v -22.080064 13.539152 -13.055559
v -22.080064 17.111525 -12.887243
v -22.080064 20.151935 -12.651123
v -22.080064 22.815822 -12.346655
v -22.080064 25.181458 -11.973040
v -22.080064 27.293740 -11.529129
v -22.080064 29.180498 -11.013284
v -22.080064 30.859863 -10.423175
v -22.080064 32.344045 -9.755462
v -22.080064 33.641445 -9.005289
v -22.080064 34.757927 -8.165449
v -22.080064 35.697605 -7.224875
v -22.080064 36.463372 -6.165717
v -22.080064 37.057237 -4.956854
v -22.080064 37.480567 -3.536483
v -22.080064 37.734240 -1.745709
v -13.108812 38.504115 1.706979
v -13.108812 38.417266 7.146778
v -13.108812 38.156567 9.889718
v -13.108812 37.721549 12.071702
v -13.108812 37.111367 13.932221
v -13.108812 36.324701 15.564538
v -13.108812 35.359593 17.015621
v -13.108812 34.213220 18.312392
v -13.108812 32.881537 19.471514
v -13.108812 31.358758 20.503824
v -13.108812 29.636557 21.416598
v -13.108812 27.702793 22.214826
v -13.108812 25.539392 22.901977
v -13.108812 23.118552 23.480475
v -13.108812 20.395358 23.952013
v -13.108812 17.291457 24.317764
v -13.108812 13.651256 24.578519
v -13.108812 9.075211 24.734785
v -13.108812 0.000000 24.786844
v -13.108812 -9.075211 24.734785
v -13.108812 -13.651256 24.578519
v -13.108812 -17.291457 24.317764
v -13.108812 -20.395358 23.952013
v -13.108812 -23.118552 23.480475
v -13.108812 -25.539392 22.901977
v -13.108812 -27.702793 22.214826
v -13.108812 -29.636557 21.416598
v -13.108812 -31.358758 20.503824
v -13.108812 -32.881537 19.471514
v -13.108812 -34.213220 18.312392
v -13.108812 -35.359593 17.015621
v -13.108812 -36.324701 15.564538
v -13.108812 -37.111367 13.932221
v -13.108812 -37.721549 12.071702
v -13.108812 -38.156567 9.889718
v -13.108812 -38.417266 7.146778
v -13.108812 -38.504115 1.706979
v -13.108812 -38.417266 -1.954838
v -13.108812 -38.156567 -3.801257
v -13.108812 -37.721549 -5.270066
v -13.108812 -37.111367 -6.522480
v -13.108812 -36.324701 -7.621279
v -13.108812 -35.359593 -8.598081
v -13.108812 -34.213220 -9.471006
v -13.108812 -32.881537 -10.251273
v -13.108812 -31.358758 -10.946175
v -13.108812 -29.636557 -11.560611
v -13.108812 -27.702793 -12.097941
v -13.108812 -25.539392 -12.560499
v -13.108812 -23.118552 -12.949917
v -13.108812 -20.395358 -13.267334
v -13.108812 -17.291457 -13.513540
v -13.108812 -13.651256 -13.689069
v -13.108812 -9.075211 -13.794260
v -13.108812 -0.000000 -13.829303
v -13.108812 9.075211 -13.794260
v -13.108812 13.651256 -13.689069
v -13.108812 17.291457 -13.513540
v -13.108812 20.395358 -13.267334
v -13.108812 23.118552 -12.949917
v -13.108812 25.539392 -12.560499
v -13.108812 27.702793 -12.097941
v -13.108812 29.636557 -11.560611
v -13.108812 31.358758 -10.946175
v -13.108812 32.881537 -10.251273
v -13.108812 34.213220 -9.471006
v -13.108812 35.359593 -8.598081
v -13.108812 36.324701 -7.621279
v -13.108812 37.111367 -6.522480
v -13.108812 37.721549 -5.270066
v -13.108812 38.156567 -3.801257
v -13.108812 38.417266 -1.954838
v -4.137560 39.108755 1.572917
v -4.137560 39.019721 6.940790
v -4.137560 38.752476 9.678227
v -4.137560 38.306573 11.862192
v -4.137560 37.681205 13.727843
v -4.137560 36.875099 15.366863
v -4.137560 35.886367 16.825426
v -4.137560 34.712259 18.129976
v -4.137560 33.348818 19.296859
v -4.137560 31.790355 20.336679
v -4.137560 30.028649 21.256537
v -4.137560 28.051667 22.061287
v -4.137560 25.841444 22.754286
v -4.137560 23.370285 23.337870
v -4.137560 20.593387 23.813661
v -4.137560 17.432523 24.182775
v -4.137560 13.732357 24.445962
v -4.137560 9.094477 24.603699
v -4.137560 0.000000 24.656250
v -4.137560 -9.094477 24.603699
v -4.137560 -13.732357 24.445962
v -4.137560 -17.432523 24.182775
v -4.137560 -20.593387 23.813661
v -4.137560 -23.370285 23.337870
v -4.137560 -25.841444 22.754286
v -4.137560 -28.051667 22.061287
v -4.137560 -30.028649 21.256537
v -4.137560 -31.790355 20.336679
v -4.137560 -33.348818 19.296859
v -4.137560 -34.712259 18.129976
v -4.137560 -35.886367 16.825426
v -4.137560 -36.875099 15.366863
v -4.137560 -37.681205 13.727843
v -4.137560 -38.306573 11.862192
v -4.137560 -38.752476 9.678227
v -4.137560 -39.019721 6.940790
v -4.137560 -39.108755 1.572917
v -4.137560 -39.019721 -2.122649
v -4.137560 -38.752476 -4.007264
v -4.137560 -38.306573 -5.510836
v -4.137560 -37.681205 -6.795262
v -4.137560 -36.875099 -7.923662
v -4.137560 -35.886367 -8.927824
v -4.137560 -34.712259 -9.825955
v -4.137560 -33.348818 -10.629307
v -4.137560 -31.790355 -11.345181
v -4.137560 -30.028649 -11.978466
v -4.137560 -28.051667 -12.532504
v -4.137560 -25.841444 -13.009606
v -4.137560 -23.370285 -13.411380
v -4.137560 -20.593387 -13.738944
v -4.137560 -17.432523 -13.993064
v -4.137560 -13.732357 -14.174258
v -4.137560 -9.094477 -14.282853
v -4.137560 -0.000000 -14.319032
v -4.137560 9.094477 -14.282853
v -4.137560 13.732357 -14.174258
v -4.137560 17.432523 -13.993064
v -4.137560 20.593387 -13.738944
v -4.137560 23.370285 -13.411380
v -4.137560 25.841444 -13.009606
v -4.137560 28.051667 -12.532504
v -4.137560 30.028649 -11.978466
v -4.137560 31.790355 -11.345181
v -4.137560 33.348818 -10.629307
v -4.137560 34.712259 -9.825955
v -4.137560 35.886367 -8.927824
v -4.137560 36.875099 -7.923662
v -4.137560 37.681205 -6.795262
v -4.137560 38.306573 -5.510836
v -4.137560 38.752476 -4.007264
v -4.137560 39.019721 -2.122649
v 4.833692 39.644127 1.444479
v 4.833692 39.553053 6.744935
v 4.833692 39.279699 9.478066
v 4.833692 38.823640 11.664874
v 4.833692 38.184109 13.536361
v 4.833692 37.359891 15.182689
v 4.833692 36.349167 16.649262
v 4.833692 35.149273 17.962063
v 4.833692 33.756353 19.137127
v 4.833692 32.164832 20.184833
v 4.833692 30.366612 21.112109
v 4.833692 28.349802 21.923673
v 4.833692 26.096587 22.622773
v 4.833692 23.579449 23.211656
v 4.833692 20.753789 23.691874
v 4.833692 17.541680 24.064487
v 4.833692 13.788371 24.330203
v 4.833692 9.097387 24.489469
v 4.833692 0.000000 24.542531
v 4.833692 -9.097387 24.489469
v 4.833692 -13.788371 24.330203
v 4.833692 -17.541680 24.064487
v 4.833692 -20.753789 23.691874
v 4.833692 -23.579449 23.211656
v 4.833692 -26.096587 22.622773
v 4.833692 -28.349802 21.923673
v 4.833692 -30.366612 21.112109
v 4.833692 -32.164832 20.184833
v 4.833692 -33.756353 19.137127
v 4.833692 -35.149273 17.962063
v 4.833692 -36.349167 16.649262
v 4.833692 -37.359891 15.182689
v 4.833692 -38.184109 13.536361
v 4.833692 -38.823640 11.664874
v 4.833692 -39.279699 9.478066
v 4.833692 -39.553053 6.744935
v 4.833692 -39.644127 1.444479
v 4.833692 -39.553053 -2.256363
v 4.833692 -39.279699 -4.164668
v 4.833692 -38.823640 -5.691524
v 4.833692 -38.184109 -6.998219
v 4.833692 -37.359891 -8.147705
v 4.833692 -36.349167 -9.171683
v 4.833692 -35.149273 -10.088297
v 4.833692 -33.756353 -10.908741
v 4.833692 -32.164832 -11.640262
v 4.833692 -30.366612 -12.287697
v 4.833692 -28.349802 -12.854341
v 4.833692 -26.096587 -13.342460
v 4.833692 -23.579449 -13.753626
v 4.833692 -20.753789 -14.088920
v 4.833692 -17.541680 -14.349083
v 4.833692 -13.788371 -14.534609
v 4.833692 -9.097387 -14.645810
v 4.833692 -0.000000 -14.682859
v 4.833692 9.097387 -14.645810
v 4.833692 13.788371 -14.534609
v 4.833692 17.541680 -14.349083
v 4.833692 20.753789 -14.088920
v 4.833692 23.579449 -13.753626
v 4.833692 26.096587 -13.342460
v 4.833692 28.349802 -12.854341
v 4.833692 30.366612 -12.287697
v 4.833692 32.164832 -11.640262
v 4.833692 33.756353 -10.908741
v 4.833692 35.149273 -10.088297
v 4.833692 36.349167 -9.171683
v 4.833692 37.359891 -8.147705
v 4.833692 38.184109 -6.998219
v 4.833692 38.823640 -5.691524
v 4.833692 39.279699 -4.164668
v 4.833692 39.553053 -2.256363
v 13.804944 42.259925 1.321667
v 13.804944 42.161988 6.560135
v 13.804944 41.868042 9.290472
v 13.804944 41.377670 11.481192
v 13.804944 40.690106 13.359369
v 13.804944 39.804135 15.013724
v 13.804944 38.717920 16.488930
v 13.804944 37.428753 17.810529
v 13.804944 35.932685 18.994257
v 13.804944 34.223978 20.050273
v 13.804944 32.294251 20.985341
v 13.804944 30.131150 21.804043
v 13.804944 27.716108 22.509522
v 13.804944 25.020369 23.103939
v 13.804944 21.997262 23.588775
v 13.804944 18.565149 23.965034
v 13.804944 14.561906 24.233384
v 13.804944 9.572588 24.394242
v 13.804944 0.000000 24.447837
v 13.804944 -9.572588 24.394242
v 13.804944 -14.561906 24.233384
v 13.804944 -18.565149 23.965034
v 13.804944 -21.997262 23.588775
v 13.804944 -25.020369 23.103939
v 13.804944 -27.716108 22.509522
v 13.804944 -30.131150 21.804043
v 13.804944 -32.294251 20.985341
v 13.804944 -34.223978 20.050273
v 13.804944 -35.932685 18.994257
v 13.804944 -37.428753 17.810529
v 13.804944 -38.717920 16.488930
v 13.804944 -39.804135 15.013724
v 13.804944 -40.690106 13.359369
v 13.804944 -41.377670 11.481192
v 13.804944 -41.868042 9.290472
v 13.804944 -42.161988 6.560135
v 13.804944 -42.259925 1.321667
v 13.804944 -42.161988 -2.385450
v 13.804944 -41.868042 -4.317633
v 13.804944 -41.377670 -5.867944
v 13.804944 -40.690106 -7.197077
v 13.804944 -39.804135 -8.367817
v 13.804944 -38.717920 -9.411779
v 13.804944 -37.428753 -10.347038
v 13.804944 -35.932685 -11.184729
v 13.804944 -34.223978 -11.932042
v 13.804944 -32.294251 -12.593763
v 13.804944 -30.131150 -13.173135
v 13.804944 -27.716108 -13.672383
v 13.804944 -25.020369 -14.093035
v 13.804944 -21.997262 -14.436140
v 13.804944 -18.565149 -14.702408
v 13.804944 -14.561906 -14.892312
v 13.804944 -9.572588 -15.006146
v 13.804944 -0.000000 -15.044074
v 13.804944 9.572588 -15.006146
v 13.804944 14.561906 -14.892312
v 13.804944 18.565149 -14.702408
v 13.804944 21.997262 -14.436140
v 13.804944 25.020369 -14.093035
v 13.804944 27.716108 -13.672383
v 13.804944 30.131150 -13.173135
v 13.804944 32.294251 -12.593763
v 13.804944 34.223978 -11.932042
v 13.804944 35.932685 -11.184729
v 13.804944 37.428753 -10.347038
v 13.804944 38.717920 -9.411779
v 13.804944 39.804135 -8.367817
v 13.804944 40.690106 -7.197077
v 13.804944 41.377670 -5.867944
v 13.804944 41.868042 -4.317633
v 13.804944 42.161988 -2.385450
v 22.776196 50.342790 1.204479
v 22.776196 50.225135 6.392998
v 22.776196 49.872022 9.125367
v 22.776196 49.282991 11.323689
v 22.776196 48.457196 13.211634
v 22.776196 47.393279 14.876679
v 22.776196 46.089172 16.362864
v 22.776196 44.541804 17.695343
v 22.776196 42.746664 18.889586
v 22.776196 40.697150 19.955556
v 22.776196 38.383578 20.899863
v 22.776196 35.791606 21.726968
v 22.776196 32.899607 22.439913
v 22.776196 29.674006 23.040776
v 22.776196 26.060208 23.530972
v 22.776196 21.962630 23.911454
v 22.776196 17.191415 24.182848
v 22.776196 11.261110 24.345544
v 22.776196 0.000000 24.399753
v 22.776196 -11.261110 24.345544
v 22.776196 -17.191415 24.182848
v 22.776196 -21.962630 23.911454
v 22.776196 -26.060208 23.530972
v 22.776196 -29.674006 23.040776
v 22.776196 -32.899607 22.439913
v 22.776196 -35.791606 21.726968
v 22.776196 -38.383578 20.899863
v 22.776196 -40.697150 19.955556
v 22.776196 -42.746664 18.889586
v 22.776196 -44.541804 17.695343
v 22.776196 -46.089172 16.362864
v 22.776196 -47.393279 14.876679
v 22.776196 -48.457196 13.211634
v 22.776196 -49.282991 11.323689
v 22.776196 -49.872022 9.125367
v 22.776196 -50.225135 6.392998
v 22.776196 -50.342790 1.204479
v 22.776196 -50.225135 -2.509123
v 22.776196 -49.872022 -4.464773
v 22.776196 -49.282991 -6.038187
v 22.776196 -48.457196 -7.389455
v 22.776196 -47.393279 -8.581185
v 22.776196 -46.089172 -9.644899
v 22.776196 -44.541804 -10.598600
v 22.776196 -42.746664 -11.453361
v 22.776196 -40.697150 -12.216312
v 22.776196 -38.383578 -12.892185
v 22.776196 -35.791606 -13.484173
v 22.776196 -32.899607 -13.994452
v 22.776196 -29.674006 -14.424510
v 22.776196 -26.060208 -14.775360
v 22.776196 -21.962630 -15.047685
v 22.776196 -17.191415 -15.241931
v 22.776196 -11.261110 -15.358378
v 22.776196 -0.000000 -15.397177
v 22.776196 11.261110 -15.358378
v 22.776196 17.191415 -15.241931
v 22.776196 21.962630 -15.047685
v 22.776196 26.060208 -14.775360
v 22.776196 29.674006 -14.424510
v 22.776196 32.899607 -13.994452
v 22.776196 35.791606 -13.484173
v 22.776196 38.383578 -12.892185
v 22.776196 40.697150 -12.216312
v 22.776196 42.746664 -11.453361
v 22.776196 44.541804 -10.598600
v 22.776196 46.089172 -9.644899
v 22.776196 47.393279 -8.581185
v 22.776196 48.457196 -7.389455
v 22.776196 49.282991 -6.038187
v 22.776196 49.872022 -4.464773
v 22.776196 50.225135 -2.509123
v 31.747448 50.510233 1.092917
v 31.747448 50.391239 6.228603
v 31.747448 50.034121 8.959847
v 31.747448 49.438455 11.162995
v 31.747448 48.603455 13.058211
v 31.747448 47.527846 14.731677
v 31.747448 46.209675 16.226771
v 31.747448 44.646007 17.568244
v 31.747448 42.832506 18.771292
v 31.747448 40.762779 19.845674
v 31.747448 38.427398 20.797844
v 31.747448 35.812340 21.632138
v 31.747448 32.896386 22.351497
v 31.747448 29.646507 22.957917
v 31.747448 26.008903 23.452747
v 31.747448 21.889281 23.836885
v 31.747448 17.100309 24.110919
v 31.747448 11.163416 24.275210
v 31.747448 0.000000 24.329953
v 31.747448 -11.163416 24.275210
v 31.747448 -17.100309 24.110919
v 31.747448 -21.889281 23.836885
v 31.747448 -26.008903 23.452747
v 31.747448 -29.646507 22.957917
v 31.747448 -32.896386 22.351497
v 31.747448 -35.812340 21.632138
v 31.747448 -38.427398 20.797844
v 31.747448 -40.762779 19.845674
v 31.747448 -42.832506 18.771292
v 31.747448 -44.646007 17.568244
v 31.747448 -46.209675 16.226771
v 31.747448 -47.527846 14.731677
v 31.747448 -48.603455 13.058211
v 31.747448 -49.438455 11.162995
v 31.747448 -50.034121 8.959847
v 31.747448 -50.391239 6.228603
v 31.747448 -50.510233 1.092917
v 31.747448 -50.391239 -2.623590
v 31.747448 -50.034121 -4.600090
v 31.747448 -49.438455 -6.194427
v 31.747448 -48.603455 -7.565925
v 31.747448 -47.527846 -8.776950
v 31.747448 -46.209675 -9.858895
v 31.747448 -44.646007 -10.829670
v 31.747448 -42.832506 -11.700270
v 31.747448 -40.762779 -12.477761
v 31.747448 -38.427398 -13.166812
v 31.747448 -35.812340 -13.770560
v 31.747448 -32.896386 -14.291133
v 31.747448 -29.646507 -14.729977
v 31.747448 -26.008903 -15.088067
v 31.747448 -21.889281 -15.366054
v 31.747448 -17.100309 -15.564362
v 31.747448 -11.163416 -15.683253
v 31.747448 -0.000000 -15.722868
v 31.747448 11.163416 -15.683253
v 31.747448 17.100309 -15.564362
v 31.747448 21.889281 -15.366054
v 31.747448 26.008903 -15.088067
v 31.747448 29.646507 -14.729977
v 31.747448 32.896386 -14.291133
v 31.747448 35.812340 -13.770560
v 31.747448 38.427398 -13.166812
v 31.747448 40.762779 -12.477761
v 31.747448 42.832506 -11.700270
v 31.747448 44.646007 -10.829670
v 31.747448 46.209675 -9.858895
v 31.747448 47.527846 -8.776950
v 31.747448 48.603455 -7.565925
v 31.747448 49.438455 -6.194427
v 31.747448 50.034121 -4.600090
v 31.747448 50.391239 -2.623590
v 40.718700 50.342540 0.986979
v 40.718700 50.223038 6.073178
v 40.718700 49.864410 8.803465
v 40.718700 49.266268 11.011328
v 40.718700 48.427889 12.913599
v 40.718700 47.348091 14.595224
v 40.718700 46.025039 16.098946
v 40.718700 44.455956 17.449130
v 40.718700 42.636700 18.660705
v 40.718700 40.561123 19.743235
v 40.718700 38.220109 20.703023
v 40.718700 35.600033 21.544283
v 40.718700 32.680208 22.269857
v 40.718700 29.428351 22.881662
v 40.718700 25.791773 23.380982
v 40.718700 21.678038 23.768665
v 40.718700 16.903449 24.045257
v 40.718700 10.999101 24.211094
v 40.718700 0.000000 24.266354
v 40.718700 -10.999101 24.211094
v 40.718700 -16.903449 24.045257
v 40.718700 -21.678038 23.768665
v 40.718700 -25.791773 23.380982
v 40.718700 -29.428351 22.881662
v 40.718700 -32.680208 22.269857
v 40.718700 -35.600033 21.544283
v 40.718700 -38.220109 20.703023
v 40.718700 -40.561123 19.743235
v 40.718700 -42.636700 18.660705
v 40.718700 -44.455956 17.449130
v 40.718700 -46.025039 16.098946
v 40.718700 -47.348091 14.595224
v 40.718700 -48.427889 12.913599
v 40.718700 -49.266268 11.011328
v 40.718700 -49.864410 8.803465
v 40.718700 -50.223038 6.073178
v 40.718700 -50.342540 0.986979
v 40.718700 -50.223038 -2.708546
v 40.718700 -49.864410 -4.692315
v 40.718700 -49.266268 -6.296502
v 40.718700 -48.427889 -7.678653
v 40.718700 -47.348091 -8.900486
v 40.718700 -46.025039 -9.993059
v 40.718700 -44.455956 -10.974074
v 40.718700 -42.636700 -11.854379
v 40.718700 -40.561123 -12.640923
v 40.718700 -38.220109 -13.338284
v 40.718700 -35.600033 -13.949526
v 40.718700 -32.680208 -14.476713
v 40.718700 -29.428351 -14.921238
v 40.718700 -25.791773 -15.284033
v 40.718700 -21.678038 -15.565715
v 40.718700 -16.903449 -15.766682
v 40.718700 -10.999101 -15.887175
v 40.718700 -0.000000 -15.927326
v 40.718700 10.999101 -15.887175
v 40.718700 16.903449 -15.766682
v 40.718700 21.678038 -15.565715
v 40.718700 25.791773 -15.284033
v 40.718700 29.428351 -14.921238
v 40.718700 32.680208 -14.476713
v 40.718700 35.600033 -13.949526
v 40.718700 38.220109 -13.338284
v 40.718700 40.561123 -12.640923
v 40.718700 42.636700 -11.854379
v 40.718700 44.455956 -10.974074
v 40.718700 46.025039 -9.993059
v 40.718700 47.348091 -8.900486
v 40.718700 48.427889 -7.678653
v 40.718700 49.266268 -6.296502
v 40.718700 49.864410 -4.692315
v 40.718700 50.223038 -2.708546
v 49.689952 41.759708 0.886667
v 49.689952 41.659861 5.916269
v 49.689952 41.360226 8.640349
v 49.689952 40.860511 10.848467
v 49.689952 40.160166 12.753844
v 49.689952 39.258280 14.440073
v 49.689952 38.153423 15.949205
v 49.689952 36.843411 17.305180
v 49.689952 35.324951 18.522642
v 49.689952 33.593129 19.610948
v 49.689952 31.640605 20.576239
v 49.689952 29.456363 21.422604
v 49.689952 27.023616 22.152784
v 49.689952 24.316091 22.768614
v 49.689952 21.290837 23.271311
v 49.689952 17.872410 23.661672
v 49.689952 13.910838 23.940206
v 49.689952 9.023582 24.107217
v 49.689952 0.000000 24.162871
v 49.689952 -9.023582 24.107217
v 49.689952 -13.910838 23.940206
v 49.689952 -17.872410 23.661672
v 49.689952 -21.290837 23.271311
v 49.689952 -24.316091 22.768614
v 49.689952 -27.023616 22.152784
v 49.689952 -29.456363 21.422604
v 49.689952 -31.640605 20.576239
v 49.689952 -33.593129 19.610948
v 49.689952 -35.324951 18.522642
v 49.689952 -36.843411 17.305180
v 49.689952 -38.153423 15.949205
v 49.689952 -39.258280 14.440073
v 49.689952 -40.160166 12.753844
v 49.689952 -40.860511 10.848467
v 49.689952 -41.360226 8.640349
v 49.689952 -41.659861 5.916269
v 49.689952 -41.759708 0.886667
v 49.689952 -41.659861 -2.816860
v 49.689952 -41.360226 -4.822724
v 49.689952 -40.860511 -6.448662
v 49.689952 -40.160166 -7.851679
v 49.689952 -39.258280 -9.093326
v 49.689952 -38.153423 -10.204569
v 49.689952 -36.843411 -11.203035
v 49.689952 -35.324951 -12.099508
v 49.689952 -33.593129 -12.900878
v 49.689952 -31.640605 -13.611665
v 49.689952 -29.456363 -14.234883
v 49.689952 -27.023616 -14.772548
v 49.689952 -24.316091 -15.226012
v 49.689952 -21.290837 -15.596170
v 49.689952 -17.872410 -15.883611
v 49.689952 -13.910838 -16.088708
v 49.689952 -9.023582 -16.211686
v 49.689952 -0.000000 -16.252667
v 49.689952 9.023582 -16.211686
v 49.689952 13.910838 -16.088708
v 49.689952 17.872410 -15.883611
v 49.689952 21.290837 -15.596170
v 49.689952 24.316091 -15.226012
v 49.689952 27.023616 -14.772548
v 49.689952 29.456363 -14.234883
v 49.689952 31.640605 -13.611665
v 49.689952 33.593129 -12.900878
v 49.689952 35.324951 -12.099508
v 49.689952 36.843411 -11.203035
v 49.689952 38.153423 -10.204569
v 49.689952 39.258280 -9.093326
v 49.689952 40.160166 -7.851679
v 49.689952 40.860511 -6.448662
v 49.689952 41.360226 -4.822724
v 49.689952 41.659861 -2.816860
v 58.661204 41.946577 0.791979
v 58.661204 41.845583 5.776215
v 58.661204 41.542519 8.498972
v 58.661204 41.037120 10.711129
v 58.661204 40.328881 12.622793
v 58.661204 39.416956 14.316391
v 58.661204 38.300001 15.833374
v 58.661204 36.975937 17.197314
v 58.661204 35.441603 18.422599
v 58.661204 33.692238 19.518400
v 58.661204 31.720693 20.490712
v 58.661204 29.516181 21.343507
v 58.661204 27.062206 22.079433
v 58.661204 24.332877 22.700245
v 58.661204 21.285786 23.207100
v 58.661204 17.846354 23.600746
v 58.661204 13.866283 23.881651
v 58.661204 8.967546 24.050096
v 58.661204 0.000000 24.106229
v 58.661204 -8.967546 24.050096
v 58.661204 -13.866283 23.881651
v 58.661204 -17.846354 23.600746
v 58.661204 -21.285786 23.207100
v 58.661204 -24.332877 22.700245
v 58.661204 -27.062206 22.079433
v 58.661204 -29.516181 21.343507
v 58.661204 -31.720693 20.490712
v 58.661204 -33.692238 19.518400
v 58.661204 -35.441603 18.422599
v 58.661204 -36.975937 17.197314
v 58.661204 -38.300001 15.833374
v 58.661204 -39.416956 14.316391
v 58.661204 -40.328881 12.622793
v 58.661204 -41.037120 10.711129
v 58.661204 -41.542519 8.498972
v 58.661204 -41.845583 5.776215
v 58.661204 -41.946577 0.791979
v 58.661204 -41.845583 -2.916619
v 58.661204 -41.542519 -4.942529
v 58.661204 -41.037120 -6.588518
v 58.661204 -40.328881 -8.010921
v 58.661204 -39.416956 -9.271069
v 58.661204 -38.300001 -10.399804
v 58.661204 -36.975937 -11.414665
v 58.661204 -35.441603 -12.326357
v 58.661204 -33.692238 -13.141705
v 58.661204 -31.720693 -13.865168
v 58.661204 -29.516181 -14.499704
v 58.661204 -27.062206 -15.047281
v 58.661204 -24.332877 -15.509206
v 58.661204 -21.285786 -15.886340
v 58.661204 -17.846354 -16.179237
v 58.661204 -13.866283 -16.388249
v 58.661204 -8.967546 -16.513583
v 58.661204 -0.000000 -16.555350
v 58.661204 8.967546 -16.513583
v 58.661204 13.866283 -16.388249
v 58.661204 17.846354 -16.179237
v 58.661204 21.285786 -15.886340
v 58.661204 24.332877 -15.509206
v 58.661204 27.062206 -15.047281
v 58.661204 29.516181 -14.499704
v 58.661204 31.720693 -13.865168
v 58.661204 33.692238 -13.141705
v 58.661204 35.441603 -12.326357
v 58.661204 36.975937 -11.414665
v 58.661204 38.300001 -10.399804
v 58.661204 39.416956 -9.271069
v 58.661204 40.328881 -8.010921
v 58.661204 41.037120 -6.588518
v 58.661204 41.542519 -4.942529
v 58.661204 41.845583 -2.916619
v 67.632456 42.137323 0.702917
v 67.632456 42.035185 5.642097
v 67.632456 41.728697 8.362782
v 67.632456 41.217621 10.578244
v 67.632456 40.501500 12.495506
v 67.632456 39.579551 14.195832
v 67.632456 38.450515 15.720072
v 67.632456 37.112419 17.091428
v 67.632456 35.562230 18.324036
v 67.632456 33.795343 19.426878
v 67.632456 31.804796 20.405804
v 67.632456 29.580030 21.264670
v 67.632456 27.104835 22.006029
v 67.632456 24.353697 22.631559
v 67.632456 21.284736 23.142356
v 67.632456 17.824223 23.539116
v 67.632456 13.825480 23.822272
v 67.632456 8.914850 23.992078
v 67.632456 0.000000 24.048667
v 67.632456 -8.914850 23.992078
v 67.632456 -13.825480 23.822272
v 67.632456 -17.824223 23.539116
v 67.632456 -21.284736 23.142356
v 67.632456 -24.353697 22.631559
v 67.632456 -27.104835 22.006029
v 67.632456 -29.580030 21.264670
v 67.632456 -31.804796 20.405804
v 67.632456 -33.795343 19.426878
v 67.632456 -35.562230 18.324036
v 67.632456 -37.112419 17.091428
v 67.632456 -38.450515 15.720072
v 67.632456 -39.579551 14.195832
v 67.632456 -40.501500 12.495506
v 67.632456 -41.217621 10.578244
v 67.632456 -41.728697 8.362782
v 67.632456 -42.035185 5.642097
v 67.632456 -42.137323 0.702917
v 67.632456 -42.035185 -3.007470
v 67.632456 -41.728697 -5.051289
v 67.632456 -41.217621 -6.715577
v 67.632456 -40.501500 -8.155853
v 67.632456 -39.579551 -9.433163
v 67.632456 -38.450515 -10.578195
v 67.632456 -37.112419 -11.608378
v 67.632456 -35.562230 -12.534332
v 67.632456 -33.795343 -13.362804
v 67.632456 -31.804796 -14.098187
v 67.632456 -29.580030 -14.743381
v 67.632456 -27.104835 -15.300300
v 67.632456 -24.353697 -15.770208
v 67.632456 -21.284736 -16.153926
v 67.632456 -17.824223 -16.451978
v 67.632456 -13.825480 -16.664689
v 67.632456 -8.914850 -16.792250
v 67.632456 -0.000000 -16.834760
v 67.632456 8.914850 -16.792250
v 67.632456 13.825480 -16.664689
v 67.632456 17.824223 -16.451978
v 67.632456 21.284736 -16.153926
v 67.632456 24.353697 -15.770208
v 67.632456 27.104835 -15.300300
v 67.632456 29.580030 -14.743381
v 67.632456 31.804796 -14.098187
v 67.632456 33.795343 -13.362804
v 67.632456 35.562230 -12.534332
v 67.632456 37.112419 -11.608378
v 67.632456 38.450515 -10.578195
v 67.632456 39.579551 -9.433163
v 67.632456 40.501500 -8.155853
v 67.632456 41.217621 -6.715577
v 67.632456 41.728697 -5.051289
v 67.632456 42.035185 -3.007470
v 76.603708 42.244678 0.619479
v 76.603708 42.141604 5.512671
v 76.603708 41.832316 8.230072
v 76.603708 41.316605 10.447778
v 76.603708 40.594059 12.369686
v 76.603708 39.663964 14.075880
v 76.603708 38.525147 15.606597
v 76.603708 37.175746 16.984664
v 76.603708 35.612864 18.223957
v 76.603708 33.832059 19.333267
v 76.603708 31.826572 20.318297
v 76.603708 29.586094 21.182787
v 76.603708 27.094732 21.929191
v 76.603708 24.327397 22.559113
v 76.603708 21.242824 23.073584
v 76.603708 17.768268 23.473252
v 76.603708 13.758947 23.758511
v 76.603708 8.846246 23.929590
v 76.603708 0.000000 23.986604
v 76.603708 -8.846246 23.929590
v 76.603708 -13.758947 23.758511
v 76.603708 -17.768268 23.473252
v 76.603708 -21.242824 23.073584
v 76.603708 -24.327397 22.559113
v 76.603708 -27.094732 21.929191
v 76.603708 -29.586094 21.182787
v 76.603708 -31.826572 20.318297
v 76.603708 -33.832059 19.333267
v 76.603708 -35.612864 18.223957
v 76.603708 -37.175746 16.984664
v 76.603708 -38.525147 15.606597
v 76.603708 -39.663964 14.075880
v 76.603708 -40.594059 12.369686
v 76.603708 -41.316605 10.447778
v 76.603708 -41.832316 8.230072
v 76.603708 -42.141604 5.512671
v 76.603708 -42.244678 0.619479
v 76.603708 -42.141604 -3.089118
v 76.603708 -41.832316 -5.148661
v 76.603708 -41.316605 -6.829482
v 76.603708 -40.594059 -8.286114
v 76.603708 -39.663964 -9.579255
v 76.603708 -38.525147 -10.739400
v 76.603708 -37.175746 -11.783849
v 76.603708 -35.612864 -12.723121
v 76.603708 -33.832059 -13.563878
v 76.603708 -31.826572 -14.310442
v 76.603708 -29.586094 -14.965646
v 76.603708 -27.094732 -15.531353
v 76.603708 -24.327397 -16.008777
v 76.603708 -21.242824 -16.398700
v 76.603708 -17.768268 -16.701611
v 76.603708 -13.758947 -16.917812
v 76.603708 -8.846246 -17.047474
v 76.603708 -0.000000 -17.090686
v 76.603708 8.846246 -17.047474
v 76.603708 13.758947 -16.917812
v 76.603708 17.768268 -16.701611
v 76.603708 21.242824 -16.398700
v 76.603708 24.327397 -16.008777
v 76.603708 27.094732 -15.531353
v 76.603708 29.586094 -14.965646
v 76.603708 31.826572 -14.310442
v 76.603708 33.832059 -13.563878
v 76.603708 35.612864 -12.723121
v 76.603708 37.175746 -11.783849
v 76.603708 38.525147 -10.739400
v 76.603708 39.663964 -9.579255
v 76.603708 40.594059 -8.286114
v 76.603708 41.316605 -6.829482
v 76.603708 41.832316 -5.148661
v 76.603708 42.141604 -3.089118
v 85.574960 42.260417 0.541667
v 85.574960 42.156631 5.386750
v 85.574960 41.845218 8.099217
v 85.574960 41.325998 10.317791
v 85.574960 40.598606 12.243146
v 85.574960 39.662399 13.954143
v 85.574960 38.516294 15.490385
v 85.574960 37.158544 16.874307
v 85.574960 35.586395 18.119518
v 85.574960 33.795583 19.234614
v 85.574960 31.779565 20.225145
v 85.574960 29.528307 21.094729
v 85.574960 27.026270 21.845725
v 85.574960 24.248849 22.479656
v 85.574960 21.155483 22.997489
v 85.574960 17.674571 23.399823
v 85.574960 13.663539 23.687013
v 85.574960 8.759583 23.859261
v 85.574960 0.000000 23.916667
v 85.574960 -8.759583 23.859261
v 85.574960 -13.663539 23.687013
v 85.574960 -17.674571 23.399823
v 85.574960 -21.155483 22.997489
v 85.574960 -24.248849 22.479656
v 85.574960 -27.026270 21.845725
v 85.574960 -29.528307 21.094729
v 85.574960 -31.779565 20.225145
v 85.574960 -33.795583 19.234614
v 85.574960 -35.586395 18.119518
v 85.574960 -37.158544 16.874307
v 85.574960 -38.516294 15.490385
v 85.574960 -39.662399 13.954143
v 85.574960 -40.598606 12.243146
v 85.574960 -41.325998 10.317791
v 85.574960 -41.845218 8.099217
v 85.574960 -42.156631 5.386750
v 85.574960 -42.260417 0.541667
v 85.574960 -42.156631 -3.161238
v 85.574960 -41.845218 -5.234269
v 85.574960 -41.325998 -6.929837
v 85.574960 -40.598606 -8.401309
v 85.574960 -39.662399 -9.708956
v 85.574960 -38.516294 -10.883044
v 85.574960 -37.158544 -11.940721
v 85.574960 -35.586395 -12.892387
v 85.574960 -33.795583 -13.744610
v 85.574960 -31.779565 -14.501633
v 85.574960 -29.528307 -15.166222
v 85.574960 -27.026270 -15.740178
v 85.574960 -24.248849 -16.224667
v 85.574960 -21.155483 -16.620426
v 85.574960 -17.674571 -16.927913
v 85.574960 -13.663539 -17.147401
v 85.574960 -8.759583 -17.279044
v 85.574960 -0.000000 -17.322917
v 85.574960 8.759583 -17.279044
v 85.574960 13.663539 -17.147401
v 85.574960 17.674571 -16.927913
v 85.574960 21.155483 -16.620426
v 85.574960 24.248849 -16.224667
v 85.574960 27.026270 -15.740178
v 85.574960 29.528307 -15.166222
v 85.574960 31.779565 -14.501633
v 85.574960 33.795583 -13.744610
v 85.574960 35.586395 -12.892387
v 85.574960 37.158544 -11.940721
v 85.574960 38.516294 -10.883044
v 85.574960 39.662399 -9.708956
v 85.574960 40.598606 -8.401309
v 85.574960 41.325998 -6.929837
v 85.574960 41.845218 -5.234269
v 85.574960 42.156631 -3.161238
v 94.546212 42.176311 0.469479
v 94.546212 42.072056 5.263167
v 94.546212 41.759246 7.968606
v 94.546212 41.237729 10.186353
v 94.546212 40.507192 12.113704
v 94.546212 39.567062 13.828232
v 94.546212 38.416354 15.368871
v 94.546212 37.053440 16.757643
v 94.546212 35.475719 18.007879
v 94.546212 33.679115 19.127967
v 94.546212 31.657324 20.123300
v 94.546212 29.400611 20.997369
v 94.546212 26.893836 21.752434
v 94.546212 24.112939 22.389935
v 94.546212 21.018166 22.910774
v 94.546212 17.539240 23.315497
v 94.546212 13.536143 23.604422
v 94.546212 8.652746 23.777721
v 94.546212 0.000000 23.835479
v 94.546212 -8.652746 23.777721
v 94.546212 -13.536143 23.604422
v 94.546212 -17.539240 23.315497
v 94.546212 -21.018166 22.910774
v 94.546212 -24.112939 22.389935
v 94.546212 -26.893836 21.752434
v 94.546212 -29.400611 20.997369
v 94.546212 -31.657324 20.123300
v 94.546212 -33.679115 19.127967
v 94.546212 -35.475719 18.007879
v 94.546212 -37.053440 16.757643
v 94.546212 -38.416354 15.368871
v 94.546212 -39.567062 13.828232
v 94.546212 -40.507192 12.113704
v 94.546212 -41.237729 10.186353
v 94.546212 -41.759246 7.968606
v 94.546212 -42.072056 5.263167
v 94.546212 -42.176311 0.469479
v 94.546212 -42.072056 -3.223486
v 94.546212 -41.759246 -5.307705
v 94.546212 -41.237729 -7.016215
v 94.546212 -40.507192 -8.501009
v 94.546212 -39.567062 -9.821849
v 94.546212 -38.416354 -11.008727
v 94.546212 -37.053440 -12.078611
v 94.546212 -35.475719 -13.041769
v 94.546212 -33.679115 -13.904664
v 94.546212 -31.657324 -14.671449
v 94.546212 -29.400611 -15.344815
v 94.546212 -26.893836 -15.926503
v 94.546212 -24.112939 -16.417621
v 94.546212 -21.018166 -16.818866
v 94.546212 -17.539240 -17.130657
v 94.546212 -13.536143 -17.353239
v 94.546212 -8.652746 -17.486745
v 94.546212 -0.000000 -17.531241
v 94.546212 8.652746 -17.486745
v 94.546212 13.536143 -17.353239
v 94.546212 17.539240 -17.130657
v 94.546212 21.018166 -16.818866
v 94.546212 24.112939 -16.417621
v 94.546212 26.893836 -15.926503
v 94.546212 29.400611 -15.344815
v 94.546212 31.657324 -14.671449
v 94.546212 33.679115 -13.904664
v 94.546212 35.475719 -13.041769
v 94.546212 37.053440 -12.078611
v 94.546212 38.416354 -11.008727
v 94.546212 39.567062 -9.821849
v 94.546212 40.507192 -8.501009
v 94.546212 41.237729 -7.016215
v 94.546212 41.759246 -5.307705
v 94.546212 42.072056 -3.223486
v 103.517464 41.984135 0.402917
v 103.517464 41.879671 5.140775
v 103.517464 41.566242 7.836644
v 103.517464 41.043728 10.051547
v 103.517464 40.311869 11.979189
v 103.517464 39.370165 13.695767
v 103.517464 38.217732 15.239497
v 103.517464 36.853071 16.631965
v 103.517464 35.273742 17.886201
v 103.517464 33.475875 19.010377
v 103.517464 31.453419 20.009716
v 103.517464 29.196977 20.887581
v 103.517464 26.691848 21.646123
v 103.517464 23.914591 22.286700
v 103.517464 20.826370 22.810142
v 103.517464 17.358432 23.216944
v 103.517464 13.373697 23.507382
v 103.517464 8.523675 23.681600
v 103.517464 0.000000 23.739667
v 103.517464 -8.523675 23.681600
v 103.517464 -13.373697 23.507382
v 103.517464 -17.358432 23.216944
v 103.517464 -20.826370 22.810142
v 103.517464 -23.914591 22.286700
v 103.517464 -26.691848 21.646123
v 103.517464 -29.196977 20.887581
v 103.517464 -31.453419 20.009716
v 103.517464 -33.475875 19.010377
v 103.517464 -35.273742 17.886201
v 103.517464 -36.853071 16.631965
v 103.517464 -38.217732 15.239497
v 103.517464 -39.370165 13.695767
v 103.517464 -40.311869 11.979189
v 103.517464 -41.043728 10.051547
v 103.517464 -41.566242 7.836644
v 103.517464 -41.879671 5.140775
v 103.517464 -41.984135 0.402917
v 103.517464 -41.879671 -3.275498
v 103.517464 -41.566242 -5.368538
v 103.517464 -41.043728 -7.088161
v 103.517464 -40.311869 -8.584758
v 103.517464 -39.370165 -9.917488
v 103.517464 -38.217732 -11.116021
v 103.517464 -36.853071 -12.197116
v 103.517464 -35.273742 -13.170890
v 103.517464 -33.475875 -14.043685
v 103.517464 -31.453419 -14.819560
v 103.517464 -29.196977 -15.501124
v 103.517464 -26.691848 -16.090047
v 103.517464 -23.914591 -16.587382
v 103.517464 -20.826370 -16.993777
v 103.517464 -17.358432 -17.309613
v 103.517464 -13.373697 -17.535105
v 103.517464 -8.523675 -17.670366
v 103.517464 -0.000000 -17.715448
v 103.517464 8.523675 -17.670366
v 103.517464 13.373697 -17.535105
v 103.517464 17.358432 -17.309613
v 103.517464 20.826370 -16.993777
v 103.517464 23.914591 -16.587382
v 103.517464 26.691848 -16.090047
v 103.517464 29.196977 -15.501124
v 103.517464 31.453419 -14.819560
v 103.517464 33.475875 -14.043685
v 103.517464 35.273742 -13.170890
v 103.517464 36.853071 -12.197116
v 103.517464 38.217732 -11.116021
v 103.517464 39.370165 -9.917488
v 103.517464 40.311869 -8.584758
v 103.517464 41.043728 -7.088161
v 103.517464 41.566242 -5.368538
v 103.517464 41.879671 -3.275498
v 112.488716 41.675663 0.341979
v 112.488716 41.571266 5.018454
v 112.488716 41.258051 7.701760
v 112.488716 40.735930 9.911476
v 112.488716 40.004696 11.837446
v 112.488716 39.063929 13.554378
v 112.488716 37.912850 15.099715
v 112.488716 36.550096 16.494570
v 112.488716 34.973400 17.751651
v 112.488716 33.179112 18.878896
v 112.488716 31.161463 19.881351
v 112.488716 28.911421 20.762239
v 112.488716 26.414780 21.523599
v 112.488716 23.648790 22.166699
v 112.488716 20.575664 22.692298
v 112.488716 17.128382 23.100832
v 112.488716 13.173226 23.392538
v 112.488716 8.370394 23.567528
v 112.488716 0.000000 23.625854
v 112.488716 -8.370394 23.567528
v 112.488716 -13.173226 23.392538
v 112.488716 -17.128382 23.100832
v 112.488716 -20.575664 22.692298
v 112.488716 -23.648790 22.166699
v 112.488716 -26.414780 21.523599
v 112.488716 -28.911421 20.762239
v 112.488716 -31.161463 19.881351
v 112.488716 -33.179112 18.878896
v 112.488716 -34.973400 17.751651
v 112.488716 -36.550096 16.494570
v 112.488716 -37.912850 15.099715
v 112.488716 -39.063929 13.554378
v 112.488716 -40.004696 11.837446
v 112.488716 -40.735930 9.911476
v 112.488716 -41.258051 7.701760
v 112.488716 -41.571266 5.018454
v 112.488716 -41.675663 0.341979
v 112.488716 -41.571266 -3.316895
v 112.488716 -41.258051 -5.416314
v 112.488716 -40.735930 -7.145196
v 112.488716 -40.004696 -8.652075
v 112.488716 -39.063929 -9.995403
v 112.488716 -37.912850 -11.204475
v 112.488716 -36.550096 -12.295809
v 112.488716 -34.973400 -13.279350
v 112.488716 -33.179112 -14.161306
v 112.488716 -31.161463 -14.945627
v 112.488716 -28.911421 -15.634834
v 112.488716 -26.414780 -16.230522
v 112.488716 -23.648790 -16.733683
v 112.488716 -20.575664 -17.144912
v 112.488716 -17.128382 -17.464550
v 112.488716 -13.173226 -17.692780
v 112.488716 -8.370394 -17.829693
v 112.488716 -0.000000 -17.875327
v 112.488716 8.370394 -17.829693
v 112.488716 13.173226 -17.692780
v 112.488716 17.128382 -17.464550
v 112.488716 20.575664 -17.144912
v 112.488716 23.648790 -16.733683
v 112.488716 26.414780 -16.230522
v 112.488716 28.911421 -15.634834
v 112.488716 31.161463 -14.945627
v 112.488716 33.179112 -14.161306
v 112.488716 34.973400 -13.279350
v 112.488716 36.550096 -12.295809
v 112.488716 37.912850 -11.204475
v 112.488716 39.063929 -9.995403
v 112.488716 40.004696 -8.652075
v 112.488716 40.735930 -7.145196
v 112.488716 41.258051 -5.416314
v 112.488716 41.571266 -3.316895
v 121.459968 41.242667 0.286667
v 121.459968 41.138633 4.895120
v 121.459968 40.826521 7.562413
v 121.459968 40.306274 9.764269
v 121.459968 39.577743 11.686340
v 121.459968 38.640591 13.401715
v 121.459968 37.494149 14.946992
v 121.459968 36.137201 16.342769
v 121.459968 34.567665 17.601405
v 121.459968 32.782126 18.730587
v 121.459968 30.775125 19.735169
v 121.459968 28.538031 20.618223
v 121.459968 26.057185 21.381671
v 121.459968 23.310617 22.026684
v 121.459968 20.261720 22.553945
v 121.459968 16.845439 22.963832
v 121.459968 12.931873 23.256534
v 121.459968 8.191040 23.432135
v 121.459968 0.000000 23.490667
v 121.459968 -8.191040 23.432135
v 121.459968 -12.931873 23.256534
v 121.459968 -16.845439 22.963832
v 121.459968 -20.261720 22.553945
v 121.459968 -23.310617 22.026684
v 121.459968 -26.057185 21.381671
v 121.459968 -28.538031 20.618223
v 121.459968 -30.775125 19.735169
v 121.459968 -32.782126 18.730587
v 121.459968 -34.567665 17.601405
v 121.459968 -36.137201 16.342769
v 121.459968 -37.494149 14.946992
v 121.459968 -38.640591 13.401715
v 121.459968 -39.577743 11.686340
v 121.459968 -40.306274 9.764269
v 121.459968 -40.826521 7.562413
v 121.459968 -41.138633 4.895120
v 121.459968 -41.242667 0.286667
v 121.459968 -41.138633 -3.347293
v 121.459968 -40.826521 -5.450566
v 121.459968 -40.306274 -7.186822
v 121.459968 -39.577743 -8.702457
v 121.459968 -38.640591 -10.055102
v 121.459968 -37.494149 -11.273619
v 121.459968 -36.137201 -12.374248
v 121.459968 -34.567665 -13.366736
v 121.459968 -32.782126 -14.257143
v 121.459968 -30.775125 -15.049298
v 121.459968 -28.538031 -15.745624
v 121.459968 -26.057185 -16.347635
v 121.459968 -23.310617 -16.856254
v 121.459968 -20.261720 -17.272022
v 121.459968 -16.845439 -17.595235
v 121.459968 -12.931873 -17.826043
v 121.459968 -8.191040 -17.964512
v 121.459968 -0.000000 -18.010667
v 121.459968 8.191040 -17.964512
v 121.459968 12.931873 -17.826043
v 121.459968 16.845439 -17.595235
v 121.459968 20.261720 -17.272022
v 121.459968 23.310617 -16.856254
v 121.459968 26.057185 -16.347635
v 121.459968 28.538031 -15.745624
v 121.459968 30.775125 -15.049298
v 121.459968 32.782126 -14.257143
v 121.459968 34.567665 -13.366736
v 121.459968 36.137201 -12.374248
v 121.459968 37.494149 -11.273619
v 121.459968 38.640591 -10.055102
v 121.459968 39.577743 -8.702457
v 121.459968 40.306274 -7.186822
v 121.459968 40.826521 -5.450566
v 121.459968 41.138633 -3.347293
v 130.431220 40.676921 0.236979
v 130.431220 40.573566 4.769726
v 130.431220 40.263502 7.417100
v 130.431220 39.746707 9.608088
v 130.431220 39.023093 11.523769
v 130.431220 38.092410 13.235453
v 130.431220 36.954106 14.778816
v 130.431220 35.607118 16.173890
v 130.431220 34.049564 17.432655
v 130.431220 32.278286 18.562522
v 130.431220 30.288158 19.568140
v 130.431220 28.070991 20.452420
v 130.431220 25.613732 21.217153
v 130.431220 22.895280 21.863410
v 130.431220 19.880350 22.391792
v 130.431220 16.506104 22.802614
v 130.431220 12.646937 23.096016
v 130.431220 7.983899 23.272051
v 130.431220 0.000000 23.330729
v 130.431220 -7.983899 23.272051
v 130.431220 -12.646937 23.096016
v 130.431220 -16.506104 22.802614
v 130.431220 -19.880350 22.391792
v 130.431220 -22.895280 21.863410
v 130.431220 -25.613732 21.217153
v 130.431220 -28.070991 20.452420
v 130.431220 -30.288158 19.568140
v 130.431220 -32.278286 18.562522
v 130.431220 -34.049564 17.432655
v 130.431220 -35.607118 16.173890
v 130.431220 -36.954106 14.778816
v 130.431220 -38.092410 13.235453
v 130.431220 -39.023093 11.523769
v 130.431220 -39.746707 9.608088
v 130.431220 -40.263502 7.417100
v 130.431220 -40.573566 4.769726
v 130.431220 -40.676921 0.236979
v 130.431220 -40.573566 -3.366300
v 130.431220 -40.263502 -5.470814
v 130.431220 -39.746707 -7.212526
v 130.431220 -39.023093 -8.735385
v 130.431220 -38.092410 -10.096078
v 130.431220 -36.954106 -11.322965
v 130.431220 -35.607118 -12.431971
v 130.431220 -34.049564 -13.432618
v 130.431220 -32.278286 -14.330800
v 130.431220 -30.288158 -15.130210
v 130.431220 -28.070991 -15.833162
v 130.431220 -25.613732 -16.441082
v 130.431220 -22.895280 -16.954820
v 130.431220 -19.880350 -17.374854
v 130.431220 -16.506104 -17.701434
v 130.431220 -12.646937 -17.934673
v 130.431220 -7.983899 -18.074611
v 130.431220 -0.000000 -18.121257
v 130.431220 7.983899 -18.074611
v 130.431220 12.646937 -17.934673
v 130.431220 16.506104 -17.701434
v 130.431220 19.880350 -17.374854
v 130.431220 22.895280 -16.954820
v 130.431220 25.613732 -16.441082
v 130.431220 28.070991 -15.833162
v 130.431220 30.288158 -15.130210
v 130.431220 32.278286 -14.330800
v 130.431220 34.049564 -13.432618
v 130.431220 35.607118 -12.431971
v 130.431220 36.954106 -11.322965
v 130.431220 38.092410 -10.096078
v 130.431220 39.023093 -8.735385
v 130.431220 39.746707 -7.212526
v 130.431220 40.263502 -5.470814
v 130.431220 40.573566 -3.366300
v 139.402472 39.970198 0.192917
v 139.402472 39.867858 4.641277
v 139.402472 39.560850 7.264368
v 139.402472 39.049190 9.441141
v 139.402472 38.332851 11.347666
v 139.402472 37.411675 13.053300
v 139.402472 36.285236 14.592702
v 139.402472 34.952634 15.985284
v 139.402472 33.412199 17.242610
v 139.402472 31.661051 18.371791
v 139.402472 29.694424 19.377250
v 139.402472 27.504615 20.261724
v 139.402472 25.079239 21.026866
v 139.402472 22.398156 21.673636
v 139.402472 19.427555 22.202549
v 139.402472 16.107075 22.613850
v 139.402472 12.315921 22.907631
v 139.402472 7.747442 23.083906
v 139.402472 0.000000 23.142667
v 139.402472 -7.747442 23.083906
v 139.402472 -12.315921 22.907631
v 139.402472 -16.107075 22.613850
v 139.402472 -19.427555 22.202549
v 139.402472 -22.398156 21.673636
v 139.402472 -25.079239 21.026866
v 139.402472 -27.504615 20.261724
v 139.402472 -29.694424 19.377250
v 139.402472 -31.661051 18.371791
v 139.402472 -33.412199 17.242610
v 139.402472 -34.952634 15.985284
v 139.402472 -36.285236 14.592702
v 139.402472 -37.411675 13.053300
v 139.402472 -38.332851 11.347666
v 139.402472 -39.049190 9.441141
v 139.402472 -39.560850 7.264368
v 139.402472 -39.867858 4.641277
v 139.402472 -39.970198 0.192917
v 139.402472 -39.867858 -3.373526
v 139.402472 -39.560850 -5.476570
v 139.402472 -39.049190 -7.221783
v 139.402472 -38.332851 -8.750326
v 139.402472 -37.411675 -10.117806
v 139.402472 -36.285236 -11.352011
v 139.402472 -34.952634 -12.468504
v 139.402472 -33.412199 -13.476556
v 139.402472 -31.661051 -14.381869
v 139.402472 -29.694424 -15.187989
v 139.402472 -27.504615 -15.897110
v 139.402472 -25.079239 -16.510557
v 139.402472 -22.398156 -17.029100
v 139.402472 -19.427555 -17.453152
v 139.402472 -16.107075 -17.782910
v 139.402472 -12.315921 -18.018447
v 139.402472 -7.747442 -18.159775
v 139.402472 -0.000000 -18.206885
v 139.402472 7.747442 -18.159775
v 139.402472 12.315921 -18.018447
v 139.402472 16.107075 -17.782910
v 139.402472 19.427555 -17.453152
v 139.402472 22.398156 -17.029100
v 139.402472 25.079239 -16.510557
v 139.402472 27.504615 -15.897110
v 139.402472 29.694424 -15.187989
v 139.402472 31.661051 -14.381869
v 139.402472 33.412199 -13.476556
v 139.402472 34.952634 -12.468504
v 139.402472 36.285236 -11.352011
v 139.402472 37.411675 -10.117806
v 139.402472 38.332851 -8.750326
v 139.402472 39.049190 -7.221783
v 139.402472 39.560850 -5.476570
v 139.402472 39.867858 -3.373526
v 148.373724 39.114371 0.154477
v 148.373724 39.013404 4.508846
v 148.373724 38.710525 7.102830
v 148.373724 38.205791 9.261697
v 148.373724 37.499239 11.156023
v 148.373724 36.590809 12.853015
v 148.373724 35.480204 14.386211
v 148.373724 34.166699 15.774341
v 148.373724 32.648853 17.028512
v 148.373724 30.924080 18.155508
v 148.373724 28.988007 19.159505
v 148.373724 26.833459 20.043050
v 148.373724 24.448781 20.807646
v 148.373724 21.814895 21.454134
v 148.373724 18.899622 21.982935
v 148.373724 15.645349 22.394221
v 148.373724 11.936617 22.688029
v 148.373724 7.480397 22.864336
v 148.373724 0.000000 22.923109
v 148.373724 -7.480397 22.864336
v 148.373724 -11.936617 22.688029
v 148.373724 -15.645349 22.394221
v 148.373724 -18.899622 21.982935
v 148.373724 -21.814895 21.454134
v 148.373724 -24.448781 20.807646
v 148.373724 -26.833459 20.043050
v 148.373724 -28.988007 19.159505
v 148.373724 -30.924080 18.155508
v 148.373724 -32.648853 17.028512
v 148.373724 -34.166699 15.774341
v 148.373724 -35.480204 14.386211
v 148.373724 -36.590809 12.853015
v 148.373724 -37.499239 11.156023
v 148.373724 -38.205791 9.261697
v 148.373724 -38.710525 7.102830
v 148.373724 -39.013404 4.508846
v 148.373724 -39.114371 0.154477
v 148.373724 -39.013404 -3.368588
v 148.373724 -38.710525 -5.467347
v 148.373724 -38.205791 -7.214059
v 148.373724 -37.499239 -8.746733
v 148.373724 -36.590809 -10.119748
v 148.373724 -35.480204 -11.360237
v 148.373724 -34.166699 -12.483355
v 148.373724 -32.648853 -13.498089
v 148.373724 -30.924080 -14.409927
v 148.373724 -28.988007 -15.222248
v 148.373724 -26.833459 -15.937113
v 148.373724 -24.448781 -16.555738
v 148.373724 -21.814895 -17.078803
v 148.373724 -18.899622 -17.506649
v 148.373724 -15.645349 -17.839415
v 148.373724 -11.936617 -18.077132
v 148.373724 -7.480397 -18.219779
v 148.373724 -0.000000 -18.267332
v 148.373724 7.480397 -18.219779
v 148.373724 11.936617 -18.077132
v 148.373724 15.645349 -17.839415
v 148.373724 18.899622 -17.506649
v 148.373724 21.814895 -17.078803
v 148.373724 24.448781 -16.555738
v 148.373724 26.833459 -15.937113
v 148.373724 28.988007 -15.222248
v 148.373724 30.924080 -14.409927
v 148.373724 32.648853 -13.498089
v 148.373724 34.166699 -12.483355
v 148.373724 35.480204 -11.360237
v 148.373724 36.590809 -10.119748
v 148.373724 37.499239 -8.746733
v 148.373724 38.205791 -7.214059
v 148.373724 38.710525 -5.467347
v 148.373724 39.013404 -3.368588
v 157.344976 38.107250 0.121500
v 157.344976 38.008024 4.371698
v 157.344976 37.710383 6.931377
v 157.344976 37.214420 9.068346
v 157.344976 36.520245 10.947174
v 157.344976 35.627896 12.632711
v 157.344976 34.537214 14.157262
v 157.344976 33.247659 15.538811
v 157.344976 31.758028 16.787962
v 157.344976 30.066053 17.911142
v 157.344976 28.167781 18.912258
v 157.344976 26.056606 19.793651
v 157.344976 23.721668 20.556662
v 157.344976 21.145043 21.202003
v 157.344976 18.296338 21.729993
v 157.344976 15.120954 22.140726
v 157.344976 11.509288 22.434179
v 157.344976 7.183207 22.610289
v 157.344976 0.000000 22.669000
v 157.344976 -7.183207 22.610289
v 157.344976 -11.509288 22.434179
v 157.344976 -15.120954 22.140726
v 157.344976 -18.296338 21.729993
v 157.344976 -21.145043 21.202003
v 157.344976 -23.721668 20.556662
v 157.344976 -26.056606 19.793651
v 157.344976 -28.167781 18.912258
v 157.344976 -30.066053 17.911142
v 157.344976 -31.758028 16.787962
v 157.344976 -33.247659 15.538811
v 157.344976 -34.537214 14.157262
v 157.344976 -35.627896 12.632711
v 157.344976 -36.520245 10.947174
v 157.344976 -37.214420 9.068346
v 157.344976 -37.710383 6.931377
v 157.344976 -38.008024 4.371698
v 157.344976 -38.107250 0.121500
v 157.344976 -38.008024 -3.351278
v 157.344976 -37.710383 -5.442756
v 157.344976 -37.214420 -7.188844
v 157.344976 -36.520245 -8.724009
v 157.344976 -35.627896 -10.101237
v 157.344976 -34.537214 -11.346927
v 157.344976 -33.247659 -12.475771
v 157.344976 -31.758028 -13.496436
v 157.344976 -30.066053 -14.414170
v 157.344976 -28.167781 -15.232168
v 157.344976 -26.056606 -15.952342
v 157.344976 -23.721668 -16.575788
v 157.344976 -21.145043 -17.103087
v 157.344976 -18.296338 -17.534500
v 157.344976 -15.120954 -17.870105
v 157.344976 -11.509288 -18.109881
v 157.344976 -7.183207 -18.253778
v 157.344976 -0.000000 -18.301750
v 157.344976 7.183207 -18.253778
v 157.344976 11.509288 -18.109881
v 157.344976 15.120954 -17.870105
v 157.344976 18.296338 -17.534500
v 157.344976 21.145043 -17.103087
v 157.344976 23.721668 -16.575788
v 157.344976 26.056606 -15.952342
v 157.344976 28.167781 -15.232168
v 157.344976 30.066053 -14.414170
v 157.344976 31.758028 -13.496436
v 157.344976 33.247659 -12.475771
v 157.344976 34.537214 -11.346927
v 157.344976 35.627896 -10.101237
v 157.344976 36.520245 -8.724009
v 157.344976 37.214420 -7.188844
v 157.344976 37.710383 -5.442756
v 157.344976 38.008024 -3.351278
v 166.316228 36.955848 0.093586
v 166.316228 36.858725 4.229365
v 166.316228 36.567405 6.749295
v 166.316228 36.082026 8.860144
v 166.316228 35.402764 10.719963
v 166.316228 34.529762 12.391034
v 166.316228 33.463006 13.904320
v 166.316228 32.202143 15.276991
v 166.316228 30.746225 16.519105
v 166.316228 29.093316 17.636701
v 166.316228 27.239907 18.633396
v 166.316228 25.179997 19.511307
v 166.316228 22.903575 20.271600
v 166.316228 20.393957 20.914849
v 166.316228 17.622671 21.441265
v 166.316228 14.538368 21.850856
v 166.316228 11.037758 22.143537
v 166.316228 6.858732 22.319201
v 166.316228 0.000000 22.377766
v 166.316228 -6.858732 22.319201
v 166.316228 -11.037758 22.143537
v 166.316228 -14.538368 21.850856
v 166.316228 -17.622671 21.441265
v 166.316228 -20.393957 20.914849
v 166.316228 -22.903575 20.271600
v 166.316228 -25.179997 19.511307
v 166.316228 -27.239907 18.633396
v 166.316228 -29.093316 17.636701
v 166.316228 -30.746225 16.519105
v 166.316228 -32.202143 15.276991
v 166.316228 -33.463006 13.904320
v 166.316228 -34.529762 12.391034
v 166.316228 -35.402764 10.719963
v 166.316228 -36.082026 8.860144
v 166.316228 -36.567405 6.749295
v 166.316228 -36.858725 4.229365
v 166.316228 -36.955848 0.093586
v 166.316228 -36.858725 -3.321673
v 166.316228 -36.567405 -5.402590
v 166.316228 -36.082026 -7.145694
v 166.316228 -35.402764 -8.681502
v 166.316228 -34.529762 -10.061445
v 166.316228 -33.463006 -11.311092
v 166.316228 -32.202143 -12.444621
v 166.316228 -30.746225 -13.470339
v 166.316228 -29.093316 -14.393231
v 166.316228 -27.239907 -15.216285
v 166.316228 -25.179997 -15.941250
v 166.316228 -22.903575 -16.569088
v 166.316228 -20.393957 -17.100272
v 166.316228 -17.622671 -17.534977
v 166.316228 -14.538368 -17.873211
v 166.316228 -11.037758 -18.114902
v 166.316228 -6.858732 -18.259962
v 166.316228 -0.000000 -18.308324
v 166.316228 6.858732 -18.259962
v 166.316228 11.037758 -18.114902
v 166.316228 14.538368 -17.873211
v 166.316228 17.622671 -17.534977
v 166.316228 20.393957 -17.100272
v 166.316228 22.903575 -16.569088
v 166.316228 25.179997 -15.941250
v 166.316228 27.239907 -15.216285
v 166.316228 29.093316 -14.393231
v 166.316228 30.746225 -13.470339
v 166.316228 32.202143 -12.444621
v 166.316228 33.463006 -11.311092
v 166.316228 34.529762 -10.061445
v 166.316228 35.402764 -8.681502
v 166.316228 36.082026 -7.145694
v 166.316228 36.567405 -5.402590
v 166.316228 36.858725 -3.321673
v 175.287480 35.667969 0.070313
v 175.287480 35.573302 4.081462
v 175.287480 35.289366 6.555978
v 175.287480 34.816338 8.636259
v 175.287480 34.154468 10.473342
v 175.287480 33.304003 12.126735
v 175.287480 32.265075 13.625949
v 175.287480 31.037529 14.987272
v 175.287480 29.620676 16.220175
v 175.287480 28.012925 17.330275
v 175.287480 26.211232 18.320879
v 175.287480 24.210231 19.193863
v 175.287480 22.000804 19.950206
v 175.287480 19.567578 20.590334
v 175.287480 16.884121 21.114342
v 175.287480 13.902535 21.522149
v 175.287480 10.526237 21.813602
v 175.287480 6.510098 21.988547
v 175.287480 0.000000 22.046875
v 175.287480 -6.510098 21.988547
v 175.287480 -10.526237 21.813602
v 175.287480 -13.902535 21.522149
v 175.287480 -16.884121 21.114342
v 175.287480 -19.567578 20.590334
v 175.287480 -22.000804 19.950206
v 175.287480 -24.210231 19.193863
v 175.287480 -26.211232 18.320879
v 175.287480 -28.012925 17.330275
v 175.287480 -29.620676 16.220175
v 175.287480 -31.037529 14.987272
v 175.287480 -32.265075 13.625949
v 175.287480 -33.304003 12.126735
v 175.287480 -34.154468 10.473342
v 175.287480 -34.816338 8.636259
v 175.287480 -35.289366 6.555978
v 175.287480 -35.573302 4.081462
v 175.287480 -35.667969 0.070313
v 175.287480 -35.573302 -3.279917
v 175.287480 -35.289366 -5.346705
v 175.287480 -34.816338 -7.084217
v 175.287480 -34.154468 -8.618603
v 175.287480 -33.304003 -9.999565
v 175.287480 -32.265075 -11.251753
v 175.287480 -31.037529 -12.388769
v 175.287480 -29.620676 -13.418526
v 175.287480 -28.012925 -14.345714
v 175.287480 -26.211232 -15.173095
v 175.287480 -24.210231 -15.902237
v 175.287480 -22.000804 -16.533957
v 175.287480 -19.567578 -17.068611
v 175.287480 -16.884121 -17.506278
v 175.287480 -13.902535 -17.846890
v 175.287480 -10.526237 -18.090320
v 175.287480 -6.510098 -18.236439
v 175.287480 -0.000000 -18.285156
v 175.287480 6.510098 -18.236439
v 175.287480 10.526237 -18.090320
v 175.287480 13.902535 -17.846890
v 175.287480 16.884121 -17.506278
v 175.287480 19.567578 -17.068611
v 175.287480 22.000804 -16.533957
v 175.287480 24.210231 -15.902237
v 175.287480 26.211232 -15.173095
v 175.287480 28.012925 -14.345714
v 175.287480 29.620676 -13.418526
v 175.287480 31.037529 -12.388769
v 175.287480 32.265075 -11.251753
v 175.287480 33.304003 -9.999565
v 175.287480 34.154468 -8.618603
v 175.287480 34.816338 -7.084217
v 175.287480 35.289366 -5.346705
v 175.287480 35.573302 -3.279917
v 184.258732 34.252841 0.051258
v 184.258732 34.160974 3.933871
v 184.258732 33.885449 6.360963
v 184.258732 33.426485 8.409273
v 184.258732 32.784404 10.222569
v 184.258732 31.959560 11.857471
v 184.258732 30.952233 13.341979
v 184.258732 29.762466 14.691455
v 184.258732 28.389836 15.914753
v 184.258732 26.833108 17.017051
v 184.258732 25.089713 18.001325
v 184.258732 23.154943 18.869199
v 184.258732 21.020611 19.621454
v 184.258732 18.672714 20.258358
v 184.258732 16.086951 20.779883
v 184.258732 13.219042 21.185852
v 184.258732 9.979432 21.476041
v 184.258732 6.140743 21.650248
v 184.258732 0.000000 21.708333
v 184.258732 -6.140743 21.650248
v 184.258732 -9.979432 21.476041
v 184.258732 -13.219042 21.185852
v 184.258732 -16.086951 20.779883
v 184.258732 -18.672714 20.258358
v 184.258732 -21.020611 19.621454
v 184.258732 -23.154943 18.869199
v 184.258732 -25.089713 18.001325
v 184.258732 -26.833108 17.017051
v 184.258732 -28.389836 15.914753
v 184.258732 -29.762466 14.691455
v 184.258732 -30.952233 13.341979
v 184.258732 -31.959560 11.857471
v 184.258732 -32.784404 10.222569
v 184.258732 -33.426485 8.409273
v 184.258732 -33.885449 6.360963
v 184.258732 -34.160974 3.933871
v 184.258732 -34.252841 0.051258
v 184.258732 -34.160974 -3.246952
v 184.258732 -33.885449 -5.308723
v 184.258732 -33.426485 -7.048726
v 184.258732 -32.784404 -8.589088
v 184.258732 -31.959560 -9.977908
v 184.258732 -30.952233 -11.238971
v 184.258732 -29.762466 -12.385326
v 184.258732 -28.389836 -13.424496
v 184.258732 -26.833108 -14.360878
v 184.258732 -25.089713 -15.197002
v 184.258732 -23.154943 -15.934245
v 184.258732 -21.020611 -16.573272
v 184.258732 -18.672714 -17.114311
v 184.258732 -16.086951 -17.557336
v 184.258732 -13.219042 -17.902200
v 184.258732 -9.979432 -18.148710
v 184.258732 -6.140743 -18.296696
v 184.258732 -0.000000 -18.346038
v 184.258732 6.140743 -18.296696
v 184.258732 9.979432 -18.148710
v 184.258732 13.219042 -17.902200
v 184.258732 16.086951 -17.557336
v 184.258732 18.672714 -17.114311
v 184.258732 21.020611 -16.573272
v 184.258732 23.154943 -15.934245
v 184.258732 25.089713 -15.197002
v 184.258732 26.833108 -14.360878
v 184.258732 28.389836 -13.424496
v 184.258732 29.762466 -12.385326
v 184.258732 30.952233 -11.238971
v 184.258732 31.959560 -9.977908
v 184.258732 32.784404 -8.589088
v 184.258732 33.426485 -7.048726
v 184.258732 33.885449 -5.308723
v 184.258732 34.160974 -3.246952
v 193.229984 32.819364 0.036000
v 193.229984 32.730357 4.056967
v 193.229984 32.463429 6.606149
v 193.229984 32.018840 8.766429
v 193.229984 31.396983 10.683891
v 193.229984 30.598320 12.416029
v 193.229984 29.623280 13.991170
v 193.229984 28.472105 15.424755
v 193.229984 27.144640 16.725581
v 193.229984 25.640005 17.898704
v 193.229984 23.956113 18.946942
v 193.229984 22.088915 19.871752
v 193.229984 20.031158 20.673744
v 193.229984 17.770210 21.353029
v 193.229984 15.283911 21.909435
v 193.229984 12.531600 22.342666
v 193.229984 9.430749 22.652400
v 193.229984 5.771670 22.838362
v 193.229984 0.000000 22.900370
v 193.229984 -5.771670 22.838362
v 193.229984 -9.430749 22.652400
v 193.229984 -12.531600 22.342666
v 193.229984 -15.283911 21.909435
v 193.229984 -17.770210 21.353029
v 193.229984 -20.031158 20.673744
v 193.229984 -22.088915 19.871752
v 193.229984 -23.956113 18.946942
v 193.229984 -25.640005 17.898704
v 193.229984 -27.144640 16.725581
v 193.229984 -28.472105 15.424755
v 193.229984 -29.623280 13.991170
v 193.229984 -30.598320 12.416029
v 193.229984 -31.396983 10.683891
v 193.229984 -32.018840 8.766429
v 193.229984 -32.463429 6.606149
v 193.229984 -32.730357 4.056967
v 193.229984 -32.819364 0.036000
v 193.229984 -32.730357 -3.755905
v 193.229984 -32.463429 -6.159867
v 193.229984 -32.018840 -8.197083
v 193.229984 -31.396983 -10.005312
v 193.229984 -30.598320 -11.638775
v 193.229984 -29.623280 -13.124185
v 193.229984 -28.472105 -14.476103
v 193.229984 -27.144640 -15.702825
v 193.229984 -25.640005 -16.809118
v 193.229984 -23.956113 -17.797642
v 193.229984 -22.088915 -18.669767
v 193.229984 -20.031158 -19.426072
v 193.229984 -17.770210 -20.066660
v 193.229984 -15.283911 -20.591370
v 193.229984 -12.531600 -20.999921
v 193.229984 -9.430749 -21.292010
v 193.229984 -5.771670 -21.467378
v 193.229984 -0.000000 -21.525854
v 193.229984 5.771670 -21.467378
v 193.229984 9.430749 -21.292010
v 193.229984 12.531600 -20.999921
v 193.229984 15.283911 -20.591370
v 193.229984 17.770210 -20.066660
v 193.229984 20.031158 -19.426072
v 193.229984 22.088915 -18.669767
v 193.229984 23.956113 -17.797642
v 193.229984 25.640005 -16.809118
v 193.229984 27.144640 -15.702825
v 193.229984 28.472105 -14.476103
v 193.229984 29.623280 -13.124185
v 193.229984 30.598320 -11.638775
v 193.229984 31.396983 -10.005312
v 193.229984 32.018840 -8.197083
v 193.229984 32.463429 -6.159867
v 193.229984 32.730357 -3.755905
v 202.201236 31.217550 0.024117
v 202.201236 31.131884 3.925348
v 202.201236 30.874991 6.435882
v 202.201236 30.447171 8.572883
v 202.201236 29.848889 10.475048
v 202.201236 29.080710 12.196904
v 202.201236 28.143209 13.765199
v 202.201236 27.036827 15.194389
v 202.201236 25.761675 16.492602
v 202.201236 24.317232 17.664401
v 202.201236 22.701900 18.712234
v 202.201236 20.912306 19.637259
v 202.201236 18.942159 20.439853
v 202.201236 16.780256 21.119938
v 202.201236 14.406667 21.677193
v 202.201236 11.784523 22.111201
v 202.201236 8.838655 22.421551
v 202.201236 5.377869 22.607908
v 202.201236 0.000000 22.670052
v 202.201236 -5.377869 22.607908
v 202.201236 -8.838655 22.421551
v 202.201236 -11.784523 22.111201
v 202.201236 -14.406667 21.677193
v 202.201236 -16.780256 21.119938
v 202.201236 -18.942159 20.439853
v 202.201236 -20.912306 19.637259
v 202.201236 -22.701900 18.712234
v 202.201236 -24.317232 17.664401
v 202.201236 -25.761675 16.492602
v 202.201236 -27.036827 15.194389
v 202.201236 -28.143209 13.765199
v 202.201236 -29.080710 12.196904
v 202.201236 -29.848889 10.475048
v 202.201236 -30.447171 8.572883
v 202.201236 -30.874991 6.435882
v 202.201236 -31.131884 3.925348
v 202.201236 -31.217550 0.024117
v 202.201236 -31.131884 -3.689600
v 202.201236 -30.874991 -6.079465
v 202.201236 -30.447171 -8.113751
v 202.201236 -29.848889 -9.924487
v 202.201236 -29.080710 -11.563582
v 202.201236 -28.143209 -13.056497
v 202.201236 -27.036827 -14.416992
v 202.201236 -25.761675 -15.652807
v 202.201236 -24.317232 -16.768284
v 202.201236 -22.701900 -17.765752
v 202.201236 -20.912306 -18.646315
v 202.201236 -18.942159 -19.410333
v 202.201236 -16.780256 -20.057730
v 202.201236 -14.406667 -20.588200
v 202.201236 -11.784523 -21.001347
v 202.201236 -8.838655 -21.296780
v 202.201236 -5.377869 -21.474179
v 202.201236 -0.000000 -21.533336
v 202.201236 5.377869 -21.474179
v 202.201236 8.838655 -21.296780
v 202.201236 11.784523 -21.001347
v 202.201236 14.406667 -20.588200
v 202.201236 16.780256 -20.057730
v 202.201236 18.942159 -19.410333
v 202.201236 20.912306 -18.646315
v 202.201236 22.701900 -17.765752
v 202.201236 24.317232 -16.768284
v 202.201236 25.761675 -15.652807
v 202.201236 27.036827 -14.416992
v 202.201236 28.143209 -13.056497
v 202.201236 29.080710 -11.563582
v 202.201236 29.848889 -9.924487
v 202.201236 30.447171 -8.113751
v 202.201236 30.874991 -6.079465
v 202.201236 31.131884 -3.689600
v 211.172488 29.542605 0.015187
v 211.172488 29.460517 3.794272
v 211.172488 29.214370 6.265147
v 211.172488 28.804503 8.378432
v 211.172488 28.231450 10.265192
v 211.172488 27.495876 11.976875
v 211.172488 26.598498 13.538576
v 211.172488 25.539953 14.963721
v 211.172488 24.320611 16.259732
v 211.172488 22.940308 17.430652
v 211.172488 21.397928 18.478529
v 211.172488 19.690774 19.404210
v 211.172488 17.813518 20.207820
v 211.172488 15.756386 20.889077
v 211.172488 13.501693 21.447498
v 211.172488 11.016382 21.882540
v 211.172488 8.232683 22.193696
v 211.172488 4.977952 22.380563
v 211.172488 0.000000 22.442881
v 211.172488 -4.977952 22.380563
v 211.172488 -8.232683 22.193696
v 211.172488 -11.016382 21.882540
v 211.172488 -13.501693 21.447498
v 211.172488 -15.756386 20.889077
v 211.172488 -17.813518 20.207820
v 211.172488 -19.690774 19.404210
v 211.172488 -21.397928 18.478529
v 211.172488 -22.940308 17.430652
v 211.172488 -24.320611 16.259732
v 211.172488 -25.539953 14.963721
v 211.172488 -26.598498 13.538576
v 211.172488 -27.495876 11.976875
v 211.172488 -28.231450 10.265192
v 211.172488 -28.804503 8.378432
v 211.172488 -29.214370 6.265147
v 211.172488 -29.460517 3.794272
v 211.172488 -29.542605 0.015188
v 211.172488 -29.460517 -3.616508
v 211.172488 -29.214370 -5.991017
v 211.172488 -28.804503 -8.021882
v 211.172488 -28.231450 -9.835056
v 211.172488 -27.495876 -11.479981
v 211.172488 -26.598498 -12.980774
v 211.172488 -25.539953 -14.350338
v 211.172488 -24.320611 -15.595803
v 211.172488 -22.940308 -16.721055
v 211.172488 -21.397928 -17.728064
v 211.172488 -19.690774 -18.617642
v 211.172488 -17.813518 -19.389910
v 211.172488 -15.756386 -20.044598
v 211.172488 -13.501693 -20.581240
v 211.172488 -11.016382 -20.999315
v 211.172488 -8.232683 -21.298336
v 211.172488 -4.977952 -21.477914
v 211.172488 -0.000000 -21.537802
v 211.172488 4.977952 -21.477914
v 211.172488 8.232683 -21.298336
v 211.172488 11.016382 -20.999315
v 211.172488 13.501693 -20.581240
v 211.172488 15.756386 -20.044598
v 211.172488 17.813518 -19.389910
v 211.172488 19.690774 -18.617642
v 211.172488 21.397928 -17.728064
v 211.172488 22.940308 -16.721055
v 211.172488 24.320611 -15.595803
v 211.172488 25.539953 -14.350338
v 211.172488 26.598498 -12.980774
v 211.172488 27.495876 -11.479981
v 211.172488 28.231450 -9.835056
v 211.172488 28.804503 -8.021882
v 211.172488 29.214370 -5.991017
v 211.172488 29.460517 -3.616508
v 220.143740 27.828250 0.008789
v 220.143740 27.749896 3.664839
v 220.143740 27.514965 6.095946
v 220.143740 27.123833 8.185861
v 220.143740 26.577097 10.057825
v 220.143740 25.875522 11.760107
v 220.143740 25.019962 13.316085
v 220.143740 24.011240 14.738112
v 220.143740 22.849982 16.032862
v 220.143740 21.536368 17.203832
v 220.143740 20.069758 18.252646
v 220.143740 18.448114 19.179816
v 220.143740 16.667061 19.985199
v 220.143740 14.718236 20.668294
v 220.143740 12.586171 21.228445
v 220.143740 10.241581 21.664969
v 220.143740 7.624014 21.977256
v 220.143740 4.579113 22.164830
v 220.143740 0.000000 22.227389
v 220.143740 -4.579113 22.164830
v 220.143740 -7.624014 21.977256
v 220.143740 -10.241581 21.664969
v 220.143740 -12.586171 21.228445
v 220.143740 -14.718236 20.668294
v 220.143740 -16.667061 19.985199
v 220.143740 -18.448114 19.179816
v 220.143740 -20.069758 18.252646
v 220.143740 -21.536368 17.203832
v 220.143740 -22.849982 16.032862
v 220.143740 -24.011240 14.738112
v 220.143740 -25.019962 13.316085
v 220.143740 -25.875522 11.760107
v 220.143740 -26.577097 10.057825
v 220.143740 -27.123833 8.185861
v 220.143740 -27.514965 6.095946
v 220.143740 -27.749896 3.664839
v 220.143740 -27.828250 0.008789
v 220.143740 -27.749896 -3.537220
v 220.143740 -27.514965 -5.895154
v 220.143740 -27.123833 -7.922166
v 220.143740 -26.577097 -9.737787
v 220.143740 -25.875522 -11.388832
v 220.143740 -25.019962 -12.897979
v 220.143740 -24.011240 -14.277204
v 220.143740 -22.849982 -15.532985
v 220.143740 -21.536368 -16.668710
v 220.143740 -20.069758 -17.685957
v 220.143740 -18.448114 -18.585220
v 220.143740 -16.667061 -19.366362
v 220.143740 -14.718236 -20.028898
v 220.143740 -12.586171 -20.572189
v 220.143740 -10.241581 -20.995574
v 220.143740 -7.624014 -21.298462
v 220.143740 -4.579113 -21.480390
v 220.143740 -0.000000 -21.541066
v 220.143740 4.579113 -21.480390
v 220.143740 7.624014 -21.298462
v 220.143740 10.241581 -20.995574
v 220.143740 12.586171 -20.572189
v 220.143740 14.718236 -20.028898
v 220.143740 16.667061 -19.366362
v 220.143740 18.448114 -18.585220
v 220.143740 20.069758 -17.685957
v 220.143740 21.536368 -16.668710
v 220.143740 22.849982 -15.532985
v 220.143740 24.011240 -14.277204
v 220.143740 25.019962 -12.897979
v 220.143740 25.875522 -11.388832
v 220.143740 26.577097 -9.737787
v 220.143740 27.123833 -7.922166
v 220.143740 27.514965 -5.895154
v 220.143740 27.749896 -3.537220
v 229.114992 26.130924 0.004500
v 229.114992 26.056313 3.538151
v 229.114992 25.832621 5.930332
v 229.114992 25.460260 7.998074
v 229.114992 24.939892 9.856641
v 229.114992 24.272373 11.551031
v 229.114992 23.458690 13.102852
v 229.114992 22.499847 14.523331
v 229.114992 21.396717 15.818363
v 229.114992 20.149811 16.990864
v 229.114992 18.758950 18.042010
v 229.114992 17.222738 18.971953
v 229.114992 15.537717 19.780261
v 229.114992 13.696894 20.466199
v 229.114992 11.686950 21.028920
v 229.114992 9.482254 21.467592
v 229.114992 7.029427 21.781493
v 229.114992 4.191738 21.970066
v 229.114992 0.000000 22.032964
v 229.114992 -4.191738 21.970066
v 229.114992 -7.029427 21.781493
v 229.114992 -9.482254 21.467592
v 229.114992 -11.686950 21.028920
v 229.114992 -13.696894 20.466199
v 229.114992 -15.537717 19.780261
v 229.114992 -17.222738 18.971953
v 229.114992 -18.758950 18.042010
v 229.114992 -20.149811 16.990864
v 229.114992 -21.396717 15.818363
v 229.114992 -22.499847 14.523331
v 229.114992 -23.458690 13.102852
v 229.114992 -24.272373 11.551031
v 229.114992 -24.939892 9.856641
v 229.114992 -25.460260 7.998074
v 229.114992 -25.832621 5.930332
v 229.114992 -26.056313 3.538151
v 229.114992 -26.130924 0.004500
v 229.114992 -26.056313 -3.452380
v 229.114992 -25.832621 -5.792590
v 229.114992 -25.460260 -7.815409
v 229.114992 -24.939892 -9.633597
v 229.114992 -24.272373 -11.291176
v 229.114992 -23.458690 -12.809282
v 229.114992 -22.499847 -14.198900
v 229.114992 -21.396717 -15.465797
v 229.114992 -20.149811 -16.612824
v 229.114992 -18.758950 -17.641133
v 229.114992 -17.222738 -18.550873
v 229.114992 -15.537717 -19.341620
v 229.114992 -13.696894 -20.012655
v 229.114992 -11.686950 -20.563150
v 229.114992 -9.482254 -20.992293
v 229.114992 -7.029427 -21.299374
v 229.114992 -4.191738 -21.483850
v 229.114992 -0.000000 -21.545381
v 229.114992 4.191738 -21.483850
v 229.114992 7.029427 -21.299374
v 229.114992 9.482254 -20.992293
v 229.114992 11.686950 -20.563150
v 229.114992 13.696894 -20.012655
v 229.114992 15.537717 -19.341620
v 229.114992 17.222738 -18.550873
v 229.114992 18.758950 -17.641133
v 229.114992 20.149811 -16.612824
v 229.114992 21.396717 -15.465797
v 229.114992 22.499847 -14.198900
v 229.114992 23.458690 -12.809282
v 229.114992 24.272373 -11.291176
v 229.114992 24.939892 -9.633597
v 229.114992 25.460260 -7.815409
v 229.114992 25.832621 -5.792590
v 229.114992 26.056313 -3.452380
v 238.086244 23.672309 0.001898
v 238.086244 23.603710 3.012891
v 238.086244 23.398062 5.090368
v 238.086244 23.055796 6.896662
v 238.086244 22.577610 8.526308
v 238.086244 21.964421 10.016048
v 238.086244 21.217305 11.383326
v 238.086244 20.337402 12.637015
v 238.086244 19.325783 13.781590
v 238.086244 18.183257 14.819082
v 238.086244 16.910075 15.750104
v 238.086244 15.505482 16.574452
v 238.086244 13.966988 17.291468
v 238.086244 12.289101 17.900279
v 238.086244 10.460930 18.399955
v 238.086244 8.461072 18.789619
v 238.086244 6.244436 19.068525
v 238.086244 3.695010 19.236104
v 238.086244 0.000000 19.292003
v 238.086244 -3.695010 19.236104
v 238.086244 -6.244436 19.068525
v 238.086244 -8.461072 18.789619
v 238.086244 -10.460930 18.399955
v 238.086244 -12.289101 17.900279
v 238.086244 -13.966988 17.291468
v 238.086244 -15.505482 16.574452
v 238.086244 -16.910075 15.750104
v 238.086244 -18.183257 14.819082
v 238.086244 -19.325783 13.781590
v 238.086244 -20.337402 12.637015
v 238.086244 -21.217305 11.383326
v 238.086244 -21.964421 10.016048
v 238.086244 -22.577610 8.526308
v 238.086244 -23.055796 6.896662
v 238.086244 -23.398062 5.090368
v 238.086244 -23.603710 3.012891
v 238.086244 -23.672309 0.001898
v 238.086244 -23.603710 -2.878200
v 238.086244 -23.398062 -4.865366
v 238.086244 -23.055796 -6.593136
v 238.086244 -22.577610 -8.151939
v 238.086244 -21.964421 -9.576917
v 238.086244 -21.217305 -10.884757
v 238.086244 -20.337402 -12.083945
v 238.086244 -19.325783 -13.178764
v 238.086244 -18.183257 -14.171154
v 238.086244 -16.910075 -15.061703
v 238.086244 -15.505482 -15.850215
v 238.086244 -13.966988 -16.536061
v 238.086244 -12.289101 -17.118406
v 238.086244 -10.460930 -17.596360
v 238.086244 -8.461072 -17.969085
v 238.086244 -6.244436 -18.235866
v 238.086244 -3.695010 -18.396160
v 238.086244 -0.000000 -18.449629
v 238.086244 3.695010 -18.396160
v 238.086244 6.244436 -18.235866
v 238.086244 8.461072 -17.969085
v 238.086244 10.460930 -17.596360
v 238.086244 12.289101 -17.118406
v 238.086244 13.966988 -16.536061
v 238.086244 15.505482 -15.850215
v 238.086244 16.910075 -15.061703
v 238.086244 18.183257 -14.171154
v 238.086244 19.325783 -13.178764
v 238.086244 20.337402 -12.083945
v 238.086244 21.217305 -10.884757
v 238.086244 21.964421 -9.576917
v 238.086244 22.577610 -8.151939
v 238.086244 23.055796 -6.593136
v 238.086244 23.398062 -4.865366
v 238.086244 23.603710 -2.878200
v 247.057496 21.388345 0.000563
v 247.057496 21.325388 2.678620
v 247.057496 21.136668 4.564041
v 247.057496 20.822636 6.213710
v 247.057496 20.384019 7.708030
v 247.057496 19.821785 9.078060
v 247.057496 19.137089 10.338325
v 247.057496 18.331189 11.496006
v 247.057496 17.405334 12.554522
v 247.057496 16.360591 13.515210
v 247.057496 15.197599 14.378218
v 247.057496 13.916179 15.143020
v 247.057496 12.514711 15.808732
v 247.057496 10.989056 16.374325
v 247.057496 9.330523 16.838758
v 247.057496 7.521525 17.201077
v 247.057496 5.524465 17.460483
v 247.057496 3.242008 17.616374
v 247.057496 0.000000 17.668380
v 247.057496 -3.242008 17.616374
v 247.057496 -5.524465 17.460483
v 247.057496 -7.521525 17.201077
v 247.057496 -9.330523 16.838758
v 247.057496 -10.989056 16.374325
v 247.057496 -12.514711 15.808732
v 247.057496 -13.916179 15.143020
v 247.057496 -15.197599 14.378218
v 247.057496 -16.360591 13.515210
v 247.057496 -17.405334 12.554522
v 247.057496 -18.331189 11.496006
v 247.057496 -19.137089 10.338325
v 247.057496 -19.821785 9.078060
v 247.057496 -20.384019 7.708030
v 247.057496 -20.822636 6.213710
v 247.057496 -21.136668 4.564041
v 247.057496 -21.325388 2.678620
v 247.057496 -21.388345 0.000563
v 247.057496 -21.325388 -2.546233
v 247.057496 -21.136668 -4.339242
v 247.057496 -20.822636 -5.908055
v 247.057496 -20.384019 -7.329133
v 247.057496 -19.821785 -8.632012
v 247.057496 -19.137089 -9.830507
v 247.057496 -18.331189 -10.931445
v 247.057496 -17.405334 -11.938079
v 247.057496 -16.360591 -12.851681
v 247.057496 -15.197599 -13.672390
v 247.057496 -13.916179 -14.399706
v 247.057496 -12.514711 -15.032789
v 247.057496 -10.989056 -15.570660
v 247.057496 -9.330523 -16.012329
v 247.057496 -7.521525 -16.356890
v 247.057496 -5.524465 -16.603581
v 247.057496 -3.242008 -16.751832
v 247.057496 -0.000000 -16.801288
v 247.057496 3.242008 -16.751832
v 247.057496 5.524465 -16.603581
v 247.057496 7.521525 -16.356890
v 247.057496 9.330523 -16.012329
v 247.057496 10.989056 -15.570660
v 247.057496 12.514711 -15.032789
v 247.057496 13.916179 -14.399706
v 247.057496 15.197599 -13.672390
v 247.057496 16.360591 -12.851681
v 247.057496 17.405334 -11.938079
v 247.057496 18.331189 -10.931445
v 247.057496 19.137089 -9.830507
v 247.057496 19.821785 -8.632012
v 247.057496 20.384019 -7.329133
v 247.057496 20.822636 -5.908055
v 247.057496 21.136668 -4.339242
v 247.057496 21.325388 -2.546233
v 256.028748 19.223387 0.000070
v 256.028748 19.165858 2.477374
v 256.028748 18.993430 4.259207
v 256.028748 18.706563 5.828823
v 256.028748 18.306009 7.256768
v 256.028748 17.792777 8.570058
v 256.028748 17.168085 9.781079
v 256.028748 16.433290 10.895711
v 256.028748 15.589792 11.916516
v 256.028748 14.638883 12.844228
v 256.028748 13.581541 13.678555
v 256.028748 12.418099 14.418641
v 256.028748 11.147718 15.063350
v 256.028748 9.767480 15.611455
v 256.028748 8.270682 16.061765
v 256.028748 6.643209 16.413210
v 256.028748 4.854270 16.664907
v 256.028748 2.823460 16.816197
v 256.028748 0.000000 16.866672
v 256.028748 -2.823460 16.816197
v 256.028748 -4.854270 16.664907
v 256.028748 -6.643209 16.413210
v 256.028748 -8.270682 16.061765
v 256.028748 -9.767480 15.611455
v 256.028748 -11.147718 15.063350
v 256.028748 -12.418099 14.418641
v 256.028748 -13.581541 13.678555
v 256.028748 -14.638883 12.844228
v 256.028748 -15.589792 11.916516
v 256.028748 -16.433290 10.895711
v 256.028748 -17.168085 9.781079
v 256.028748 -17.792777 8.570058
v 256.028748 -18.306009 7.256768
v 256.028748 -18.706563 5.828823
v 256.028748 -18.993430 4.259207
v 256.028748 -19.165858 2.477374
v 256.028748 -19.223387 0.000070
v 256.028748 -19.165858 -2.412384
v 256.028748 -18.993430 -4.147572
v 256.028748 -18.706563 -5.676099
v 256.028748 -18.306009 -7.066664
v 256.028748 -17.792777 -8.345576
v 256.028748 -17.168085 -9.524895
v 256.028748 -16.433290 -10.610349
v 256.028748 -15.589792 -11.604431
v 256.028748 -14.638883 -12.507858
v 256.028748 -13.581541 -13.320344
v 256.028748 -12.418099 -14.041057
v 256.028748 -11.147718 -14.668888
v 256.028748 -9.767480 -15.202645
v 256.028748 -8.270682 -15.641167
v 256.028748 -6.643209 -15.983413
v 256.028748 -4.854270 -16.228521
v 256.028748 -2.823460 -16.375850
v 256.028748 -0.000000 -16.425004
v 256.028748 2.823460 -16.375850
v 256.028748 4.854270 -16.228521
v 256.028748 6.643209 -15.983413
v 256.028748 8.270682 -15.641167
v 256.028748 9.767480 -15.202645
v 256.028748 11.147718 -14.668888
v 256.028748 12.418099 -14.041057
v 256.028748 13.581541 -13.320344
v 256.028748 14.638883 -12.507858
v 256.028748 15.589792 -11.604431
v 256.028748 16.433290 -10.610349
v 256.028748 17.168085 -9.524895
v 256.028748 17.792777 -8.345576
v 256.028748 18.306009 -7.066664
v 256.028748 18.706563 -5.676099
v 256.028748 18.993430 -4.147572
v 256.028748 19.165858 -2.412384
v 265.000000 17.000000 0.000000
v 265.000000 16.948228 2.271730
v 265.000000 16.793070 3.943267
v 265.000000 16.534990 5.426465
v 265.000000 16.174750 6.782055
v 265.000000 15.713376 8.033015
v 265.000000 15.152121 9.189587
v 265.000000 14.492407 10.256355
v 265.000000 13.735741 11.235023
v 265.000000 12.883591 12.125733
v 265.000000 11.937212 12.927756
v 265.000000 10.897377 13.639913
v 265.000000 9.763936 14.260820
v 265.000000 8.535079 14.789059
v 265.000000 7.205934 15.223294
v 265.000000 5.765619 15.562344
v 265.000000 4.189721 15.805242
v 265.000000 2.413714 15.951274
v 265.000000 0.000000 16.000000
v 265.000000 -2.413714 15.951274
v 265.000000 -4.189721 15.805242
v 265.000000 -5.765619 15.562344
v 265.000000 -7.205934 15.223294
v 265.000000 -8.535079 14.789059
v 265.000000 -9.763936 14.260820
v 265.000000 -10.897377 13.639913
v 265.000000 -11.937212 12.927756
v 265.000000 -12.883591 12.125733
v 265.000000 -13.735741 11.235023
v 265.000000 -14.492407 10.256355
v 265.000000 -15.152121 9.189587
v 265.000000 -15.713376 8.033015
v 265.000000 -16.174750 6.782055
v 265.000000 -16.534990 5.426465
v 265.000000 -16.793070 3.943267
v 265.000000 -16.948228 2.271730
v 265.000000 -17.000000 0.000000
v 265.000000 -16.948228 -2.271730
v 265.000000 -16.793070 -3.943267
v 265.000000 -16.534990 -5.426465
v 265.000000 -16.174750 -6.782055
v 265.000000 -15.713376 -8.033015
v 265.000000 -15.152121 -9.189587
v 265.000000 -14.492407 -10.256355
v 265.000000 -13.735741 -11.235023
v 265.000000 -12.883591 -12.125733
v 265.000000 -11.937212 -12.927756
v 265.000000 -10.897377 -13.639913
v 265.000000 -9.763936 -14.260820
v 265.000000 -8.535079 -14.789059
v 265.000000 -7.205934 -15.223294
v 265.000000 -5.765619 -15.562344
v 265.000000 -4.189721 -15.805242
v 265.000000 -2.413714 -15.951274
v 265.000000 -0.000000 -16.000000
v 265.000000 2.413714 -15.951274
v 265.000000 4.189721 -15.805242
v 265.000000 5.765619 -15.562344
v 265.000000 7.205934 -15.223294
v 265.000000 8.535079 -14.789059
v 265.000000 9.763936 -14.260820
v 265.000000 10.897377 -13.639913
v 265.000000 11.937212 -12.927756
v 265.000000 12.883591 -12.125733
v 265.000000 13.735741 -11.235023
v 265.000000 14.492407 -10.256355
v 265.000000 15.152121 -9.189587
v 265.000000 15.713376 -8.033015
v 265.000000 16.174750 -6.782055
v 265.000000 16.534990 -5.426465
v 265.000000 16.793070 -3.943267
v 265.000000 16.948228 -2.271730
v -452.700160 0.000000 -5.000000
v 265.000000 0.000000 0.000000
f 1 74 73
f 1 2 74
f 2 75 74
f 2 3 75
f 3 76 75
f 3 4 76
f 4 77 76
f 4 5 77
f 5 78 77
f 5 6 78
f 6 79 78
f 6 7 79
f 7 80 79
f 7 8 80
f 8 81 80
f 8 9 81
f 9 82 81
f 9 10 82
f 10 83 82
f 10 11 83
f 11 84 83
f 11 12 84
f 12 85 84
f 12 13 85
f 13 86 85
f 13 14 86
f 14 87 86
f 14 15 87
f 15 88 87
f 15 16 88
f 16 89 88
f 16 17 89
f 17 90 89
f 17 18 90
f 18 91 90
f 18 19 91
f 19 92 91
f 19 20 92
f 20 93 92
f 20 21 93
f 21 94 93
f 21 22 94
f 22 95 94
f 22 23 95
f 23 96 95
f 23 24 96
f 24 97 96
f 24 25 97
f 25 98 97
f 25 26 98
f 26 99 98
f 26 27 99
f 27 100 99
f 27 28 100
f 28 101 100
f 28 29 101
f 29 102 101
f 29 30 102
f 30 103 102
f 30 31 103
f 31 104 103
f 31 32 104
f 32 105 104
f 32 33 105
f 33 106 105
f 33 34 106
f 34 107 106
f 34 35 107
f 35 108 107
f 35 36 108
f 36 109 108
f 36 37 109
f 37 110 109
f 37 38 110
f 38 111 110
f 38 39 111
f 39 112 111
f 39 40 112
f 40 113 112
f 40 41 113
f 41 114 113
f 41 42 114
f 42 115 114
f 42 43 115
f 43 116 115
f 43 44 116
f 44 117 116
f 44 45 117
f 45 118 117
f 45 46 118
f 46 119 118
f 46 47 119
f 47 120 119
f 47 48 120
f 48 121 120
f 48 49 121
f 49 122 121
f 49 50 122
f 50 123 122
f 50 51 123
f 51 124 123
f 51 52 124
f 52 125 124
f 52 53 125
f 53 126 125
f 53 54 126
f 54 127 126
f 54 55 127
f 55 128 127
f 55 56 128
f 56 129 128
f 56 57 129
f 57 130 129
f 57 58 130
f 58 131 130
f 58 59 131
f 59 132 131
f 59 60 132
f 60 133 132
f 60 61 133
f 61 134 133
f 61 62 134
f 62 135 134
f 62 63 135
f 63 136 135
f 63 64 136
f 64 137 136
f 64 65 137
f 65 138 137
f 65 66 138
f 66 139 138
f 66 67 139
f 67 140 139
f 67 68 140
f 68 141 140
f 68 69 141
f 69 142 141
f 69 70 142
f 70 143 142
f 70 71 143
f 71 144 143
f 71 72 144
f 72 73 144
f 72 1 73
f 73 146 145
f 73 74 146
f 74 147 146
f 74 75 147
f 75 148 147
f 75 76 148
f 76 149 148
f 76 77 149
f 77 150 149
f 77 78 150
f 78 151 150
f 78 79 151
f 79 152 151
f 79 80 152
f 80 153 152
f 80 81 153
f 81 154 153
f 81 82 154
f 82 155 154
f 82 83 155
f 83 156 155
f 83 84 156
f 84 157 156
f 84 85 157
f 85 158 157
f 85 86 158
f 86 159 158
f 86 87 159
f 87 160 159
f 87 88 160
f 88 161 160
f 88 89 161
f 89 162 161
f 89 90 162
f 90 163 162
f 90 91 163
f 91 164 163
f 91 92 164
f 92 165 164
f 92 93 165
f 93 166 165
f 93 94 166
f 94 167 166
f 94 95 167
f 95 168 167
f 95 96 168
f 96 169 168
f 96 97 169
f 97 170 169
f 97 98 170
f 98 171 170
f 98 99 171
f 99 172 171
f 99 100 172
f 100 173 172
f 100 101 173
f 101 174 173
f 101 102 174
f 102 175 174
f 102 103 175
f 103 176 175
f 103 104 176
f 104 177 176
f 104 105 177
f 105 178 177
f 105 106 178
f 106 179 178
f 106 107 179
f 107 180 179
f 107 108 180
f 108 181 180
f 108 109 181
f 109 182 181
f 109 110 182
f 110 183 182
f 110 111 183
f 111 184 183
f 111 112 184
f 112 185 184
f 112 113 185
f 113 186 185
f 113 114 186
f 114 187 186
f 114 115 187
f 115 188 187
f 115 116 188
f 116 189 188
f 116 117 189
f 117 190 189
f 117 118 190
f 118 191 190
f 118 119 191
f 119 192 191
f 119 120 192
f 120 193 192
f 120 121 193
f 121 194 193
f 121 122 194
f 122 195 194
f 122 123 195
f 123 196 195
f 123 124 196
f 124 197 196
f 124 125 197
f 125 198 197
f 125 126 198
f 126 199 198
f 126 127 199
f 127 200 199
f 127 128 200
f 128 201 200
f 128 129 201
f 129 202 201
f 129 130 202
f 130 203 202
f 130 131 203
f 131 204 203
f 131 132 204
f 132 205 204
f 132 133 205
f 133 206 205
f 133 134 206
f 134 207 206
f 134 135 207
f 135 208 207
f 135 136 208
f 136 209 208
f 136 137 209
f 137 210 209
f 137 138 210
f 138 211 210
f 138 139 211
f 139 212 211
f 139 140 212
f 140 213 212
f 140 141 213
f 141 214 213
f 141 142 214
f 142 215 214
f 142 143 215
f 143 216 215
f 143 144 216
f 144 145 216
f 144 73 145
f 145 218 217
f 145 146 218
f 146 219 218
f 146 147 219
f 147 220 219
f 147 148 220
f 148 221 220
f 148 149 221
f 149 222 221
f 149 150 222
f 150 223 222
f 150 151 223
f 151 224 223
f 151 152 224
f 152 225 224
f 152 153 225
f 153 226 225
f 153 154 226
f 154 227 226
f 154 155 227
f 155 228 227
f 155 156 228
f 156 229 228
f 156 157 229
f 157 230 229
f 157 158 230
f 158 231 230
f 158 159 231
f 159 232 231
f 159 160 232
f 160 233 232
f 160 161 233
f 161 234 233
f 161 162 234
f 162 235 234
f 162 163 235
f 163 236 235
f 163 164 236
f 164 237 236
f 164 165 237
f 165 238 237
f 165 166 238
f 166 239 238
f 166 167 239
f 167 240 239
f 167 168 240
f 168 241 240
f 168 169 241
f 169 242 241
f 169 170 242
f 170 243 242
f 170 171 243
f 171 244 243
f 171 172 244
f 172 245 244
f 172 173 245
f 173 246 245
f 173 174 246
f 174 247 246
f 174 175 247
f 175 248 247
f 175 176 248
f 176 249 248
f 176 177 249
f 177 250 249
f 177 178 250
f 178 251 250
f 178 179 251
f 179 252 251
f 179 180 252
f 180 253 252
f 180 181 253
f 181 254 253
f 181 182 254
f 182 255 254
f 182 183 255
f 183 256 255
f 183 184 256
f 184 257 256
f 184 185 257
f 185 258 257
f 185 186 258
f 186 259 258
f 186 187 259
f 187 260 259
f 187 188 260
f 188 261 260
f 188 189 261
f 189 262 261
f 189 190 262
f 190 263 262
f 190 191 263
f 191 264 263
f 191 192 264
f 192 265 264
f 192 193 265
f 193 266 265
f 193 194 266
f 194 267 266
f 194 195 267
f 195 268 267
f 195 196 268
f 196 269 268
f 196 197 269
f 197 270 269
f 197 198 270
f 198 271 270
f 198 199 271
f 199 272 271
f 199 200 272
f 200 273 272
f 200 201 273
f 201 274 273
f 201 202 274
f 202 275 274
f 202 203 275
f 203 276 275
f 203 204 276
f 204 277 276
f 204 205 277
f 205 278 277
f 205 206 278
f 206 279 278
f 206 207 279
f 207 280 279
f 207 208 280
f 208 281 280
f 208 209 281
f 209 282 281
f 209 210 282
f 210 283 282
f 210 211 283
f 211 284 283
f 211 212 284
f 212 285 284
f 212 213 285
f 213 286 285
f 213 214 286
f 214 287 286
f 214 215 287
f 215 288 287
f 215 216 288
f 216 217 288
f 216 145 217
f 217 290 289
f 217 218 290
f 218 291 290
f 218 219 291
f 219 292 291
f 219 220 292
f 220 293 292
f 220 221 293
f 221 294 293
f 221 222 294
f 222 295 294
f 222 223 295
f 223 296 295
f 223 224 296
f 224 297 296
f 224 225 297
f 225 298 297
f 225 226 298
f 226 299 298
f 226 227 299
f 227 300 299
f 227 228 300
f 228 301 300
f 228 229 301
f 229 302 301
f 229 230 302
f 230 303 302
f 230 231 303
f 231 304 303
f 231 232 304
f 232 305 304
f 232 233 305
f 233 306 305
f 233 234 306
f 234 307 306
f 234 235 307
f 235 308 307
f 235 236 308
f 236 309 308
f 236 237 309
f 237 310 309
f 237 238 310
f 238 311 310
f 238 239 311
f 239 312 311
f 239 240 312
f 240 313 312
f 240 241 313
f 241 314 313
f 241 242 314
f 242 315 314
f 242 243 315
f 243 316 315
f 243 244 316
f 244 317 316
f 244 245 317
f 245 318 317
f 245 246 318
f 246 319 318
f 246 247 319
f 247 320 319
f 247 248 320
f 248 321 320
f 248 249 321
f 249 322 321
f 249 250 322
f 250 323 322
f 250 251 323
f 251 324 323
f 251 252 324
f 252 325 324
f 252 253 325
f 253 326 325
f 253 254 326
f 254 327 326
f 254 255 327
f 255 328 327
f 255 256 328
f 256 329 328
f 256 257 329
f 257 330 329
f 257 258 330
f 258 331 330
f 258 259 331
f 259 332 331
f 259 260 332
f 260 333 332
f 260 261 333
f 261 334 333
f 261 262 334
f 262 335 334
f 262 263 335
f 263 336 335
f 263 264 336
f 264 337 336
f 264 265 337
f 265 338 337
f 265 266 338
f 266 339 338
f 266 267 339
f 267 340 339
f 267 268 340
f 268 341 340
f 268 269 341
f 269 342 341
f 269 270 342
f 270 343 342
f 270 271 343
f 271 344 343
f 271 272 344
f 272 345 344
f 272 273 345
f 273 346 345
f 273 274 346
f 274 347 346
f 274 275 347
f 275 348 347
f 275 276 348
f 276 349 348
f 276 277 349
f 277 350 349
f 277 278 350
f 278 351 350
f 278 279 351
f 279 352 351
f 279 280 352
f 280 353 352
f 280 281 353
f 281 354 353
f 281 282 354
f 282 355 354
f 282 283 355
f 283 356 355
f 283 284 356
f 284 357 356
f 284 285 357
f 285 358 357
f 285 286 358
f 286 359 358
f 286 287 359
f 287 360 359
f 287 288 360
f 288 289 360
f 288 217 289
f 289 362 361
f 289 290 362
f 290 363 362
f 290 291 363
f 291 364 363
f 291 292 364
f 292 365 364
f 292 293 365
f 293 366 365
f 293 294 366
f 294 367 366
f 294 295 367
f 295 368 367
f 295 296 368
f 296 369 368
f 296 297 369
f 297 370 369
f 297 298 370
f 298 371 370
f 298 299 371
f 299 372 371
f 299 300 372
f 300 373 372
f 300 301 373
f 301 374 373
f 301 302 374
f 302 375 374
f 302 303 375
f 303 376 375
f 303 304 376
f 304 377 376
f 304 305 377
f 305 378 377
f 305 306 378
f 306 379 378
f 306 307 379
f 307 380 379
f 307 308 380
f 308 381 380
f 308 309 381
f 309 382 381
f 309 310 382
f 310 383 382
f 310 311 383
f 311 384 383
f 311 312 384
f 312 385 384
f 312 313 385
f 313 386 385
f 313 314 386
f 314 387 386
f 314 315 387
f 315 388 387
f 315 316 388
f 316 389 388
f 316 317 389
f 317 390 389
f 317 318 390
f 318 391 390
f 318 319 391
f 319 392 391
f 319 320 392
f 320 393 392
f 320 321 393
f 321 394 393
f 321 322 394
f 322 395 394
f 322 323 395
f 323 396 395
f 323 324 396
f 324 397 396
f 324 325 397
f 325 398 397
f 325 326 398
f 326 399 398
f 326 327 399
f 327 400 399
f 327 328 400
f 328 401 400
f 328 329 401
f 329 402 401
f 329 330 402
f 330 403 402
f 330 331 403
f 331 404 403
f 331 332 404
f 332 405 404
f 332 333 405
f 333 406 405
f 333 334 406
f 334 407 406
f 334 335 407
f 335 408 407
f 335 336 408
f 336 409 408
f 336 337 409
f 337 410 409
f 337 338 410
f 338 411 410
f 338 339 411
f 339 412 411
f 339 340 412
f 340 413 412
f 340 341 413
f 341 414 413
f 341 342 414
f 342 415 414
f 342 343 415
f 343 416 415
f 343 344 416
f 344 417 416
f 344 345 417
f 345 418 417
f 345 346 418
f 346 419 418
f 346 347 419
f 347 420 419
f 347 348 420
f 348 421 420
f 348 349 421
f 349 422 421
f 349 350 422
f 350 423 422
f 350 351 423
f 351 424 423
f 351 352 424
f 352 425 424
f 352 353 425
f 353 426 425
f 353 354 426
f 354 427 426
f 354 355 427
f 355 428 427
f 355 356 428
f 356 429 428
f 356 357 429
f 357 430 429
f 357 358 430
f 358 431 430
f 358 359 431
f 359 432 431
f 359 360 432
f 360 361 432
f 360 289 361
f 361 434 433
f 361 362 434
f 362 435 434
f 362 363 435
f 363 436 435
f 363 364 436
f 364 437 436
f 364 365 437
f 365 438 437
f 365 366 438
f 366 439 438
f 366 367 439
f 367 440 439
f 367 368 440
f 368 441 440
f 368 369 441
f 369 442 441
f 369 370 442
f 370 443 442
f 370 371 443
f 371 444 443
f 371 372 444
f 372 445 444
f 372 373 445
f 373 446 445
f 373 374 446
f 374 447 446
f 374 375 447
f 375 448 447
f 375 376 448
f 376 449 448
f 376 377 449
f 377 450 449
f 377 378 450
f 378 451 450
f 378 379 451
f 379 452 451
f 379 380 452
f 380 453 452
f 380 381 453
f 381 454 453
f 381 382 454
f 382 455 454
f 382 383 455
f 383 456 455
f 383 384 456
f 384 457 456
f 384 385 457
f 385 458 457
f 385 386 458
f 386 459 458
f 386 387 459
f 387 460 459
f 387 388 460
f 388 461 460
f 388 389 461
f 389 462 461
f 389 390 462
f 390 463 462
f 390 391 463
f 391 464 463
f 391 392 464
f 392 465 464
f 392 393 465
f 393 466 465
f 393 394 466
f 394 467 466
f 394 395 467
f 395 468 467
f 395 396 468
f 396 469 468
f 396 397 469
f 397 470 469
f 397 398 470
f 398 471 470
f 398 399 471
f 399 472 471
f 399 400 472
f 400 473 472
f 400 401 473
f 401 474 473
f 401 402 474
f 402 475 474
f 402 403 475
f 403 476 475
f 403 404 476
f 404 477 476
f 404 405 477
f 405 478 477
f 405 406 478
f 406 479 478
f 406 407 479
f 407 480 479
f 407 408 480
f 408 481 480
f 408 409 481
f 409 482 481
f 409 410 482
f 410 483 482
f 410 411 483
f 411 484 483
f 411 412 484
f 412 485 484
f 412 413 485
f 413 486 485
f 413 414 486
f 414 487 486
f 414 415 487
f 415 488 487
f 415 416 488
f 416 489 488
f 416 417 489
f 417 490 489
f 417 418 490
f 418 491 490
f 418 419 491
f 419 492 491
f 419 420 492
f 420 493 492
f 420 421 493
f 421 494 493
f 421 422 494
f 422 495 494
f 422 423 495
f 423 496 495
f 423 424 496
f 424 497 496
f 424 425 497
f 425 498 497
f 425 426 498
f 426 499 498
f 426 427 499
f 427 500 499
f 427 428 500
f 428 501 500
f 428 429 501
f 429 502 501
f 429 430 502
f 430 503 502
f 430 431 503
f 431 504 503
f 431 432 504
f 432 433 504
f 432 361 433
f 433 506 505
f 433 434 506
f 434 507 506
f 434 435 507
f 435 508 507
f 435 436 508
f 436 509 508
f 436 437 509
f 437 510 509
f 437 438 510
f 438 511 510
f 438 439 511
f 439 512 511
f 439 440 512
f 440 513 512
f 440 441 513
f 441 514 513
f 441 442 514
f 442 515 514
f 442 443 515
f 443 516 515
f 443 444 516
f 444 517 516
f 444 445 517
f 445 518 517
f 445 446 518
f 446 519 518
f 446 447 519
f 447 520 519
f 447 448 520
f 448 521 520
f 448 449 521
f 449 522 521
f 449 450 522
f 450 523 522
f 450 451 523
f 451 524 523
f 451 452 524
f 452 525 524
f 452 453 525
f 453 526 525
f 453 454 526
f 454 527 526
f 454 455 527
f 455 528 527
f 455 456 528
f 456 529 528
f 456 457 529
f 457 530 529
f 457 458 530
f 458 531 530
f 458 459 531
f 459 532 531
f 459 460 532
f 460 533 532
f 460 461 533
f 461 534 533
f 461 462 534
f 462 535 534
f 462 463 535
f 463 536 535
f 463 464 536
f 464 537 536
f 464 465 537
f 465 538 537
f 465 466 538
f 466 539 538
f 466 467 539
f 467 540 539
f 467 468 540
f 468 541 540
f 468 469 541
f 469 542 541
f 469 470 542
f 470 543 542
f 470 471 543
f 471 544 543
f 471 472 544
f 472 545 544
f 472 473 545
f 473 546 545
f 473 474 546
f 474 547 546
f 474 475 547
f 475 548 547
f 475 476 548
f 476 549 548
f 476 477 549
f 477 550 549
f 477 478 550
f 478 551 550
f 478 479 551
f 479 552 551
f 479 480 552
f 480 553 552
f 480 481 553
f 481 554 553
f 481 482 554
f 482 555 554
f 482 483 555
f 483 556 555
f 483 484 556
f 484 557 556
f 484 485 557
f 485 558 557
f 485 486 558
f 486 559 558
f 486 487 559
f 487 560 559
f 487 488 560
f 488 561 560
f 488 489 561
f 489 562 561
f 489 490 562
f 490 563 562
f 490 491 563
f 491 564 563
f 491 492 564
f 492 565 564
f 492 493 565
f 493 566 565
f 493 494 566
f 494 567 566
f 494 495 567
f 495 568 567
f 495 496 568
f 496 569 568
f 496 497 569
f 497 570 569
f 497 498 570
f 498 571 570
f 498 499 571
f 499 572 571
f 499 500 572
f 500 573 572
f 500 501 573
f 501 574 573
f 501 502 574
f 502 575 574
f 502 503 575
f 503 576 575
f 503 504 576
f 504 505 576
f 504 433 505
f 505 578 577
f 505 506 578
f 506 579 578
f 506 507 579
f 507 580 579
f 507 508 580
f 508 581 580
f 508 509 581
f 509 582 581
f 509 510 582
f 510 583 582
f 510 511 583
f 511 584 583
f 511 512 584
f 512 585 584
f 512 513 585
f 513 586 585
f 513 514 586
f 514 587 586
f 514 515 587
f 515 588 587
f 515 516 588
f 516 589 588
f 516 517 589
f 517 590 589
f 517 518 590
f 518 591 590
f 518 519 591
f 519 592 591
f 519 520 592
f 520 593 592
f 520 521 593
f 521 594 593
f 521 522 594
f 522 595 594
f 522 523 595
f 523 596 595
f 523 524 596
f 524 597 596
f 524 525 597
f 525 598 597
f 525 526 598
f 526 599 598
f 526 527 599
f 527 600 599
f 527 528 600
f 528 601 600
f 528 529 601
f 529 602 601
f 529 530 602
f 530 603 602
f 530 531 603
f 531 604 603
f 531 532 604
f 532 605 604
f 532 533 605
f 533 606 605
f 533 534 606
f 534 607 606
f 534 535 607
f 535 608 607
f 535 536 608
f 536 609 608
f 536 537 609
f 537 610 609
f 537 538 610
f 538 611 610
f 538 539 611
f 539 612 611
f 539 540 612
f 540 613 612
f 540 541 613
f 541 614 613
f 541 542 614
f 542 615 614
f 542 543 615
f 543 616 615
f 543 544 616
f 544 617 616
f 544 545 617
f 545 618 617
f 545 546 618
f 546 619 618
f 546 547 619
f 547 620 619
f 547 548 620
f 548 621 620
f 548 549 621
f 549 622 621
f 549 550 622
f 550 623 622
f 550 551 623
f 551 624 623
f 551 552 624
f 552 625 624
f 552 553 625
f 553 626 625
f 553 554 626
f 554 627 626
f 554 555 627
f 555 628 627
f 555 556 628
f 556 629 628
f 556 557 629
f 557 630 629
f 557 558 630
f 558 631 630
f 558 559 631
f 559 632 631
f 559 560 632
f 560 633 632
f 560 561 633
f 561 634 633
f 561 562 634
f 562 635 634
f 562 563 635
f 563 636 635
f 563 564 636
f 564 637 636
f 564 565 637
f 565 638 637
f 565 566 638
f 566 639 638
f 566 567 639
f 567 640 639
f 567 568 640
f 568 641 640
f 568 569 641
f 569 642 641
f 569 570 642
f 570 643 642
f 570 571 643
f 571 644 643
f 571 572 644
f 572 645 644
f 572 573 645
f 573 646 645
f 573 574 646
f 574 647 646
f 574 575 647
f 575 648 647
f 575 576 648
f 576 577 648
f 576 505 577
f 577 650 649
f 577 578 650
f 578 651 650
f 578 579 651
f 579 652 651
f 579 580 652
f 580 653 652
f 580 581 653
f 581 654 653
f 581 582 654
f 582 655 654
f 582 583 655
f 583 656 655
f 583 584 656
f 584 657 656
f 584 585 657
f 585 658 657
f 585 586 658
f 586 659 658
f 586 587 659
f 587 660 659
f 587 588 660
f 588 661 660
f 588 589 661
f 589 662 661
f 589 590 662
f 590 663 662
f 590 591 663
f 591 664 663
f 591 592 664
f 592 665 664
f 592 593 665
f 593 666 665
f 593 594 666
f 594 667 666
f 594 595 667
f 595 668 667
f 595 596 668
f 596 669 668
f 596 597 669
f 597 670 669
f 597 598 670
f 598 671 670
f 598 599 671
f 599 672 671
f 599 600 672
f 600 673 672
f 600 601 673
f 601 674 673
f 601 602 674
f 602 675 674
f 602 603 675
f 603 676 675
f 603 604 676
f 604 677 676
f 604 605 677
f 605 678 677
f 605 606 678
f 606 679 678
f 606 607 679
f 607 680 679
f 607 608 680
f 608 681 680
f 608 609 681
f 609 682 681
f 609 610 682
f 610 683 682
f 610 611 683
f 611 684 683
f 611 612 684
f 612 685 684
f 612 613 685
f 613 686 685
f 613 614 686
f 614 687 686
f 614 615 687
f 615 688 687
f 615 616 688
f 616 689 688
f 616 617 689
f 617 690 689
f 617 618 690
f 618 691 690
f 618 619 691
f 619 692 691
f 619 620 692
f 620 693 692
f 620 621 693
f 621 694 693
f 621 622 694
f 622 695 694
f 622 623 695
f 623 696 695
f 623 624 696
f 624 697 696
f 624 625 697
f 625 698 697
f 625 626 698
f 626 699 698
f 626 627 699
f 627 700 699
f 627 628 700
f 628 701 700
f 628 629 701
f 629 702 701
f 629 630 702
f 630 703 702
f 630 631 703
f 631 704 703
f 631 632 704
f 632 705 704
f 632 633 705
f 633 706 705
f 633 634 706
f 634 707 706
f 634 635 707
f 635 708 707
f 635 636 708
f 636 709 708
f 636 637 709
f 637 710 709
f 637 638 710
f 638 711 710
f 638 639 711
f 639 712 711
f 639 640 712
f 640 713 712
f 640 641 713
f 641 714 713
f 641 642 714
f 642 715 714
f 642 643 715
f 643 716 715
f 643 644 716
f 644 717 716
f 644 645 717
f 645 718 717
f 645 646 718
f 646 719 718
f 646 647 719
f 647 720 719
f 647 648 720
f 648 649 720
f 648 577 649
f 649 722 721
f 649 650 722
f 650 723 722
f 650 651 723
f 651 724 723
f 651 652 724
f 652 725 724
f 652 653 725
f 653 726 725
f 653 654 726
f 654 727 726
f 654 655 727
f 655 728 727
f 655 656 728
f 656 729 728
f 656 657 729
f 657 730 729
f 657 658 730
f 658 731 730
f 658 659 731
f 659 732 731
f 659 660 732
f 660 733 732
f 660 661 733
f 661 734 733
f 661 662 734
f 662 735 734
f 662 663 735
f 663 736 735
f 663 664 736
f 664 737 736
f 664 665 737
f 665 738 737
f 665 666 738
f 666 739 738
f 666 667 739
f 667 740 739
f 667 668 740
f 668 741 740
f 668 669 741
f 669 742 741
f 669 670 742
f 670 743 742
f 670 671 743
f 671 744 743
f 671 672 744
f 672 745 744
f 672 673 745
f 673 746 745
f 673 674 746
f 674 747 746
f 674 675 747
f 675 748 747
f 675 676 748
f 676 749 748
f 676 677 749
f 677 750 749
f 677 678 750
f 678 751 750
f 678 679 751
f 679 752 751
f 679 680 752
f 680 753 752
f 680 681 753
f 681 754 753
f 681 682 754
f 682 755 754
f 682 683 755
f 683 756 755
f 683 684 756
f 684 757 756
f 684 685 757
f 685 758 757
f 685 686 758
f 686 759 758
f 686 687 759
f 687 760 759
f 687 688 760
f 688 761 760
f 688 689 761
f 689 762 761
f 689 690 762
f 690 763 762
f 690 691 763
f 691 764 763
f 691 692 764
f 692 765 764
f 692 693 765
f 693 766 765
f 693 694 766
f 694 767 766
f 694 695 767
f 695 768 767
f 695 696 768
f 696 769 768
f 696 697 769
f 697 770 769
f 697 698 770
f 698 771 770
f 698 699 771
f 699 772 771
f 699 700 772
f 700 773 772
f 700 701 773
f 701 774 773
f 701 702 774
f 702 775 774
f 702 703 775
f 703 776 775
f 703 704 776
f 704 777 776
f 704 705 777
f 705 778 777
f 705 706 778
f 706 779 778
f 706 707 779
f 707 780 779
f 707 708 780
f 708 781 780
f 708 709 781
f 709 782 781
f 709 710 782
f 710 783 782
f 710 711 783
f 711 784 783
f 711 712 784
f 712 785 784
f 712 713 785
f 713 786 785
f 713 714 786
f 714 787 786
f 714 715 787
f 715 788 787
f 715 716 788
f 716 789 788
f 716 717 789
f 717 790 789
f 717 718 790
f 718 791 790
f 718 719 791
f 719 792 791
f 719 720 792
f 720 721 792
f 720 649 721
f 721 794 793
f 721 722 794
f 722 795 794
f 722 723 795
f 723 796 795
f 723 724 796
f 724 797 796
f 724 725 797
f 725 798 797
f 725 726 798
f 726 799 798
f 726 727 799
f 727 800 799
f 727 728 800
f 728 801 800
f 728 729 801
f 729 802 801
f 729 730 802
f 730 803 802
f 730 731 803
f 731 804 803
f 731 732 804
f 732 805 804
f 732 733 805
f 733 806 805
f 733 734 806
f 734 807 806
f 734 735 807
f 735 808 807
f 735 736 808
f 736 809 808
f 736 737 809
f 737 810 809
f 737 738 810
f 738 811 810
f 738 739 811
f 739 812 811
f 739 740 812
f 740 813 812
f 740 741 813
f 741 814 813
f 741 742 814
f 742 815 814
f 742 743 815
f 743 816 815
f 743 744 816
f 744 817 816
f 744 745 817
f 745 818 817
f 745 746 818
f 746 819 818
f 746 747 819
f 747 820 819
f 747 748 820
f 748 821 820
f 748 749 821
f 749 822 821
f 749 750 822
f 750 823 822
f 750 751 823
f 751 824 823
f 751 752 824
f 752 825 824
f 752 753 825
f 753 826 825
f 753 754 826
f 754 827 826
f 754 755 827
f 755 828 827
f 755 756 828
f 756 829 828
f 756 757 829
f 757 830 829
f 757 758 830
f 758 831 830
f 758 759 831
f 759 832 831
f 759 760 832
f 760 833 832
f 760 761 833
f 761 834 833
f 761 762 834
f 762 835 834
f 762 763 835
f 763 836 835
f 763 764 836
f 764 837 836
f 764 765 837
f 765 838 837
f 765 766 838
f 766 839 838
f 766 767 839
f 767 840 839
f 767 768 840
f 768 841 840
f 768 769 841
f 769 842 841
f 769 770 842
f 770 843 842
f 770 771 843
f 771 844 843
f 771 772 844
f 772 845 844
f 772 773 845
f 773 846 845
f 773 774 846
f 774 847 846
f 774 775 847
f 775 848 847
f 775 776 848
f 776 849 848
f 776 777 849
f 777 850 849
f 777 778 850
f 778 851 850
f 778 779 851
f 779 852 851
f 779 780 852
f 780 853 852
f 780 781 853
f 781 854 853
f 781 782 854
f 782 855 854
f 782 783 855
f 783 856 855
f 783 784 856
f 784 857 856
f 784 785 857
f 785 858 857
f 785 786 858
f 786 859 858
f 786 787 859
f 787 860 859
f 787 788 860
f 788 861 860
f 788 789 861
f 789 862 861
f 789 790 862
f 790 863 862
f 790 791 863
f 791 864 863
f 791 792 864
f 792 793 864
f 792 721 793
f 793 866 865
f 793 794 866
f 794 867 866
f 794 795 867
f 795 868 867
f 795 796 868
f 796 869 868
f 796 797 869
f 797 870 869
f 797 798 870
f 798 871 870
f 798 799 871
f 799 872 871
f 799 800 872
f 800 873 872
f 800 801 873
f 801 874 873
f 801 802 874
f 802 875 874
f 802 803 875
f 803 876 875
f 803 804 876
f 804 877 876
f 804 805 877
f 805 878 877
f 805 806 878
f 806 879 878
f 806 807 879
f 807 880 879
f 807 808 880
f 808 881 880
f 808 809 881
f 809 882 881
f 809 810 882
f 810 883 882
f 810 811 883
f 811 884 883
f 811 812 884
f 812 885 884
f 812 813 885
f 813 886 885
f 813 814 886
f 814 887 886
f 814 815 887
f 815 888 887
f 815 816 888
f 816 889 888
f 816 817 889
f 817 890 889
f 817 818 890
f 818 891 890
f 818 819 891
f 819 892 891
f 819 820 892
f 820 893 892
f 820 821 893
f 821 894 893
f 821 822 894
f 822 895 894
f 822 823 895
f 823 896 895
f 823 824 896
f 824 897 896
f 824 825 897
f 825 898 897
f 825 826 898
f 826 899 898
f 826 827 899
f 827 900 899
f 827 828 900
f 828 901 900
f 828 829 901
f 829 902 901
f 829 830 902
f 830 903 902
f 830 831 903
f 831 904 903
f 831 832 904
f 832 905 904
f 832 833 905
f 833 906 905
f 833 834 906
f 834 907 906
f 834 835 907
f 835 908 907
f 835 836 908
f 836 909 908
f 836 837 909
f 837 910 909
f 837 838 910
f 838 911 910
f 838 839 911
f 839 912 911
f 839 840 912
f 840 913 912
f 840 841 913
f 841 914 913
f 841 842 914
f 842 915 914
f 842 843 915
f 843 916 915
f 843 844 916
f 844 917 916
f 844 845 917
f 845 918 917
f 845 846 918
f 846 919 918
f 846 847 919
f 847 920 919
f 847 848 920
f 848 921 920
f 848 849 921
f 849 922 921
f 849 850 922
f 850 923 922
f 850 851 923
f 851 924 923
f 851 852 924
f 852 925 924
f 852 853 925
f 853 926 925
f 853 854 926
f 854 927 926
f 854 855 927
f 855 928 927
f 855 856 928
f 856 929 928
f 856 857 929
f 857 930 929
f 857 858 930
f 858 931 930
f 858 859 931
f 859 932 931
f 859 860 932
f 860 933 932
f 860 861 933
f 861 934 933
f 861 862 934
f 862 935 934
f 862 863 935
f 863 936 935
f 863 864 936
f 864 865 936
f 864 793 865
f 865 938 937
f 865 866 938
f 866 939 938
f 866 867 939
f 867 940 939
f 867 868 940
f 868 941 940
f 868 869 941
f 869 942 941
f 869 870 942
f 870 943 942
f 870 871 943
f 871 944 943
f 871 872 944
f 872 945 944
f 872 873 945
f 873 946 945
f 873 874 946
f 874 947 946
f 874 875 947
f 875 948 947
f 875 876 948
f 876 949 948
f 876 877 949
f 877 950 949
f 877 878 950
f 878 951 950
f 878 879 951
f 879 952 951
f 879 880 952
f 880 953 952
f 880 881 953
f 881 954 953
f 881 882 954
f 882 955 954
f 882 883 955
f 883 956 955
f 883 884 956
f 884 957 956
f 884 885 957
f 885 958 957
f 885 886 958
f 886 959 958
f 886 887 959
f 887 960 959
f 887 888 960
f 888 961 960
f 888 889 961
f 889 962 961
f 889 890 962
f 890 963 962
f 890 891 963
f 891 964 963
f 891 892 964
f 892 965 964
f 892 893 965
f 893 966 965
f 893 894 966
f 894 967 966
f 894 895 967
f 895 968 967
f 895 896 968
f 896 969 968
f 896 897 969
f 897 970 969
f 897 898 970
f 898 971 970
f 898 899 971
f 899 972 971
f 899 900 972
f 900 973 972
f 900 901 973
f 901 974 973
f 901 902 974
f 902 975 974
f 902 903 975
f 903 976 975
f 903 904 976
f 904 977 976
f 904 905 977
f 905 978 977
f 905 906 978
f 906 979 978
f 906 907 979
f 907 980 979
f 907 908 980
f 908 981 980
f 908 909 981
f 909 982 981
f 909 910 982
f 910 983 982
f 910 911 983
f 911 984 983
f 911 912 984
f 912 985 984
f 912 913 985
f 913 986 985
f 913 914 986
f 914 987 986
f 914 915 987
f 915 988 987
f 915 916 988
f 916 989 988
f 916 917 989
f 917 990 989
f 917 918 990
f 918 991 990
f 918 919 991
f 919 992 991
f 919 920 992
f 920 993 992
f 920 921 993
f 921 994 993
f 921 922 994
f 922 995 994
f 922 923 995
f 923 996 995
f 923 924 996
f 924 997 996
f 924 925 997
f 925 998 997
f 925 926 998
f 926 999 998
f 926 927 999
f 927 1000 999
f 927 928 1000
f 928 1001 1000
f 928 929 1001
f 929 1002 1001
f 929 930 1002
f 930 1003 1002
f 930 931 1003
f 931 1004 1003
f 931 932 1004
f 932 1005 1004
f 932 933 1005
f 933 1006 1005
f 933 934 1006
f 934 1007 1006
f 934 935 1007
f 935 1008 1007
f 935 936 1008
f 936 937 1008
f 936 865 937
f 937 1010 1009
f 937 938 1010
f 938 1011 1010
f 938 939 1011
f 939 1012 1011
f 939 940 1012
f 940 1013 1012
f 940 941 1013
f 941 1014 1013
f 941 942 1014
f 942 1015 1014
f 942 943 1015
f 943 1016 1015
f 943 944 1016
f 944 1017 1016
f 944 945 1017
f 945 1018 1017
f 945 946 1018
f 946 1019 1018
f 946 947 1019
f 947 1020 1019
f 947 948 1020
f 948 1021 1020
f 948 949 1021
f 949 1022 1021
f 949 950 1022
f 950 1023 1022
f 950 951 1023
f 951 1024 1023
f 951 952 1024
f 952 1025 1024
f 952 953 1025
f 953 1026 1025
f 953 954 1026
f 954 1027 1026
f 954 955 1027
f 955 1028 1027
f 955 956 1028
f 956 1029 1028
f 956 957 1029
f 957 1030 1029
f 957 958 1030
f 958 1031 1030
f 958 959 1031
f 959 1032 1031
f 959 960 1032
f 960 1033 1032
f 960 961 1033
f 961 1034 1033
f 961 962 1034
f 962 1035 1034
f 962 963 1035
f 963 1036 1035
f 963 964 1036
f 964 1037 1036
f 964 965 1037
f 965 1038 1037
f 965 966 1038
f 966 1039 1038
f 966 967 1039
f 967 1040 1039
f 967 968 1040
f 968 1041 1040
f 968 969 1041
f 969 1042 1041
f 969 970 1042
f 970 1043 1042
f 970 971 1043
f 971 1044 1043
f 971 972 1044
f 972 1045 1044
f 972 973 1045
f 973 1046 1045
f 973 974 1046
f 974 1047 1046
f 974 975 1047
f 975 1048 1047
f 975 976 1048
f 976 1049 1048
f 976 977 1049
f 977 1050 1049
f 977 978 1050
f 978 1051 1050
f 978 979 1051
f 979 1052 1051
f 979 980 1052
f 980 1053 1052
f 980 981 1053
f 981 1054 1053
f 981 982 1054
f 982 1055 1054
f 982 983 1055
f 983 1056 1055
f 983 984 1056
f 984 1057 1056
f 984 985 1057
f 985 1058 1057
f 985 986 1058
f 986 1059 1058
f 986 987 1059
f 987 1060 1059
f 987 988 1060
f 988 1061 1060
f 988 989 1061
f 989 1062 1061
f 989 990 1062
f 990 1063 1062
f 990 991 1063
f 991 1064 1063
f 991 992 1064
f 992 1065 1064
f 992 993 1065
f 993 1066 1065
f 993 994 1066
f 994 1067 1066
f 994 995 1067
f 995 1068 1067
f 995 996 1068
f 996 1069 1068
f 996 997 1069
f 997 1070 1069
f 997 998 1070
f 998 1071 1070
f 998 999 1071
f 999 1072 1071
f 999 1000 1072
f 1000 1073 1072
f 1000 1001 1073
f 1001 1074 1073
f 1001 1002 1074
f 1002 1075 1074
f 1002 1003 1075
f 1003 1076 1075
f 1003 1004 1076
f 1004 1077 1076
f 1004 1005 1077
f 1005 1078 1077
f 1005 1006 1078
f 1006 1079 1078
f 1006 1007 1079
f 1007 1080 1079
f 1007 1008 1080
f 1008 1009 1080
f 1008 937 1009
f 1009 1082 1081
f 1009 1010 1082
f 1010 1083 1082
f 1010 1011 1083
f 1011 1084 1083
f 1011 1012 1084
f 1012 1085 1084
f 1012 1013 1085
f 1013 1086 1085
f 1013 1014 1086
f 1014 1087 1086
f 1014 1015 1087
f 1015 1088 1087
f 1015 1016 1088
f 1016 1089 1088
f 1016 1017 1089
f 1017 1090 1089
f 1017 1018 1090
f 1018 1091 1090
f 1018 1019 1091
f 1019 1092 1091
f 1019 1020 1092
f 1020 1093 1092
f 1020 1021 1093
f 1021 1094 1093
f 1021 1022 1094
f 1022 1095 1094
f 1022 1023 1095
f 1023 1096 1095
f 1023 1024 1096
f 1024 1097 1096
f 1024 1025 1097
f 1025 1098 1097
f 1025 1026 1098
f 1026 1099 1098
f 1026 1027 1099
f 1027 1100 1099
f 1027 1028 1100
f 1028 1101 1100
f 1028 1029 1101
f 1029 1102 1101
f 1029 1030 1102
f 1030 1103 1102
f 1030 1031 1103
f 1031 1104 1103
f 1031 1032 1104
f 1032 1105 1104
f 1032 1033 1105
f 1033 1106 1105
f 1033 1034 1106
f 1034 1107 1106
f 1034 1035 1107
f 1035 1108 1107
f 1035 1036 1108
f 1036 1109 1108
f 1036 1037 1109
f 1037 1110 1109
f 1037 1038 1110
f 1038 1111 1110
f 1038 1039 1111
f 1039 1112 1111
f 1039 1040 1112
f 1040 1113 1112
f 1040 1041 1113
f 1041 1114 1113
f 1041 1042 1114
f 1042 1115 1114
f 1042 1043 1115
f 1043 1116 1115
f 1043 1044 1116
f 1044 1117 1116
f 1044 1045 1117
f 1045 1118 1117
f 1045 1046 1118
f 1046 1119 1118
f 1046 1047 1119
f 1047 1120 1119
f 1047 1048 1120
f 1048 1121 1120
f 1048 1049 1121
f 1049 1122 1121
f 1049 1050 1122
f 1050 1123 1122
f 1050 1051 1123
f 1051 1124 1123
f 1051 1052 1124
f 1052 1125 1124
f 1052 1053 1125
f 1053 1126 1125
f 1053 1054 1126
f 1054 1127 1126
f 1054 1055 1127
f 1055 1128 1127
f 1055 1056 1128
f 1056 1129 1128
f 1056 1057 1129
f 1057 1130 1129
f 1057 1058 1130
f 1058 1131 1130
f 1058 1059 1131
f 1059 1132 1131
f 1059 1060 1132
f 1060 1133 1132
f 1060 1061 1133
f 1061 1134 1133
f 1061 1062 1134
f 1062 1135 1134
f 1062 1063 1135
f 1063 1136 1135
f 1063 1064 1136
f 1064 1137 1136
f 1064 1065 1137
f 1065 1138 1137
f 1065 1066 1138
f 1066 1139 1138
f 1066 1067 1139
f 1067 1140 1139
f 1067 1068 1140
f 1068 1141 1140
f 1068 1069 1141
f 1069 1142 1141
f 1069 1070 1142
f 1070 1143 1142
f 1070 1071 1143
f 1071 1144 1143
f 1071 1072 1144
f 1072 1145 1144
f 1072 1073 1145
f 1073 1146 1145
f 1073 1074 1146
f 1074 1147 1146
f 1074 1075 1147
f 1075 1148 1147
f 1075 1076 1148
f 1076 1149 1148
f 1076 1077 1149
f 1077 1150 1149
f 1077 1078 1150
f 1078 1151 1150
f 1078 1079 1151
f 1079 1152 1151
f 1079 1080 1152
f 1080 1081 1152
f 1080 1009 1081
f 1081 1154 1153
f 1081 1082 1154
f 1082 1155 1154
f 1082 1083 1155
f 1083 1156 1155
f 1083 1084 1156
f 1084 1157 1156
f 1084 1085 1157
f 1085 1158 1157
f 1085 1086 1158
f 1086 1159 1158
f 1086 1087 1159
f 1087 1160 1159
f 1087 1088 1160
f 1088 1161 1160
f 1088 1089 1161
f 1089 1162 1161
f 1089 1090 1162
f 1090 1163 1162
f 1090 1091 1163
f 1091 1164 1163
f 1091 1092 1164
f 1092 1165 1164
f 1092 1093 1165
f 1093 1166 1165
f 1093 1094 1166
f 1094 1167 1166
f 1094 1095 1167
f 1095 1168 1167
f 1095 1096 1168
f 1096 1169 1168
f 1096 1097 1169
f 1097 1170 1169
f 1097 1098 1170
f 1098 1171 1170
f 1098 1099 1171
f 1099 1172 1171
f 1099 1100 1172
f 1100 1173 1172
f 1100 1101 1173
f 1101 1174 1173
f 1101 1102 1174
f 1102 1175 1174
f 1102 1103 1175
f 1103 1176 1175
f 1103 1104 1176
f 1104 1177 1176
f 1104 1105 1177
f 1105 1178 1177
f 1105 1106 1178
f 1106 1179 1178
f 1106 1107 1179
f 1107 1180 1179
f 1107 1108 1180
f 1108 1181 1180
f 1108 1109 1181
f 1109 1182 1181
f 1109 1110 1182
f 1110 1183 1182
f 1110 1111 1183
f 1111 1184 1183
f 1111 1112 1184
f 1112 1185 1184
f 1112 1113 1185
f 1113 1186 1185
f 1113 1114 1186
f 1114 1187 1186
f 1114 1115 1187
f 1115 1188 1187
f 1115 1116 1188
f 1116 1189 1188
f 1116 1117 1189
f 1117 1190 1189
f 1117 1118 1190
f 1118 1191 1190
f 1118 1119 1191
f 1119 1192 1191
f 1119 1120 1192
f 1120 1193 1192
f 1120 1121 1193
f 1121 1194 1193
f 1121 1122 1194
f 1122 1195 1194
f 1122 1123 1195
f 1123 1196 1195
f 1123 1124 1196
f 1124 1197 1196
f 1124 1125 1197
f 1125 1198 1197
f 1125 1126 1198
f 1126 1199 1198
f 1126 1127 1199
f 1127 1200 1199
f 1127 1128 1200
f 1128 1201 1200
f 1128 1129 1201
f 1129 1202 1201
f 1129 1130 1202
f 1130 1203 1202
f 1130 1131 1203
f 1131 1204 1203
f 1131 1132 1204
f 1132 1205 1204
f 1132 1133 1205
f 1133 1206 1205
f 1133 1134 1206
f 1134 1207 1206
f 1134 1135 1207
f 1135 1208 1207
f 1135 1136 1208
f 1136 1209 1208
f 1136 1137 1209
f 1137 1210 1209
f 1137 1138 1210
f 1138 1211 1210
f 1138 1139 1211
f 1139 1212 1211
f 1139 1140 1212
f 1140 1213 1212
f 1140 1141 1213
f 1141 1214 1213
f 1141 1142 1214
f 1142 1215 1214
f 1142 1143 1215
f 1143 1216 1215
f 1143 1144 1216
f 1144 1217 1216
f 1144 1145 1217
f 1145 1218 1217
f 1145 1146 1218
f 1146 1219 1218
f 1146 1147 1219
f 1147 1220 1219
f 1147 1148 1220
f 1148 1221 1220
f 1148 1149 1221
f 1149 1222 1221
f 1149 1150 1222
f 1150 1223 1222
f 1150 1151 1223
f 1151 1224 1223
f 1151 1152 1224
f 1152 1153 1224
f 1152 1081 1153
f 1153 1226 1225
f 1153 1154 1226
f 1154 1227 1226
f 1154 1155 1227
f 1155 1228 1227
f 1155 1156 1228
f 1156 1229 1228
f 1156 1157 1229
f 1157 1230 1229
f 1157 1158 1230
f 1158 1231 1230
f 1158 1159 1231
f 1159 1232 1231
f 1159 1160 1232
f 1160 1233 1232
f 1160 1161 1233
f 1161 1234 1233
f 1161 1162 1234
f 1162 1235 1234
f 1162 1163 1235
f 1163 1236 1235
f 1163 1164 1236
f 1164 1237 1236
f 1164 1165 1237
f 1165 1238 1237
f 1165 1166 1238
f 1166 1239 1238
f 1166 1167 1239
f 1167 1240 1239
f 1167 1168 1240
f 1168 1241 1240
f 1168 1169 1241
f 1169 1242 1241
f 1169 1170 1242
f 1170 1243 1242
f 1170 1171 1243
f 1171 1244 1243
f 1171 1172 1244
f 1172 1245 1244
f 1172 1173 1245
f 1173 1246 1245
f 1173 1174 1246
f 1174 1247 1246
f 1174 1175 1247
f 1175 1248 1247
f 1175 1176 1248
f 1176 1249 1248
f 1176 1177 1249
f 1177 1250 1249
f 1177 1178 1250
f 1178 1251 1250
f 1178 1179 1251
f 1179 1252 1251
f 1179 1180 1252
f 1180 1253 1252
f 1180 1181 1253
f 1181 1254 1253
f 1181 1182 1254
f 1182 1255 1254
f 1182 1183 1255
f 1183 1256 1255
f 1183 1184 1256
f 1184 1257 1256
f 1184 1185 1257
f 1185 1258 1257
f 1185 1186 1258
f 1186 1259 1258
f 1186 1187 1259
f 1187 1260 1259
f 1187 1188 1260
f 1188 1261 1260
f 1188 1189 1261
f 1189 1262 1261
f 1189 1190 1262
f 1190 1263 1262
f 1190 1191 1263
f 1191 1264 1263
f 1191 1192 1264
f 1192 1265 1264
f 1192 1193 1265
f 1193 1266 1265
f 1193 1194 1266
f 1194 1267 1266
f 1194 1195 1267
f 1195 1268 1267
f 1195 1196 1268
f 1196 1269 1268
f 1196 1197 1269
f 1197 1270 1269
f 1197 1198 1270
f 1198 1271 1270
f 1198 1199 1271
f 1199 1272 1271
f 1199 1200 1272
f 1200 1273 1272
f 1200 1201 1273
f 1201 1274 1273
f 1201 1202 1274
f 1202 1275 1274
f 1202 1203 1275
f 1203 1276 1275
f 1203 1204 1276
f 1204 1277 1276
f 1204 1205 1277
f 1205 1278 1277
f 1205 1206 1278
f 1206 1279 1278
f 1206 1207 1279
f 1207 1280 1279
f 1207 1208 1280
f 1208 1281 1280
f 1208 1209 1281
f 1209 1282 1281
f 1209 1210 1282
f 1210 1283 1282
f 1210 1211 1283
f 1211 1284 1283
f 1211 1212 1284
f 1212 1285 1284
f 1212 1213 1285
f 1213 1286 1285
f 1213 1214 1286
f 1214 1287 1286
f 1214 1215 1287
f 1215 1288 1287
f 1215 1216 1288
f 1216 1289 1288
f 1216 1217 1289
f 1217 1290 1289
f 1217 1218 1290
f 1218 1291 1290
f 1218 1219 1291
f 1219 1292 1291
f 1219 1220 1292
f 1220 1293 1292
f 1220 1221 1293
f 1221 1294 1293
f 1221 1222 1294
f 1222 1295 1294
f 1222 1223 1295
f 1223 1296 1295
f 1223 1224 1296
f 1224 1225 1296
f 1224 1153 1225
f 1225 1298 1297
f 1225 1226 1298
f 1226 1299 1298
f 1226 1227 1299
f 1227 1300 1299
f 1227 1228 1300
f 1228 1301 1300
f 1228 1229 1301
f 1229 1302 1301
f 1229 1230 1302
f 1230 1303 1302
f 1230 1231 1303
f 1231 1304 1303
f 1231 1232 1304
f 1232 1305 1304
f 1232 1233 1305
f 1233 1306 1305
f 1233 1234 1306
f 1234 1307 1306
f 1234 1235 1307
f 1235 1308 1307
f 1235 1236 1308
f 1236 1309 1308
f 1236 1237 1309
f 1237 1310 1309
f 1237 1238 1310
f 1238 1311 1310
f 1238 1239 1311
f 1239 1312 1311
f 1239 1240 1312
f 1240 1313 1312
f 1240 1241 1313
f 1241 1314 1313
f 1241 1242 1314
f 1242 1315 1314
f 1242 1243 1315
f 1243 1316 1315
f 1243 1244 1316
f 1244 1317 1316
f 1244 1245 1317
f 1245 1318 1317
f 1245 1246 1318
f 1246 1319 1318
f 1246 1247 1319
f 1247 1320 1319
f 1247 1248 1320
f 1248 1321 1320
f 1248 1249 1321
f 1249 1322 1321
f 1249 1250 1322
f 1250 1323 1322
f 1250 1251 1323
f 1251 1324 1323
f 1251 1252 1324
f 1252 1325 1324
f 1252 1253 1325
f 1253 1326 1325
f 1253 1254 1326
f 1254 1327 1326
f 1254 1255 1327
f 1255 1328 1327
f 1255 1256 1328
f 1256 1329 1328
f 1256 1257 1329
f 1257 1330 1329
f 1257 1258 1330
f 1258 1331 1330
f 1258 1259 1331
f 1259 1332 1331
f 1259 1260 1332
f 1260 1333 1332
f 1260 1261 1333
f 1261 1334 1333
f 1261 1262 1334
f 1262 1335 1334
f 1262 1263 1335
f 1263 1336 1335
f 1263 1264 1336
f 1264 1337 1336
f 1264 1265 1337
f 1265 1338 1337
f 1265 1266 1338
f 1266 1339 1338
f 1266 1267 1339
f 1267 1340 1339
f 1267 1268 1340
f 1268 1341 1340
f 1268 1269 1341
f 1269 1342 1341
f 1269 1270 1342
f 1270 1343 1342
f 1270 1271 1343
f 1271 1344 1343
f 1271 1272 1344
f 1272 1345 1344
f 1272 1273 1345
f 1273 1346 1345
f 1273 1274 1346
f 1274 1347 1346
f 1274 1275 1347
f 1275 1348 1347
f 1275 1276 1348
f 1276 1349 1348
f 1276 1277 1349
f 1277 1350 1349
f 1277 1278 1350
f 1278 1351 1350
f 1278 1279 1351
f 1279 1352 1351
f 1279 1280 1352
f 1280 1353 1352
f 1280 1281 1353
f 1281 1354 1353
f 1281 1282 1354
f 1282 1355 1354
f 1282 1283 1355
f 1283 1356 1355
f 1283 1284 1356
f 1284 1357 1356
f 1284 1285 1357
f 1285 1358 1357
f 1285 1286 1358
f 1286 1359 1358
f 1286 1287 1359
f 1287 1360 1359
f 1287 1288 1360
f 1288 1361 1360
f 1288 1289 1361
f 1289 1362 1361
f 1289 1290 1362
f 1290 1363 1362
f 1290 1291 1363
f 1291 1364 1363
f 1291 1292 1364
f 1292 1365 1364
f 1292 1293 1365
f 1293 1366 1365
f 1293 1294 1366
f 1294 1367 1366
f 1294 1295 1367
f 1295 1368 1367
f 1295 1296 1368
f 1296 1297 1368
f 1296 1225 1297
f 1297 1370 1369
f 1297 1298 1370
f 1298 1371 1370
f 1298 1299 1371
f 1299 1372 1371
f 1299 1300 1372
f 1300 1373 1372
f 1300 1301 1373
f 1301 1374 1373
f 1301 1302 1374
f 1302 1375 1374
f 1302 1303 1375
f 1303 1376 1375
f 1303 1304 1376
f 1304 1377 1376
f 1304 1305 1377
f 1305 1378 1377
f 1305 1306 1378
f 1306 1379 1378
f 1306 1307 1379
f 1307 1380 1379
f 1307 1308 1380
f 1308 1381 1380
f 1308 1309 1381
f 1309 1382 1381
f 1309 1310 1382
f 1310 1383 1382
f 1310 1311 1383
f 1311 1384 1383
f 1311 1312 1384
f 1312 1385 1384
f 1312 1313 1385
f 1313 1386 1385
f 1313 1314 1386
f 1314 1387 1386
f 1314 1315 1387
f 1315 1388 1387
f 1315 1316 1388
f 1316 1389 1388
f 1316 1317 1389
f 1317 1390 1389
f 1317 1318 1390
f 1318 1391 1390
f 1318 1319 1391
f 1319 1392 1391
f 1319 1320 1392
f 1320 1393 1392
f 1320 1321 1393
f 1321 1394 1393
f 1321 1322 1394
f 1322 1395 1394
f 1322 1323 1395
f 1323 1396 1395
f 1323 1324 1396
f 1324 1397 1396
f 1324 1325 1397
f 1325 1398 1397
f 1325 1326 1398
f 1326 1399 1398
f 1326 1327 1399
f 1327 1400 1399
f 1327 1328 1400
f 1328 1401 1400
f 1328 1329 1401
f 1329 1402 1401
f 1329 1330 1402
f 1330 1403 1402
f 1330 1331 1403
f 1331 1404 1403
f 1331 1332 1404
f 1332 1405 1404
f 1332 1333 1405
f 1333 1406 1405
f 1333 1334 1406
f 1334 1407 1406
f 1334 1335 1407
f 1335 1408 1407
f 1335 1336 1408
f 1336 1409 1408
f 1336 1337 1409
f 1337 1410 1409
f 1337 1338 1410
f 1338 1411 1410
f 1338 1339 1411
f 1339 1412 1411
f 1339 1340 1412
f 1340 1413 1412
f 1340 1341 1413
f 1341 1414 1413
f 1341 1342 1414
f 1342 1415 1414
f 1342 1343 1415
f 1343 1416 1415
f 1343 1344 1416
f 1344 1417 1416
f 1344 1345 1417
f 1345 1418 1417
f 1345 1346 1418
f 1346 1419 1418
f 1346 1347 1419
f 1347 1420 1419
f 1347 1348 1420
f 1348 1421 1420
f 1348 1349 1421
f 1349 1422 1421
f 1349 1350 1422
f 1350 1423 1422
f 1350 1351 1423
f 1351 1424 1423
f 1351 1352 1424
f 1352 1425 1424
f 1352 1353 1425
f 1353 1426 1425
f 1353 1354 1426
f 1354 1427 1426
f 1354 1355 1427
f 1355 1428 1427
f 1355 1356 1428
f 1356 1429 1428
f 1356 1357 1429
f 1357 1430 1429
f 1357 1358 1430
f 1358 1431 1430
f 1358 1359 1431
f 1359 1432 1431
f 1359 1360 1432
f 1360 1433 1432
f 1360 1361 1433
f 1361 1434 1433
f 1361 1362 1434
f 1362 1435 1434
f 1362 1363 1435
f 1363 1436 1435
f 1363 1364 1436
f 1364 1437 1436
f 1364 1365 1437
f 1365 1438 1437
f 1365 1366 1438
f 1366 1439 1438
f 1366 1367 1439
f 1367 1440 1439
f 1367 1368 1440
f 1368 1369 1440
f 1368 1297 1369
f 1369 1442 1441
f 1369 1370 1442
f 1370 1443 1442
f 1370 1371 1443
f 1371 1444 1443
f 1371 1372 1444
f 1372 1445 1444
f 1372 1373 1445
f 1373 1446 1445
f 1373 1374 1446
f 1374 1447 1446
f 1374 1375 1447
f 1375 1448 1447
f 1375 1376 1448
f 1376 1449 1448
f 1376 1377 1449
f 1377 1450 1449
f 1377 1378 1450
f 1378 1451 1450
f 1378 1379 1451
f 1379 1452 1451
f 1379 1380 1452
f 1380 1453 1452
f 1380 1381 1453
f 1381 1454 1453
f 1381 1382 1454
f 1382 1455 1454
f 1382 1383 1455
f 1383 1456 1455
f 1383 1384 1456
f 1384 1457 1456
f 1384 1385 1457
f 1385 1458 1457
f 1385 1386 1458
f 1386 1459 1458
f 1386 1387 1459
f 1387 1460 1459
f 1387 1388 1460
f 1388 1461 1460
f 1388 1389 1461
f 1389 1462 1461
f 1389 1390 1462
f 1390 1463 1462
f 1390 1391 1463
f 1391 1464 1463
f 1391 1392 1464
f 1392 1465 1464
f 1392 1393 1465
f 1393 1466 1465
f 1393 1394 1466
f 1394 1467 1466
f 1394 1395 1467
f 1395 1468 1467
f 1395 1396 1468
f 1396 1469 1468
f 1396 1397 1469
f 1397 1470 1469
f 1397 1398 1470
f 1398 1471 1470
f 1398 1399 1471
f 1399 1472 1471
f 1399 1400 1472
f 1400 1473 1472
f 1400 1401 1473
f 1401 1474 1473
f 1401 1402 1474
f 1402 1475 1474
f 1402 1403 1475
f 1403 1476 1475
f 1403 1404 1476
f 1404 1477 1476
f 1404 1405 1477
f 1405 1478 1477
f 1405 1406 1478
f 1406 1479 1478
f 1406 1407 1479
f 1407 1480 1479
f 1407 1408 1480
f 1408 1481 1480
f 1408 1409 1481
f 1409 1482 1481
f 1409 1410 1482
f 1410 1483 1482
f 1410 1411 1483
f 1411 1484 1483
f 1411 1412 1484
f 1412 1485 1484
f 1412 1413 1485
f 1413 1486 1485
f 1413 1414 1486
f 1414 1487 1486
f 1414 1415 1487
f 1415 1488 1487
f 1415 1416 1488
f 1416 1489 1488
f 1416 1417 1489
f 1417 1490 1489
f 1417 1418 1490
f 1418 1491 1490
f 1418 1419 1491
f 1419 1492 1491
f 1419 1420 1492
f 1420 1493 1492
f 1420 1421 1493
f 1421 1494 1493
f 1421 1422 1494
f 1422 1495 1494
f 1422 1423 1495
f 1423 1496 1495
f 1423 1424 1496
f 1424 1497 1496
f 1424 1425 1497
f 1425 1498 1497
f 1425 1426 1498
f 1426 1499 1498
f 1426 1427 1499
f 1427 1500 1499
f 1427 1428 1500
f 1428 1501 1500
f 1428 1429 1501
f 1429 1502 1501
f 1429 1430 1502
f 1430 1503 1502
f 1430 1431 1503
f 1431 1504 1503
f 1431 1432 1504
f 1432 1505 1504
f 1432 1433 1505
f 1433 1506 1505
f 1433 1434 1506
f 1434 1507 1506
f 1434 1435 1507
f 1435 1508 1507
f 1435 1436 1508
f 1436 1509 1508
f 1436 1437 1509
f 1437 1510 1509
f 1437 1438 1510
f 1438 1511 1510
f 1438 1439 1511
f 1439 1512 1511
f 1439 1440 1512
f 1440 1441 1512
f 1440 1369 1441
f 1441 1514 1513
f 1441 1442 1514
f 1442 1515 1514
f 1442 1443 1515
f 1443 1516 1515
f 1443 1444 1516
f 1444 1517 1516
f 1444 1445 1517
f 1445 1518 1517
f 1445 1446 1518
f 1446 1519 1518
f 1446 1447 1519
f 1447 1520 1519
f 1447 1448 1520
f 1448 1521 1520
f 1448 1449 1521
f 1449 1522 1521
f 1449 1450 1522
f 1450 1523 1522
f 1450 1451 1523
f 1451 1524 1523
f 1451 1452 1524
f 1452 1525 1524
f 1452 1453 1525
f 1453 1526 1525
f 1453 1454 1526
f 1454 1527 1526
f 1454 1455 1527
f 1455 1528 1527
f 1455 1456 1528
f 1456 1529 1528
f 1456 1457 1529
f 1457 1530 1529
f 1457 1458 1530
f 1458 1531 1530
f 1458 1459 1531
f 1459 1532 1531
f 1459 1460 1532
f 1460 1533 1532
f 1460 1461 1533
f 1461 1534 1533
f 1461 1462 1534
f 1462 1535 1534
f 1462 1463 1535
f 1463 1536 1535
f 1463 1464 1536
f 1464 1537 1536
f 1464 1465 1537
f 1465 1538 1537
f 1465 1466 1538
f 1466 1539 1538
f 1466 1467 1539
f 1467 1540 1539
f 1467 1468 1540
f 1468 1541 1540
f 1468 1469 1541
f 1469 1542 1541
f 1469 1470 1542
f 1470 1543 1542
f 1470 1471 1543
f 1471 1544 1543
f 1471 1472 1544
f 1472 1545 1544
f 1472 1473 1545
f 1473 1546 1545
f 1473 1474 1546
f 1474 1547 1546
f 1474 1475 1547
f 1475 1548 1547
f 1475 1476 1548
f 1476 1549 1548
f 1476 1477 1549
f 1477 1550 1549
f 1477 1478 1550
f 1478 1551 1550
f 1478 1479 1551
f 1479 1552 1551
f 1479 1480 1552
f 1480 1553 1552
f 1480 1481 1553
f 1481 1554 1553
f 1481 1482 1554
f 1482 1555 1554
f 1482 1483 1555
f 1483 1556 1555
f 1483 1484 1556
f 1484 1557 1556
f 1484 1485 1557
f 1485 1558 1557
f 1485 1486 1558
f 1486 1559 1558
f 1486 1487 1559
f 1487 1560 1559
f 1487 1488 1560
f 1488 1561 1560
f 1488 1489 1561
f 1489 1562 1561
f 1489 1490 1562
f 1490 1563 1562
f 1490 1491 1563
f 1491 1564 1563
f 1491 1492 1564
f 1492 1565 1564
f 1492 1493 1565
f 1493 1566 1565
f 1493 1494 1566
f 1494 1567 1566
f 1494 1495 1567
f 1495 1568 1567
f 1495 1496 1568
f 1496 1569 1568
f 1496 1497 1569
f 1497 1570 1569
f 1497 1498 1570
f 1498 1571 1570
f 1498 1499 1571
f 1499 1572 1571
f 1499 1500 1572
f 1500 1573 1572
f 1500 1501 1573
f 1501 1574 1573
f 1501 1502 1574
f 1502 1575 1574
f 1502 1503 1575
f 1503 1576 1575
f 1503 1504 1576
f 1504 1577 1576
f 1504 1505 1577
f 1505 1578 1577
f 1505 1506 1578
f 1506 1579 1578
f 1506 1507 1579
f 1507 1580 1579
f 1507 1508 1580
f 1508 1581 1580
f 1508 1509 1581
f 1509 1582 1581
f 1509 1510 1582
f 1510 1583 1582
f 1510 1511 1583
f 1511 1584 1583
f 1511 1512 1584
f 1512 1513 1584
f 1512 1441 1513
f 1513 1586 1585
f 1513 1514 1586
f 1514 1587 1586
f 1514 1515 1587
f 1515 1588 1587
f 1515 1516 1588
f 1516 1589 1588
f 1516 1517 1589
f 1517 1590 1589
f 1517 1518 1590
f 1518 1591 1590
f 1518 1519 1591
f 1519 1592 1591
f 1519 1520 1592
f 1520 1593 1592
f 1520 1521 1593
f 1521 1594 1593
f 1521 1522 1594
f 1522 1595 1594
f 1522 1523 1595
f 1523 1596 1595
f 1523 1524 1596
f 1524 1597 1596
f 1524 1525 1597
f 1525 1598 1597
f 1525 1526 1598
f 1526 1599 1598
f 1526 1527 1599
f 1527 1600 1599
f 1527 1528 1600
f 1528 1601 1600
f 1528 1529 1601
f 1529 1602 1601
f 1529 1530 1602
f 1530 1603 1602
f 1530 1531 1603
f 1531 1604 1603
f 1531 1532 1604
f 1532 1605 1604
f 1532 1533 1605
f 1533 1606 1605
f 1533 1534 1606
f 1534 1607 1606
f 1534 1535 1607
f 1535 1608 1607
f 1535 1536 1608
f 1536 1609 1608
f 1536 1537 1609
f 1537 1610 1609
f 1537 1538 1610
f 1538 1611 1610
f 1538 1539 1611
f 1539 1612 1611
f 1539 1540 1612
f 1540 1613 1612
f 1540 1541 1613
f 1541 1614 1613
f 1541 1542 1614
f 1542 1615 1614
f 1542 1543 1615
f 1543 1616 1615
f 1543 1544 1616
f 1544 1617 1616
f 1544 1545 1617
f 1545 1618 1617
f 1545 1546 1618
f 1546 1619 1618
f 1546 1547 1619
f 1547 1620 1619
f 1547 1548 1620
f 1548 1621 1620
f 1548 1549 1621
f 1549 1622 1621
f 1549 1550 1622
f 1550 1623 1622
f 1550 1551 1623
f 1551 1624 1623
f 1551 1552 1624
f 1552 1625 1624
f 1552 1553 1625
f 1553 1626 1625
f 1553 1554 1626
f 1554 1627 1626
f 1554 1555 1627
f 1555 1628 1627
f 1555 1556 1628
f 1556 1629 1628
f 1556 1557 1629
f 1557 1630 1629
f 1557 1558 1630
f 1558 1631 1630
f 1558 1559 1631
f 1559 1632 1631
f 1559 1560 1632
f 1560 1633 1632
f 1560 1561 1633
f 1561 1634 1633
f 1561 1562 1634
f 1562 1635 1634
f 1562 1563 1635
f 1563 1636 1635
f 1563 1564 1636
f 1564 1637 1636
f 1564 1565 1637
f 1565 1638 1637
f 1565 1566 1638
f 1566 1639 1638
f 1566 1567 1639
f 1567 1640 1639
f 1567 1568 1640
f 1568 1641 1640
f 1568 1569 1641
f 1569 1642 1641
f 1569 1570 1642
f 1570 1643 1642
f 1570 1571 1643
f 1571 1644 1643
f 1571 1572 1644
f 1572 1645 1644
f 1572 1573 1645
f 1573 1646 1645
f 1573 1574 1646
f 1574 1647 1646
f 1574 1575 1647
f 1575 1648 1647
f 1575 1576 1648
f 1576 1649 1648
f 1576 1577 1649
f 1577 1650 1649
f 1577 1578 1650
f 1578 1651 1650
f 1578 1579 1651
f 1579 1652 1651
f 1579 1580 1652
f 1580 1653 1652
f 1580 1581 1653
f 1581 1654 1653
f 1581 1582 1654
f 1582 1655 1654
f 1582 1583 1655
f 1583 1656 1655
f 1583 1584 1656
f 1584 1585 1656
f 1584 1513 1585
f 1585 1658 1657
f 1585 1586 1658
f 1586 1659 1658
f 1586 1587 1659
f 1587 1660 1659
f 1587 1588 1660
f 1588 1661 1660
f 1588 1589 1661
f 1589 1662 1661
f 1589 1590 1662
f 1590 1663 1662
f 1590 1591 1663
f 1591 1664 1663
f 1591 1592 1664
f 1592 1665 1664
f 1592 1593 1665
f 1593 1666 1665
f 1593 1594 1666
f 1594 1667 1666
f 1594 1595 1667
f 1595 1668 1667
f 1595 1596 1668
f 1596 1669 1668
f 1596 1597 1669
f 1597 1670 1669
f 1597 1598 1670
f 1598 1671 1670
f 1598 1599 1671
f 1599 1672 1671
f 1599 1600 1672
f 1600 1673 1672
f 1600 1601 1673
f 1601 1674 1673
f 1601 1602 1674
f 1602 1675 1674
f 1602 1603 1675
f 1603 1676 1675
f 1603 1604 1676
f 1604 1677 1676
f 1604 1605 1677
f 1605 1678 1677
f 1605 1606 1678
f 1606 1679 1678
f 1606 1607 1679
f 1607 1680 1679
f 1607 1608 1680
f 1608 1681 1680
f 1608 1609 1681
f 1609 1682 1681
f 1609 1610 1682
f 1610 1683 1682
f 1610 1611 1683
f 1611 1684 1683
f 1611 1612 1684
f 1612 1685 1684
f 1612 1613 1685
f 1613 1686 1685
f 1613 1614 1686
f 1614 1687 1686
f 1614 1615 1687
f 1615 1688 1687
f 1615 1616 1688
f 1616 1689 1688
f 1616 1617 1689
f 1617 1690 1689
f 1617 1618 1690
f 1618 1691 1690
f 1618 1619 1691
f 1619 1692 1691
f 1619 1620 1692
f 1620 1693 1692
f 1620 1621 1693
f 1621 1694 1693
f 1621 1622 1694
f 1622 1695 1694
f 1622 1623 1695
f 1623 1696 1695
f 1623 1624 1696
f 1624 1697 1696
f 1624 1625 1697
f 1625 1698 1697
f 1625 1626 1698
f 1626 1699 1698
f 1626 1627 1699
f 1627 1700 1699
f 1627 1628 1700
f 1628 1701 1700
f 1628 1629 1701
f 1629 1702 1701
f 1629 1630 1702
f 1630 1703 1702
f 1630 1631 1703
f 1631 1704 1703
f 1631 1632 1704
f 1632 1705 1704
f 1632 1633 1705
f 1633 1706 1705
f 1633 1634 1706
f 1634 1707 1706
f 1634 1635 1707
f 1635 1708 1707
f 1635 1636 1708
f 1636 1709 1708
f 1636 1637 1709
f 1637 1710 1709
f 1637 1638 1710
f 1638 1711 1710
f 1638 1639 1711
f 1639 1712 1711
f 1639 1640 1712
f 1640 1713 1712
f 1640 1641 1713
f 1641 1714 1713
f 1641 1642 1714
f 1642 1715 1714
f 1642 1643 1715
f 1643 1716 1715
f 1643 1644 1716
f 1644 1717 1716
f 1644 1645 1717
f 1645 1718 1717
f 1645 1646 1718
f 1646 1719 1718
f 1646 1647 1719
f 1647 1720 1719
f 1647 1648 1720
f 1648 1721 1720
f 1648 1649 1721
f 1649 1722 1721
f 1649 1650 1722
f 1650 1723 1722
f 1650 1651 1723
f 1651 1724 1723
f 1651 1652 1724
f 1652 1725 1724
f 1652 1653 1725
f 1653 1726 1725
f 1653 1654 1726
f 1654 1727 1726
f 1654 1655 1727
f 1655 1728 1727
f 1655 1656 1728
f 1656 1657 1728
f 1656 1585 1657
f 1657 1730 1729
f 1657 1658 1730
f 1658 1731 1730
f 1658 1659 1731
f 1659 1732 1731
f 1659 1660 1732
f 1660 1733 1732
f 1660 1661 1733
f 1661 1734 1733
f 1661 1662 1734
f 1662 1735 1734
f 1662 1663 1735
f 1663 1736 1735
f 1663 1664 1736
f 1664 1737 1736
f 1664 1665 1737
f 1665 1738 1737
f 1665 1666 1738
f 1666 1739 1738
f 1666 1667 1739
f 1667 1740 1739
f 1667 1668 1740
f 1668 1741 1740
f 1668 1669 1741
f 1669 1742 1741
f 1669 1670 1742
f 1670 1743 1742
f 1670 1671 1743
f 1671 1744 1743
f 1671 1672 1744
f 1672 1745 1744
f 1672 1673 1745
f 1673 1746 1745
f 1673 1674 1746
f 1674 1747 1746
f 1674 1675 1747
f 1675 1748 1747
f 1675 1676 1748
f 1676 1749 1748
f 1676 1677 1749
f 1677 1750 1749
f 1677 1678 1750
f 1678 1751 1750
f 1678 1679 1751
f 1679 1752 1751
f 1679 1680 1752
f 1680 1753 1752
f 1680 1681 1753
f 1681 1754 1753
f 1681 1682 1754
f 1682 1755 1754
f 1682 1683 1755
f 1683 1756 1755
f 1683 1684 1756
f 1684 1757 1756
f 1684 1685 1757
f 1685 1758 1757
f 1685 1686 1758
f 1686 1759 1758
f 1686 1687 1759
f 1687 1760 1759
f 1687 1688 1760
f 1688 1761 1760
f 1688 1689 1761
f 1689 1762 1761
f 1689 1690 1762
f 1690 1763 1762
f 1690 1691 1763
f 1691 1764 1763
f 1691 1692 1764
f 1692 1765 1764
f 1692 1693 1765
f 1693 1766 1765
f 1693 1694 1766
f 1694 1767 1766
f 1694 1695 1767
f 1695 1768 1767
f 1695 1696 1768
f 1696 1769 1768
f 1696 1697 1769
f 1697 1770 1769
f 1697 1698 1770
f 1698 1771 1770
f 1698 1699 1771
f 1699 1772 1771
f 1699 1700 1772
f 1700 1773 1772
f 1700 1701 1773
f 1701 1774 1773
f 1701 1702 1774
f 1702 1775 1774
f 1702 1703 1775
f 1703 1776 1775
f 1703 1704 1776
f 1704 1777 1776
f 1704 1705 1777
f 1705 1778 1777
f 1705 1706 1778
f 1706 1779 1778
f 1706 1707 1779
f 1707 1780 1779
f 1707 1708 1780
f 1708 1781 1780
f 1708 1709 1781
f 1709 1782 1781
f 1709 1710 1782
f 1710 1783 1782
f 1710 1711 1783
f 1711 1784 1783
f 1711 1712 1784
f 1712 1785 1784
f 1712 1713 1785
f 1713 1786 1785
f 1713 1714 1786
f 1714 1787 1786
f 1714 1715 1787
f 1715 1788 1787
f 1715 1716 1788
f 1716 1789 1788
f 1716 1717 1789
f 1717 1790 1789
f 1717 1718 1790
f 1718 1791 1790
f 1718 1719 1791
f 1719 1792 1791
f 1719 1720 1792
f 1720 1793 1792
f 1720 1721 1793
f 1721 1794 1793
f 1721 1722 1794
f 1722 1795 1794
f 1722 1723 1795
f 1723 1796 1795
f 1723 1724 1796
f 1724 1797 1796
f 1724 1725 1797
f 1725 1798 1797
f 1725 1726 1798
f 1726 1799 1798
f 1726 1727 1799
f 1727 1800 1799
f 1727 1728 1800
f 1728 1729 1800
f 1728 1657 1729
f 1729 1802 1801
f 1729 1730 1802
f 1730 1803 1802
f 1730 1731 1803
f 1731 1804 1803
f 1731 1732 1804
f 1732 1805 1804
f 1732 1733 1805
f 1733 1806 1805
f 1733 1734 1806
f 1734 1807 1806
f 1734 1735 1807
f 1735 1808 1807
f 1735 1736 1808
f 1736 1809 1808
f 1736 1737 1809
f 1737 1810 1809
f 1737 1738 1810
f 1738 1811 1810
f 1738 1739 1811
f 1739 1812 1811
f 1739 1740 1812
f 1740 1813 1812
f 1740 1741 1813
f 1741 1814 1813
f 1741 1742 1814
f 1742 1815 1814
f 1742 1743 1815
f 1743 1816 1815
f 1743 1744 1816
f 1744 1817 1816
f 1744 1745 1817
f 1745 1818 1817
f 1745 1746 1818
f 1746 1819 1818
f 1746 1747 1819
f 1747 1820 1819
f 1747 1748 1820
f 1748 1821 1820
f 1748 1749 1821
f 1749 1822 1821
f 1749 1750 1822
f 1750 1823 1822
f 1750 1751 1823
f 1751 1824 1823
f 1751 1752 1824
f 1752 1825 1824
f 1752 1753 1825
f 1753 1826 1825
f 1753 1754 1826
f 1754 1827 1826
f 1754 1755 1827
f 1755 1828 1827
f 1755 1756 1828
f 1756 1829 1828
f 1756 1757 1829
f 1757 1830 1829
f 1757 1758 1830
f 1758 1831 1830
f 1758 1759 1831
f 1759 1832 1831
f 1759 1760 1832
f 1760 1833 1832
f 1760 1761 1833
f 1761 1834 1833
f 1761 1762 1834
f 1762 1835 1834
f 1762 1763 1835
f 1763 1836 1835
f 1763 1764 1836
f 1764 1837 1836
f 1764 1765 1837
f 1765 1838 1837
f 1765 1766 1838
f 1766 1839 1838
f 1766 1767 1839
f 1767 1840 1839
f 1767 1768 1840
f 1768 1841 1840
f 1768 1769 1841
f 1769 1842 1841
f 1769 1770 1842
f 1770 1843 1842
f 1770 1771 1843
f 1771 1844 1843
f 1771 1772 1844
f 1772 1845 1844
f 1772 1773 1845
f 1773 1846 1845
f 1773 1774 1846
f 1774 1847 1846
f 1774 1775 1847
f 1775 1848 1847
f 1775 1776 1848
f 1776 1849 1848
f 1776 1777 1849
f 1777 1850 1849
f 1777 1778 1850
f 1778 1851 1850
f 1778 1779 1851
f 1779 1852 1851
f 1779 1780 1852
f 1780 1853 1852
f 1780 1781 1853
f 1781 1854 1853
f 1781 1782 1854
f 1782 1855 1854
f 1782 1783 1855
f 1783 1856 1855
f 1783 1784 1856
f 1784 1857 1856
f 1784 1785 1857
f 1785 1858 1857
f 1785 1786 1858
f 1786 1859 1858
f 1786 1787 1859
f 1787 1860 1859
f 1787 1788 1860
f 1788 1861 1860
f 1788 1789 1861
f 1789 1862 1861
f 1789 1790 1862
f 1790 1863 1862
f 1790 1791 1863
f 1791 1864 1863
f 1791 1792 1864
f 1792 1865 1864
f 1792 1793 1865
f 1793 1866 1865
f 1793 1794 1866
f 1794 1867 1866
f 1794 1795 1867
f 1795 1868 1867
f 1795 1796 1868
f 1796 1869 1868
f 1796 1797 1869
f 1797 1870 1869
f 1797 1798 1870
f 1798 1871 1870
f 1798 1799 1871
f 1799 1872 1871
f 1799 1800 1872
f 1800 1801 1872
f 1800 1729 1801
f 1801 1874 1873
f 1801 1802 1874
f 1802 1875 1874
f 1802 1803 1875
f 1803 1876 1875
f 1803 1804 1876
f 1804 1877 1876
f 1804 1805 1877
f 1805 1878 1877
f 1805 1806 1878
f 1806 1879 1878
f 1806 1807 1879
f 1807 1880 1879
f 1807 1808 1880
f 1808 1881 1880
f 1808 1809 1881
f 1809 1882 1881
f 1809 1810 1882
f 1810 1883 1882
f 1810 1811 1883
f 1811 1884 1883
f 1811 1812 1884
f 1812 1885 1884
f 1812 1813 1885
f 1813 1886 1885
f 1813 1814 1886
f 1814 1887 1886
f 1814 1815 1887
f 1815 1888 1887
f 1815 1816 1888
f 1816 1889 1888
f 1816 1817 1889
f 1817 1890 1889
f 1817 1818 1890
f 1818 1891 1890
f 1818 1819 1891
f 1819 1892 1891
f 1819 1820 1892
f 1820 1893 1892
f 1820 1821 1893
f 1821 1894 1893
f 1821 1822 1894
f 1822 1895 1894
f 1822 1823 1895
f 1823 1896 1895
f 1823 1824 1896
f 1824 1897 1896
f 1824 1825 1897
f 1825 1898 1897
f 1825 1826 1898
f 1826 1899 1898
f 1826 1827 1899
f 1827 1900 1899
f 1827 1828 1900
f 1828 1901 1900
f 1828 1829 1901
f 1829 1902 1901
f 1829 1830 1902
f 1830 1903 1902
f 1830 1831 1903
f 1831 1904 1903
f 1831 1832 1904
f 1832 1905 1904
f 1832 1833 1905
f 1833 1906 1905
f 1833 1834 1906
f 1834 1907 1906
f 1834 1835 1907
f 1835 1908 1907
f 1835 1836 1908
f 1836 1909 1908
f 1836 1837 1909
f 1837 1910 1909
f 1837 1838 1910
f 1838 1911 1910
f 1838 1839 1911
f 1839 1912 1911
f 1839 1840 1912
f 1840 1913 1912
f 1840 1841 1913
f 1841 1914 1913
f 1841 1842 1914
f 1842 1915 1914
f 1842 1843 1915
f 1843 1916 1915
f 1843 1844 1916
f 1844 1917 1916
f 1844 1845 1917
f 1845 1918 1917
f 1845 1846 1918
f 1846 1919 1918
f 1846 1847 1919
f 1847 1920 1919
f 1847 1848 1920
f 1848 1921 1920
f 1848 1849 1921
f 1849 1922 1921
f 1849 1850 1922
f 1850 1923 1922
f 1850 1851 1923
f 1851 1924 1923
f 1851 1852 1924
f 1852 1925 1924
f 1852 1853 1925
f 1853 1926 1925
f 1853 1854 1926
f 1854 1927 1926
f 1854 1855 1927
f 1855 1928 1927
f 1855 1856 1928
f 1856 1929 1928
f 1856 1857 1929
f 1857 1930 1929
f 1857 1858 1930
f 1858 1931 1930
f 1858 1859 1931
f 1859 1932 1931
f 1859 1860 1932
f 1860 1933 1932
f 1860 1861 1933
f 1861 1934 1933
f 1861 1862 1934
f 1862 1935 1934
f 1862 1863 1935
f 1863 1936 1935
f 1863 1864 1936
f 1864 1937 1936
f 1864 1865 1937
f 1865 1938 1937
f 1865 1866 1938
f 1866 1939 1938
f 1866 1867 1939
f 1867 1940 1939
f 1867 1868 1940
f 1868 1941 1940
f 1868 1869 1941
f 1869 1942 1941
f 1869 1870 1942
f 1870 1943 1942
f 1870 1871 1943
f 1871 1944 1943
f 1871 1872 1944
f 1872 1873 1944
f 1872 1801 1873
f 1873 1946 1945
f 1873 1874 1946
f 1874 1947 1946
f 1874 1875 1947
f 1875 1948 1947
f 1875 1876 1948
f 1876 1949 1948
f 1876 1877 1949
f 1877 1950 1949
f 1877 1878 1950
f 1878 1951 1950
f 1878 1879 1951
f 1879 1952 1951
f 1879 1880 1952
f 1880 1953 1952
f 1880 1881 1953
f 1881 1954 1953
f 1881 1882 1954
f 1882 1955 1954
f 1882 1883 1955
f 1883 1956 1955
f 1883 1884 1956
f 1884 1957 1956
f 1884 1885 1957
f 1885 1958 1957
f 1885 1886 1958
f 1886 1959 1958
f 1886 1887 1959
f 1887 1960 1959
f 1887 1888 1960
f 1888 1961 1960
f 1888 1889 1961
f 1889 1962 1961
f 1889 1890 1962
f 1890 1963 1962
f 1890 1891 1963
f 1891 1964 1963
f 1891 1892 1964
f 1892 1965 1964
f 1892 1893 1965
f 1893 1966 1965
f 1893 1894 1966
f 1894 1967 1966
f 1894 1895 1967
f 1895 1968 1967
f 1895 1896 1968
f 1896 1969 1968
f 1896 1897 1969
f 1897 1970 1969
f 1897 1898 1970
f 1898 1971 1970
f 1898 1899 1971
f 1899 1972 1971
f 1899 1900 1972
f 1900 1973 1972
f 1900 1901 1973
f 1901 1974 1973
f 1901 1902 1974
f 1902 1975 1974
f 1902 1903 1975
f 1903 1976 1975
f 1903 1904 1976
f 1904 1977 1976
f 1904 1905 1977
f 1905 1978 1977
f 1905 1906 1978
f 1906 1979 1978
f 1906 1907 1979
f 1907 1980 1979
f 1907 1908 1980
f 1908 1981 1980
f 1908 1909 1981
f 1909 1982 1981
f 1909 1910 1982
f 1910 1983 1982
f 1910 1911 1983
f 1911 1984 1983
f 1911 1912 1984
f 1912 1985 1984
f 1912 1913 1985
f 1913 1986 1985
f 1913 1914 1986
f 1914 1987 1986
f 1914 1915 1987
f 1915 1988 1987
f 1915 1916 1988
f 1916 1989 1988
f 1916 1917 1989
f 1917 1990 1989
f 1917 1918 1990
f 1918 1991 1990
f 1918 1919 1991
f 1919 1992 1991
f 1919 1920 1992
f 1920 1993 1992
f 1920 1921 1993
f 1921 1994 1993
f 1921 1922 1994
f 1922 1995 1994
f 1922 1923 1995
f 1923 1996 1995
f 1923 1924 1996
f 1924 1997 1996
f 1924 1925 1997
f 1925 1998 1997
f 1925 1926 1998
f 1926 1999 1998
f 1926 1927 1999
f 1927 2000 1999
f 1927 1928 2000
f 1928 2001 2000
f 1928 1929 2001
f 1929 2002 2001
f 1929 1930 2002
f 1930 2003 2002
f 1930 1931 2003
f 1931 2004 2003
f 1931 1932 2004
f 1932 2005 2004
f 1932 1933 2005
f 1933 2006 2005
f 1933 1934 2006
f 1934 2007 2006
f 1934 1935 2007
f 1935 2008 2007
f 1935 1936 2008
f 1936 2009 2008
f 1936 1937 2009
f 1937 2010 2009
f 1937 1938 2010
f 1938 2011 2010
f 1938 1939 2011
f 1939 2012 2011
f 1939 1940 2012
f 1940 2013 2012
f 1940 1941 2013
f 1941 2014 2013
f 1941 1942 2014
f 1942 2015 2014
f 1942 1943 2015
f 1943 2016 2015
f 1943 1944 2016
f 1944 1945 2016
f 1944 1873 1945
f 1945 2018 2017
f 1945 1946 2018
f 1946 2019 2018
f 1946 1947 2019
f 1947 2020 2019
f 1947 1948 2020
f 1948 2021 2020
f 1948 1949 2021
f 1949 2022 2021
f 1949 1950 2022
f 1950 2023 2022
f 1950 1951 2023
f 1951 2024 2023
f 1951 1952 2024
f 1952 2025 2024
f 1952 1953 2025
f 1953 2026 2025
f 1953 1954 2026
f 1954 2027 2026
f 1954 1955 2027
f 1955 2028 2027
f 1955 1956 2028
f 1956 2029 2028
f 1956 1957 2029
f 1957 2030 2029
f 1957 1958 2030
f 1958 2031 2030
f 1958 1959 2031
f 1959 2032 2031
f 1959 1960 2032
f 1960 2033 2032
f 1960 1961 2033
f 1961 2034 2033
f 1961 1962 2034
f 1962 2035 2034
f 1962 1963 2035
f 1963 2036 2035
f 1963 1964 2036
f 1964 2037 2036
f 1964 1965 2037
f 1965 2038 2037
f 1965 1966 2038
f 1966 2039 2038
f 1966 1967 2039
f 1967 2040 2039
f 1967 1968 2040
f 1968 2041 2040
f 1968 1969 2041
f 1969 2042 2041
f 1969 1970 2042
f 1970 2043 2042
f 1970 1971 2043
f 1971 2044 2043
f 1971 1972 2044
f 1972 2045 2044
f 1972 1973 2045
f 1973 2046 2045
f 1973 1974 2046
f 1974 2047 2046
f 1974 1975 2047
f 1975 2048 2047
f 1975 1976 2048
f 1976 2049 2048
f 1976 1977 2049
f 1977 2050 2049
f 1977 1978 2050
f 1978 2051 2050
f 1978 1979 2051
f 1979 2052 2051
f 1979 1980 2052
f 1980 2053 2052
f 1980 1981 2053
f 1981 2054 2053
f 1981 1982 2054
f 1982 2055 2054
f 1982 1983 2055
f 1983 2056 2055
f 1983 1984 2056
f 1984 2057 2056
f 1984 1985 2057
f 1985 2058 2057
f 1985 1986 2058
f 1986 2059 2058
f 1986 1987 2059
f 1987 2060 2059
f 1987 1988 2060
f 1988 2061 2060
f 1988 1989 2061
f 1989 2062 2061
f 1989 1990 2062
f 1990 2063 2062
f 1990 1991 2063
f 1991 2064 2063
f 1991 1992 2064
f 1992 2065 2064
f 1992 1993 2065
f 1993 2066 2065
f 1993 1994 2066
f 1994 2067 2066
f 1994 1995 2067
f 1995 2068 2067
f 1995 1996 2068
f 1996 2069 2068
f 1996 1997 2069
f 1997 2070 2069
f 1997 1998 2070
f 1998 2071 2070
f 1998 1999 2071
f 1999 2072 2071
f 1999 2000 2072
f 2000 2073 2072
f 2000 2001 2073
f 2001 2074 2073
f 2001 2002 2074
f 2002 2075 2074
f 2002 2003 2075
f 2003 2076 2075
f 2003 2004 2076
f 2004 2077 2076
f 2004 2005 2077
f 2005 2078 2077
f 2005 2006 2078
f 2006 2079 2078
f 2006 2007 2079
f 2007 2080 2079
f 2007 2008 2080
f 2008 2081 2080
f 2008 2009 2081
f 2009 2082 2081
f 2009 2010 2082
f 2010 2083 2082
f 2010 2011 2083
f 2011 2084 2083
f 2011 2012 2084
f 2012 2085 2084
f 2012 2013 2085
f 2013 2086 2085
f 2013 2014 2086
f 2014 2087 2086
f 2014 2015 2087
f 2015 2088 2087
f 2015 2016 2088
f 2016 2017 2088
f 2016 1945 2017
f 2017 2090 2089
f 2017 2018 2090
f 2018 2091 2090
f 2018 2019 2091
f 2019 2092 2091
f 2019 2020 2092
f 2020 2093 2092
f 2020 2021 2093
f 2021 2094 2093
f 2021 2022 2094
f 2022 2095 2094
f 2022 2023 2095
f 2023 2096 2095
f 2023 2024 2096
f 2024 2097 2096
f 2024 2025 2097
f 2025 2098 2097
f 2025 2026 2098
f 2026 2099 2098
f 2026 2027 2099
f 2027 2100 2099
f 2027 2028 2100
f 2028 2101 2100
f 2028 2029 2101
f 2029 2102 2101
f 2029 2030 2102
f 2030 2103 2102
f 2030 2031 2103
f 2031 2104 2103
f 2031 2032 2104
f 2032 2105 2104
f 2032 2033 2105
f 2033 2106 2105
f 2033 2034 2106
f 2034 2107 2106
f 2034 2035 2107
f 2035 2108 2107
f 2035 2036 2108
f 2036 2109 2108
f 2036 2037 2109
f 2037 2110 2109
f 2037 2038 2110
f 2038 2111 2110
f 2038 2039 2111
f 2039 2112 2111
f 2039 2040 2112
f 2040 2113 2112
f 2040 2041 2113
f 2041 2114 2113
f 2041 2042 2114
f 2042 2115 2114
f 2042 2043 2115
f 2043 2116 2115
f 2043 2044 2116
f 2044 2117 2116
f 2044 2045 2117
f 2045 2118 2117
f 2045 2046 2118
f 2046 2119 2118
f 2046 2047 2119
f 2047 2120 2119
f 2047 2048 2120
f 2048 2121 2120
f 2048 2049 2121
f 2049 2122 2121
f 2049 2050 2122
f 2050 2123 2122
f 2050 2051 2123
f 2051 2124 2123
f 2051 2052 2124
f 2052 2125 2124
f 2052 2053 2125
f 2053 2126 2125
f 2053 2054 2126
f 2054 2127 2126
f 2054 2055 2127
f 2055 2128 2127
f 2055 2056 2128
f 2056 2129 2128
f 2056 2057 2129
f 2057 2130 2129
f 2057 2058 2130
f 2058 2131 2130
f 2058 2059 2131
f 2059 2132 2131
f 2059 2060 2132
f 2060 2133 2132
f 2060 2061 2133
f 2061 2134 2133
f 2061 2062 2134
f 2062 2135 2134
f 2062 2063 2135
f 2063 2136 2135
f 2063 2064 2136
f 2064 2137 2136
f 2064 2065 2137
f 2065 2138 2137
f 2065 2066 2138
f 2066 2139 2138
f 2066 2067 2139
f 2067 2140 2139
f 2067 2068 2140
f 2068 2141 2140
f 2068 2069 2141
f 2069 2142 2141
f 2069 2070 2142
f 2070 2143 2142
f 2070 2071 2143
f 2071 2144 2143
f 2071 2072 2144
f 2072 2145 2144
f 2072 2073 2145
f 2073 2146 2145
f 2073 2074 2146
f 2074 2147 2146
f 2074 2075 2147
f 2075 2148 2147
f 2075 2076 2148
f 2076 2149 2148
f 2076 2077 2149
f 2077 2150 2149
f 2077 2078 2150
f 2078 2151 2150
f 2078 2079 2151
f 2079 2152 2151
f 2079 2080 2152
f 2080 2153 2152
f 2080 2081 2153
f 2081 2154 2153
f 2081 2082 2154
f 2082 2155 2154
f 2082 2083 2155
f 2083 2156 2155
f 2083 2084 2156
f 2084 2157 2156
f 2084 2085 2157
f 2085 2158 2157
f 2085 2086 2158
f 2086 2159 2158
f 2086 2087 2159
f 2087 2160 2159
f 2087 2088 2160
f 2088 2089 2160
f 2088 2017 2089
f 2089 2162 2161
f 2089 2090 2162
f 2090 2163 2162
f 2090 2091 2163
f 2091 2164 2163
f 2091 2092 2164
f 2092 2165 2164
f 2092 2093 2165
f 2093 2166 2165
f 2093 2094 2166
f 2094 2167 2166
f 2094 2095 2167
f 2095 2168 2167
f 2095 2096 2168
f 2096 2169 2168
f 2096 2097 2169
f 2097 2170 2169
f 2097 2098 2170
f 2098 2171 2170
f 2098 2099 2171
f 2099 2172 2171
f 2099 2100 2172
f 2100 2173 2172
f 2100 2101 2173
f 2101 2174 2173
f 2101 2102 2174
f 2102 2175 2174
f 2102 2103 2175
f 2103 2176 2175
f 2103 2104 2176
f 2104 2177 2176
f 2104 2105 2177
f 2105 2178 2177
f 2105 2106 2178
f 2106 2179 2178
f 2106 2107 2179
f 2107 2180 2179
f 2107 2108 2180
f 2108 2181 2180
f 2108 2109 2181
f 2109 2182 2181
f 2109 2110 2182
f 2110 2183 2182
f 2110 2111 2183
f 2111 2184 2183
f 2111 2112 2184
f 2112 2185 2184
f 2112 2113 2185
f 2113 2186 2185
f 2113 2114 2186
f 2114 2187 2186
f 2114 2115 2187
f 2115 2188 2187
f 2115 2116 2188
f 2116 2189 2188
f 2116 2117 2189
f 2117 2190 2189
f 2117 2118 2190
f 2118 2191 2190
f 2118 2119 2191
f 2119 2192 2191
f 2119 2120 2192
f 2120 2193 2192
f 2120 2121 2193
f 2121 2194 2193
f 2121 2122 2194
f 2122 2195 2194
f 2122 2123 2195
f 2123 2196 2195
f 2123 2124 2196
f 2124 2197 2196
f 2124 2125 2197
f 2125 2198 2197
f 2125 2126 2198
f 2126 2199 2198
f 2126 2127 2199
f 2127 2200 2199
f 2127 2128 2200
f 2128 2201 2200
f 2128 2129 2201
f 2129 2202 2201
f 2129 2130 2202
f 2130 2203 2202
f 2130 2131 2203
f 2131 2204 2203
f 2131 2132 2204
f 2132 2205 2204
f 2132 2133 2205
f 2133 2206 2205
f 2133 2134 2206
f 2134 2207 2206
f 2134 2135 2207
f 2135 2208 2207
f 2135 2136 2208
f 2136 2209 2208
f 2136 2137 2209
f 2137 2210 2209
f 2137 2138 2210
f 2138 2211 2210
f 2138 2139 2211
f 2139 2212 2211
f 2139 2140 2212
f 2140 2213 2212
f 2140 2141 2213
f 2141 2214 2213
f 2141 2142 2214
f 2142 2215 2214
f 2142 2143 2215
f 2143 2216 2215
f 2143 2144 2216
f 2144 2217 2216
f 2144 2145 2217
f 2145 2218 2217
f 2145 2146 2218
f 2146 2219 2218
f 2146 2147 2219
f 2147 2220 2219
f 2147 2148 2220
f 2148 2221 2220
f 2148 2149 2221
f 2149 2222 2221
f 2149 2150 2222
f 2150 2223 2222
f 2150 2151 2223
f 2151 2224 2223
f 2151 2152 2224
f 2152 2225 2224
f 2152 2153 2225
f 2153 2226 2225
f 2153 2154 2226
f 2154 2227 2226
f 2154 2155 2227
f 2155 2228 2227
f 2155 2156 2228
f 2156 2229 2228
f 2156 2157 2229
f 2157 2230 2229
f 2157 2158 2230
f 2158 2231 2230
f 2158 2159 2231
f 2159 2232 2231
f 2159 2160 2232
f 2160 2161 2232
f 2160 2089 2161
f 2161 2234 2233
f 2161 2162 2234
f 2162 2235 2234
f 2162 2163 2235
f 2163 2236 2235
f 2163 2164 2236
f 2164 2237 2236
f 2164 2165 2237
f 2165 2238 2237
f 2165 2166 2238
f 2166 2239 2238
f 2166 2167 2239
f 2167 2240 2239
f 2167 2168 2240
f 2168 2241 2240
f 2168 2169 2241
f 2169 2242 2241
f 2169 2170 2242
f 2170 2243 2242
f 2170 2171 2243
f 2171 2244 2243
f 2171 2172 2244
f 2172 2245 2244
f 2172 2173 2245
f 2173 2246 2245
f 2173 2174 2246
f 2174 2247 2246
f 2174 2175 2247
f 2175 2248 2247
f 2175 2176 2248
f 2176 2249 2248
f 2176 2177 2249
f 2177 2250 2249
f 2177 2178 2250
f 2178 2251 2250
f 2178 2179 2251
f 2179 2252 2251
f 2179 2180 2252
f 2180 2253 2252
f 2180 2181 2253
f 2181 2254 2253
f 2181 2182 2254
f 2182 2255 2254
f 2182 2183 2255
f 2183 2256 2255
f 2183 2184 2256
f 2184 2257 2256
f 2184 2185 2257
f 2185 2258 2257
f 2185 2186 2258
f 2186 2259 2258
f 2186 2187 2259
f 2187 2260 2259
f 2187 2188 2260
f 2188 2261 2260
f 2188 2189 2261
f 2189 2262 2261
f 2189 2190 2262
f 2190 2263 2262
f 2190 2191 2263
f 2191 2264 2263
f 2191 2192 2264
f 2192 2265 2264
f 2192 2193 2265
f 2193 2266 2265
f 2193 2194 2266
f 2194 2267 2266
f 2194 2195 2267
f 2195 2268 2267
f 2195 2196 2268
f 2196 2269 2268
f 2196 2197 2269
f 2197 2270 2269
f 2197 2198 2270
f 2198 2271 2270
f 2198 2199 2271
f 2199 2272 2271
f 2199 2200 2272
f 2200 2273 2272
f 2200 2201 2273
f 2201 2274 2273
f 2201 2202 2274
f 2202 2275 2274
f 2202 2203 2275
f 2203 2276 2275
f 2203 2204 2276
f 2204 2277 2276
f 2204 2205 2277
f 2205 2278 2277
f 2205 2206 2278
f 2206 2279 2278
f 2206 2207 2279
f 2207 2280 2279
f 2207 2208 2280
f 2208 2281 2280
f 2208 2209 2281
f 2209 2282 2281
f 2209 2210 2282
f 2210 2283 2282
f 2210 2211 2283
f 2211 2284 2283
f 2211 2212 2284
f 2212 2285 2284
f 2212 2213 2285
f 2213 2286 2285
f 2213 2214 2286
f 2214 2287 2286
f 2214 2215 2287
f 2215 2288 2287
f 2215 2216 2288
f 2216 2289 2288
f 2216 2217 2289
f 2217 2290 2289
f 2217 2218 2290
f 2218 2291 2290
f 2218 2219 2291
f 2219 2292 2291
f 2219 2220 2292
f 2220 2293 2292
f 2220 2221 2293
f 2221 2294 2293
f 2221 2222 2294
f 2222 2295 2294
f 2222 2223 2295
f 2223 2296 2295
f 2223 2224 2296
f 2224 2297 2296
f 2224 2225 2297
f 2225 2298 2297
f 2225 2226 2298
f 2226 2299 2298
f 2226 2227 2299
f 2227 2300 2299
f 2227 2228 2300
f 2228 2301 2300
f 2228 2229 2301
f 2229 2302 2301
f 2229 2230 2302
f 2230 2303 2302
f 2230 2231 2303
f 2231 2304 2303
f 2231 2232 2304
f 2232 2233 2304
f 2232 2161 2233
f 2233 2306 2305
f 2233 2234 2306
f 2234 2307 2306
f 2234 2235 2307
f 2235 2308 2307
f 2235 2236 2308
f 2236 2309 2308
f 2236 2237 2309
f 2237 2310 2309
f 2237 2238 2310
f 2238 2311 2310
f 2238 2239 2311
f 2239 2312 2311
f 2239 2240 2312
f 2240 2313 2312
f 2240 2241 2313
f 2241 2314 2313
f 2241 2242 2314
f 2242 2315 2314
f 2242 2243 2315
f 2243 2316 2315
f 2243 2244 2316
f 2244 2317 2316
f 2244 2245 2317
f 2245 2318 2317
f 2245 2246 2318
f 2246 2319 2318
f 2246 2247 2319
f 2247 2320 2319
f 2247 2248 2320
f 2248 2321 2320
f 2248 2249 2321
f 2249 2322 2321
f 2249 2250 2322
f 2250 2323 2322
f 2250 2251 2323
f 2251 2324 2323
f 2251 2252 2324
f 2252 2325 2324
f 2252 2253 2325
f 2253 2326 2325
f 2253 2254 2326
f 2254 2327 2326
f 2254 2255 2327
f 2255 2328 2327
f 2255 2256 2328
f 2256 2329 2328
f 2256 2257 2329
f 2257 2330 2329
f 2257 2258 2330
f 2258 2331 2330
f 2258 2259 2331
f 2259 2332 2331
f 2259 2260 2332
f 2260 2333 2332
f 2260 2261 2333
f 2261 2334 2333
f 2261 2262 2334
f 2262 2335 2334
f 2262 2263 2335
f 2263 2336 2335
f 2263 2264 2336
f 2264 2337 2336
f 2264 2265 2337
f 2265 2338 2337
f 2265 2266 2338
f 2266 2339 2338
f 2266 2267 2339
f 2267 2340 2339
f 2267 2268 2340
f 2268 2341 2340
f 2268 2269 2341
f 2269 2342 2341
f 2269 2270 2342
f 2270 2343 2342
f 2270 2271 2343
f 2271 2344 2343
f 2271 2272 2344
f 2272 2345 2344
f 2272 2273 2345
f 2273 2346 2345
f 2273 2274 2346
f 2274 2347 2346
f 2274 2275 2347
f 2275 2348 2347
f 2275 2276 2348
f 2276 2349 2348
f 2276 2277 2349
f 2277 2350 2349
f 2277 2278 2350
f 2278 2351 2350
f 2278 2279 2351
f 2279 2352 2351
f 2279 2280 2352
f 2280 2353 2352
f 2280 2281 2353
f 2281 2354 2353
f 2281 2282 2354
f 2282 2355 2354
f 2282 2283 2355
f 2283 2356 2355
f 2283 2284 2356
f 2284 2357 2356
f 2284 2285 2357
f 2285 2358 2357
f 2285 2286 2358
f 2286 2359 2358
f 2286 2287 2359
f 2287 2360 2359
f 2287 2288 2360
f 2288 2361 2360
f 2288 2289 2361
f 2289 2362 2361
f 2289 2290 2362
f 2290 2363 2362
f 2290 2291 2363
f 2291 2364 2363
f 2291 2292 2364
f 2292 2365 2364
f 2292 2293 2365
f 2293 2366 2365
f 2293 2294 2366
f 2294 2367 2366
f 2294 2295 2367
f 2295 2368 2367
f 2295 2296 2368
f 2296 2369 2368
f 2296 2297 2369
f 2297 2370 2369
f 2297 2298 2370
f 2298 2371 2370
f 2298 2299 2371
f 2299 2372 2371
f 2299 2300 2372
f 2300 2373 2372
f 2300 2301 2373
f 2301 2374 2373
f 2301 2302 2374
f 2302 2375 2374
f 2302 2303 2375
f 2303 2376 2375
f 2303 2304 2376
f 2304 2305 2376
f 2304 2233 2305
f 2305 2378 2377
f 2305 2306 2378
f 2306 2379 2378
f 2306 2307 2379
f 2307 2380 2379
f 2307 2308 2380
f 2308 2381 2380
f 2308 2309 2381
f 2309 2382 2381
f 2309 2310 2382
f 2310 2383 2382
f 2310 2311 2383
f 2311 2384 2383
f 2311 2312 2384
f 2312 2385 2384
f 2312 2313 2385
f 2313 2386 2385
f 2313 2314 2386
f 2314 2387 2386
f 2314 2315 2387
f 2315 2388 2387
f 2315 2316 2388
f 2316 2389 2388
f 2316 2317 2389
f 2317 2390 2389
f 2317 2318 2390
f 2318 2391 2390
f 2318 2319 2391
f 2319 2392 2391
f 2319 2320 2392
f 2320 2393 2392
f 2320 2321 2393
f 2321 2394 2393
f 2321 2322 2394
f 2322 2395 2394
f 2322 2323 2395
f 2323 2396 2395
f 2323 2324 2396
f 2324 2397 2396
f 2324 2325 2397
f 2325 2398 2397
f 2325 2326 2398
f 2326 2399 2398
f 2326 2327 2399
f 2327 2400 2399
f 2327 2328 2400
f 2328 2401 2400
f 2328 2329 2401
f 2329 2402 2401
f 2329 2330 2402
f 2330 2403 2402
f 2330 2331 2403
f 2331 2404 2403
f 2331 2332 2404
f 2332 2405 2404
f 2332 2333 2405
f 2333 2406 2405
f 2333 2334 2406
f 2334 2407 2406
f 2334 2335 2407
f 2335 2408 2407
f 2335 2336 2408
f 2336 2409 2408
f 2336 2337 2409
f 2337 2410 2409
f 2337 2338 2410
f 2338 2411 2410
f 2338 2339 2411
f 2339 2412 2411
f 2339 2340 2412
f 2340 2413 2412
f 2340 2341 2413
f 2341 2414 2413
f 2341 2342 2414
f 2342 2415 2414
f 2342 2343 2415
f 2343 2416 2415
f 2343 2344 2416
f 2344 2417 2416
f 2344 2345 2417
f 2345 2418 2417
f 2345 2346 2418
f 2346 2419 2418
f 2346 2347 2419
f 2347 2420 2419
f 2347 2348 2420
f 2348 2421 2420
f 2348 2349 2421
f 2349 2422 2421
f 2349 2350 2422
f 2350 2423 2422
f 2350 2351 2423
f 2351 2424 2423
f 2351 2352 2424
f 2352 2425 2424
f 2352 2353 2425
f 2353 2426 2425
f 2353 2354 2426
f 2354 2427 2426
f 2354 2355 2427
f 2355 2428 2427
f 2355 2356 2428
f 2356 2429 2428
f 2356 2357 2429
f 2357 2430 2429
f 2357 2358 2430
f 2358 2431 2430
f 2358 2359 2431
f 2359 2432 2431
f 2359 2360 2432
f 2360 2433 2432
f 2360 2361 2433
f 2361 2434 2433
f 2361 2362 2434
f 2362 2435 2434
f 2362 2363 2435
f 2363 2436 2435
f 2363 2364 2436
f 2364 2437 2436
f 2364 2365 2437
f 2365 2438 2437
f 2365 2366 2438
f 2366 2439 2438
f 2366 2367 2439
f 2367 2440 2439
f 2367 2368 2440
f 2368 2441 2440
f 2368 2369 2441
f 2369 2442 2441
f 2369 2370 2442
f 2370 2443 2442
f 2370 2371 2443
f 2371 2444 2443
f 2371 2372 2444
f 2372 2445 2444
f 2372 2373 2445
f 2373 2446 2445
f 2373 2374 2446
f 2374 2447 2446
f 2374 2375 2447
f 2375 2448 2447
f 2375 2376 2448
f 2376 2377 2448
f 2376 2305 2377
f 2377 2450 2449
f 2377 2378 2450
f 2378 2451 2450
f 2378 2379 2451
f 2379 2452 2451
f 2379 2380 2452
f 2380 2453 2452
f 2380 2381 2453
f 2381 2454 2453
f 2381 2382 2454
f 2382 2455 2454
f 2382 2383 2455
f 2383 2456 2455
f 2383 2384 2456
f 2384 2457 2456
f 2384 2385 2457
f 2385 2458 2457
f 2385 2386 2458
f 2386 2459 2458
f 2386 2387 2459
f 2387 2460 2459
f 2387 2388 2460
f 2388 2461 2460
f 2388 2389 2461
f 2389 2462 2461
f 2389 2390 2462
f 2390 2463 2462
f 2390 2391 2463
f 2391 2464 2463
f 2391 2392 2464
f 2392 2465 2464
f 2392 2393 2465
f 2393 2466 2465
f 2393 2394 2466
f 2394 2467 2466
f 2394 2395 2467
f 2395 2468 2467
f 2395 2396 2468
f 2396 2469 2468
f 2396 2397 2469
f 2397 2470 2469
f 2397 2398 2470
f 2398 2471 2470
f 2398 2399 2471
f 2399 2472 2471
f 2399 2400 2472
f 2400 2473 2472
f 2400 2401 2473
f 2401 2474 2473
f 2401 2402 2474
f 2402 2475 2474
f 2402 2403 2475
f 2403 2476 2475
f 2403 2404 2476
f 2404 2477 2476
f 2404 2405 2477
f 2405 2478 2477
f 2405 2406 2478
f 2406 2479 2478
f 2406 2407 2479
f 2407 2480 2479
f 2407 2408 2480
f 2408 2481 2480
f 2408 2409 2481
f 2409 2482 2481
f 2409 2410 2482
f 2410 2483 2482
f 2410 2411 2483
f 2411 2484 2483
f 2411 2412 2484
f 2412 2485 2484
f 2412 2413 2485
f 2413 2486 2485
f 2413 2414 2486
f 2414 2487 2486
f 2414 2415 2487
f 2415 2488 2487
f 2415 2416 2488
f 2416 2489 2488
f 2416 2417 2489
f 2417 2490 2489
f 2417 2418 2490
f 2418 2491 2490
f 2418 2419 2491
f 2419 2492 2491
f 2419 2420 2492
f 2420 2493 2492
f 2420 2421 2493
f 2421 2494 2493
f 2421 2422 2494
f 2422 2495 2494
f 2422 2423 2495
f 2423 2496 2495
f 2423 2424 2496
f 2424 2497 2496
f 2424 2425 2497
f 2425 2498 2497
f 2425 2426 2498
f 2426 2499 2498
f 2426 2427 2499
f 2427 2500 2499
f 2427 2428 2500
f 2428 2501 2500
f 2428 2429 2501
f 2429 2502 2501
f 2429 2430 2502
f 2430 2503 2502
f 2430 2431 2503
f 2431 2504 2503
f 2431 2432 2504
f 2432 2505 2504
f 2432 2433 2505
f 2433 2506 2505
f 2433 2434 2506
f 2434 2507 2506
f 2434 2435 2507
f 2435 2508 2507
f 2435 2436 2508
f 2436 2509 2508
f 2436 2437 2509
f 2437 2510 2509
f 2437 2438 2510
f 2438 2511 2510
f 2438 2439 2511
f 2439 2512 2511
f 2439 2440 2512
f 2440 2513 2512
f 2440 2441 2513
f 2441 2514 2513
f 2441 2442 2514
f 2442 2515 2514
f 2442 2443 2515
f 2443 2516 2515
f 2443 2444 2516
f 2444 2517 2516
f 2444 2445 2517
f 2445 2518 2517
f 2445 2446 2518
f 2446 2519 2518
f 2446 2447 2519
f 2447 2520 2519
f 2447 2448 2520
f 2448 2449 2520
f 2448 2377 2449
f 2449 2522 2521
f 2449 2450 2522
f 2450 2523 2522
f 2450 2451 2523
f 2451 2524 2523
f 2451 2452 2524
f 2452 2525 2524
f 2452 2453 2525
f 2453 2526 2525
f 2453 2454 2526
f 2454 2527 2526
f 2454 2455 2527
f 2455 2528 2527
f 2455 2456 2528
f 2456 2529 2528
f 2456 2457 2529
f 2457 2530 2529
f 2457 2458 2530
f 2458 2531 2530
f 2458 2459 2531
f 2459 2532 2531
f 2459 2460 2532
f 2460 2533 2532
f 2460 2461 2533
f 2461 2534 2533
f 2461 2462 2534
f 2462 2535 2534
f 2462 2463 2535
f 2463 2536 2535
f 2463 2464 2536
f 2464 2537 2536
f 2464 2465 2537
f 2465 2538 2537
f 2465 2466 2538
f 2466 2539 2538
f 2466 2467 2539
f 2467 2540 2539
f 2467 2468 2540
f 2468 2541 2540
f 2468 2469 2541
f 2469 2542 2541
f 2469 2470 2542
f 2470 2543 2542
f 2470 2471 2543
f 2471 2544 2543
f 2471 2472 2544
f 2472 2545 2544
f 2472 2473 2545
f 2473 2546 2545
f 2473 2474 2546
f 2474 2547 2546
f 2474 2475 2547
f 2475 2548 2547
f 2475 2476 2548
f 2476 2549 2548
f 2476 2477 2549
f 2477 2550 2549
f 2477 2478 2550
f 2478 2551 2550
f 2478 2479 2551
f 2479 2552 2551
f 2479 2480 2552
f 2480 2553 2552
f 2480 2481 2553
f 2481 2554 2553
f 2481 2482 2554
f 2482 2555 2554
f 2482 2483 2555
f 2483 2556 2555
f 2483 2484 2556
f 2484 2557 2556
f 2484 2485 2557
f 2485 2558 2557
f 2485 2486 2558
f 2486 2559 2558
f 2486 2487 2559
f 2487 2560 2559
f 2487 2488 2560
f 2488 2561 2560
f 2488 2489 2561
f 2489 2562 2561
f 2489 2490 2562
f 2490 2563 2562
f 2490 2491 2563
f 2491 2564 2563
f 2491 2492 2564
f 2492 2565 2564
f 2492 2493 2565
f 2493 2566 2565
f 2493 2494 2566
f 2494 2567 2566
f 2494 2495 2567
f 2495 2568 2567
f 2495 2496 2568
f 2496 2569 2568
f 2496 2497 2569
f 2497 2570 2569
f 2497 2498 2570
f 2498 2571 2570
f 2498 2499 2571
f 2499 2572 2571
f 2499 2500 2572
f 2500 2573 2572
f 2500 2501 2573
f 2501 2574 2573
f 2501 2502 2574
f 2502 2575 2574
f 2502 2503 2575
f 2503 2576 2575
f 2503 2504 2576
f 2504 2577 2576
f 2504 2505 2577
f 2505 2578 2577
f 2505 2506 2578
f 2506 2579 2578
f 2506 2507 2579
f 2507 2580 2579
f 2507 2508 2580
f 2508 2581 2580
f 2508 2509 2581
f 2509 2582 2581
f 2509 2510 2582
f 2510 2583 2582
f 2510 2511 2583
f 2511 2584 2583
f 2511 2512 2584
f 2512 2585 2584
f 2512 2513 2585
f 2513 2586 2585
f 2513 2514 2586
f 2514 2587 2586
f 2514 2515 2587
f 2515 2588 2587
f 2515 2516 2588
f 2516 2589 2588
f 2516 2517 2589
f 2517 2590 2589
f 2517 2518 2590
f 2518 2591 2590
f 2518 2519 2591
f 2519 2592 2591
f 2519 2520 2592
f 2520 2521 2592
f 2520 2449 2521
f 2521 2594 2593
f 2521 2522 2594
f 2522 2595 2594
f 2522 2523 2595
f 2523 2596 2595
f 2523 2524 2596
f 2524 2597 2596
f 2524 2525 2597
f 2525 2598 2597
f 2525 2526 2598
f 2526 2599 2598
f 2526 2527 2599
f 2527 2600 2599
f 2527 2528 2600
f 2528 2601 2600
f 2528 2529 2601
f 2529 2602 2601
f 2529 2530 2602
f 2530 2603 2602
f 2530 2531 2603
f 2531 2604 2603
f 2531 2532 2604
f 2532 2605 2604
f 2532 2533 2605
f 2533 2606 2605
f 2533 2534 2606
f 2534 2607 2606
f 2534 2535 2607
f 2535 2608 2607
f 2535 2536 2608
f 2536 2609 2608
f 2536 2537 2609
f 2537 2610 2609
f 2537 2538 2610
f 2538 2611 2610
f 2538 2539 2611
f 2539 2612 2611
f 2539 2540 2612
f 2540 2613 2612
f 2540 2541 2613
f 2541 2614 2613
f 2541 2542 2614
f 2542 2615 2614
f 2542 2543 2615
f 2543 2616 2615
f 2543 2544 2616
f 2544 2617 2616
f 2544 2545 2617
f 2545 2618 2617
f 2545 2546 2618
f 2546 2619 2618
f 2546 2547 2619
f 2547 2620 2619
f 2547 2548 2620
f 2548 2621 2620
f 2548 2549 2621
f 2549 2622 2621
f 2549 2550 2622
f 2550 2623 2622
f 2550 2551 2623
f 2551 2624 2623
f 2551 2552 2624
f 2552 2625 2624
f 2552 2553 2625
f 2553 2626 2625
f 2553 2554 2626
f 2554 2627 2626
f 2554 2555 2627
f 2555 2628 2627
f 2555 2556 2628
f 2556 2629 2628
f 2556 2557 2629
f 2557 2630 2629
f 2557 2558 2630
f 2558 2631 2630
f 2558 2559 2631
f 2559 2632 2631
f 2559 2560 2632
f 2560 2633 2632
f 2560 2561 2633
f 2561 2634 2633
f 2561 2562 2634
f 2562 2635 2634
f 2562 2563 2635
f 2563 2636 2635
f 2563 2564 2636
f 2564 2637 2636
f 2564 2565 2637
f 2565 2638 2637
f 2565 2566 2638
f 2566 2639 2638
f 2566 2567 2639
f 2567 2640 2639
f 2567 2568 2640
f 2568 2641 2640
f 2568 2569 2641
f 2569 2642 2641
f 2569 2570 2642
f 2570 2643 2642
f 2570 2571 2643
f 2571 2644 2643
f 2571 2572 2644
f 2572 2645 2644
f 2572 2573 2645
f 2573 2646 2645
f 2573 2574 2646
f 2574 2647 2646
f 2574 2575 2647
f 2575 2648 2647
f 2575 2576 2648
f 2576 2649 2648
f 2576 2577 2649
f 2577 2650 2649
f 2577 2578 2650
f 2578 2651 2650
f 2578 2579 2651
f 2579 2652 2651
f 2579 2580 2652
f 2580 2653 2652
f 2580 2581 2653
f 2581 2654 2653
f 2581 2582 2654
f 2582 2655 2654
f 2582 2583 2655
f 2583 2656 2655
f 2583 2584 2656
f 2584 2657 2656
f 2584 2585 2657
f 2585 2658 2657
f 2585 2586 2658
f 2586 2659 2658
f 2586 2587 2659
f 2587 2660 2659
f 2587 2588 2660
f 2588 2661 2660
f 2588 2589 2661
f 2589 2662 2661
f 2589 2590 2662
f 2590 2663 2662
f 2590 2591 2663
f 2591 2664 2663
f 2591 2592 2664
f 2592 2593 2664
f 2592 2521 2593
f 2593 2666 2665
f 2593 2594 2666
f 2594 2667 2666
f 2594 2595 2667
f 2595 2668 2667
f 2595 2596 2668
f 2596 2669 2668
f 2596 2597 2669
f 2597 2670 2669
f 2597 2598 2670
f 2598 2671 2670
f 2598 2599 2671
f 2599 2672 2671
f 2599 2600 2672
f 2600 2673 2672
f 2600 2601 2673
f 2601 2674 2673
f 2601 2602 2674
f 2602 2675 2674
f 2602 2603 2675
f 2603 2676 2675
f 2603 2604 2676
f 2604 2677 2676
f 2604 2605 2677
f 2605 2678 2677
f 2605 2606 2678
f 2606 2679 2678
f 2606 2607 2679
f 2607 2680 2679
f 2607 2608 2680
f 2608 2681 2680
f 2608 2609 2681
f 2609 2682 2681
f 2609 2610 2682
f 2610 2683 2682
f 2610 2611 2683
f 2611 2684 2683
f 2611 2612 2684
f 2612 2685 2684
f 2612 2613 2685
f 2613 2686 2685
f 2613 2614 2686
f 2614 2687 2686
f 2614 2615 2687
f 2615 2688 2687
f 2615 2616 2688
f 2616 2689 2688
f 2616 2617 2689
f 2617 2690 2689
f 2617 2618 2690
f 2618 2691 2690
f 2618 2619 2691
f 2619 2692 2691
f 2619 2620 2692
f 2620 2693 2692
f 2620 2621 2693
f 2621 2694 2693
f 2621 2622 2694
f 2622 2695 2694
f 2622 2623 2695
f 2623 2696 2695
f 2623 2624 2696
f 2624 2697 2696
f 2624 2625 2697
f 2625 2698 2697
f 2625 2626 2698
f 2626 2699 2698
f 2626 2627 2699
f 2627 2700 2699
f 2627 2628 2700
f 2628 2701 2700
f 2628 2629 2701
f 2629 2702 2701
f 2629 2630 2702
f 2630 2703 2702
f 2630 2631 2703
f 2631 2704 2703
f 2631 2632 2704
f 2632 2705 2704
f 2632 2633 2705
f 2633 2706 2705
f 2633 2634 2706
f 2634 2707 2706
f 2634 2635 2707
f 2635 2708 2707
f 2635 2636 2708
f 2636 2709 2708
f 2636 2637 2709
f 2637 2710 2709
f 2637 2638 2710
f 2638 2711 2710
f 2638 2639 2711
f 2639 2712 2711
f 2639 2640 2712
f 2640 2713 2712
f 2640 2641 2713
f 2641 2714 2713
f 2641 2642 2714
f 2642 2715 2714
f 2642 2643 2715
f 2643 2716 2715
f 2643 2644 2716
f 2644 2717 2716
f 2644 2645 2717
f 2645 2718 2717
f 2645 2646 2718
f 2646 2719 2718
f 2646 2647 2719
f 2647 2720 2719
f 2647 2648 2720
f 2648 2721 2720
f 2648 2649 2721
f 2649 2722 2721
f 2649 2650 2722
f 2650 2723 2722
f 2650 2651 2723
f 2651 2724 2723
f 2651 2652 2724
f 2652 2725 2724
f 2652 2653 2725
f 2653 2726 2725
f 2653 2654 2726
f 2654 2727 2726
f 2654 2655 2727
f 2655 2728 2727
f 2655 2656 2728
f 2656 2729 2728
f 2656 2657 2729
f 2657 2730 2729
f 2657 2658 2730
f 2658 2731 2730
f 2658 2659 2731
f 2659 2732 2731
f 2659 2660 2732
f 2660 2733 2732
f 2660 2661 2733
f 2661 2734 2733
f 2661 2662 2734
f 2662 2735 2734
f 2662 2663 2735
f 2663 2736 2735
f 2663 2664 2736
f 2664 2665 2736
f 2664 2593 2665
f 2665 2738 2737
f 2665 2666 2738
f 2666 2739 2738
f 2666 2667 2739
f 2667 2740 2739
f 2667 2668 2740
f 2668 2741 2740
f 2668 2669 2741
f 2669 2742 2741
f 2669 2670 2742
f 2670 2743 2742
f 2670 2671 2743
f 2671 2744 2743
f 2671 2672 2744
f 2672 2745 2744
f 2672 2673 2745
f 2673 2746 2745
f 2673 2674 2746
f 2674 2747 2746
f 2674 2675 2747
f 2675 2748 2747
f 2675 2676 2748
f 2676 2749 2748
f 2676 2677 2749
f 2677 2750 2749
f 2677 2678 2750
f 2678 2751 2750
f 2678 2679 2751
f 2679 2752 2751
f 2679 2680 2752
f 2680 2753 2752
f 2680 2681 2753
f 2681 2754 2753
f 2681 2682 2754
f 2682 2755 2754
f 2682 2683 2755
f 2683 2756 2755
f 2683 2684 2756
f 2684 2757 2756
f 2684 2685 2757
f 2685 2758 2757
f 2685 2686 2758
f 2686 2759 2758
f 2686 2687 2759
f 2687 2760 2759
f 2687 2688 2760
f 2688 2761 2760
f 2688 2689 2761
f 2689 2762 2761
f 2689 2690 2762
f 2690 2763 2762
f 2690 2691 2763
f 2691 2764 2763
f 2691 2692 2764
f 2692 2765 2764
f 2692 2693 2765
f 2693 2766 2765
f 2693 2694 2766
f 2694 2767 2766
f 2694 2695 2767
f 2695 2768 2767
f 2695 2696 2768
f 2696 2769 2768
f 2696 2697 2769
f 2697 2770 2769
f 2697 2698 2770
f 2698 2771 2770
f 2698 2699 2771
f 2699 2772 2771
f 2699 2700 2772
f 2700 2773 2772
f 2700 2701 2773
f 2701 2774 2773
f 2701 2702 2774
f 2702 2775 2774
f 2702 2703 2775
f 2703 2776 2775
f 2703 2704 2776
f 2704 2777 2776
f 2704 2705 2777
f 2705 2778 2777
f 2705 2706 2778
f 2706 2779 2778
f 2706 2707 2779
f 2707 2780 2779
f 2707 2708 2780
f 2708 2781 2780
f 2708 2709 2781
f 2709 2782 2781
f 2709 2710 2782
f 2710 2783 2782
f 2710 2711 2783
f 2711 2784 2783
f 2711 2712 2784
f 2712 2785 2784
f 2712 2713 2785
f 2713 2786 2785
f 2713 2714 2786
f 2714 2787 2786
f 2714 2715 2787
f 2715 2788 2787
f 2715 2716 2788
f 2716 2789 2788
f 2716 2717 2789
f 2717 2790 2789
f 2717 2718 2790
f 2718 2791 2790
f 2718 2719 2791
f 2719 2792 2791
f 2719 2720 2792
f 2720 2793 2792
f 2720 2721 2793
f 2721 2794 2793
f 2721 2722 2794
f 2722 2795 2794
f 2722 2723 2795
f 2723 2796 2795
f 2723 2724 2796
f 2724 2797 2796
f 2724 2725 2797
f 2725 2798 2797
f 2725 2726 2798
f 2726 2799 2798
f 2726 2727 2799
f 2727 2800 2799
f 2727 2728 2800
f 2728 2801 2800
f 2728 2729 2801
f 2729 2802 2801
f 2729 2730 2802
f 2730 2803 2802
f 2730 2731 2803
f 2731 2804 2803
f 2731 2732 2804
f 2732 2805 2804
f 2732 2733 2805
f 2733 2806 2805
f 2733 2734 2806
f 2734 2807 2806
f 2734 2735 2807
f 2735 2808 2807
f 2735 2736 2808
f 2736 2737 2808
f 2736 2665 2737
f 2737 2810 2809
f 2737 2738 2810
f 2738 2811 2810
f 2738 2739 2811
f 2739 2812 2811
f 2739 2740 2812
f 2740 2813 2812
f 2740 2741 2813
f 2741 2814 2813
f 2741 2742 2814
f 2742 2815 2814
f 2742 2743 2815
f 2743 2816 2815
f 2743 2744 2816
f 2744 2817 2816
f 2744 2745 2817
f 2745 2818 2817
f 2745 2746 2818
f 2746 2819 2818
f 2746 2747 2819
f 2747 2820 2819
f 2747 2748 2820
f 2748 2821 2820
f 2748 2749 2821
f 2749 2822 2821
f 2749 2750 2822
f 2750 2823 2822
f 2750 2751 2823
f 2751 2824 2823
f 2751 2752 2824
f 2752 2825 2824
f 2752 2753 2825
f 2753 2826 2825
f 2753 2754 2826
f 2754 2827 2826
f 2754 2755 2827
f 2755 2828 2827
f 2755 2756 2828
f 2756 2829 2828
f 2756 2757 2829
f 2757 2830 2829
f 2757 2758 2830
f 2758 2831 2830
f 2758 2759 2831
f 2759 2832 2831
f 2759 2760 2832
f 2760 2833 2832
f 2760 2761 2833
f 2761 2834 2833
f 2761 2762 2834
f 2762 2835 2834
f 2762 2763 2835
f 2763 2836 2835
f 2763 2764 2836
f 2764 2837 2836
f 2764 2765 2837
f 2765 2838 2837
f 2765 2766 2838
f 2766 2839 2838
f 2766 2767 2839
f 2767 2840 2839
f 2767 2768 2840
f 2768 2841 2840
f 2768 2769 2841
f 2769 2842 2841
f 2769 2770 2842
f 2770 2843 2842
f 2770 2771 2843
f 2771 2844 2843
f 2771 2772 2844
f 2772 2845 2844
f 2772 2773 2845
f 2773 2846 2845
f 2773 2774 2846
f 2774 2847 2846
f 2774 2775 2847
f 2775 2848 2847
f 2775 2776 2848
f 2776 2849 2848
f 2776 2777 2849
f 2777 2850 2849
f 2777 2778 2850
f 2778 2851 2850
f 2778 2779 2851
f 2779 2852 2851
f 2779 2780 2852
f 2780 2853 2852
f 2780 2781 2853
f 2781 2854 2853
f 2781 2782 2854
f 2782 2855 2854
f 2782 2783 2855
f 2783 2856 2855
f 2783 2784 2856
f 2784 2857 2856
f 2784 2785 2857
f 2785 2858 2857
f 2785 2786 2858
f 2786 2859 2858
f 2786 2787 2859
f 2787 2860 2859
f 2787 2788 2860
f 2788 2861 2860
f 2788 2789 2861
f 2789 2862 2861
f 2789 2790 2862
f 2790 2863 2862
f 2790 2791 2863
f 2791 2864 2863
f 2791 2792 2864
f 2792 2865 2864
f 2792 2793 2865
f 2793 2866 2865
f 2793 2794 2866
f 2794 2867 2866
f 2794 2795 2867
f 2795 2868 2867
f 2795 2796 2868
f 2796 2869 2868
f 2796 2797 2869
f 2797 2870 2869
f 2797 2798 2870
f 2798 2871 2870
f 2798 2799 2871
f 2799 2872 2871
f 2799 2800 2872
f 2800 2873 2872
f 2800 2801 2873
f 2801 2874 2873
f 2801 2802 2874
f 2802 2875 2874
f 2802 2803 2875
f 2803 2876 2875
f 2803 2804 2876
f 2804 2877 2876
f 2804 2805 2877
f 2805 2878 2877
f 2805 2806 2878
f 2806 2879 2878
f 2806 2807 2879
f 2807 2880 2879
f 2807 2808 2880
f 2808 2809 2880
f 2808 2737 2809
f 2809 2882 2881
f 2809 2810 2882
f 2810 2883 2882
f 2810 2811 2883
f 2811 2884 2883
f 2811 2812 2884
f 2812 2885 2884
f 2812 2813 2885
f 2813 2886 2885
f 2813 2814 2886
f 2814 2887 2886
f 2814 2815 2887
f 2815 2888 2887
f 2815 2816 2888
f 2816 2889 2888
f 2816 2817 2889
f 2817 2890 2889
f 2817 2818 2890
f 2818 2891 2890
f 2818 2819 2891
f 2819 2892 2891
f 2819 2820 2892
f 2820 2893 2892
f 2820 2821 2893
f 2821 2894 2893
f 2821 2822 2894
f 2822 2895 2894
f 2822 2823 2895
f 2823 2896 2895
f 2823 2824 2896
f 2824 2897 2896
f 2824 2825 2897
f 2825 2898 2897
f 2825 2826 2898
f 2826 2899 2898
f 2826 2827 2899
f 2827 2900 2899
f 2827 2828 2900
f 2828 2901 2900
f 2828 2829 2901
f 2829 2902 2901
f 2829 2830 2902
f 2830 2903 2902
f 2830 2831 2903
f 2831 2904 2903
f 2831 2832 2904
f 2832 2905 2904
f 2832 2833 2905
f 2833 2906 2905
f 2833 2834 2906
f 2834 2907 2906
f 2834 2835 2907
f 2835 2908 2907
f 2835 2836 2908
f 2836 2909 2908
f 2836 2837 2909
f 2837 2910 2909
f 2837 2838 2910
f 2838 2911 2910
f 2838 2839 2911
f 2839 2912 2911
f 2839 2840 2912
f 2840 2913 2912
f 2840 2841 2913
f 2841 2914 2913
f 2841 2842 2914
f 2842 2915 2914
f 2842 2843 2915
f 2843 2916 2915
f 2843 2844 2916
f 2844 2917 2916
f 2844 2845 2917
f 2845 2918 2917
f 2845 2846 2918
f 2846 2919 2918
f 2846 2847 2919
f 2847 2920 2919
f 2847 2848 2920
f 2848 2921 2920
f 2848 2849 2921
f 2849 2922 2921
f 2849 2850 2922
f 2850 2923 2922
f 2850 2851 2923
f 2851 2924 2923
f 2851 2852 2924
f 2852 2925 2924
f 2852 2853 2925
f 2853 2926 2925
f 2853 2854 2926
f 2854 2927 2926
f 2854 2855 2927
f 2855 2928 2927
f 2855 2856 2928
f 2856 2929 2928
f 2856 2857 2929
f 2857 2930 2929
f 2857 2858 2930
f 2858 2931 2930
f 2858 2859 2931
f 2859 2932 2931
f 2859 2860 2932
f 2860 2933 2932
f 2860 2861 2933
f 2861 2934 2933
f 2861 2862 2934
f 2862 2935 2934
f 2862 2863 2935
f 2863 2936 2935
f 2863 2864 2936
f 2864 2937 2936
f 2864 2865 2937
f 2865 2938 2937
f 2865 2866 2938
f 2866 2939 2938
f 2866 2867 2939
f 2867 2940 2939
f 2867 2868 2940
f 2868 2941 2940
f 2868 2869 2941
f 2869 2942 2941
f 2869 2870 2942
f 2870 2943 2942
f 2870 2871 2943
f 2871 2944 2943
f 2871 2872 2944
f 2872 2945 2944
f 2872 2873 2945
f 2873 2946 2945
f 2873 2874 2946
f 2874 2947 2946
f 2874 2875 2947
f 2875 2948 2947
f 2875 2876 2948
f 2876 2949 2948
f 2876 2877 2949
f 2877 2950 2949
f 2877 2878 2950
f 2878 2951 2950
f 2878 2879 2951
f 2879 2952 2951
f 2879 2880 2952
f 2880 2881 2952
f 2880 2809 2881
f 2881 2954 2953
f 2881 2882 2954
f 2882 2955 2954
f 2882 2883 2955
f 2883 2956 2955
f 2883 2884 2956
f 2884 2957 2956
f 2884 2885 2957
f 2885 2958 2957
f 2885 2886 2958
f 2886 2959 2958
f 2886 2887 2959
f 2887 2960 2959
f 2887 2888 2960
f 2888 2961 2960
f 2888 2889 2961
f 2889 2962 2961
f 2889 2890 2962
f 2890 2963 2962
f 2890 2891 2963
f 2891 2964 2963
f 2891 2892 2964
f 2892 2965 2964
f 2892 2893 2965
f 2893 2966 2965
f 2893 2894 2966
f 2894 2967 2966
f 2894 2895 2967
f 2895 2968 2967
f 2895 2896 2968
f 2896 2969 2968
f 2896 2897 2969
f 2897 2970 2969
f 2897 2898 2970
f 2898 2971 2970
f 2898 2899 2971
f 2899 2972 2971
f 2899 2900 2972
f 2900 2973 2972
f 2900 2901 2973
f 2901 2974 2973
f 2901 2902 2974
f 2902 2975 2974
f 2902 2903 2975
f 2903 2976 2975
f 2903 2904 2976
f 2904 2977 2976
f 2904 2905 2977
f 2905 2978 2977
f 2905 2906 2978
f 2906 2979 2978
f 2906 2907 2979
f 2907 2980 2979
f 2907 2908 2980
f 2908 2981 2980
f 2908 2909 2981
f 2909 2982 2981
f 2909 2910 2982
f 2910 2983 2982
f 2910 2911 2983
f 2911 2984 2983
f 2911 2912 2984
f 2912 2985 2984
f 2912 2913 2985
f 2913 2986 2985
f 2913 2914 2986
f 2914 2987 2986
f 2914 2915 2987
f 2915 2988 2987
f 2915 2916 2988
f 2916 2989 2988
f 2916 2917 2989
f 2917 2990 2989
f 2917 2918 2990
f 2918 2991 2990
f 2918 2919 2991
f 2919 2992 2991
f 2919 2920 2992
f 2920 2993 2992
f 2920 2921 2993
f 2921 2994 2993
f 2921 2922 2994
f 2922 2995 2994
f 2922 2923 2995
f 2923 2996 2995
f 2923 2924 2996
f 2924 2997 2996
f 2924 2925 2997
f 2925 2998 2997
f 2925 2926 2998
f 2926 2999 2998
f 2926 2927 2999
f 2927 3000 2999
f 2927 2928 3000
f 2928 3001 3000
f 2928 2929 3001
f 2929 3002 3001
f 2929 2930 3002
f 2930 3003 3002
f 2930 2931 3003
f 2931 3004 3003
f 2931 2932 3004
f 2932 3005 3004
f 2932 2933 3005
f 2933 3006 3005
f 2933 2934 3006
f 2934 3007 3006
f 2934 2935 3007
f 2935 3008 3007
f 2935 2936 3008
f 2936 3009 3008
f 2936 2937 3009
f 2937 3010 3009
f 2937 2938 3010
f 2938 3011 3010
f 2938 2939 3011
f 2939 3012 3011
f 2939 2940 3012
f 2940 3013 3012
f 2940 2941 3013
f 2941 3014 3013
f 2941 2942 3014
f 2942 3015 3014
f 2942 2943 3015
f 2943 3016 3015
f 2943 2944 3016
f 2944 3017 3016
f 2944 2945 3017
f 2945 3018 3017
f 2945 2946 3018
f 2946 3019 3018
f 2946 2947 3019
f 2947 3020 3019
f 2947 2948 3020
f 2948 3021 3020
f 2948 2949 3021
f 2949 3022 3021
f 2949 2950 3022
f 2950 3023 3022
f 2950 2951 3023
f 2951 3024 3023
f 2951 2952 3024
f 2952 2953 3024
f 2952 2881 2953
f 2953 3026 3025
f 2953 2954 3026
f 2954 3027 3026
f 2954 2955 3027
f 2955 3028 3027
f 2955 2956 3028
f 2956 3029 3028
f 2956 2957 3029
f 2957 3030 3029
f 2957 2958 3030
f 2958 3031 3030
f 2958 2959 3031
f 2959 3032 3031
f 2959 2960 3032
f 2960 3033 3032
f 2960 2961 3033
f 2961 3034 3033
f 2961 2962 3034
f 2962 3035 3034
f 2962 2963 3035
f 2963 3036 3035
f 2963 2964 3036
f 2964 3037 3036
f 2964 2965 3037
f 2965 3038 3037
f 2965 2966 3038
f 2966 3039 3038
f 2966 2967 3039
f 2967 3040 3039
f 2967 2968 3040
f 2968 3041 3040
f 2968 2969 3041
f 2969 3042 3041
f 2969 2970 3042
f 2970 3043 3042
f 2970 2971 3043
f 2971 3044 3043
f 2971 2972 3044
f 2972 3045 3044
f 2972 2973 3045
f 2973 3046 3045
f 2973 2974 3046
f 2974 3047 3046
f 2974 2975 3047
f 2975 3048 3047
f 2975 2976 3048
f 2976 3049 3048
f 2976 2977 3049
f 2977 3050 3049
f 2977 2978 3050
f 2978 3051 3050
f 2978 2979 3051
f 2979 3052 3051
f 2979 2980 3052
f 2980 3053 3052
f 2980 2981 3053
f 2981 3054 3053
f 2981 2982 3054
f 2982 3055 3054
f 2982 2983 3055
f 2983 3056 3055
f 2983 2984 3056
f 2984 3057 3056
f 2984 2985 3057
f 2985 3058 3057
f 2985 2986 3058
f 2986 3059 3058
f 2986 2987 3059
f 2987 3060 3059
f 2987 2988 3060
f 2988 3061 3060
f 2988 2989 3061
f 2989 3062 3061
f 2989 2990 3062
f 2990 3063 3062
f 2990 2991 3063
f 2991 3064 3063
f 2991 2992 3064
f 2992 3065 3064
f 2992 2993 3065
f 2993 3066 3065
f 2993 2994 3066
f 2994 3067 3066
f 2994 2995 3067
f 2995 3068 3067
f 2995 2996 3068
f 2996 3069 3068
f 2996 2997 3069
f 2997 3070 3069
f 2997 2998 3070
f 2998 3071 3070
f 2998 2999 3071
f 2999 3072 3071
f 2999 3000 3072
f 3000 3073 3072
f 3000 3001 3073
f 3001 3074 3073
f 3001 3002 3074
f 3002 3075 3074
f 3002 3003 3075
f 3003 3076 3075
f 3003 3004 3076
f 3004 3077 3076
f 3004 3005 3077
f 3005 3078 3077
f 3005 3006 3078
f 3006 3079 3078
f 3006 3007 3079
f 3007 3080 3079
f 3007 3008 3080
f 3008 3081 3080
f 3008 3009 3081
f 3009 3082 3081
f 3009 3010 3082
f 3010 3083 3082
f 3010 3011 3083
f 3011 3084 3083
f 3011 3012 3084
f 3012 3085 3084
f 3012 3013 3085
f 3013 3086 3085
f 3013 3014 3086
f 3014 3087 3086
f 3014 3015 3087
f 3015 3088 3087
f 3015 3016 3088
f 3016 3089 3088
f 3016 3017 3089
f 3017 3090 3089
f 3017 3018 3090
f 3018 3091 3090
f 3018 3019 3091
f 3019 3092 3091
f 3019 3020 3092
f 3020 3093 3092
f 3020 3021 3093
f 3021 3094 3093
f 3021 3022 3094
f 3022 3095 3094
f 3022 3023 3095
f 3023 3096 3095
f 3023 3024 3096
f 3024 3025 3096
f 3024 2953 3025
f 3025 3098 3097
f 3025 3026 3098
f 3026 3099 3098
f 3026 3027 3099
f 3027 3100 3099
f 3027 3028 3100
f 3028 3101 3100
f 3028 3029 3101
f 3029 3102 3101
f 3029 3030 3102
f 3030 3103 3102
f 3030 3031 3103
f 3031 3104 3103
f 3031 3032 3104
f 3032 3105 3104
f 3032 3033 3105
f 3033 3106 3105
f 3033 3034 3106
f 3034 3107 3106
f 3034 3035 3107
f 3035 3108 3107
f 3035 3036 3108
f 3036 3109 3108
f 3036 3037 3109
f 3037 3110 3109
f 3037 3038 3110
f 3038 3111 3110
f 3038 3039 3111
f 3039 3112 3111
f 3039 3040 3112
f 3040 3113 3112
f 3040 3041 3113
f 3041 3114 3113
f 3041 3042 3114
f 3042 3115 3114
f 3042 3043 3115
f 3043 3116 3115
f 3043 3044 3116
f 3044 3117 3116
f 3044 3045 3117
f 3045 3118 3117
f 3045 3046 3118
f 3046 3119 3118
f 3046 3047 3119
f 3047 3120 3119
f 3047 3048 3120
f 3048 3121 3120
f 3048 3049 3121
f 3049 3122 3121
f 3049 3050 3122
f 3050 3123 3122
f 3050 3051 3123
f 3051 3124 3123
f 3051 3052 3124
f 3052 3125 3124
f 3052 3053 3125
f 3053 3126 3125
f 3053 3054 3126
f 3054 3127 3126
f 3054 3055 3127
f 3055 3128 3127
f 3055 3056 3128
f 3056 3129 3128
f 3056 3057 3129
f 3057 3130 3129
f 3057 3058 3130
f 3058 3131 3130
f 3058 3059 3131
f 3059 3132 3131
f 3059 3060 3132
f 3060 3133 3132
f 3060 3061 3133
f 3061 3134 3133
f 3061 3062 3134
f 3062 3135 3134
f 3062 3063 3135
f 3063 3136 3135
f 3063 3064 3136
f 3064 3137 3136
f 3064 3065 3137
f 3065 3138 3137
f 3065 3066 3138
f 3066 3139 3138
f 3066 3067 3139
f 3067 3140 3139
f 3067 3068 3140
f 3068 3141 3140
f 3068 3069 3141
f 3069 3142 3141
f 3069 3070 3142
f 3070 3143 3142
f 3070 3071 3143
f 3071 3144 3143
f 3071 3072 3144
f 3072 3145 3144
f 3072 3073 3145
f 3073 3146 3145
f 3073 3074 3146
f 3074 3147 3146
f 3074 3075 3147
f 3075 3148 3147
f 3075 3076 3148
f 3076 3149 3148
f 3076 3077 3149
f 3077 3150 3149
f 3077 3078 3150
f 3078 3151 3150
f 3078 3079 3151
f 3079 3152 3151
f 3079 3080 3152
f 3080 3153 3152
f 3080 3081 3153
f 3081 3154 3153
f 3081 3082 3154
f 3082 3155 3154
f 3082 3083 3155
f 3083 3156 3155
f 3083 3084 3156
f 3084 3157 3156
f 3084 3085 3157
f 3085 3158 3157
f 3085 3086 3158
f 3086 3159 3158
f 3086 3087 3159
f 3087 3160 3159
f 3087 3088 3160
f 3088 3161 3160
f 3088 3089 3161
f 3089 3162 3161
f 3089 3090 3162
f 3090 3163 3162
f 3090 3091 3163
f 3091 3164 3163
f 3091 3092 3164
f 3092 3165 3164
f 3092 3093 3165
f 3093 3166 3165
f 3093 3094 3166
f 3094 3167 3166
f 3094 3095 3167
f 3095 3168 3167
f 3095 3096 3168
f 3096 3097 3168
f 3096 3025 3097
f 3097 3170 3169
f 3097 3098 3170
f 3098 3171 3170
f 3098 3099 3171
f 3099 3172 3171
f 3099 3100 3172
f 3100 3173 3172
f 3100 3101 3173
f 3101 3174 3173
f 3101 3102 3174
f 3102 3175 3174
f 3102 3103 3175
f 3103 3176 3175
f 3103 3104 3176
f 3104 3177 3176
f 3104 3105 3177
f 3105 3178 3177
f 3105 3106 3178
f 3106 3179 3178
f 3106 3107 3179
f 3107 3180 3179
f 3107 3108 3180
f 3108 3181 3180
f 3108 3109 3181
f 3109 3182 3181
f 3109 3110 3182
f 3110 3183 3182
f 3110 3111 3183
f 3111 3184 3183
f 3111 3112 3184
f 3112 3185 3184
f 3112 3113 3185
f 3113 3186 3185
f 3113 3114 3186
f 3114 3187 3186
f 3114 3115 3187
f 3115 3188 3187
f 3115 3116 3188
f 3116 3189 3188
f 3116 3117 3189
f 3117 3190 3189
f 3117 3118 3190
f 3118 3191 3190
f 3118 3119 3191
f 3119 3192 3191
f 3119 3120 3192
f 3120 3193 3192
f 3120 3121 3193
f 3121 3194 3193
f 3121 3122 3194
f 3122 3195 3194
f 3122 3123 3195
f 3123 3196 3195
f 3123 3124 3196
f 3124 3197 3196
f 3124 3125 3197
f 3125 3198 3197
f 3125 3126 3198
f 3126 3199 3198
f 3126 3127 3199
f 3127 3200 3199
f 3127 3128 3200
f 3128 3201 3200
f 3128 3129 3201
f 3129 3202 3201
f 3129 3130 3202
f 3130 3203 3202
f 3130 3131 3203
f 3131 3204 3203
f 3131 3132 3204
f 3132 3205 3204
f 3132 3133 3205
f 3133 3206 3205
f 3133 3134 3206
f 3134 3207 3206
f 3134 3135 3207
f 3135 3208 3207
f 3135 3136 3208
f 3136 3209 3208
f 3136 3137 3209
f 3137 3210 3209
f 3137 3138 3210
f 3138 3211 3210
f 3138 3139 3211
f 3139 3212 3211
f 3139 3140 3212
f 3140 3213 3212
f 3140 3141 3213
f 3141 3214 3213
f 3141 3142 3214
f 3142 3215 3214
f 3142 3143 3215
f 3143 3216 3215
f 3143 3144 3216
f 3144 3217 3216
f 3144 3145 3217
f 3145 3218 3217
f 3145 3146 3218
f 3146 3219 3218
f 3146 3147 3219
f 3147 3220 3219
f 3147 3148 3220
f 3148 3221 3220
f 3148 3149 3221
f 3149 3222 3221
f 3149 3150 3222
f 3150 3223 3222
f 3150 3151 3223
f 3151 3224 3223
f 3151 3152 3224
f 3152 3225 3224
f 3152 3153 3225
f 3153 3226 3225
f 3153 3154 3226
f 3154 3227 3226
f 3154 3155 3227
f 3155 3228 3227
f 3155 3156 3228
f 3156 3229 3228
f 3156 3157 3229
f 3157 3230 3229
f 3157 3158 3230
f 3158 3231 3230
f 3158 3159 3231
f 3159 3232 3231
f 3159 3160 3232
f 3160 3233 3232
f 3160 3161 3233
f 3161 3234 3233
f 3161 3162 3234
f 3162 3235 3234
f 3162 3163 3235
f 3163 3236 3235
f 3163 3164 3236
f 3164 3237 3236
f 3164 3165 3237
f 3165 3238 3237
f 3165 3166 3238
f 3166 3239 3238
f 3166 3167 3239
f 3167 3240 3239
f 3167 3168 3240
f 3168 3169 3240
f 3168 3097 3169
f 3169 3242 3241
f 3169 3170 3242
f 3170 3243 3242
f 3170 3171 3243
f 3171 3244 3243
f 3171 3172 3244
f 3172 3245 3244
f 3172 3173 3245
f 3173 3246 3245
f 3173 3174 3246
f 3174 3247 3246
f 3174 3175 3247
f 3175 3248 3247
f 3175 3176 3248
f 3176 3249 3248
f 3176 3177 3249
f 3177 3250 3249
f 3177 3178 3250
f 3178 3251 3250
f 3178 3179 3251
f 3179 3252 3251
f 3179 3180 3252
f 3180 3253 3252
f 3180 3181 3253
f 3181 3254 3253
f 3181 3182 3254
f 3182 3255 3254
f 3182 3183 3255
f 3183 3256 3255
f 3183 3184 3256
f 3184 3257 3256
f 3184 3185 3257
f 3185 3258 3257
f 3185 3186 3258
f 3186 3259 3258
f 3186 3187 3259
f 3187 3260 3259
f 3187 3188 3260
f 3188 3261 3260
f 3188 3189 3261
f 3189 3262 3261
f 3189 3190 3262
f 3190 3263 3262
f 3190 3191 3263
f 3191 3264 3263
f 3191 3192 3264
f 3192 3265 3264
f 3192 3193 3265
f 3193 3266 3265
f 3193 3194 3266
f 3194 3267 3266
f 3194 3195 3267
f 3195 3268 3267
f 3195 3196 3268
f 3196 3269 3268
f 3196 3197 3269
f 3197 3270 3269
f 3197 3198 3270
f 3198 3271 3270
f 3198 3199 3271
f 3199 3272 3271
f 3199 3200 3272
f 3200 3273 3272
f 3200 3201 3273
f 3201 3274 3273
f 3201 3202 3274
f 3202 3275 3274
f 3202 3203 3275
f 3203 3276 3275
f 3203 3204 3276
f 3204 3277 3276
f 3204 3205 3277
f 3205 3278 3277
f 3205 3206 3278
f 3206 3279 3278
f 3206 3207 3279
f 3207 3280 3279
f 3207 3208 3280
f 3208 3281 3280
f 3208 3209 3281
f 3209 3282 3281
f 3209 3210 3282
f 3210 3283 3282
f 3210 3211 3283
f 3211 3284 3283
f 3211 3212 3284
f 3212 3285 3284
f 3212 3213 3285
f 3213 3286 3285
f 3213 3214 3286
f 3214 3287 3286
f 3214 3215 3287
f 3215 3288 3287
f 3215 3216 3288
f 3216 3289 3288
f 3216 3217 3289
f 3217 3290 3289
f 3217 3218 3290
f 3218 3291 3290
f 3218 3219 3291
f 3219 3292 3291
f 3219 3220 3292
f 3220 3293 3292
f 3220 3221 3293
f 3221 3294 3293
f 3221 3222 3294
f 3222 3295 3294
f 3222 3223 3295
f 3223 3296 3295
f 3223 3224 3296
f 3224 3297 3296
f 3224 3225 3297
f 3225 3298 3297
f 3225 3226 3298
f 3226 3299 3298
f 3226 3227 3299
f 3227 3300 3299
f 3227 3228 3300
f 3228 3301 3300
f 3228 3229 3301
f 3229 3302 3301
f 3229 3230 3302
f 3230 3303 3302
f 3230 3231 3303
f 3231 3304 3303
f 3231 3232 3304
f 3232 3305 3304
f 3232 3233 3305
f 3233 3306 3305
f 3233 3234 3306
f 3234 3307 3306
f 3234 3235 3307
f 3235 3308 3307
f 3235 3236 3308
f 3236 3309 3308
f 3236 3237 3309
f 3237 3310 3309
f 3237 3238 3310
f 3238 3311 3310
f 3238 3239 3311
f 3239 3312 3311
f 3239 3240 3312
f 3240 3241 3312
f 3240 3169 3241
f 3241 3314 3313
f 3241 3242 3314
f 3242 3315 3314
f 3242 3243 3315
f 3243 3316 3315
f 3243 3244 3316
f 3244 3317 3316
f 3244 3245 3317
f 3245 3318 3317
f 3245 3246 3318
f 3246 3319 3318
f 3246 3247 3319
f 3247 3320 3319
f 3247 3248 3320
f 3248 3321 3320
f 3248 3249 3321
f 3249 3322 3321
f 3249 3250 3322
f 3250 3323 3322
f 3250 3251 3323
f 3251 3324 3323
f 3251 3252 3324
f 3252 3325 3324
f 3252 3253 3325
f 3253 3326 3325
f 3253 3254 3326
f 3254 3327 3326
f 3254 3255 3327
f 3255 3328 3327
f 3255 3256 3328
f 3256 3329 3328
f 3256 3257 3329
f 3257 3330 3329
f 3257 3258 3330
f 3258 3331 3330
f 3258 3259 3331
f 3259 3332 3331
f 3259 3260 3332
f 3260 3333 3332
f 3260 3261 3333
f 3261 3334 3333
f 3261 3262 3334
f 3262 3335 3334
f 3262 3263 3335
f 3263 3336 3335
f 3263 3264 3336
f 3264 3337 3336
f 3264 3265 3337
f 3265 3338 3337
f 3265 3266 3338
f 3266 3339 3338
f 3266 3267 3339
f 3267 3340 3339
f 3267 3268 3340
f 3268 3341 3340
f 3268 3269 3341
f 3269 3342 3341
f 3269 3270 3342
f 3270 3343 3342
f 3270 3271 3343
f 3271 3344 3343
f 3271 3272 3344
f 3272 3345 3344
f 3272 3273 3345
f 3273 3346 3345
f 3273 3274 3346
f 3274 3347 3346
f 3274 3275 3347
f 3275 3348 3347
f 3275 3276 3348
f 3276 3349 3348
f 3276 3277 3349
f 3277 3350 3349
f 3277 3278 3350
f 3278 3351 3350
f 3278 3279 3351
f 3279 3352 3351
f 3279 3280 3352
f 3280 3353 3352
f 3280 3281 3353
f 3281 3354 3353
f 3281 3282 3354
f 3282 3355 3354
f 3282 3283 3355
f 3283 3356 3355
f 3283 3284 3356
f 3284 3357 3356
f 3284 3285 3357
f 3285 3358 3357
f 3285 3286 3358
f 3286 3359 3358
f 3286 3287 3359
f 3287 3360 3359
f 3287 3288 3360
f 3288 3361 3360
f 3288 3289 3361
f 3289 3362 3361
f 3289 3290 3362
f 3290 3363 3362
f 3290 3291 3363
f 3291 3364 3363
f 3291 3292 3364
f 3292 3365 3364
f 3292 3293 3365
f 3293 3366 3365
f 3293 3294 3366
f 3294 3367 3366
f 3294 3295 3367
f 3295 3368 3367
f 3295 3296 3368
f 3296 3369 3368
f 3296 3297 3369
f 3297 3370 3369
f 3297 3298 3370
f 3298 3371 3370
f 3298 3299 3371
f 3299 3372 3371
f 3299 3300 3372
f 3300 3373 3372
f 3300 3301 3373
f 3301 3374 3373
f 3301 3302 3374
f 3302 3375 3374
f 3302 3303 3375
f 3303 3376 3375
f 3303 3304 3376
f 3304 3377 3376
f 3304 3305 3377
f 3305 3378 3377
f 3305 3306 3378
f 3306 3379 3378
f 3306 3307 3379
f 3307 3380 3379
f 3307 3308 3380
f 3308 3381 3380
f 3308 3309 3381
f 3309 3382 3381
f 3309 3310 3382
f 3310 3383 3382
f 3310 3311 3383
f 3311 3384 3383
f 3311 3312 3384
f 3312 3313 3384
f 3312 3241 3313
f 3313 3386 3385
f 3313 3314 3386
f 3314 3387 3386
f 3314 3315 3387
f 3315 3388 3387
f 3315 3316 3388
f 3316 3389 3388
f 3316 3317 3389
f 3317 3390 3389
f 3317 3318 3390
f 3318 3391 3390
f 3318 3319 3391
f 3319 3392 3391
f 3319 3320 3392
f 3320 3393 3392
f 3320 3321 3393
f 3321 3394 3393
f 3321 3322 3394
f 3322 3395 3394
f 3322 3323 3395
f 3323 3396 3395
f 3323 3324 3396
f 3324 3397 3396
f 3324 3325 3397
f 3325 3398 3397
f 3325 3326 3398
f 3326 3399 3398
f 3326 3327 3399
f 3327 3400 3399
f 3327 3328 3400
f 3328 3401 3400
f 3328 3329 3401
f 3329 3402 3401
f 3329 3330 3402
f 3330 3403 3402
f 3330 3331 3403
f 3331 3404 3403
f 3331 3332 3404
f 3332 3405 3404
f 3332 3333 3405
f 3333 3406 3405
f 3333 3334 3406
f 3334 3407 3406
f 3334 3335 3407
f 3335 3408 3407
f 3335 3336 3408
f 3336 3409 3408
f 3336 3337 3409
f 3337 3410 3409
f 3337 3338 3410
f 3338 3411 3410
f 3338 3339 3411
f 3339 3412 3411
f 3339 3340 3412
f 3340 3413 3412
f 3340 3341 3413
f 3341 3414 3413
f 3341 3342 3414
f 3342 3415 3414
f 3342 3343 3415
f 3343 3416 3415
f 3343 3344 3416
f 3344 3417 3416
f 3344 3345 3417
f 3345 3418 3417
f 3345 3346 3418
f 3346 3419 3418
f 3346 3347 3419
f 3347 3420 3419
f 3347 3348 3420
f 3348 3421 3420
f 3348 3349 3421
f 3349 3422 3421
f 3349 3350 3422
f 3350 3423 3422
f 3350 3351 3423
f 3351 3424 3423
f 3351 3352 3424
f 3352 3425 3424
f 3352 3353 3425
f 3353 3426 3425
f 3353 3354 3426
f 3354 3427 3426
f 3354 3355 3427
f 3355 3428 3427
f 3355 3356 3428
f 3356 3429 3428
f 3356 3357 3429
f 3357 3430 3429
f 3357 3358 3430
f 3358 3431 3430
f 3358 3359 3431
f 3359 3432 3431
f 3359 3360 3432
f 3360 3433 3432
f 3360 3361 3433
f 3361 3434 3433
f 3361 3362 3434
f 3362 3435 3434
f 3362 3363 3435
f 3363 3436 3435
f 3363 3364 3436
f 3364 3437 3436
f 3364 3365 3437
f 3365 3438 3437
f 3365 3366 3438
f 3366 3439 3438
f 3366 3367 3439
f 3367 3440 3439
f 3367 3368 3440
f 3368 3441 3440
f 3368 3369 3441
f 3369 3442 3441
f 3369 3370 3442
f 3370 3443 3442
f 3370 3371 3443
f 3371 3444 3443
f 3371 3372 3444
f 3372 3445 3444
f 3372 3373 3445
f 3373 3446 3445
f 3373 3374 3446
f 3374 3447 3446
f 3374 3375 3447
f 3375 3448 3447
f 3375 3376 3448
f 3376 3449 3448
f 3376 3377 3449
f 3377 3450 3449
f 3377 3378 3450
f 3378 3451 3450
f 3378 3379 3451
f 3379 3452 3451
f 3379 3380 3452
f 3380 3453 3452
f 3380 3381 3453
f 3381 3454 3453
f 3381 3382 3454
f 3382 3455 3454
f 3382 3383 3455
f 3383 3456 3455
f 3383 3384 3456
f 3384 3385 3456
f 3384 3313 3385
f 3385 3458 3457
f 3385 3386 3458
f 3386 3459 3458
f 3386 3387 3459
f 3387 3460 3459
f 3387 3388 3460
f 3388 3461 3460
f 3388 3389 3461
f 3389 3462 3461
f 3389 3390 3462
f 3390 3463 3462
f 3390 3391 3463
f 3391 3464 3463
f 3391 3392 3464
f 3392 3465 3464
f 3392 3393 3465
f 3393 3466 3465
f 3393 3394 3466
f 3394 3467 3466
f 3394 3395 3467
f 3395 3468 3467
f 3395 3396 3468
f 3396 3469 3468
f 3396 3397 3469
f 3397 3470 3469
f 3397 3398 3470
f 3398 3471 3470
f 3398 3399 3471
f 3399 3472 3471
f 3399 3400 3472
f 3400 3473 3472
f 3400 3401 3473
f 3401 3474 3473
f 3401 3402 3474
f 3402 3475 3474
f 3402 3403 3475
f 3403 3476 3475
f 3403 3404 3476
f 3404 3477 3476
f 3404 3405 3477
f 3405 3478 3477
f 3405 3406 3478
f 3406 3479 3478
f 3406 3407 3479
f 3407 3480 3479
f 3407 3408 3480
f 3408 3481 3480
f 3408 3409 3481
f 3409 3482 3481
f 3409 3410 3482
f 3410 3483 3482
f 3410 3411 3483
f 3411 3484 3483
f 3411 3412 3484
f 3412 3485 3484
f 3412 3413 3485
f 3413 3486 3485
f 3413 3414 3486
f 3414 3487 3486
f 3414 3415 3487
f 3415 3488 3487
f 3415 3416 3488
f 3416 3489 3488
f 3416 3417 3489
f 3417 3490 3489
f 3417 3418 3490
f 3418 3491 3490
f 3418 3419 3491
f 3419 3492 3491
f 3419 3420 3492
f 3420 3493 3492
f 3420 3421 3493
f 3421 3494 3493
f 3421 3422 3494
f 3422 3495 3494
f 3422 3423 3495
f 3423 3496 3495
f 3423 3424 3496
f 3424 3497 3496
f 3424 3425 3497
f 3425 3498 3497
f 3425 3426 3498
f 3426 3499 3498
f 3426 3427 3499
f 3427 3500 3499
f 3427 3428 3500
f 3428 3501 3500
f 3428 3429 3501
f 3429 3502 3501
f 3429 3430 3502
f 3430 3503 3502
f 3430 3431 3503
f 3431 3504 3503
f 3431 3432 3504
f 3432 3505 3504
f 3432 3433 3505
f 3433 3506 3505
f 3433 3434 3506
f 3434 3507 3506
f 3434 3435 3507
f 3435 3508 3507
f 3435 3436 3508
f 3436 3509 3508
f 3436 3437 3509
f 3437 3510 3509
f 3437 3438 3510
f 3438 3511 3510
f 3438 3439 3511
f 3439 3512 3511
f 3439 3440 3512
f 3440 3513 3512
f 3440 3441 3513
f 3441 3514 3513
f 3441 3442 3514
f 3442 3515 3514
f 3442 3443 3515
f 3443 3516 3515
f 3443 3444 3516
f 3444 3517 3516
f 3444 3445 3517
f 3445 3518 3517
f 3445 3446 3518
f 3446 3519 3518
f 3446 3447 3519
f 3447 3520 3519
f 3447 3448 3520
f 3448 3521 3520
f 3448 3449 3521
f 3449 3522 3521
f 3449 3450 3522
f 3450 3523 3522
f 3450 3451 3523
f 3451 3524 3523
f 3451 3452 3524
f 3452 3525 3524
f 3452 3453 3525
f 3453 3526 3525
f 3453 3454 3526
f 3454 3527 3526
f 3454 3455 3527
f 3455 3528 3527
f 3455 3456 3528
f 3456 3457 3528
f 3456 3385 3457
f 3457 3530 3529
f 3457 3458 3530
f 3458 3531 3530
f 3458 3459 3531
f 3459 3532 3531
f 3459 3460 3532
f 3460 3533 3532
f 3460 3461 3533
f 3461 3534 3533
f 3461 3462 3534
f 3462 3535 3534
f 3462 3463 3535
f 3463 3536 3535
f 3463 3464 3536
f 3464 3537 3536
f 3464 3465 3537
f 3465 3538 3537
f 3465 3466 3538
f 3466 3539 3538
f 3466 3467 3539
f 3467 3540 3539
f 3467 3468 3540
f 3468 3541 3540
f 3468 3469 3541
f 3469 3542 3541
f 3469 3470 3542
f 3470 3543 3542
f 3470 3471 3543
f 3471 3544 3543
f 3471 3472 3544
f 3472 3545 3544
f 3472 3473 3545
f 3473 3546 3545
f 3473 3474 3546
f 3474 3547 3546
f 3474 3475 3547
f 3475 3548 3547
f 3475 3476 3548
f 3476 3549 3548
f 3476 3477 3549
f 3477 3550 3549
f 3477 3478 3550
f 3478 3551 3550
f 3478 3479 3551
f 3479 3552 3551
f 3479 3480 3552
f 3480 3553 3552
f 3480 3481 3553
f 3481 3554 3553
f 3481 3482 3554
f 3482 3555 3554
f 3482 3483 3555
f 3483 3556 3555
f 3483 3484 3556
f 3484 3557 3556
f 3484 3485 3557
f 3485 3558 3557
f 3485 3486 3558
f 3486 3559 3558
f 3486 3487 3559
f 3487 3560 3559
f 3487 3488 3560
f 3488 3561 3560
f 3488 3489 3561
f 3489 3562 3561
f 3489 3490 3562
f 3490 3563 3562
f 3490 3491 3563
f 3491 3564 3563
f 3491 3492 3564
f 3492 3565 3564
f 3492 3493 3565
f 3493 3566 3565
f 3493 3494 3566
f 3494 3567 3566
f 3494 3495 3567
f 3495 3568 3567
f 3495 3496 3568
f 3496 3569 3568
f 3496 3497 3569
f 3497 3570 3569
f 3497 3498 3570
f 3498 3571 3570
f 3498 3499 3571
f 3499 3572 3571
f 3499 3500 3572
f 3500 3573 3572
f 3500 3501 3573
f 3501 3574 3573
f 3501 3502 3574
f 3502 3575 3574
f 3502 3503 3575
f 3503 3576 3575
f 3503 3504 3576
f 3504 3577 3576
f 3504 3505 3577
f 3505 3578 3577
f 3505 3506 3578
f 3506 3579 3578
f 3506 3507 3579
f 3507 3580 3579
f 3507 3508 3580
f 3508 3581 3580
f 3508 3509 3581
f 3509 3582 3581
f 3509 3510 3582
f 3510 3583 3582
f 3510 3511 3583
f 3511 3584 3583
f 3511 3512 3584
f 3512 3585 3584
f 3512 3513 3585
f 3513 3586 3585
f 3513 3514 3586
f 3514 3587 3586
f 3514 3515 3587
f 3515 3588 3587
f 3515 3516 3588
f 3516 3589 3588
f 3516 3517 3589
f 3517 3590 3589
f 3517 3518 3590
f 3518 3591 3590
f 3518 3519 3591
f 3519 3592 3591
f 3519 3520 3592
f 3520 3593 3592
f 3520 3521 3593
f 3521 3594 3593
f 3521 3522 3594
f 3522 3595 3594
f 3522 3523 3595
f 3523 3596 3595
f 3523 3524 3596
f 3524 3597 3596
f 3524 3525 3597
f 3525 3598 3597
f 3525 3526 3598
f 3526 3599 3598
f 3526 3527 3599
f 3527 3600 3599
f 3527 3528 3600
f 3528 3529 3600
f 3528 3457 3529
f 3529 3602 3601
f 3529 3530 3602
f 3530 3603 3602
f 3530 3531 3603
f 3531 3604 3603
f 3531 3532 3604
f 3532 3605 3604
f 3532 3533 3605
f 3533 3606 3605
f 3533 3534 3606
f 3534 3607 3606
f 3534 3535 3607
f 3535 3608 3607
f 3535 3536 3608
f 3536 3609 3608
f 3536 3537 3609
f 3537 3610 3609
f 3537 3538 3610
f 3538 3611 3610
f 3538 3539 3611
f 3539 3612 3611
f 3539 3540 3612
f 3540 3613 3612
f 3540 3541 3613
f 3541 3614 3613
f 3541 3542 3614
f 3542 3615 3614
f 3542 3543 3615
f 3543 3616 3615
f 3543 3544 3616
f 3544 3617 3616
f 3544 3545 3617
f 3545 3618 3617
f 3545 3546 3618
f 3546 3619 3618
f 3546 3547 3619
f 3547 3620 3619
f 3547 3548 3620
f 3548 3621 3620
f 3548 3549 3621
f 3549 3622 3621
f 3549 3550 3622
f 3550 3623 3622
f 3550 3551 3623
f 3551 3624 3623
f 3551 3552 3624
f 3552 3625 3624
f 3552 3553 3625
f 3553 3626 3625
f 3553 3554 3626
f 3554 3627 3626
f 3554 3555 3627
f 3555 3628 3627
f 3555 3556 3628
f 3556 3629 3628
f 3556 3557 3629
f 3557 3630 3629
f 3557 3558 3630
f 3558 3631 3630
f 3558 3559 3631
f 3559 3632 3631
f 3559 3560 3632
f 3560 3633 3632
f 3560 3561 3633
f 3561 3634 3633
f 3561 3562 3634
f 3562 3635 3634
f 3562 3563 3635
f 3563 3636 3635
f 3563 3564 3636
f 3564 3637 3636
f 3564 3565 3637
f 3565 3638 3637
f 3565 3566 3638
f 3566 3639 3638
f 3566 3567 3639
f 3567 3640 3639
f 3567 3568 3640
f 3568 3641 3640
f 3568 3569 3641
f 3569 3642 3641
f 3569 3570 3642
f 3570 3643 3642
f 3570 3571 3643
f 3571 3644 3643
f 3571 3572 3644
f 3572 3645 3644
f 3572 3573 3645
f 3573 3646 3645
f 3573 3574 3646
f 3574 3647 3646
f 3574 3575 3647
f 3575 3648 3647
f 3575 3576 3648
f 3576 3649 3648
f 3576 3577 3649
f 3577 3650 3649
f 3577 3578 3650
f 3578 3651 3650
f 3578 3579 3651
f 3579 3652 3651
f 3579 3580 3652
f 3580 3653 3652
f 3580 3581 3653
f 3581 3654 3653
f 3581 3582 3654
f 3582 3655 3654
f 3582 3583 3655
f 3583 3656 3655
f 3583 3584 3656
f 3584 3657 3656
f 3584 3585 3657
f 3585 3658 3657
f 3585 3586 3658
f 3586 3659 3658
f 3586 3587 3659
f 3587 3660 3659
f 3587 3588 3660
f 3588 3661 3660
f 3588 3589 3661
f 3589 3662 3661
f 3589 3590 3662
f 3590 3663 3662
f 3590 3591 3663
f 3591 3664 3663
f 3591 3592 3664
f 3592 3665 3664
f 3592 3593 3665
f 3593 3666 3665
f 3593 3594 3666
f 3594 3667 3666
f 3594 3595 3667
f 3595 3668 3667
f 3595 3596 3668
f 3596 3669 3668
f 3596 3597 3669
f 3597 3670 3669
f 3597 3598 3670
f 3598 3671 3670
f 3598 3599 3671
f 3599 3672 3671
f 3599 3600 3672
f 3600 3601 3672
f 3600 3529 3601
f 3601 3674 3673
f 3601 3602 3674
f 3602 3675 3674
f 3602 3603 3675
f 3603 3676 3675
f 3603 3604 3676
f 3604 3677 3676
f 3604 3605 3677
f 3605 3678 3677
f 3605 3606 3678
f 3606 3679 3678
f 3606 3607 3679
f 3607 3680 3679
f 3607 3608 3680
f 3608 3681 3680
f 3608 3609 3681
f 3609 3682 3681
f 3609 3610 3682
f 3610 3683 3682
f 3610 3611 3683
f 3611 3684 3683
f 3611 3612 3684
f 3612 3685 3684
f 3612 3613 3685
f 3613 3686 3685
f 3613 3614 3686
f 3614 3687 3686
f 3614 3615 3687
f 3615 3688 3687
f 3615 3616 3688
f 3616 3689 3688
f 3616 3617 3689
f 3617 3690 3689
f 3617 3618 3690
f 3618 3691 3690
f 3618 3619 3691
f 3619 3692 3691
f 3619 3620 3692
f 3620 3693 3692
f 3620 3621 3693
f 3621 3694 3693
f 3621 3622 3694
f 3622 3695 3694
f 3622 3623 3695
f 3623 3696 3695
f 3623 3624 3696
f 3624 3697 3696
f 3624 3625 3697
f 3625 3698 3697
f 3625 3626 3698
f 3626 3699 3698
f 3626 3627 3699
f 3627 3700 3699
f 3627 3628 3700
f 3628 3701 3700
f 3628 3629 3701
f 3629 3702 3701
f 3629 3630 3702
f 3630 3703 3702
f 3630 3631 3703
f 3631 3704 3703
f 3631 3632 3704
f 3632 3705 3704
f 3632 3633 3705
f 3633 3706 3705
f 3633 3634 3706
f 3634 3707 3706
f 3634 3635 3707
f 3635 3708 3707
f 3635 3636 3708
f 3636 3709 3708
f 3636 3637 3709
f 3637 3710 3709
f 3637 3638 3710
f 3638 3711 3710
f 3638 3639 3711
f 3639 3712 3711
f 3639 3640 3712
f 3640 3713 3712
f 3640 3641 3713
f 3641 3714 3713
f 3641 3642 3714
f 3642 3715 3714
f 3642 3643 3715
f 3643 3716 3715
f 3643 3644 3716
f 3644 3717 3716
f 3644 3645 3717
f 3645 3718 3717
f 3645 3646 3718
f 3646 3719 3718
f 3646 3647 3719
f 3647 3720 3719
f 3647 3648 3720
f 3648 3721 3720
f 3648 3649 3721
f 3649 3722 3721
f 3649 3650 3722
f 3650 3723 3722
f 3650 3651 3723
f 3651 3724 3723
f 3651 3652 3724
f 3652 3725 3724
f 3652 3653 3725
f 3653 3726 3725
f 3653 3654 3726
f 3654 3727 3726
f 3654 3655 3727
f 3655 3728 3727
f 3655 3656 3728
f 3656 3729 3728
f 3656 3657 3729
f 3657 3730 3729
f 3657 3658 3730
f 3658 3731 3730
f 3658 3659 3731
f 3659 3732 3731
f 3659 3660 3732
f 3660 3733 3732
f 3660 3661 3733
f 3661 3734 3733
f 3661 3662 3734
f 3662 3735 3734
f 3662 3663 3735
f 3663 3736 3735
f 3663 3664 3736
f 3664 3737 3736
f 3664 3665 3737
f 3665 3738 3737
f 3665 3666 3738
f 3666 3739 3738
f 3666 3667 3739
f 3667 3740 3739
f 3667 3668 3740
f 3668 3741 3740
f 3668 3669 3741
f 3669 3742 3741
f 3669 3670 3742
f 3670 3743 3742
f 3670 3671 3743
f 3671 3744 3743
f 3671 3672 3744
f 3672 3673 3744
f 3672 3601 3673
f 3673 3746 3745
f 3673 3674 3746
f 3674 3747 3746
f 3674 3675 3747
f 3675 3748 3747
f 3675 3676 3748
f 3676 3749 3748
f 3676 3677 3749
f 3677 3750 3749
f 3677 3678 3750
f 3678 3751 3750
f 3678 3679 3751
f 3679 3752 3751
f 3679 3680 3752
f 3680 3753 3752
f 3680 3681 3753
f 3681 3754 3753
f 3681 3682 3754
f 3682 3755 3754
f 3682 3683 3755
f 3683 3756 3755
f 3683 3684 3756
f 3684 3757 3756
f 3684 3685 3757
f 3685 3758 3757
f 3685 3686 3758
f 3686 3759 3758
f 3686 3687 3759
f 3687 3760 3759
f 3687 3688 3760
f 3688 3761 3760
f 3688 3689 3761
f 3689 3762 3761
f 3689 3690 3762
f 3690 3763 3762
f 3690 3691 3763
f 3691 3764 3763
f 3691 3692 3764
f 3692 3765 3764
f 3692 3693 3765
f 3693 3766 3765
f 3693 3694 3766
f 3694 3767 3766
f 3694 3695 3767
f 3695 3768 3767
f 3695 3696 3768
f 3696 3769 3768
f 3696 3697 3769
f 3697 3770 3769
f 3697 3698 3770
f 3698 3771 3770
f 3698 3699 3771
f 3699 3772 3771
f 3699 3700 3772
f 3700 3773 3772
f 3700 3701 3773
f 3701 3774 3773
f 3701 3702 3774
f 3702 3775 3774
f 3702 3703 3775
f 3703 3776 3775
f 3703 3704 3776
f 3704 3777 3776
f 3704 3705 3777
f 3705 3778 3777
f 3705 3706 3778
f 3706 3779 3778
f 3706 3707 3779
f 3707 3780 3779
f 3707 3708 3780
f 3708 3781 3780
f 3708 3709 3781
f 3709 3782 3781
f 3709 3710 3782
f 3710 3783 3782
f 3710 3711 3783
f 3711 3784 3783
f 3711 3712 3784
f 3712 3785 3784
f 3712 3713 3785
f 3713 3786 3785
f 3713 3714 3786
f 3714 3787 3786
f 3714 3715 3787
f 3715 3788 3787
f 3715 3716 3788
f 3716 3789 3788
f 3716 3717 3789
f 3717 3790 3789
f 3717 3718 3790
f 3718 3791 3790
f 3718 3719 3791
f 3719 3792 3791
f 3719 3720 3792
f 3720 3793 3792
f 3720 3721 3793
f 3721 3794 3793
f 3721 3722 3794
f 3722 3795 3794
f 3722 3723 3795
f 3723 3796 3795
f 3723 3724 3796
f 3724 3797 3796
f 3724 3725 3797
f 3725 3798 3797
f 3725 3726 3798
f 3726 3799 3798
f 3726 3727 3799
f 3727 3800 3799
f 3727 3728 3800
f 3728 3801 3800
f 3728 3729 3801
f 3729 3802 3801
f 3729 3730 3802
f 3730 3803 3802
f 3730 3731 3803
f 3731 3804 3803
f 3731 3732 3804
f 3732 3805 3804
f 3732 3733 3805
f 3733 3806 3805
f 3733 3734 3806
f 3734 3807 3806
f 3734 3735 3807
f 3735 3808 3807
f 3735 3736 3808
f 3736 3809 3808
f 3736 3737 3809
f 3737 3810 3809
f 3737 3738 3810
f 3738 3811 3810
f 3738 3739 3811
f 3739 3812 3811
f 3739 3740 3812
f 3740 3813 3812
f 3740 3741 3813
f 3741 3814 3813
f 3741 3742 3814
f 3742 3815 3814
f 3742 3743 3815
f 3743 3816 3815
f 3743 3744 3816
f 3744 3745 3816
f 3744 3673 3745
f 3745 3818 3817
f 3745 3746 3818
f 3746 3819 3818
f 3746 3747 3819
f 3747 3820 3819
f 3747 3748 3820
f 3748 3821 3820
f 3748 3749 3821
f 3749 3822 3821
f 3749 3750 3822
f 3750 3823 3822
f 3750 3751 3823
f 3751 3824 3823
f 3751 3752 3824
f 3752 3825 3824
f 3752 3753 3825
f 3753 3826 3825
f 3753 3754 3826
f 3754 3827 3826
f 3754 3755 3827
f 3755 3828 3827
f 3755 3756 3828
f 3756 3829 3828
f 3756 3757 3829
f 3757 3830 3829
f 3757 3758 3830
f 3758 3831 3830
f 3758 3759 3831
f 3759 3832 3831
f 3759 3760 3832
f 3760 3833 3832
f 3760 3761 3833
f 3761 3834 3833
f 3761 3762 3834
f 3762 3835 3834
f 3762 3763 3835
f 3763 3836 3835
f 3763 3764 3836
f 3764 3837 3836
f 3764 3765 3837
f 3765 3838 3837
f 3765 3766 3838
f 3766 3839 3838
f 3766 3767 3839
f 3767 3840 3839
f 3767 3768 3840
f 3768 3841 3840
f 3768 3769 3841
f 3769 3842 3841
f 3769 3770 3842
f 3770 3843 3842
f 3770 3771 3843
f 3771 3844 3843
f 3771 3772 3844
f 3772 3845 3844
f 3772 3773 3845
f 3773 3846 3845
f 3773 3774 3846
f 3774 3847 3846
f 3774 3775 3847
f 3775 3848 3847
f 3775 3776 3848
f 3776 3849 3848
f 3776 3777 3849
f 3777 3850 3849
f 3777 3778 3850
f 3778 3851 3850
f 3778 3779 3851
f 3779 3852 3851
f 3779 3780 3852
f 3780 3853 3852
f 3780 3781 3853
f 3781 3854 3853
f 3781 3782 3854
f 3782 3855 3854
f 3782 3783 3855
f 3783 3856 3855
f 3783 3784 3856
f 3784 3857 3856
f 3784 3785 3857
f 3785 3858 3857
f 3785 3786 3858
f 3786 3859 3858
f 3786 3787 3859
f 3787 3860 3859
f 3787 3788 3860
f 3788 3861 3860
f 3788 3789 3861
f 3789 3862 3861
f 3789 3790 3862
f 3790 3863 3862
f 3790 3791 3863
f 3791 3864 3863
f 3791 3792 3864
f 3792 3865 3864
f 3792 3793 3865
f 3793 3866 3865
f 3793 3794 3866
f 3794 3867 3866
f 3794 3795 3867
f 3795 3868 3867
f 3795 3796 3868
f 3796 3869 3868
f 3796 3797 3869
f 3797 3870 3869
f 3797 3798 3870
f 3798 3871 3870
f 3798 3799 3871
f 3799 3872 3871
f 3799 3800 3872
f 3800 3873 3872
f 3800 3801 3873
f 3801 3874 3873
f 3801 3802 3874
f 3802 3875 3874
f 3802 3803 3875
f 3803 3876 3875
f 3803 3804 3876
f 3804 3877 3876
f 3804 3805 3877
f 3805 3878 3877
f 3805 3806 3878
f 3806 3879 3878
f 3806 3807 3879
f 3807 3880 3879
f 3807 3808 3880
f 3808 3881 3880
f 3808 3809 3881
f 3809 3882 3881
f 3809 3810 3882
f 3810 3883 3882
f 3810 3811 3883
f 3811 3884 3883
f 3811 3812 3884
f 3812 3885 3884
f 3812 3813 3885
f 3813 3886 3885
f 3813 3814 3886
f 3814 3887 3886
f 3814 3815 3887
f 3815 3888 3887
f 3815 3816 3888
f 3816 3817 3888
f 3816 3745 3817
f 3817 3890 3889
f 3817 3818 3890
f 3818 3891 3890
f 3818 3819 3891
f 3819 3892 3891
f 3819 3820 3892
f 3820 3893 3892
f 3820 3821 3893
f 3821 3894 3893
f 3821 3822 3894
f 3822 3895 3894
f 3822 3823 3895
f 3823 3896 3895
f 3823 3824 3896
f 3824 3897 3896
f 3824 3825 3897
f 3825 3898 3897
f 3825 3826 3898
f 3826 3899 3898
f 3826 3827 3899
f 3827 3900 3899
f 3827 3828 3900
f 3828 3901 3900
f 3828 3829 3901
f 3829 3902 3901
f 3829 3830 3902
f 3830 3903 3902
f 3830 3831 3903
f 3831 3904 3903
f 3831 3832 3904
f 3832 3905 3904
f 3832 3833 3905
f 3833 3906 3905
f 3833 3834 3906
f 3834 3907 3906
f 3834 3835 3907
f 3835 3908 3907
f 3835 3836 3908
f 3836 3909 3908
f 3836 3837 3909
f 3837 3910 3909
f 3837 3838 3910
f 3838 3911 3910
f 3838 3839 3911
f 3839 3912 3911
f 3839 3840 3912
f 3840 3913 3912
f 3840 3841 3913
f 3841 3914 3913
f 3841 3842 3914
f 3842 3915 3914
f 3842 3843 3915
f 3843 3916 3915
f 3843 3844 3916
f 3844 3917 3916
f 3844 3845 3917
f 3845 3918 3917
f 3845 3846 3918
f 3846 3919 3918
f 3846 3847 3919
f 3847 3920 3919
f 3847 3848 3920
f 3848 3921 3920
f 3848 3849 3921
f 3849 3922 3921
f 3849 3850 3922
f 3850 3923 3922
f 3850 3851 3923
f 3851 3924 3923
f 3851 3852 3924
f 3852 3925 3924
f 3852 3853 3925
f 3853 3926 3925
f 3853 3854 3926
f 3854 3927 3926
f 3854 3855 3927
f 3855 3928 3927
f 3855 3856 3928
f 3856 3929 3928
f 3856 3857 3929
f 3857 3930 3929
f 3857 3858 3930
f 3858 3931 3930
f 3858 3859 3931
f 3859 3932 3931
f 3859 3860 3932
f 3860 3933 3932
f 3860 3861 3933
f 3861 3934 3933
f 3861 3862 3934
f 3862 3935 3934
f 3862 3863 3935
f 3863 3936 3935
f 3863 3864 3936
f 3864 3937 3936
f 3864 3865 3937
f 3865 3938 3937
f 3865 3866 3938
f 3866 3939 3938
f 3866 3867 3939
f 3867 3940 3939
f 3867 3868 3940
f 3868 3941 3940
f 3868 3869 3941
f 3869 3942 3941
f 3869 3870 3942
f 3870 3943 3942
f 3870 3871 3943
f 3871 3944 3943
f 3871 3872 3944
f 3872 3945 3944
f 3872 3873 3945
f 3873 3946 3945
f 3873 3874 3946
f 3874 3947 3946
f 3874 3875 3947
f 3875 3948 3947
f 3875 3876 3948
f 3876 3949 3948
f 3876 3877 3949
f 3877 3950 3949
f 3877 3878 3950
f 3878 3951 3950
f 3878 3879 3951
f 3879 3952 3951
f 3879 3880 3952
f 3880 3953 3952
f 3880 3881 3953
f 3881 3954 3953
f 3881 3882 3954
f 3882 3955 3954
f 3882 3883 3955
f 3883 3956 3955
f 3883 3884 3956
f 3884 3957 3956
f 3884 3885 3957
f 3885 3958 3957
f 3885 3886 3958
f 3886 3959 3958
f 3886 3887 3959
f 3887 3960 3959
f 3887 3888 3960
f 3888 3889 3960
f 3888 3817 3889
f 3889 3962 3961
f 3889 3890 3962
f 3890 3963 3962
f 3890 3891 3963
f 3891 3964 3963
f 3891 3892 3964
f 3892 3965 3964
f 3892 3893 3965
f 3893 3966 3965
f 3893 3894 3966
f 3894 3967 3966
f 3894 3895 3967
f 3895 3968 3967
f 3895 3896 3968
f 3896 3969 3968
f 3896 3897 3969
f 3897 3970 3969
f 3897 3898 3970
f 3898 3971 3970
f 3898 3899 3971
f 3899 3972 3971
f 3899 3900 3972
f 3900 3973 3972
f 3900 3901 3973
f 3901 3974 3973
f 3901 3902 3974
f 3902 3975 3974
f 3902 3903 3975
f 3903 3976 3975
f 3903 3904 3976
f 3904 3977 3976
f 3904 3905 3977
f 3905 3978 3977
f 3905 3906 3978
f 3906 3979 3978
f 3906 3907 3979
f 3907 3980 3979
f 3907 3908 3980
f 3908 3981 3980
f 3908 3909 3981
f 3909 3982 3981
f 3909 3910 3982
f 3910 3983 3982
f 3910 3911 3983
f 3911 3984 3983
f 3911 3912 3984
f 3912 3985 3984
f 3912 3913 3985
f 3913 3986 3985
f 3913 3914 3986
f 3914 3987 3986
f 3914 3915 3987
f 3915 3988 3987
f 3915 3916 3988
f 3916 3989 3988
f 3916 3917 3989
f 3917 3990 3989
f 3917 3918 3990
f 3918 3991 3990
f 3918 3919 3991
f 3919 3992 3991
f 3919 3920 3992
f 3920 3993 3992
f 3920 3921 3993
f 3921 3994 3993
f 3921 3922 3994
f 3922 3995 3994
f 3922 3923 3995
f 3923 3996 3995
f 3923 3924 3996
f 3924 3997 3996
f 3924 3925 3997
f 3925 3998 3997
f 3925 3926 3998
f 3926 3999 3998
f 3926 3927 3999
f 3927 4000 3999
f 3927 3928 4000
f 3928 4001 4000
f 3928 3929 4001
f 3929 4002 4001
f 3929 3930 4002
f 3930 4003 4002
f 3930 3931 4003
f 3931 4004 4003
f 3931 3932 4004
f 3932 4005 4004
f 3932 3933 4005
f 3933 4006 4005
f 3933 3934 4006
f 3934 4007 4006
f 3934 3935 4007
f 3935 4008 4007
f 3935 3936 4008
f 3936 4009 4008
f 3936 3937 4009
f 3937 4010 4009
f 3937 3938 4010
f 3938 4011 4010
f 3938 3939 4011
f 3939 4012 4011
f 3939 3940 4012
f 3940 4013 4012
f 3940 3941 4013
f 3941 4014 4013
f 3941 3942 4014
f 3942 4015 4014
f 3942 3943 4015
f 3943 4016 4015
f 3943 3944 4016
f 3944 4017 4016
f 3944 3945 4017
f 3945 4018 4017
f 3945 3946 4018
f 3946 4019 4018
f 3946 3947 4019
f 3947 4020 4019
f 3947 3948 4020
f 3948 4021 4020
f 3948 3949 4021
f 3949 4022 4021
f 3949 3950 4022
f 3950 4023 4022
f 3950 3951 4023
f 3951 4024 4023
f 3951 3952 4024
f 3952 4025 4024
f 3952 3953 4025
f 3953 4026 4025
f 3953 3954 4026
f 3954 4027 4026
f 3954 3955 4027
f 3955 4028 4027
f 3955 3956 4028
f 3956 4029 4028
f 3956 3957 4029
f 3957 4030 4029
f 3957 3958 4030
f 3958 4031 4030
f 3958 3959 4031
f 3959 4032 4031
f 3959 3960 4032
f 3960 3961 4032
f 3960 3889 3961
f 3961 4034 4033
f 3961 3962 4034
f 3962 4035 4034
f 3962 3963 4035
f 3963 4036 4035
f 3963 3964 4036
f 3964 4037 4036
f 3964 3965 4037
f 3965 4038 4037
f 3965 3966 4038
f 3966 4039 4038
f 3966 3967 4039
f 3967 4040 4039
f 3967 3968 4040
f 3968 4041 4040
f 3968 3969 4041
f 3969 4042 4041
f 3969 3970 4042
f 3970 4043 4042
f 3970 3971 4043
f 3971 4044 4043
f 3971 3972 4044
f 3972 4045 4044
f 3972 3973 4045
f 3973 4046 4045
f 3973 3974 4046
f 3974 4047 4046
f 3974 3975 4047
f 3975 4048 4047
f 3975 3976 4048
f 3976 4049 4048
f 3976 3977 4049
f 3977 4050 4049
f 3977 3978 4050
f 3978 4051 4050
f 3978 3979 4051
f 3979 4052 4051
f 3979 3980 4052
f 3980 4053 4052
f 3980 3981 4053
f 3981 4054 4053
f 3981 3982 4054
f 3982 4055 4054
f 3982 3983 4055
f 3983 4056 4055
f 3983 3984 4056
f 3984 4057 4056
f 3984 3985 4057
f 3985 4058 4057
f 3985 3986 4058
f 3986 4059 4058
f 3986 3987 4059
f 3987 4060 4059
f 3987 3988 4060
f 3988 4061 4060
f 3988 3989 4061
f 3989 4062 4061
f 3989 3990 4062
f 3990 4063 4062
f 3990 3991 4063
f 3991 4064 4063
f 3991 3992 4064
f 3992 4065 4064
f 3992 3993 4065
f 3993 4066 4065
f 3993 3994 4066
f 3994 4067 4066
f 3994 3995 4067
f 3995 4068 4067
f 3995 3996 4068
f 3996 4069 4068
f 3996 3997 4069
f 3997 4070 4069
f 3997 3998 4070
f 3998 4071 4070
f 3998 3999 4071
f 3999 4072 4071
f 3999 4000 4072
f 4000 4073 4072
f 4000 4001 4073
f 4001 4074 4073
f 4001 4002 4074
f 4002 4075 4074
f 4002 4003 4075
f 4003 4076 4075
f 4003 4004 4076
f 4004 4077 4076
f 4004 4005 4077
f 4005 4078 4077
f 4005 4006 4078
f 4006 4079 4078
f 4006 4007 4079
f 4007 4080 4079
f 4007 4008 4080
f 4008 4081 4080
f 4008 4009 4081
f 4009 4082 4081
f 4009 4010 4082
f 4010 4083 4082
f 4010 4011 4083
f 4011 4084 4083
f 4011 4012 4084
f 4012 4085 4084
f 4012 4013 4085
f 4013 4086 4085
f 4013 4014 4086
f 4014 4087 4086
f 4014 4015 4087
f 4015 4088 4087
f 4015 4016 4088
f 4016 4089 4088
f 4016 4017 4089
f 4017 4090 4089
f 4017 4018 4090
f 4018 4091 4090
f 4018 4019 4091
f 4019 4092 4091
f 4019 4020 4092
f 4020 4093 4092
f 4020 4021 4093
f 4021 4094 4093
f 4021 4022 4094
f 4022 4095 4094
f 4022 4023 4095
f 4023 4096 4095
f 4023 4024 4096
f 4024 4097 4096
f 4024 4025 4097
f 4025 4098 4097
f 4025 4026 4098
f 4026 4099 4098
f 4026 4027 4099
f 4027 4100 4099
f 4027 4028 4100
f 4028 4101 4100
f 4028 4029 4101
f 4029 4102 4101
f 4029 4030 4102
f 4030 4103 4102
f 4030 4031 4103
f 4031 4104 4103
f 4031 4032 4104
f 4032 4033 4104
f 4032 3961 4033
f 4033 4106 4105
f 4033 4034 4106
f 4034 4107 4106
f 4034 4035 4107
f 4035 4108 4107
f 4035 4036 4108
f 4036 4109 4108
f 4036 4037 4109
f 4037 4110 4109
f 4037 4038 4110
f 4038 4111 4110
f 4038 4039 4111
f 4039 4112 4111
f 4039 4040 4112
f 4040 4113 4112
f 4040 4041 4113
f 4041 4114 4113
f 4041 4042 4114
f 4042 4115 4114
f 4042 4043 4115
f 4043 4116 4115
f 4043 4044 4116
f 4044 4117 4116
f 4044 4045 4117
f 4045 4118 4117
f 4045 4046 4118
f 4046 4119 4118
f 4046 4047 4119
f 4047 4120 4119
f 4047 4048 4120
f 4048 4121 4120
f 4048 4049 4121
f 4049 4122 4121
f 4049 4050 4122
f 4050 4123 4122
f 4050 4051 4123
f 4051 4124 4123
f 4051 4052 4124
f 4052 4125 4124
f 4052 4053 4125
f 4053 4126 4125
f 4053 4054 4126
f 4054 4127 4126
f 4054 4055 4127
f 4055 4128 4127
f 4055 4056 4128
f 4056 4129 4128
f 4056 4057 4129
f 4057 4130 4129
f 4057 4058 4130
f 4058 4131 4130
f 4058 4059 4131
f 4059 4132 4131
f 4059 4060 4132
f 4060 4133 4132
f 4060 4061 4133
f 4061 4134 4133
f 4061 4062 4134
f 4062 4135 4134
f 4062 4063 4135
f 4063 4136 4135
f 4063 4064 4136
f 4064 4137 4136
f 4064 4065 4137
f 4065 4138 4137
f 4065 4066 4138
f 4066 4139 4138
f 4066 4067 4139
f 4067 4140 4139
f 4067 4068 4140
f 4068 4141 4140
f 4068 4069 4141
f 4069 4142 4141
f 4069 4070 4142
f 4070 4143 4142
f 4070 4071 4143
f 4071 4144 4143
f 4071 4072 4144
f 4072 4145 4144
f 4072 4073 4145
f 4073 4146 4145
f 4073 4074 4146
f 4074 4147 4146
f 4074 4075 4147
f 4075 4148 4147
f 4075 4076 4148
f 4076 4149 4148
f 4076 4077 4149
f 4077 4150 4149
f 4077 4078 4150
f 4078 4151 4150
f 4078 4079 4151
f 4079 4152 4151
f 4079 4080 4152
f 4080 4153 4152
f 4080 4081 4153
f 4081 4154 4153
f 4081 4082 4154
f 4082 4155 4154
f 4082 4083 4155
f 4083 4156 4155
f 4083 4084 4156
f 4084 4157 4156
f 4084 4085 4157
f 4085 4158 4157
f 4085 4086 4158
f 4086 4159 4158
f 4086 4087 4159
f 4087 4160 4159
f 4087 4088 4160
f 4088 4161 4160
f 4088 4089 4161
f 4089 4162 4161
f 4089 4090 4162
f 4090 4163 4162
f 4090 4091 4163
f 4091 4164 4163
f 4091 4092 4164
f 4092 4165 4164
f 4092 4093 4165
f 4093 4166 4165
f 4093 4094 4166
f 4094 4167 4166
f 4094 4095 4167
f 4095 4168 4167
f 4095 4096 4168
f 4096 4169 4168
f 4096 4097 4169
f 4097 4170 4169
f 4097 4098 4170
f 4098 4171 4170
f 4098 4099 4171
f 4099 4172 4171
f 4099 4100 4172
f 4100 4173 4172
f 4100 4101 4173
f 4101 4174 4173
f 4101 4102 4174
f 4102 4175 4174
f 4102 4103 4175
f 4103 4176 4175
f 4103 4104 4176
f 4104 4105 4176
f 4104 4033 4105
f 4105 4178 4177
f 4105 4106 4178
f 4106 4179 4178
f 4106 4107 4179
f 4107 4180 4179
f 4107 4108 4180
f 4108 4181 4180
f 4108 4109 4181
f 4109 4182 4181
f 4109 4110 4182
f 4110 4183 4182
f 4110 4111 4183
f 4111 4184 4183
f 4111 4112 4184
f 4112 4185 4184
f 4112 4113 4185
f 4113 4186 4185
f 4113 4114 4186
f 4114 4187 4186
f 4114 4115 4187
f 4115 4188 4187
f 4115 4116 4188
f 4116 4189 4188
f 4116 4117 4189
f 4117 4190 4189
f 4117 4118 4190
f 4118 4191 4190
f 4118 4119 4191
f 4119 4192 4191
f 4119 4120 4192
f 4120 4193 4192
f 4120 4121 4193
f 4121 4194 4193
f 4121 4122 4194
f 4122 4195 4194
f 4122 4123 4195
f 4123 4196 4195
f 4123 4124 4196
f 4124 4197 4196
f 4124 4125 4197
f 4125 4198 4197
f 4125 4126 4198
f 4126 4199 4198
f 4126 4127 4199
f 4127 4200 4199
f 4127 4128 4200
f 4128 4201 4200
f 4128 4129 4201
f 4129 4202 4201
f 4129 4130 4202
f 4130 4203 4202
f 4130 4131 4203
f 4131 4204 4203
f 4131 4132 4204
f 4132 4205 4204
f 4132 4133 4205
f 4133 4206 4205
f 4133 4134 4206
f 4134 4207 4206
f 4134 4135 4207
f 4135 4208 4207
f 4135 4136 4208
f 4136 4209 4208
f 4136 4137 4209
f 4137 4210 4209
f 4137 4138 4210
f 4138 4211 4210
f 4138 4139 4211
f 4139 4212 4211
f 4139 4140 4212
f 4140 4213 4212
f 4140 4141 4213
f 4141 4214 4213
f 4141 4142 4214
f 4142 4215 4214
f 4142 4143 4215
f 4143 4216 4215
f 4143 4144 4216
f 4144 4217 4216
f 4144 4145 4217
f 4145 4218 4217
f 4145 4146 4218
f 4146 4219 4218
f 4146 4147 4219
f 4147 4220 4219
f 4147 4148 4220
f 4148 4221 4220
f 4148 4149 4221
f 4149 4222 4221
f 4149 4150 4222
f 4150 4223 4222
f 4150 4151 4223
f 4151 4224 4223
f 4151 4152 4224
f 4152 4225 4224
f 4152 4153 4225
f 4153 4226 4225
f 4153 4154 4226
f 4154 4227 4226
f 4154 4155 4227
f 4155 4228 4227
f 4155 4156 4228
f 4156 4229 4228
f 4156 4157 4229
f 4157 4230 4229
f 4157 4158 4230
f 4158 4231 4230
f 4158 4159 4231
f 4159 4232 4231
f 4159 4160 4232
f 4160 4233 4232
f 4160 4161 4233
f 4161 4234 4233
f 4161 4162 4234
f 4162 4235 4234
f 4162 4163 4235
f 4163 4236 4235
f 4163 4164 4236
f 4164 4237 4236
f 4164 4165 4237
f 4165 4238 4237
f 4165 4166 4238
f 4166 4239 4238
f 4166 4167 4239
f 4167 4240 4239
f 4167 4168 4240
f 4168 4241 4240
f 4168 4169 4241
f 4169 4242 4241
f 4169 4170 4242
f 4170 4243 4242
f 4170 4171 4243
f 4171 4244 4243
f 4171 4172 4244
f 4172 4245 4244
f 4172 4173 4245
f 4173 4246 4245
f 4173 4174 4246
f 4174 4247 4246
f 4174 4175 4247
f 4175 4248 4247
f 4175 4176 4248
f 4176 4177 4248
f 4176 4105 4177
f 4177 4250 4249
f 4177 4178 4250
f 4178 4251 4250
f 4178 4179 4251
f 4179 4252 4251
f 4179 4180 4252
f 4180 4253 4252
f 4180 4181 4253
f 4181 4254 4253
f 4181 4182 4254
f 4182 4255 4254
f 4182 4183 4255
f 4183 4256 4255
f 4183 4184 4256
f 4184 4257 4256
f 4184 4185 4257
f 4185 4258 4257
f 4185 4186 4258
f 4186 4259 4258
f 4186 4187 4259
f 4187 4260 4259
f 4187 4188 4260
f 4188 4261 4260
f 4188 4189 4261
f 4189 4262 4261
f 4189 4190 4262
f 4190 4263 4262
f 4190 4191 4263
f 4191 4264 4263
f 4191 4192 4264
f 4192 4265 4264
f 4192 4193 4265
f 4193 4266 4265
f 4193 4194 4266
f 4194 4267 4266
f 4194 4195 4267
f 4195 4268 4267
f 4195 4196 4268
f 4196 4269 4268
f 4196 4197 4269
f 4197 4270 4269
f 4197 4198 4270
f 4198 4271 4270
f 4198 4199 4271
f 4199 4272 4271
f 4199 4200 4272
f 4200 4273 4272
f 4200 4201 4273
f 4201 4274 4273
f 4201 4202 4274
f 4202 4275 4274
f 4202 4203 4275
f 4203 4276 4275
f 4203 4204 4276
f 4204 4277 4276
f 4204 4205 4277
f 4205 4278 4277
f 4205 4206 4278
f 4206 4279 4278
f 4206 4207 4279
f 4207 4280 4279
f 4207 4208 4280
f 4208 4281 4280
f 4208 4209 4281
f 4209 4282 4281
f 4209 4210 4282
f 4210 4283 4282
f 4210 4211 4283
f 4211 4284 4283
f 4211 4212 4284
f 4212 4285 4284
f 4212 4213 4285
f 4213 4286 4285
f 4213 4214 4286
f 4214 4287 4286
f 4214 4215 4287
f 4215 4288 4287
f 4215 4216 4288
f 4216 4289 4288
f 4216 4217 4289
f 4217 4290 4289
f 4217 4218 4290
f 4218 4291 4290
f 4218 4219 4291
f 4219 4292 4291
f 4219 4220 4292
f 4220 4293 4292
f 4220 4221 4293
f 4221 4294 4293
f 4221 4222 4294
f 4222 4295 4294
f 4222 4223 4295
f 4223 4296 4295
f 4223 4224 4296
f 4224 4297 4296
f 4224 4225 4297
f 4225 4298 4297
f 4225 4226 4298
f 4226 4299 4298
f 4226 4227 4299
f 4227 4300 4299
f 4227 4228 4300
f 4228 4301 4300
f 4228 4229 4301
f 4229 4302 4301
f 4229 4230 4302
f 4230 4303 4302
f 4230 4231 4303
f 4231 4304 4303
f 4231 4232 4304
f 4232 4305 4304
f 4232 4233 4305
f 4233 4306 4305
f 4233 4234 4306
f 4234 4307 4306
f 4234 4235 4307
f 4235 4308 4307
f 4235 4236 4308
f 4236 4309 4308
f 4236 4237 4309
f 4237 4310 4309
f 4237 4238 4310
f 4238 4311 4310
f 4238 4239 4311
f 4239 4312 4311
f 4239 4240 4312
f 4240 4313 4312
f 4240 4241 4313
f 4241 4314 4313
f 4241 4242 4314
f 4242 4315 4314
f 4242 4243 4315
f 4243 4316 4315
f 4243 4244 4316
f 4244 4317 4316
f 4244 4245 4317
f 4245 4318 4317
f 4245 4246 4318
f 4246 4319 4318
f 4246 4247 4319
f 4247 4320 4319
f 4247 4248 4320
f 4248 4249 4320
f 4248 4177 4249
f 4249 4322 4321
f 4249 4250 4322
f 4250 4323 4322
f 4250 4251 4323
f 4251 4324 4323
f 4251 4252 4324
f 4252 4325 4324
f 4252 4253 4325
f 4253 4326 4325
f 4253 4254 4326
f 4254 4327 4326
f 4254 4255 4327
f 4255 4328 4327
f 4255 4256 4328
f 4256 4329 4328
f 4256 4257 4329
f 4257 4330 4329
f 4257 4258 4330
f 4258 4331 4330
f 4258 4259 4331
f 4259 4332 4331
f 4259 4260 4332
f 4260 4333 4332
f 4260 4261 4333
f 4261 4334 4333
f 4261 4262 4334
f 4262 4335 4334
f 4262 4263 4335
f 4263 4336 4335
f 4263 4264 4336
f 4264 4337 4336
f 4264 4265 4337
f 4265 4338 4337
f 4265 4266 4338
f 4266 4339 4338
f 4266 4267 4339
f 4267 4340 4339
f 4267 4268 4340
f 4268 4341 4340
f 4268 4269 4341
f 4269 4342 4341
f 4269 4270 4342
f 4270 4343 4342
f 4270 4271 4343
f 4271 4344 4343
f 4271 4272 4344
f 4272 4345 4344
f 4272 4273 4345
f 4273 4346 4345
f 4273 4274 4346
f 4274 4347 4346
f 4274 4275 4347
f 4275 4348 4347
f 4275 4276 4348
f 4276 4349 4348
f 4276 4277 4349
f 4277 4350 4349
f 4277 4278 4350
f 4278 4351 4350
f 4278 4279 4351
f 4279 4352 4351
f 4279 4280 4352
f 4280 4353 4352
f 4280 4281 4353
f 4281 4354 4353
f 4281 4282 4354
f 4282 4355 4354
f 4282 4283 4355
f 4283 4356 4355
f 4283 4284 4356
f 4284 4357 4356
f 4284 4285 4357
f 4285 4358 4357
f 4285 4286 4358
f 4286 4359 4358
f 4286 4287 4359
f 4287 4360 4359
f 4287 4288 4360
f 4288 4361 4360
f 4288 4289 4361
f 4289 4362 4361
f 4289 4290 4362
f 4290 4363 4362
f 4290 4291 4363
f 4291 4364 4363
f 4291 4292 4364
f 4292 4365 4364
f 4292 4293 4365
f 4293 4366 4365
f 4293 4294 4366
f 4294 4367 4366
f 4294 4295 4367
f 4295 4368 4367
f 4295 4296 4368
f 4296 4369 4368
f 4296 4297 4369
f 4297 4370 4369
f 4297 4298 4370
f 4298 4371 4370
f 4298 4299 4371
f 4299 4372 4371
f 4299 4300 4372
f 4300 4373 4372
f 4300 4301 4373
f 4301 4374 4373
f 4301 4302 4374
f 4302 4375 4374
f 4302 4303 4375
f 4303 4376 4375
f 4303 4304 4376
f 4304 4377 4376
f 4304 4305 4377
f 4305 4378 4377
f 4305 4306 4378
f 4306 4379 4378
f 4306 4307 4379
f 4307 4380 4379
f 4307 4308 4380
f 4308 4381 4380
f 4308 4309 4381
f 4309 4382 4381
f 4309 4310 4382
f 4310 4383 4382
f 4310 4311 4383
f 4311 4384 4383
f 4311 4312 4384
f 4312 4385 4384
f 4312 4313 4385
f 4313 4386 4385
f 4313 4314 4386
f 4314 4387 4386
f 4314 4315 4387
f 4315 4388 4387
f 4315 4316 4388
f 4316 4389 4388
f 4316 4317 4389
f 4317 4390 4389
f 4317 4318 4390
f 4318 4391 4390
f 4318 4319 4391
f 4319 4392 4391
f 4319 4320 4392
f 4320 4321 4392
f 4320 4249 4321
f 4321 4394 4393
f 4321 4322 4394
f 4322 4395 4394
f 4322 4323 4395
f 4323 4396 4395
f 4323 4324 4396
f 4324 4397 4396
f 4324 4325 4397
f 4325 4398 4397
f 4325 4326 4398
f 4326 4399 4398
f 4326 4327 4399
f 4327 4400 4399
f 4327 4328 4400
f 4328 4401 4400
f 4328 4329 4401
f 4329 4402 4401
f 4329 4330 4402
f 4330 4403 4402
f 4330 4331 4403
f 4331 4404 4403
f 4331 4332 4404
f 4332 4405 4404
f 4332 4333 4405
f 4333 4406 4405
f 4333 4334 4406
f 4334 4407 4406
f 4334 4335 4407
f 4335 4408 4407
f 4335 4336 4408
f 4336 4409 4408
f 4336 4337 4409
f 4337 4410 4409
f 4337 4338 4410
f 4338 4411 4410
f 4338 4339 4411
f 4339 4412 4411
f 4339 4340 4412
f 4340 4413 4412
f 4340 4341 4413
f 4341 4414 4413
f 4341 4342 4414
f 4342 4415 4414
f 4342 4343 4415
f 4343 4416 4415
f 4343 4344 4416
f 4344 4417 4416
f 4344 4345 4417
f 4345 4418 4417
f 4345 4346 4418
f 4346 4419 4418
f 4346 4347 4419
f 4347 4420 4419
f 4347 4348 4420
f 4348 4421 4420
f 4348 4349 4421
f 4349 4422 4421
f 4349 4350 4422
f 4350 4423 4422
f 4350 4351 4423
f 4351 4424 4423
f 4351 4352 4424
f 4352 4425 4424
f 4352 4353 4425
f 4353 4426 4425
f 4353 4354 4426
f 4354 4427 4426
f 4354 4355 4427
f 4355 4428 4427
f 4355 4356 4428
f 4356 4429 4428
f 4356 4357 4429
f 4357 4430 4429
f 4357 4358 4430
f 4358 4431 4430
f 4358 4359 4431
f 4359 4432 4431
f 4359 4360 4432
f 4360 4433 4432
f 4360 4361 4433
f 4361 4434 4433
f 4361 4362 4434
f 4362 4435 4434
f 4362 4363 4435
f 4363 4436 4435
f 4363 4364 4436
f 4364 4437 4436
f 4364 4365 4437
f 4365 4438 4437
f 4365 4366 4438
f 4366 4439 4438
f 4366 4367 4439
f 4367 4440 4439
f 4367 4368 4440
f 4368 4441 4440
f 4368 4369 4441
f 4369 4442 4441
f 4369 4370 4442
f 4370 4443 4442
f 4370 4371 4443
f 4371 4444 4443
f 4371 4372 4444
f 4372 4445 4444
f 4372 4373 4445
f 4373 4446 4445
f 4373 4374 4446
f 4374 4447 4446
f 4374 4375 4447
f 4375 4448 4447
f 4375 4376 4448
f 4376 4449 4448
f 4376 4377 4449
f 4377 4450 4449
f 4377 4378 4450
f 4378 4451 4450
f 4378 4379 4451
f 4379 4452 4451
f 4379 4380 4452
f 4380 4453 4452
f 4380 4381 4453
f 4381 4454 4453
f 4381 4382 4454
f 4382 4455 4454
f 4382 4383 4455
f 4383 4456 4455
f 4383 4384 4456
f 4384 4457 4456
f 4384 4385 4457
f 4385 4458 4457
f 4385 4386 4458
f 4386 4459 4458
f 4386 4387 4459
f 4387 4460 4459
f 4387 4388 4460
f 4388 4461 4460
f 4388 4389 4461
f 4389 4462 4461
f 4389 4390 4462
f 4390 4463 4462
f 4390 4391 4463
f 4391 4464 4463
f 4391 4392 4464
f 4392 4393 4464
f 4392 4321 4393
f 4393 4466 4465
f 4393 4394 4466
f 4394 4467 4466
f 4394 4395 4467
f 4395 4468 4467
f 4395 4396 4468
f 4396 4469 4468
f 4396 4397 4469
f 4397 4470 4469
f 4397 4398 4470
f 4398 4471 4470
f 4398 4399 4471
f 4399 4472 4471
f 4399 4400 4472
f 4400 4473 4472
f 4400 4401 4473
f 4401 4474 4473
f 4401 4402 4474
f 4402 4475 4474
f 4402 4403 4475
f 4403 4476 4475
f 4403 4404 4476
f 4404 4477 4476
f 4404 4405 4477
f 4405 4478 4477
f 4405 4406 4478
f 4406 4479 4478
f 4406 4407 4479
f 4407 4480 4479
f 4407 4408 4480
f 4408 4481 4480
f 4408 4409 4481
f 4409 4482 4481
f 4409 4410 4482
f 4410 4483 4482
f 4410 4411 4483
f 4411 4484 4483
f 4411 4412 4484
f 4412 4485 4484
f 4412 4413 4485
f 4413 4486 4485
f 4413 4414 4486
f 4414 4487 4486
f 4414 4415 4487
f 4415 4488 4487
f 4415 4416 4488
f 4416 4489 4488
f 4416 4417 4489
f 4417 4490 4489
f 4417 4418 4490
f 4418 4491 4490
f 4418 4419 4491
f 4419 4492 4491
f 4419 4420 4492
f 4420 4493 4492
f 4420 4421 4493
f 4421 4494 4493
f 4421 4422 4494
f 4422 4495 4494
f 4422 4423 4495
f 4423 4496 4495
f 4423 4424 4496
f 4424 4497 4496
f 4424 4425 4497
f 4425 4498 4497
f 4425 4426 4498
f 4426 4499 4498
f 4426 4427 4499
f 4427 4500 4499
f 4427 4428 4500
f 4428 4501 4500
f 4428 4429 4501
f 4429 4502 4501
f 4429 4430 4502
f 4430 4503 4502
f 4430 4431 4503
f 4431 4504 4503
f 4431 4432 4504
f 4432 4505 4504
f 4432 4433 4505
f 4433 4506 4505
f 4433 4434 4506
f 4434 4507 4506
f 4434 4435 4507
f 4435 4508 4507
f 4435 4436 4508
f 4436 4509 4508
f 4436 4437 4509
f 4437 4510 4509
f 4437 4438 4510
f 4438 4511 4510
f 4438 4439 4511
f 4439 4512 4511
f 4439 4440 4512
f 4440 4513 4512
f 4440 4441 4513
f 4441 4514 4513
f 4441 4442 4514
f 4442 4515 4514
f 4442 4443 4515
f 4443 4516 4515
f 4443 4444 4516
f 4444 4517 4516
f 4444 4445 4517
f 4445 4518 4517
f 4445 4446 4518
f 4446 4519 4518
f 4446 4447 4519
f 4447 4520 4519
f 4447 4448 4520
f 4448 4521 4520
f 4448 4449 4521
f 4449 4522 4521
f 4449 4450 4522
f 4450 4523 4522
f 4450 4451 4523
f 4451 4524 4523
f 4451 4452 4524
f 4452 4525 4524
f 4452 4453 4525
f 4453 4526 4525
f 4453 4454 4526
f 4454 4527 4526
f 4454 4455 4527
f 4455 4528 4527
f 4455 4456 4528
f 4456 4529 4528
f 4456 4457 4529
f 4457 4530 4529
f 4457 4458 4530
f 4458 4531 4530
f 4458 4459 4531
f 4459 4532 4531
f 4459 4460 4532
f 4460 4533 4532
f 4460 4461 4533
f 4461 4534 4533
f 4461 4462 4534
f 4462 4535 4534
f 4462 4463 4535
f 4463 4536 4535
f 4463 4464 4536
f 4464 4465 4536
f 4464 4393 4465
f 4465 4538 4537
f 4465 4466 4538
f 4466 4539 4538
f 4466 4467 4539
f 4467 4540 4539
f 4467 4468 4540
f 4468 4541 4540
f 4468 4469 4541
f 4469 4542 4541
f 4469 4470 4542
f 4470 4543 4542
f 4470 4471 4543
f 4471 4544 4543
f 4471 4472 4544
f 4472 4545 4544
f 4472 4473 4545
f 4473 4546 4545
f 4473 4474 4546
f 4474 4547 4546
f 4474 4475 4547
f 4475 4548 4547
f 4475 4476 4548
f 4476 4549 4548
f 4476 4477 4549
f 4477 4550 4549
f 4477 4478 4550
f 4478 4551 4550
f 4478 4479 4551
f 4479 4552 4551
f 4479 4480 4552
f 4480 4553 4552
f 4480 4481 4553
f 4481 4554 4553
f 4481 4482 4554
f 4482 4555 4554
f 4482 4483 4555
f 4483 4556 4555
f 4483 4484 4556
f 4484 4557 4556
f 4484 4485 4557
f 4485 4558 4557
f 4485 4486 4558
f 4486 4559 4558
f 4486 4487 4559
f 4487 4560 4559
f 4487 4488 4560
f 4488 4561 4560
f 4488 4489 4561
f 4489 4562 4561
f 4489 4490 4562
f 4490 4563 4562
f 4490 4491 4563
f 4491 4564 4563
f 4491 4492 4564
f 4492 4565 4564
f 4492 4493 4565
f 4493 4566 4565
f 4493 4494 4566
f 4494 4567 4566
f 4494 4495 4567
f 4495 4568 4567
f 4495 4496 4568
f 4496 4569 4568
f 4496 4497 4569
f 4497 4570 4569
f 4497 4498 4570
f 4498 4571 4570
f 4498 4499 4571
f 4499 4572 4571
f 4499 4500 4572
f 4500 4573 4572
f 4500 4501 4573
f 4501 4574 4573
f 4501 4502 4574
f 4502 4575 4574
f 4502 4503 4575
f 4503 4576 4575
f 4503 4504 4576
f 4504 4577 4576
f 4504 4505 4577
f 4505 4578 4577
f 4505 4506 4578
f 4506 4579 4578
f 4506 4507 4579
f 4507 4580 4579
f 4507 4508 4580
f 4508 4581 4580
f 4508 4509 4581
f 4509 4582 4581
f 4509 4510 4582
f 4510 4583 4582
f 4510 4511 4583
f 4511 4584 4583
f 4511 4512 4584
f 4512 4585 4584
f 4512 4513 4585
f 4513 4586 4585
f 4513 4514 4586
f 4514 4587 4586
f 4514 4515 4587
f 4515 4588 4587
f 4515 4516 4588
f 4516 4589 4588
f 4516 4517 4589
f 4517 4590 4589
f 4517 4518 4590
f 4518 4591 4590
f 4518 4519 4591
f 4519 4592 4591
f 4519 4520 4592
f 4520 4593 4592
f 4520 4521 4593
f 4521 4594 4593
f 4521 4522 4594
f 4522 4595 4594
f 4522 4523 4595
f 4523 4596 4595
f 4523 4524 4596
f 4524 4597 4596
f 4524 4525 4597
f 4525 4598 4597
f 4525 4526 4598
f 4526 4599 4598
f 4526 4527 4599
f 4527 4600 4599
f 4527 4528 4600
f 4528 4601 4600
f 4528 4529 4601
f 4529 4602 4601
f 4529 4530 4602
f 4530 4603 4602
f 4530 4531 4603
f 4531 4604 4603
f 4531 4532 4604
f 4532 4605 4604
f 4532 4533 4605
f 4533 4606 4605
f 4533 4534 4606
f 4534 4607 4606
f 4534 4535 4607
f 4535 4608 4607
f 4535 4536 4608
f 4536 4537 4608
f 4536 4465 4537
f 4537 4610 4609
f 4537 4538 4610
f 4538 4611 4610
f 4538 4539 4611
f 4539 4612 4611
f 4539 4540 4612
f 4540 4613 4612
f 4540 4541 4613
f 4541 4614 4613
f 4541 4542 4614
f 4542 4615 4614
f 4542 4543 4615
f 4543 4616 4615
f 4543 4544 4616
f 4544 4617 4616
f 4544 4545 4617
f 4545 4618 4617
f 4545 4546 4618
f 4546 4619 4618
f 4546 4547 4619
f 4547 4620 4619
f 4547 4548 4620
f 4548 4621 4620
f 4548 4549 4621
f 4549 4622 4621
f 4549 4550 4622
f 4550 4623 4622
f 4550 4551 4623
f 4551 4624 4623
f 4551 4552 4624
f 4552 4625 4624
f 4552 4553 4625
f 4553 4626 4625
f 4553 4554 4626
f 4554 4627 4626
f 4554 4555 4627
f 4555 4628 4627
f 4555 4556 4628
f 4556 4629 4628
f 4556 4557 4629
f 4557 4630 4629
f 4557 4558 4630
f 4558 4631 4630
f 4558 4559 4631
f 4559 4632 4631
f 4559 4560 4632
f 4560 4633 4632
f 4560 4561 4633
f 4561 4634 4633
f 4561 4562 4634
f 4562 4635 4634
f 4562 4563 4635
f 4563 4636 4635
f 4563 4564 4636
f 4564 4637 4636
f 4564 4565 4637
f 4565 4638 4637
f 4565 4566 4638
f 4566 4639 4638
f 4566 4567 4639
f 4567 4640 4639
f 4567 4568 4640
f 4568 4641 4640
f 4568 4569 4641
f 4569 4642 4641
f 4569 4570 4642
f 4570 4643 4642
f 4570 4571 4643
f 4571 4644 4643
f 4571 4572 4644
f 4572 4645 4644
f 4572 4573 4645
f 4573 4646 4645
f 4573 4574 4646
f 4574 4647 4646
f 4574 4575 4647
f 4575 4648 4647
f 4575 4576 4648
f 4576 4649 4648
f 4576 4577 4649
f 4577 4650 4649
f 4577 4578 4650
f 4578 4651 4650
f 4578 4579 4651
f 4579 4652 4651
f 4579 4580 4652
f 4580 4653 4652
f 4580 4581 4653
f 4581 4654 4653
f 4581 4582 4654
f 4582 4655 4654
f 4582 4583 4655
f 4583 4656 4655
f 4583 4584 4656
f 4584 4657 4656
f 4584 4585 4657
f 4585 4658 4657
f 4585 4586 4658
f 4586 4659 4658
f 4586 4587 4659
f 4587 4660 4659
f 4587 4588 4660
f 4588 4661 4660
f 4588 4589 4661
f 4589 4662 4661
f 4589 4590 4662
f 4590 4663 4662
f 4590 4591 4663
f 4591 4664 4663
f 4591 4592 4664
f 4592 4665 4664
f 4592 4593 4665
f 4593 4666 4665
f 4593 4594 4666
f 4594 4667 4666
f 4594 4595 4667
f 4595 4668 4667
f 4595 4596 4668
f 4596 4669 4668
f 4596 4597 4669
f 4597 4670 4669
f 4597 4598 4670
f 4598 4671 4670
f 4598 4599 4671
f 4599 4672 4671
f 4599 4600 4672
f 4600 4673 4672
f 4600 4601 4673
f 4601 4674 4673
f 4601 4602 4674
f 4602 4675 4674
f 4602 4603 4675
f 4603 4676 4675
f 4603 4604 4676
f 4604 4677 4676
f 4604 4605 4677
f 4605 4678 4677
f 4605 4606 4678
f 4606 4679 4678
f 4606 4607 4679
f 4607 4680 4679
f 4607 4608 4680
f 4608 4609 4680
f 4608 4537 4609
f 4609 4682 4681
f 4609 4610 4682
f 4610 4683 4682
f 4610 4611 4683
f 4611 4684 4683
f 4611 4612 4684
f 4612 4685 4684
f 4612 4613 4685
f 4613 4686 4685
f 4613 4614 4686
f 4614 4687 4686
f 4614 4615 4687
f 4615 4688 4687
f 4615 4616 4688
f 4616 4689 4688
f 4616 4617 4689
f 4617 4690 4689
f 4617 4618 4690
f 4618 4691 4690
f 4618 4619 4691
f 4619 4692 4691
f 4619 4620 4692
f 4620 4693 4692
f 4620 4621 4693
f 4621 4694 4693
f 4621 4622 4694
f 4622 4695 4694
f 4622 4623 4695
f 4623 4696 4695
f 4623 4624 4696
f 4624 4697 4696
f 4624 4625 4697
f 4625 4698 4697
f 4625 4626 4698
f 4626 4699 4698
f 4626 4627 4699
f 4627 4700 4699
f 4627 4628 4700
f 4628 4701 4700
f 4628 4629 4701
f 4629 4702 4701
f 4629 4630 4702
f 4630 4703 4702
f 4630 4631 4703
f 4631 4704 4703
f 4631 4632 4704
f 4632 4705 4704
f 4632 4633 4705
f 4633 4706 4705
f 4633 4634 4706
f 4634 4707 4706
f 4634 4635 4707
f 4635 4708 4707
f 4635 4636 4708
f 4636 4709 4708
f 4636 4637 4709
f 4637 4710 4709
f 4637 4638 4710
f 4638 4711 4710
f 4638 4639 4711
f 4639 4712 4711
f 4639 4640 4712
f 4640 4713 4712
f 4640 4641 4713
f 4641 4714 4713
f 4641 4642 4714
f 4642 4715 4714
f 4642 4643 4715
f 4643 4716 4715
f 4643 4644 4716
f 4644 4717 4716
f 4644 4645 4717
f 4645 4718 4717
f 4645 4646 4718
f 4646 4719 4718
f 4646 4647 4719
f 4647 4720 4719
f 4647 4648 4720
f 4648 4721 4720
f 4648 4649 4721
f 4649 4722 4721
f 4649 4650 4722
f 4650 4723 4722
f 4650 4651 4723
f 4651 4724 4723
f 4651 4652 4724
f 4652 4725 4724
f 4652 4653 4725
f 4653 4726 4725
f 4653 4654 4726
f 4654 4727 4726
f 4654 4655 4727
f 4655 4728 4727
f 4655 4656 4728
f 4656 4729 4728
f 4656 4657 4729
f 4657 4730 4729
f 4657 4658 4730
f 4658 4731 4730
f 4658 4659 4731
f 4659 4732 4731
f 4659 4660 4732
f 4660 4733 4732
f 4660 4661 4733
f 4661 4734 4733
f 4661 4662 4734
f 4662 4735 4734
f 4662 4663 4735
f 4663 4736 4735
f 4663 4664 4736
f 4664 4737 4736
f 4664 4665 4737
f 4665 4738 4737
f 4665 4666 4738
f 4666 4739 4738
f 4666 4667 4739
f 4667 4740 4739
f 4667 4668 4740
f 4668 4741 4740
f 4668 4669 4741
f 4669 4742 4741
f 4669 4670 4742
f 4670 4743 4742
f 4670 4671 4743
f 4671 4744 4743
f 4671 4672 4744
f 4672 4745 4744
f 4672 4673 4745
f 4673 4746 4745
f 4673 4674 4746
f 4674 4747 4746
f 4674 4675 4747
f 4675 4748 4747
f 4675 4676 4748
f 4676 4749 4748
f 4676 4677 4749
f 4677 4750 4749
f 4677 4678 4750
f 4678 4751 4750
f 4678 4679 4751
f 4679 4752 4751
f 4679 4680 4752
f 4680 4681 4752
f 4680 4609 4681
f 4681 4754 4753
f 4681 4682 4754
f 4682 4755 4754
f 4682 4683 4755
f 4683 4756 4755
f 4683 4684 4756
f 4684 4757 4756
f 4684 4685 4757
f 4685 4758 4757
f 4685 4686 4758
f 4686 4759 4758
f 4686 4687 4759
f 4687 4760 4759
f 4687 4688 4760
f 4688 4761 4760
f 4688 4689 4761
f 4689 4762 4761
f 4689 4690 4762
f 4690 4763 4762
f 4690 4691 4763
f 4691 4764 4763
f 4691 4692 4764
f 4692 4765 4764
f 4692 4693 4765
f 4693 4766 4765
f 4693 4694 4766
f 4694 4767 4766
f 4694 4695 4767
f 4695 4768 4767
f 4695 4696 4768
f 4696 4769 4768
f 4696 4697 4769
f 4697 4770 4769
f 4697 4698 4770
f 4698 4771 4770
f 4698 4699 4771
f 4699 4772 4771
f 4699 4700 4772
f 4700 4773 4772
f 4700 4701 4773
f 4701 4774 4773
f 4701 4702 4774
f 4702 4775 4774
f 4702 4703 4775
f 4703 4776 4775
f 4703 4704 4776
f 4704 4777 4776
f 4704 4705 4777
f 4705 4778 4777
f 4705 4706 4778
f 4706 4779 4778
f 4706 4707 4779
f 4707 4780 4779
f 4707 4708 4780
f 4708 4781 4780
f 4708 4709 4781
f 4709 4782 4781
f 4709 4710 4782
f 4710 4783 4782
f 4710 4711 4783
f 4711 4784 4783
f 4711 4712 4784
f 4712 4785 4784
f 4712 4713 4785
f 4713 4786 4785
f 4713 4714 4786
f 4714 4787 4786
f 4714 4715 4787
f 4715 4788 4787
f 4715 4716 4788
f 4716 4789 4788
f 4716 4717 4789
f 4717 4790 4789
f 4717 4718 4790
f 4718 4791 4790
f 4718 4719 4791
f 4719 4792 4791
f 4719 4720 4792
f 4720 4793 4792
f 4720 4721 4793
f 4721 4794 4793
f 4721 4722 4794
f 4722 4795 4794
f 4722 4723 4795
f 4723 4796 4795
f 4723 4724 4796
f 4724 4797 4796
f 4724 4725 4797
f 4725 4798 4797
f 4725 4726 4798
f 4726 4799 4798
f 4726 4727 4799
f 4727 4800 4799
f 4727 4728 4800
f 4728 4801 4800
f 4728 4729 4801
f 4729 4802 4801
f 4729 4730 4802
f 4730 4803 4802
f 4730 4731 4803
f 4731 4804 4803
f 4731 4732 4804
f 4732 4805 4804
f 4732 4733 4805
f 4733 4806 4805
f 4733 4734 4806
f 4734 4807 4806
f 4734 4735 4807
f 4735 4808 4807
f 4735 4736 4808
f 4736 4809 4808
f 4736 4737 4809
f 4737 4810 4809
f 4737 4738 4810
f 4738 4811 4810
f 4738 4739 4811
f 4739 4812 4811
f 4739 4740 4812
f 4740 4813 4812
f 4740 4741 4813
f 4741 4814 4813
f 4741 4742 4814
f 4742 4815 4814
f 4742 4743 4815
f 4743 4816 4815
f 4743 4744 4816
f 4744 4817 4816
f 4744 4745 4817
f 4745 4818 4817
f 4745 4746 4818
f 4746 4819 4818
f 4746 4747 4819
f 4747 4820 4819
f 4747 4748 4820
f 4748 4821 4820
f 4748 4749 4821
f 4749 4822 4821
f 4749 4750 4822
f 4750 4823 4822
f 4750 4751 4823
f 4751 4824 4823
f 4751 4752 4824
f 4752 4753 4824
f 4752 4681 4753
f 4753 4826 4825
f 4753 4754 4826
f 4754 4827 4826
f 4754 4755 4827
f 4755 4828 4827
f 4755 4756 4828
f 4756 4829 4828
f 4756 4757 4829
f 4757 4830 4829
f 4757 4758 4830
f 4758 4831 4830
f 4758 4759 4831
f 4759 4832 4831
f 4759 4760 4832
f 4760 4833 4832
f 4760 4761 4833
f 4761 4834 4833
f 4761 4762 4834
f 4762 4835 4834
f 4762 4763 4835
f 4763 4836 4835
f 4763 4764 4836
f 4764 4837 4836
f 4764 4765 4837
f 4765 4838 4837
f 4765 4766 4838
f 4766 4839 4838
f 4766 4767 4839
f 4767 4840 4839
f 4767 4768 4840
f 4768 4841 4840
f 4768 4769 4841
f 4769 4842 4841
f 4769 4770 4842
f 4770 4843 4842
f 4770 4771 4843
f 4771 4844 4843
f 4771 4772 4844
f 4772 4845 4844
f 4772 4773 4845
f 4773 4846 4845
f 4773 4774 4846
f 4774 4847 4846
f 4774 4775 4847
f 4775 4848 4847
f 4775 4776 4848
f 4776 4849 4848
f 4776 4777 4849
f 4777 4850 4849
f 4777 4778 4850
f 4778 4851 4850
f 4778 4779 4851
f 4779 4852 4851
f 4779 4780 4852
f 4780 4853 4852
f 4780 4781 4853
f 4781 4854 4853
f 4781 4782 4854
f 4782 4855 4854
f 4782 4783 4855
f 4783 4856 4855
f 4783 4784 4856
f 4784 4857 4856
f 4784 4785 4857
f 4785 4858 4857
f 4785 4786 4858
f 4786 4859 4858
f 4786 4787 4859
f 4787 4860 4859
f 4787 4788 4860
f 4788 4861 4860
f 4788 4789 4861
f 4789 4862 4861
f 4789 4790 4862
f 4790 4863 4862
f 4790 4791 4863
f 4791 4864 4863
f 4791 4792 4864
f 4792 4865 4864
f 4792 4793 4865
f 4793 4866 4865
f 4793 4794 4866
f 4794 4867 4866
f 4794 4795 4867
f 4795 4868 4867
f 4795 4796 4868
f 4796 4869 4868
f 4796 4797 4869
f 4797 4870 4869
f 4797 4798 4870
f 4798 4871 4870
f 4798 4799 4871
f 4799 4872 4871
f 4799 4800 4872
f 4800 4873 4872
f 4800 4801 4873
f 4801 4874 4873
f 4801 4802 4874
f 4802 4875 4874
f 4802 4803 4875
f 4803 4876 4875
f 4803 4804 4876
f 4804 4877 4876
f 4804 4805 4877
f 4805 4878 4877
f 4805 4806 4878
f 4806 4879 4878
f 4806 4807 4879
f 4807 4880 4879
f 4807 4808 4880
f 4808 4881 4880
f 4808 4809 4881
f 4809 4882 4881
f 4809 4810 4882
f 4810 4883 4882
f 4810 4811 4883
f 4811 4884 4883
f 4811 4812 4884
f 4812 4885 4884
f 4812 4813 4885
f 4813 4886 4885
f 4813 4814 4886
f 4814 4887 4886
f 4814 4815 4887
f 4815 4888 4887
f 4815 4816 4888
f 4816 4889 4888
f 4816 4817 4889
f 4817 4890 4889
f 4817 4818 4890
f 4818 4891 4890
f 4818 4819 4891
f 4819 4892 4891
f 4819 4820 4892
f 4820 4893 4892
f 4820 4821 4893
f 4821 4894 4893
f 4821 4822 4894
f 4822 4895 4894
f 4822 4823 4895
f 4823 4896 4895
f 4823 4824 4896
f 4824 4825 4896
f 4824 4753 4825
f 4825 4898 4897
f 4825 4826 4898
f 4826 4899 4898
f 4826 4827 4899
f 4827 4900 4899
f 4827 4828 4900
f 4828 4901 4900
f 4828 4829 4901
f 4829 4902 4901
f 4829 4830 4902
f 4830 4903 4902
f 4830 4831 4903
f 4831 4904 4903
f 4831 4832 4904
f 4832 4905 4904
f 4832 4833 4905
f 4833 4906 4905
f 4833 4834 4906
f 4834 4907 4906
f 4834 4835 4907
f 4835 4908 4907
f 4835 4836 4908
f 4836 4909 4908
f 4836 4837 4909
f 4837 4910 4909
f 4837 4838 4910
f 4838 4911 4910
f 4838 4839 4911
f 4839 4912 4911
f 4839 4840 4912
f 4840 4913 4912
f 4840 4841 4913
f 4841 4914 4913
f 4841 4842 4914
f 4842 4915 4914
f 4842 4843 4915
f 4843 4916 4915
f 4843 4844 4916
f 4844 4917 4916
f 4844 4845 4917
f 4845 4918 4917
f 4845 4846 4918
f 4846 4919 4918
f 4846 4847 4919
f 4847 4920 4919
f 4847 4848 4920
f 4848 4921 4920
f 4848 4849 4921
f 4849 4922 4921
f 4849 4850 4922
f 4850 4923 4922
f 4850 4851 4923
f 4851 4924 4923
f 4851 4852 4924
f 4852 4925 4924
f 4852 4853 4925
f 4853 4926 4925
f 4853 4854 4926
f 4854 4927 4926
f 4854 4855 4927
f 4855 4928 4927
f 4855 4856 4928
f 4856 4929 4928
f 4856 4857 4929
f 4857 4930 4929
f 4857 4858 4930
f 4858 4931 4930
f 4858 4859 4931
f 4859 4932 4931
f 4859 4860 4932
f 4860 4933 4932
f 4860 4861 4933
f 4861 4934 4933
f 4861 4862 4934
f 4862 4935 4934
f 4862 4863 4935
f 4863 4936 4935
f 4863 4864 4936
f 4864 4937 4936
f 4864 4865 4937
f 4865 4938 4937
f 4865 4866 4938
f 4866 4939 4938
f 4866 4867 4939
f 4867 4940 4939
f 4867 4868 4940
f 4868 4941 4940
f 4868 4869 4941
f 4869 4942 4941
f 4869 4870 4942
f 4870 4943 4942
f 4870 4871 4943
f 4871 4944 4943
f 4871 4872 4944
f 4872 4945 4944
f 4872 4873 4945
f 4873 4946 4945
f 4873 4874 4946
f 4874 4947 4946
f 4874 4875 4947
f 4875 4948 4947
f 4875 4876 4948
f 4876 4949 4948
f 4876 4877 4949
f 4877 4950 4949
f 4877 4878 4950
f 4878 4951 4950
f 4878 4879 4951
f 4879 4952 4951
f 4879 4880 4952
f 4880 4953 4952
f 4880 4881 4953
f 4881 4954 4953
f 4881 4882 4954
f 4882 4955 4954
f 4882 4883 4955
f 4883 4956 4955
f 4883 4884 4956
f 4884 4957 4956
f 4884 4885 4957
f 4885 4958 4957
f 4885 4886 4958
f 4886 4959 4958
f 4886 4887 4959
f 4887 4960 4959
f 4887 4888 4960
f 4888 4961 4960
f 4888 4889 4961
f 4889 4962 4961
f 4889 4890 4962
f 4890 4963 4962
f 4890 4891 4963
f 4891 4964 4963
f 4891 4892 4964
f 4892 4965 4964
f 4892 4893 4965
f 4893 4966 4965
f 4893 4894 4966
f 4894 4967 4966
f 4894 4895 4967
f 4895 4968 4967
f 4895 4896 4968
f 4896 4897 4968
f 4896 4825 4897
f 4897 4970 4969
f 4897 4898 4970
f 4898 4971 4970
f 4898 4899 4971
f 4899 4972 4971
f 4899 4900 4972
f 4900 4973 4972
f 4900 4901 4973
f 4901 4974 4973
f 4901 4902 4974
f 4902 4975 4974
f 4902 4903 4975
f 4903 4976 4975
f 4903 4904 4976
f 4904 4977 4976
f 4904 4905 4977
f 4905 4978 4977
f 4905 4906 4978
f 4906 4979 4978
f 4906 4907 4979
f 4907 4980 4979
f 4907 4908 4980
f 4908 4981 4980
f 4908 4909 4981
f 4909 4982 4981
f 4909 4910 4982
f 4910 4983 4982
f 4910 4911 4983
f 4911 4984 4983
f 4911 4912 4984
f 4912 4985 4984
f 4912 4913 4985
f 4913 4986 4985
f 4913 4914 4986
f 4914 4987 4986
f 4914 4915 4987
f 4915 4988 4987
f 4915 4916 4988
f 4916 4989 4988
f 4916 4917 4989
f 4917 4990 4989
f 4917 4918 4990
f 4918 4991 4990
f 4918 4919 4991
f 4919 4992 4991
f 4919 4920 4992
f 4920 4993 4992
f 4920 4921 4993
f 4921 4994 4993
f 4921 4922 4994
f 4922 4995 4994
f 4922 4923 4995
f 4923 4996 4995
f 4923 4924 4996
f 4924 4997 4996
f 4924 4925 4997
f 4925 4998 4997
f 4925 4926 4998
f 4926 4999 4998
f 4926 4927 4999
f 4927 5000 4999
f 4927 4928 5000
f 4928 5001 5000
f 4928 4929 5001
f 4929 5002 5001
f 4929 4930 5002
f 4930 5003 5002
f 4930 4931 5003
f 4931 5004 5003
f 4931 4932 5004
f 4932 5005 5004
f 4932 4933 5005
f 4933 5006 5005
f 4933 4934 5006
f 4934 5007 5006
f 4934 4935 5007
f 4935 5008 5007
f 4935 4936 5008
f 4936 5009 5008
f 4936 4937 5009
f 4937 5010 5009
f 4937 4938 5010
f 4938 5011 5010
f 4938 4939 5011
f 4939 5012 5011
f 4939 4940 5012
f 4940 5013 5012
f 4940 4941 5013
f 4941 5014 5013
f 4941 4942 5014
f 4942 5015 5014
f 4942 4943 5015
f 4943 5016 5015
f 4943 4944 5016
f 4944 5017 5016
f 4944 4945 5017
f 4945 5018 5017
f 4945 4946 5018
f 4946 5019 5018
f 4946 4947 5019
f 4947 5020 5019
f 4947 4948 5020
f 4948 5021 5020
f 4948 4949 5021
f 4949 5022 5021
f 4949 4950 5022
f 4950 5023 5022
f 4950 4951 5023
f 4951 5024 5023
f 4951 4952 5024
f 4952 5025 5024
f 4952 4953 5025
f 4953 5026 5025
f 4953 4954 5026
f 4954 5027 5026
f 4954 4955 5027
f 4955 5028 5027
f 4955 4956 5028
f 4956 5029 5028
f 4956 4957 5029
f 4957 5030 5029
f 4957 4958 5030
f 4958 5031 5030
f 4958 4959 5031
f 4959 5032 5031
f 4959 4960 5032
f 4960 5033 5032
f 4960 4961 5033
f 4961 5034 5033
f 4961 4962 5034
f 4962 5035 5034
f 4962 4963 5035
f 4963 5036 5035
f 4963 4964 5036
f 4964 5037 5036
f 4964 4965 5037
f 4965 5038 5037
f 4965 4966 5038
f 4966 5039 5038
f 4966 4967 5039
f 4967 5040 5039
f 4967 4968 5040
f 4968 4969 5040
f 4968 4897 4969
f 4969 5042 5041
f 4969 4970 5042
f 4970 5043 5042
f 4970 4971 5043
f 4971 5044 5043
f 4971 4972 5044
f 4972 5045 5044
f 4972 4973 5045
f 4973 5046 5045
f 4973 4974 5046
f 4974 5047 5046
f 4974 4975 5047
f 4975 5048 5047
f 4975 4976 5048
f 4976 5049 5048
f 4976 4977 5049
f 4977 5050 5049
f 4977 4978 5050
f 4978 5051 5050
f 4978 4979 5051
f 4979 5052 5051
f 4979 4980 5052
f 4980 5053 5052
f 4980 4981 5053
f 4981 5054 5053
f 4981 4982 5054
f 4982 5055 5054
f 4982 4983 5055
f 4983 5056 5055
f 4983 4984 5056
f 4984 5057 5056
f 4984 4985 5057
f 4985 5058 5057
f 4985 4986 5058
f 4986 5059 5058
f 4986 4987 5059
f 4987 5060 5059
f 4987 4988 5060
f 4988 5061 5060
f 4988 4989 5061
f 4989 5062 5061
f 4989 4990 5062
f 4990 5063 5062
f 4990 4991 5063
f 4991 5064 5063
f 4991 4992 5064
f 4992 5065 5064
f 4992 4993 5065
f 4993 5066 5065
f 4993 4994 5066
f 4994 5067 5066
f 4994 4995 5067
f 4995 5068 5067
f 4995 4996 5068
f 4996 5069 5068
f 4996 4997 5069
f 4997 5070 5069
f 4997 4998 5070
f 4998 5071 5070
f 4998 4999 5071
f 4999 5072 5071
f 4999 5000 5072
f 5000 5073 5072
f 5000 5001 5073
f 5001 5074 5073
f 5001 5002 5074
f 5002 5075 5074
f 5002 5003 5075
f 5003 5076 5075
f 5003 5004 5076
f 5004 5077 5076
f 5004 5005 5077
f 5005 5078 5077
f 5005 5006 5078
f 5006 5079 5078
f 5006 5007 5079
f 5007 5080 5079
f 5007 5008 5080
f 5008 5081 5080
f 5008 5009 5081
f 5009 5082 5081
f 5009 5010 5082
f 5010 5083 5082
f 5010 5011 5083
f 5011 5084 5083
f 5011 5012 5084
f 5012 5085 5084
f 5012 5013 5085
f 5013 5086 5085
f 5013 5014 5086
f 5014 5087 5086
f 5014 5015 5087
f 5015 5088 5087
f 5015 5016 5088
f 5016 5089 5088
f 5016 5017 5089
f 5017 5090 5089
f 5017 5018 5090
f 5018 5091 5090
f 5018 5019 5091
f 5019 5092 5091
f 5019 5020 5092
f 5020 5093 5092
f 5020 5021 5093
f 5021 5094 5093
f 5021 5022 5094
f 5022 5095 5094
f 5022 5023 5095
f 5023 5096 5095
f 5023 5024 5096
f 5024 5097 5096
f 5024 5025 5097
f 5025 5098 5097
f 5025 5026 5098
f 5026 5099 5098
f 5026 5027 5099
f 5027 5100 5099
f 5027 5028 5100
f 5028 5101 5100
f 5028 5029 5101
f 5029 5102 5101
f 5029 5030 5102
f 5030 5103 5102
f 5030 5031 5103
f 5031 5104 5103
f 5031 5032 5104
f 5032 5105 5104
f 5032 5033 5105
f 5033 5106 5105
f 5033 5034 5106
f 5034 5107 5106
f 5034 5035 5107
f 5035 5108 5107
f 5035 5036 5108
f 5036 5109 5108
f 5036 5037 5109
f 5037 5110 5109
f 5037 5038 5110
f 5038 5111 5110
f 5038 5039 5111
f 5039 5112 5111
f 5039 5040 5112
f 5040 5041 5112
f 5040 4969 5041
f 5041 5114 5113
f 5041 5042 5114
f 5042 5115 5114
f 5042 5043 5115
f 5043 5116 5115
f 5043 5044 5116
f 5044 5117 5116
f 5044 5045 5117
f 5045 5118 5117
f 5045 5046 5118
f 5046 5119 5118
f 5046 5047 5119
f 5047 5120 5119
f 5047 5048 5120
f 5048 5121 5120
f 5048 5049 5121
f 5049 5122 5121
f 5049 5050 5122
f 5050 5123 5122
f 5050 5051 5123
f 5051 5124 5123
f 5051 5052 5124
f 5052 5125 5124
f 5052 5053 5125
f 5053 5126 5125
f 5053 5054 5126
f 5054 5127 5126
f 5054 5055 5127
f 5055 5128 5127
f 5055 5056 5128
f 5056 5129 5128
f 5056 5057 5129
f 5057 5130 5129
f 5057 5058 5130
f 5058 5131 5130
f 5058 5059 5131
f 5059 5132 5131
f 5059 5060 5132
f 5060 5133 5132
f 5060 5061 5133
f 5061 5134 5133
f 5061 5062 5134
f 5062 5135 5134
f 5062 5063 5135
f 5063 5136 5135
f 5063 5064 5136
f 5064 5137 5136
f 5064 5065 5137
f 5065 5138 5137
f 5065 5066 5138
f 5066 5139 5138
f 5066 5067 5139
f 5067 5140 5139
f 5067 5068 5140
f 5068 5141 5140
f 5068 5069 5141
f 5069 5142 5141
f 5069 5070 5142
f 5070 5143 5142
f 5070 5071 5143
f 5071 5144 5143
f 5071 5072 5144
f 5072 5145 5144
f 5072 5073 5145
f 5073 5146 5145
f 5073 5074 5146
f 5074 5147 5146
f 5074 5075 5147
f 5075 5148 5147
f 5075 5076 5148
f 5076 5149 5148
f 5076 5077 5149
f 5077 5150 5149
f 5077 5078 5150
f 5078 5151 5150
f 5078 5079 5151
f 5079 5152 5151
f 5079 5080 5152
f 5080 5153 5152
f 5080 5081 5153
f 5081 5154 5153
f 5081 5082 5154
f 5082 5155 5154
f 5082 5083 5155
f 5083 5156 5155
f 5083 5084 5156
f 5084 5157 5156
f 5084 5085 5157
f 5085 5158 5157
f 5085 5086 5158
f 5086 5159 5158
f 5086 5087 5159
f 5087 5160 5159
f 5087 5088 5160
f 5088 5161 5160
f 5088 5089 5161
f 5089 5162 5161
f 5089 5090 5162
f 5090 5163 5162
f 5090 5091 5163
f 5091 5164 5163
f 5091 5092 5164
f 5092 5165 5164
f 5092 5093 5165
f 5093 5166 5165
f 5093 5094 5166
f 5094 5167 5166
f 5094 5095 5167
f 5095 5168 5167
f 5095 5096 5168
f 5096 5169 5168
f 5096 5097 5169
f 5097 5170 5169
f 5097 5098 5170
f 5098 5171 5170
f 5098 5099 5171
f 5099 5172 5171
f 5099 5100 5172
f 5100 5173 5172
f 5100 5101 5173
f 5101 5174 5173
f 5101 5102 5174
f 5102 5175 5174
f 5102 5103 5175
f 5103 5176 5175
f 5103 5104 5176
f 5104 5177 5176
f 5104 5105 5177
f 5105 5178 5177
f 5105 5106 5178
f 5106 5179 5178
f 5106 5107 5179
f 5107 5180 5179
f 5107 5108 5180
f 5108 5181 5180
f 5108 5109 5181
f 5109 5182 5181
f 5109 5110 5182
f 5110 5183 5182
f 5110 5111 5183
f 5111 5184 5183
f 5111 5112 5184
f 5112 5113 5184
f 5112 5041 5113
f 5113 5186 5185
f 5113 5114 5186
f 5114 5187 5186
f 5114 5115 5187
f 5115 5188 5187
f 5115 5116 5188
f 5116 5189 5188
f 5116 5117 5189
f 5117 5190 5189
f 5117 5118 5190
f 5118 5191 5190
f 5118 5119 5191
f 5119 5192 5191
f 5119 5120 5192
f 5120 5193 5192
f 5120 5121 5193
f 5121 5194 5193
f 5121 5122 5194
f 5122 5195 5194
f 5122 5123 5195
f 5123 5196 5195
f 5123 5124 5196
f 5124 5197 5196
f 5124 5125 5197
f 5125 5198 5197
f 5125 5126 5198
f 5126 5199 5198
f 5126 5127 5199
f 5127 5200 5199
f 5127 5128 5200
f 5128 5201 5200
f 5128 5129 5201
f 5129 5202 5201
f 5129 5130 5202
f 5130 5203 5202
f 5130 5131 5203
f 5131 5204 5203
f 5131 5132 5204
f 5132 5205 5204
f 5132 5133 5205
f 5133 5206 5205
f 5133 5134 5206
f 5134 5207 5206
f 5134 5135 5207
f 5135 5208 5207
f 5135 5136 5208
f 5136 5209 5208
f 5136 5137 5209
f 5137 5210 5209
f 5137 5138 5210
f 5138 5211 5210
f 5138 5139 5211
f 5139 5212 5211
f 5139 5140 5212
f 5140 5213 5212
f 5140 5141 5213
f 5141 5214 5213
f 5141 5142 5214
f 5142 5215 5214
f 5142 5143 5215
f 5143 5216 5215
f 5143 5144 5216
f 5144 5217 5216
f 5144 5145 5217
f 5145 5218 5217
f 5145 5146 5218
f 5146 5219 5218
f 5146 5147 5219
f 5147 5220 5219
f 5147 5148 5220
f 5148 5221 5220
f 5148 5149 5221
f 5149 5222 5221
f 5149 5150 5222
f 5150 5223 5222
f 5150 5151 5223
f 5151 5224 5223
f 5151 5152 5224
f 5152 5225 5224
f 5152 5153 5225
f 5153 5226 5225
f 5153 5154 5226
f 5154 5227 5226
f 5154 5155 5227
f 5155 5228 5227
f 5155 5156 5228
f 5156 5229 5228
f 5156 5157 5229
f 5157 5230 5229
f 5157 5158 5230
f 5158 5231 5230
f 5158 5159 5231
f 5159 5232 5231
f 5159 5160 5232
f 5160 5233 5232
f 5160 5161 5233
f 5161 5234 5233
f 5161 5162 5234
f 5162 5235 5234
f 5162 5163 5235
f 5163 5236 5235
f 5163 5164 5236
f 5164 5237 5236
f 5164 5165 5237
f 5165 5238 5237
f 5165 5166 5238
f 5166 5239 5238
f 5166 5167 5239
f 5167 5240 5239
f 5167 5168 5240
f 5168 5241 5240
f 5168 5169 5241
f 5169 5242 5241
f 5169 5170 5242
f 5170 5243 5242
f 5170 5171 5243
f 5171 5244 5243
f 5171 5172 5244
f 5172 5245 5244
f 5172 5173 5245
f 5173 5246 5245
f 5173 5174 5246
f 5174 5247 5246
f 5174 5175 5247
f 5175 5248 5247
f 5175 5176 5248
f 5176 5249 5248
f 5176 5177 5249
f 5177 5250 5249
f 5177 5178 5250
f 5178 5251 5250
f 5178 5179 5251
f 5179 5252 5251
f 5179 5180 5252
f 5180 5253 5252
f 5180 5181 5253
f 5181 5254 5253
f 5181 5182 5254
f 5182 5255 5254
f 5182 5183 5255
f 5183 5256 5255
f 5183 5184 5256
f 5184 5185 5256
f 5184 5113 5185
f 5185 5258 5257
f 5185 5186 5258
f 5186 5259 5258
f 5186 5187 5259
f 5187 5260 5259
f 5187 5188 5260
f 5188 5261 5260
f 5188 5189 5261
f 5189 5262 5261
f 5189 5190 5262
f 5190 5263 5262
f 5190 5191 5263
f 5191 5264 5263
f 5191 5192 5264
f 5192 5265 5264
f 5192 5193 5265
f 5193 5266 5265
f 5193 5194 5266
f 5194 5267 5266
f 5194 5195 5267
f 5195 5268 5267
f 5195 5196 5268
f 5196 5269 5268
f 5196 5197 5269
f 5197 5270 5269
f 5197 5198 5270
f 5198 5271 5270
f 5198 5199 5271
f 5199 5272 5271
f 5199 5200 5272
f 5200 5273 5272
f 5200 5201 5273
f 5201 5274 5273
f 5201 5202 5274
f 5202 5275 5274
f 5202 5203 5275
f 5203 5276 5275
f 5203 5204 5276
f 5204 5277 5276
f 5204 5205 5277
f 5205 5278 5277
f 5205 5206 5278
f 5206 5279 5278
f 5206 5207 5279
f 5207 5280 5279
f 5207 5208 5280
f 5208 5281 5280
f 5208 5209 5281
f 5209 5282 5281
f 5209 5210 5282
f 5210 5283 5282
f 5210 5211 5283
f 5211 5284 5283
f 5211 5212 5284
f 5212 5285 5284
f 5212 5213 5285
f 5213 5286 5285
f 5213 5214 5286
f 5214 5287 5286
f 5214 5215 5287
f 5215 5288 5287
f 5215 5216 5288
f 5216 5289 5288
f 5216 5217 5289
f 5217 5290 5289
f 5217 5218 5290
f 5218 5291 5290
f 5218 5219 5291
f 5219 5292 5291
f 5219 5220 5292
f 5220 5293 5292
f 5220 5221 5293
f 5221 5294 5293
f 5221 5222 5294
f 5222 5295 5294
f 5222 5223 5295
f 5223 5296 5295
f 5223 5224 5296
f 5224 5297 5296
f 5224 5225 5297
f 5225 5298 5297
f 5225 5226 5298
f 5226 5299 5298
f 5226 5227 5299
f 5227 5300 5299
f 5227 5228 5300
f 5228 5301 5300
f 5228 5229 5301
f 5229 5302 5301
f 5229 5230 5302
f 5230 5303 5302
f 5230 5231 5303
f 5231 5304 5303
f 5231 5232 5304
f 5232 5305 5304
f 5232 5233 5305
f 5233 5306 5305
f 5233 5234 5306
f 5234 5307 5306
f 5234 5235 5307
f 5235 5308 5307
f 5235 5236 5308
f 5236 5309 5308
f 5236 5237 5309
f 5237 5310 5309
f 5237 5238 5310
f 5238 5311 5310
f 5238 5239 5311
f 5239 5312 5311
f 5239 5240 5312
f 5240 5313 5312
f 5240 5241 5313
f 5241 5314 5313
f 5241 5242 5314
f 5242 5315 5314
f 5242 5243 5315
f 5243 5316 5315
f 5243 5244 5316
f 5244 5317 5316
f 5244 5245 5317
f 5245 5318 5317
f 5245 5246 5318
f 5246 5319 5318
f 5246 5247 5319
f 5247 5320 5319
f 5247 5248 5320
f 5248 5321 5320
f 5248 5249 5321
f 5249 5322 5321
f 5249 5250 5322
f 5250 5323 5322
f 5250 5251 5323
f 5251 5324 5323
f 5251 5252 5324
f 5252 5325 5324
f 5252 5253 5325
f 5253 5326 5325
f 5253 5254 5326
f 5254 5327 5326
f 5254 5255 5327
f 5255 5328 5327
f 5255 5256 5328
f 5256 5257 5328
f 5256 5185 5257
f 5257 5330 5329
f 5257 5258 5330
f 5258 5331 5330
f 5258 5259 5331
f 5259 5332 5331
f 5259 5260 5332
f 5260 5333 5332
f 5260 5261 5333
f 5261 5334 5333
f 5261 5262 5334
f 5262 5335 5334
f 5262 5263 5335
f 5263 5336 5335
f 5263 5264 5336
f 5264 5337 5336
f 5264 5265 5337
f 5265 5338 5337
f 5265 5266 5338
f 5266 5339 5338
f 5266 5267 5339
f 5267 5340 5339
f 5267 5268 5340
f 5268 5341 5340
f 5268 5269 5341
f 5269 5342 5341
f 5269 5270 5342
f 5270 5343 5342
f 5270 5271 5343
f 5271 5344 5343
f 5271 5272 5344
f 5272 5345 5344
f 5272 5273 5345
f 5273 5346 5345
f 5273 5274 5346
f 5274 5347 5346
f 5274 5275 5347
f 5275 5348 5347
f 5275 5276 5348
f 5276 5349 5348
f 5276 5277 5349
f 5277 5350 5349
f 5277 5278 5350
f 5278 5351 5350
f 5278 5279 5351
f 5279 5352 5351
f 5279 5280 5352
f 5280 5353 5352
f 5280 5281 5353
f 5281 5354 5353
f 5281 5282 5354
f 5282 5355 5354
f 5282 5283 5355
f 5283 5356 5355
f 5283 5284 5356
f 5284 5357 5356
f 5284 5285 5357
f 5285 5358 5357
f 5285 5286 5358
f 5286 5359 5358
f 5286 5287 5359
f 5287 5360 5359
f 5287 5288 5360
f 5288 5361 5360
f 5288 5289 5361
f 5289 5362 5361
f 5289 5290 5362
f 5290 5363 5362
f 5290 5291 5363
f 5291 5364 5363
f 5291 5292 5364
f 5292 5365 5364
f 5292 5293 5365
f 5293 5366 5365
f 5293 5294 5366
f 5294 5367 5366
f 5294 5295 5367
f 5295 5368 5367
f 5295 5296 5368
f 5296 5369 5368
f 5296 5297 5369
f 5297 5370 5369
f 5297 5298 5370
f 5298 5371 5370
f 5298 5299 5371
f 5299 5372 5371
f 5299 5300 5372
f 5300 5373 5372
f 5300 5301 5373
f 5301 5374 5373
f 5301 5302 5374
f 5302 5375 5374
f 5302 5303 5375
f 5303 5376 5375
f 5303 5304 5376
f 5304 5377 5376
f 5304 5305 5377
f 5305 5378 5377
f 5305 5306 5378
f 5306 5379 5378
f 5306 5307 5379
f 5307 5380 5379
f 5307 5308 5380
f 5308 5381 5380
f 5308 5309 5381
f 5309 5382 5381
f 5309 5310 5382
f 5310 5383 5382
f 5310 5311 5383
f 5311 5384 5383
f 5311 5312 5384
f 5312 5385 5384
f 5312 5313 5385
f 5313 5386 5385
f 5313 5314 5386
f 5314 5387 5386
f 5314 5315 5387
f 5315 5388 5387
f 5315 5316 5388
f 5316 5389 5388
f 5316 5317 5389
f 5317 5390 5389
f 5317 5318 5390
f 5318 5391 5390
f 5318 5319 5391
f 5319 5392 5391
f 5319 5320 5392
f 5320 5393 5392
f 5320 5321 5393
f 5321 5394 5393
f 5321 5322 5394
f 5322 5395 5394
f 5322 5323 5395
f 5323 5396 5395
f 5323 5324 5396
f 5324 5397 5396
f 5324 5325 5397
f 5325 5398 5397
f 5325 5326 5398
f 5326 5399 5398
f 5326 5327 5399
f 5327 5400 5399
f 5327 5328 5400
f 5328 5329 5400
f 5328 5257 5329
f 5329 5402 5401
f 5329 5330 5402
f 5330 5403 5402
f 5330 5331 5403
f 5331 5404 5403
f 5331 5332 5404
f 5332 5405 5404
f 5332 5333 5405
f 5333 5406 5405
f 5333 5334 5406
f 5334 5407 5406
f 5334 5335 5407
f 5335 5408 5407
f 5335 5336 5408
f 5336 5409 5408
f 5336 5337 5409
f 5337 5410 5409
f 5337 5338 5410
f 5338 5411 5410
f 5338 5339 5411
f 5339 5412 5411
f 5339 5340 5412
f 5340 5413 5412
f 5340 5341 5413
f 5341 5414 5413
f 5341 5342 5414
f 5342 5415 5414
f 5342 5343 5415
f 5343 5416 5415
f 5343 5344 5416
f 5344 5417 5416
f 5344 5345 5417
f 5345 5418 5417
f 5345 5346 5418
f 5346 5419 5418
f 5346 5347 5419
f 5347 5420 5419
f 5347 5348 5420
f 5348 5421 5420
f 5348 5349 5421
f 5349 5422 5421
f 5349 5350 5422
f 5350 5423 5422
f 5350 5351 5423
f 5351 5424 5423
f 5351 5352 5424
f 5352 5425 5424
f 5352 5353 5425
f 5353 5426 5425
f 5353 5354 5426
f 5354 5427 5426
f 5354 5355 5427
f 5355 5428 5427
f 5355 5356 5428
f 5356 5429 5428
f 5356 5357 5429
f 5357 5430 5429
f 5357 5358 5430
f 5358 5431 5430
f 5358 5359 5431
f 5359 5432 5431
f 5359 5360 5432
f 5360 5433 5432
f 5360 5361 5433
f 5361 5434 5433
f 5361 5362 5434
f 5362 5435 5434
f 5362 5363 5435
f 5363 5436 5435
f 5363 5364 5436
f 5364 5437 5436
f 5364 5365 5437
f 5365 5438 5437
f 5365 5366 5438
f 5366 5439 5438
f 5366 5367 5439
f 5367 5440 5439
f 5367 5368 5440
f 5368 5441 5440
f 5368 5369 5441
f 5369 5442 5441
f 5369 5370 5442
f 5370 5443 5442
f 5370 5371 5443
f 5371 5444 5443
f 5371 5372 5444
f 5372 5445 5444
f 5372 5373 5445
f 5373 5446 5445
f 5373 5374 5446
f 5374 5447 5446
f 5374 5375 5447
f 5375 5448 5447
f 5375 5376 5448
f 5376 5449 5448
f 5376 5377 5449
f 5377 5450 5449
f 5377 5378 5450
f 5378 5451 5450
f 5378 5379 5451
f 5379 5452 5451
f 5379 5380 5452
f 5380 5453 5452
f 5380 5381 5453
f 5381 5454 5453
f 5381 5382 5454
f 5382 5455 5454
f 5382 5383 5455
f 5383 5456 5455
f 5383 5384 5456
f 5384 5457 5456
f 5384 5385 5457
f 5385 5458 5457
f 5385 5386 5458
f 5386 5459 5458
f 5386 5387 5459
f 5387 5460 5459
f 5387 5388 5460
f 5388 5461 5460
f 5388 5389 5461
f 5389 5462 5461
f 5389 5390 5462
f 5390 5463 5462
f 5390 5391 5463
f 5391 5464 5463
f 5391 5392 5464
f 5392 5465 5464
f 5392 5393 5465
f 5393 5466 5465
f 5393 5394 5466
f 5394 5467 5466
f 5394 5395 5467
f 5395 5468 5467
f 5395 5396 5468
f 5396 5469 5468
f 5396 5397 5469
f 5397 5470 5469
f 5397 5398 5470
f 5398 5471 5470
f 5398 5399 5471
f 5399 5472 5471
f 5399 5400 5472
f 5400 5401 5472
f 5400 5329 5401
f 5401 5474 5473
f 5401 5402 5474
f 5402 5475 5474
f 5402 5403 5475
f 5403 5476 5475
f 5403 5404 5476
f 5404 5477 5476
f 5404 5405 5477
f 5405 5478 5477
f 5405 5406 5478
f 5406 5479 5478
f 5406 5407 5479
f 5407 5480 5479
f 5407 5408 5480
f 5408 5481 5480
f 5408 5409 5481
f 5409 5482 5481
f 5409 5410 5482
f 5410 5483 5482
f 5410 5411 5483
f 5411 5484 5483
f 5411 5412 5484
f 5412 5485 5484
f 5412 5413 5485
f 5413 5486 5485
f 5413 5414 5486
f 5414 5487 5486
f 5414 5415 5487
f 5415 5488 5487
f 5415 5416 5488
f 5416 5489 5488
f 5416 5417 5489
f 5417 5490 5489
f 5417 5418 5490
f 5418 5491 5490
f 5418 5419 5491
f 5419 5492 5491
f 5419 5420 5492
f 5420 5493 5492
f 5420 5421 5493
f 5421 5494 5493
f 5421 5422 5494
f 5422 5495 5494
f 5422 5423 5495
f 5423 5496 5495
f 5423 5424 5496
f 5424 5497 5496
f 5424 5425 5497
f 5425 5498 5497
f 5425 5426 5498
f 5426 5499 5498
f 5426 5427 5499
f 5427 5500 5499
f 5427 5428 5500
f 5428 5501 5500
f 5428 5429 5501
f 5429 5502 5501
f 5429 5430 5502
f 5430 5503 5502
f 5430 5431 5503
f 5431 5504 5503
f 5431 5432 5504
f 5432 5505 5504
f 5432 5433 5505
f 5433 5506 5505
f 5433 5434 5506
f 5434 5507 5506
f 5434 5435 5507
f 5435 5508 5507
f 5435 5436 5508
f 5436 5509 5508
f 5436 5437 5509
f 5437 5510 5509
f 5437 5438 5510
f 5438 5511 5510
f 5438 5439 5511
f 5439 5512 5511
f 5439 5440 5512
f 5440 5513 5512
f 5440 5441 5513
f 5441 5514 5513
f 5441 5442 5514
f 5442 5515 5514
f 5442 5443 5515
f 5443 5516 5515
f 5443 5444 5516
f 5444 5517 5516
f 5444 5445 5517
f 5445 5518 5517
f 5445 5446 5518
f 5446 5519 5518
f 5446 5447 5519
f 5447 5520 5519
f 5447 5448 5520
f 5448 5521 5520
f 5448 5449 5521
f 5449 5522 5521
f 5449 5450 5522
f 5450 5523 5522
f 5450 5451 5523
f 5451 5524 5523
f 5451 5452 5524
f 5452 5525 5524
f 5452 5453 5525
f 5453 5526 5525
f 5453 5454 5526
f 5454 5527 5526
f 5454 5455 5527
f 5455 5528 5527
f 5455 5456 5528
f 5456 5529 5528
f 5456 5457 5529
f 5457 5530 5529
f 5457 5458 5530
f 5458 5531 5530
f 5458 5459 5531
f 5459 5532 5531
f 5459 5460 5532
f 5460 5533 5532
f 5460 5461 5533
f 5461 5534 5533
f 5461 5462 5534
f 5462 5535 5534
f 5462 5463 5535
f 5463 5536 5535
f 5463 5464 5536
f 5464 5537 5536
f 5464 5465 5537
f 5465 5538 5537
f 5465 5466 5538
f 5466 5539 5538
f 5466 5467 5539
f 5467 5540 5539
f 5467 5468 5540
f 5468 5541 5540
f 5468 5469 5541
f 5469 5542 5541
f 5469 5470 5542
f 5470 5543 5542
f 5470 5471 5543
f 5471 5544 5543
f 5471 5472 5544
f 5472 5473 5544
f 5472 5401 5473
f 5473 5546 5545
f 5473 5474 5546
f 5474 5547 5546
f 5474 5475 5547
f 5475 5548 5547
f 5475 5476 5548
f 5476 5549 5548
f 5476 5477 5549
f 5477 5550 5549
f 5477 5478 5550
f 5478 5551 5550
f 5478 5479 5551
f 5479 5552 5551
f 5479 5480 5552
f 5480 5553 5552
f 5480 5481 5553
f 5481 5554 5553
f 5481 5482 5554
f 5482 5555 5554
f 5482 5483 5555
f 5483 5556 5555
f 5483 5484 5556
f 5484 5557 5556
f 5484 5485 5557
f 5485 5558 5557
f 5485 5486 5558
f 5486 5559 5558
f 5486 5487 5559
f 5487 5560 5559
f 5487 5488 5560
f 5488 5561 5560
f 5488 5489 5561
f 5489 5562 5561
f 5489 5490 5562
f 5490 5563 5562
f 5490 5491 5563
f 5491 5564 5563
f 5491 5492 5564
f 5492 5565 5564
f 5492 5493 5565
f 5493 5566 5565
f 5493 5494 5566
f 5494 5567 5566
f 5494 5495 5567
f 5495 5568 5567
f 5495 5496 5568
f 5496 5569 5568
f 5496 5497 5569
f 5497 5570 5569
f 5497 5498 5570
f 5498 5571 5570
f 5498 5499 5571
f 5499 5572 5571
f 5499 5500 5572
f 5500 5573 5572
f 5500 5501 5573
f 5501 5574 5573
f 5501 5502 5574
f 5502 5575 5574
f 5502 5503 5575
f 5503 5576 5575
f 5503 5504 5576
f 5504 5577 5576
f 5504 5505 5577
f 5505 5578 5577
f 5505 5506 5578
f 5506 5579 5578
f 5506 5507 5579
f 5507 5580 5579
f 5507 5508 5580
f 5508 5581 5580
f 5508 5509 5581
f 5509 5582 5581
f 5509 5510 5582
f 5510 5583 5582
f 5510 5511 5583
f 5511 5584 5583
f 5511 5512 5584
f 5512 5585 5584
f 5512 5513 5585
f 5513 5586 5585
f 5513 5514 5586
f 5514 5587 5586
f 5514 5515 5587
f 5515 5588 5587
f 5515 5516 5588
f 5516 5589 5588
f 5516 5517 5589
f 5517 5590 5589
f 5517 5518 5590
f 5518 5591 5590
f 5518 5519 5591
f 5519 5592 5591
f 5519 5520 5592
f 5520 5593 5592
f 5520 5521 5593
f 5521 5594 5593
f 5521 5522 5594
f 5522 5595 5594
f 5522 5523 5595
f 5523 5596 5595
f 5523 5524 5596
f 5524 5597 5596
f 5524 5525 5597
f 5525 5598 5597
f 5525 5526 5598
f 5526 5599 5598
f 5526 5527 5599
f 5527 5600 5599
f 5527 5528 5600
f 5528 5601 5600
f 5528 5529 5601
f 5529 5602 5601
f 5529 5530 5602
f 5530 5603 5602
f 5530 5531 5603
f 5531 5604 5603
f 5531 5532 5604
f 5532 5605 5604
f 5532 5533 5605
f 5533 5606 5605
f 5533 5534 5606
f 5534 5607 5606
f 5534 5535 5607
f 5535 5608 5607
f 5535 5536 5608
f 5536 5609 5608
f 5536 5537 5609
f 5537 5610 5609
f 5537 5538 5610
f 5538 5611 5610
f 5538 5539 5611
f 5539 5612 5611
f 5539 5540 5612
f 5540 5613 5612
f 5540 5541 5613
f 5541 5614 5613
f 5541 5542 5614
f 5542 5615 5614
f 5542 5543 5615
f 5543 5616 5615
f 5543 5544 5616
f 5544 5545 5616
f 5544 5473 5545
f 5545 5618 5617
f 5545 5546 5618
f 5546 5619 5618
f 5546 5547 5619
f 5547 5620 5619
f 5547 5548 5620
f 5548 5621 5620
f 5548 5549 5621
f 5549 5622 5621
f 5549 5550 5622
f 5550 5623 5622
f 5550 5551 5623
f 5551 5624 5623
f 5551 5552 5624
f 5552 5625 5624
f 5552 5553 5625
f 5553 5626 5625
f 5553 5554 5626
f 5554 5627 5626
f 5554 5555 5627
f 5555 5628 5627
f 5555 5556 5628
f 5556 5629 5628
f 5556 5557 5629
f 5557 5630 5629
f 5557 5558 5630
f 5558 5631 5630
f 5558 5559 5631
f 5559 5632 5631
f 5559 5560 5632
f 5560 5633 5632
f 5560 5561 5633
f 5561 5634 5633
f 5561 5562 5634
f 5562 5635 5634
f 5562 5563 5635
f 5563 5636 5635
f 5563 5564 5636
f 5564 5637 5636
f 5564 5565 5637
f 5565 5638 5637
f 5565 5566 5638
f 5566 5639 5638
f 5566 5567 5639
f 5567 5640 5639
f 5567 5568 5640
f 5568 5641 5640
f 5568 5569 5641
f 5569 5642 5641
f 5569 5570 5642
f 5570 5643 5642
f 5570 5571 5643
f 5571 5644 5643
f 5571 5572 5644
f 5572 5645 5644
f 5572 5573 5645
f 5573 5646 5645
f 5573 5574 5646
f 5574 5647 5646
f 5574 5575 5647
f 5575 5648 5647
f 5575 5576 5648
f 5576 5649 5648
f 5576 5577 5649
f 5577 5650 5649
f 5577 5578 5650
f 5578 5651 5650
f 5578 5579 5651
f 5579 5652 5651
f 5579 5580 5652
f 5580 5653 5652
f 5580 5581 5653
f 5581 5654 5653
f 5581 5582 5654
f 5582 5655 5654
f 5582 5583 5655
f 5583 5656 5655
f 5583 5584 5656
f 5584 5657 5656
f 5584 5585 5657
f 5585 5658 5657
f 5585 5586 5658
f 5586 5659 5658
f 5586 5587 5659
f 5587 5660 5659
f 5587 5588 5660
f 5588 5661 5660
f 5588 5589 5661
f 5589 5662 5661
f 5589 5590 5662
f 5590 5663 5662
f 5590 5591 5663
f 5591 5664 5663
f 5591 5592 5664
f 5592 5665 5664
f 5592 5593 5665
f 5593 5666 5665
f 5593 5594 5666
f 5594 5667 5666
f 5594 5595 5667
f 5595 5668 5667
f 5595 5596 5668
f 5596 5669 5668
f 5596 5597 5669
f 5597 5670 5669
f 5597 5598 5670
f 5598 5671 5670
f 5598 5599 5671
f 5599 5672 5671
f 5599 5600 5672
f 5600 5673 5672
f 5600 5601 5673
f 5601 5674 5673
f 5601 5602 5674
f 5602 5675 5674
f 5602 5603 5675
f 5603 5676 5675
f 5603 5604 5676
f 5604 5677 5676
f 5604 5605 5677
f 5605 5678 5677
f 5605 5606 5678
f 5606 5679 5678
f 5606 5607 5679
f 5607 5680 5679
f 5607 5608 5680
f 5608 5681 5680
f 5608 5609 5681
f 5609 5682 5681
f 5609 5610 5682
f 5610 5683 5682
f 5610 5611 5683
f 5611 5684 5683
f 5611 5612 5684
f 5612 5685 5684
f 5612 5613 5685
f 5613 5686 5685
f 5613 5614 5686
f 5614 5687 5686
f 5614 5615 5687
f 5615 5688 5687
f 5615 5616 5688
f 5616 5617 5688
f 5616 5545 5617
f 5617 5690 5689
f 5617 5618 5690
f 5618 5691 5690
f 5618 5619 5691
f 5619 5692 5691
f 5619 5620 5692
f 5620 5693 5692
f 5620 5621 5693
f 5621 5694 5693
f 5621 5622 5694
f 5622 5695 5694
f 5622 5623 5695
f 5623 5696 5695
f 5623 5624 5696
f 5624 5697 5696
f 5624 5625 5697
f 5625 5698 5697
f 5625 5626 5698
f 5626 5699 5698
f 5626 5627 5699
f 5627 5700 5699
f 5627 5628 5700
f 5628 5701 5700
f 5628 5629 5701
f 5629 5702 5701
f 5629 5630 5702
f 5630 5703 5702
f 5630 5631 5703
f 5631 5704 5703
f 5631 5632 5704
f 5632 5705 5704
f 5632 5633 5705
f 5633 5706 5705
f 5633 5634 5706
f 5634 5707 5706
f 5634 5635 5707
f 5635 5708 5707
f 5635 5636 5708
f 5636 5709 5708
f 5636 5637 5709
f 5637 5710 5709
f 5637 5638 5710
f 5638 5711 5710
f 5638 5639 5711
f 5639 5712 5711
f 5639 5640 5712
f 5640 5713 5712
f 5640 5641 5713
f 5641 5714 5713
f 5641 5642 5714
f 5642 5715 5714
f 5642 5643 5715
f 5643 5716 5715
f 5643 5644 5716
f 5644 5717 5716
f 5644 5645 5717
f 5645 5718 5717
f 5645 5646 5718
f 5646 5719 5718
f 5646 5647 5719
f 5647 5720 5719
f 5647 5648 5720
f 5648 5721 5720
f 5648 5649 5721
f 5649 5722 5721
f 5649 5650 5722
f 5650 5723 5722
f 5650 5651 5723
f 5651 5724 5723
f 5651 5652 5724
f 5652 5725 5724
f 5652 5653 5725
f 5653 5726 5725
f 5653 5654 5726
f 5654 5727 5726
f 5654 5655 5727
f 5655 5728 5727
f 5655 5656 5728
f 5656 5729 5728
f 5656 5657 5729
f 5657 5730 5729
f 5657 5658 5730
f 5658 5731 5730
f 5658 5659 5731
f 5659 5732 5731
f 5659 5660 5732
f 5660 5733 5732
f 5660 5661 5733
f 5661 5734 5733
f 5661 5662 5734
f 5662 5735 5734
f 5662 5663 5735
f 5663 5736 5735
f 5663 5664 5736
f 5664 5737 5736
f 5664 5665 5737
f 5665 5738 5737
f 5665 5666 5738
f 5666 5739 5738
f 5666 5667 5739
f 5667 5740 5739
f 5667 5668 5740
f 5668 5741 5740
f 5668 5669 5741
f 5669 5742 5741
f 5669 5670 5742
f 5670 5743 5742
f 5670 5671 5743
f 5671 5744 5743
f 5671 5672 5744
f 5672 5745 5744
f 5672 5673 5745
f 5673 5746 5745
f 5673 5674 5746
f 5674 5747 5746
f 5674 5675 5747
f 5675 5748 5747
f 5675 5676 5748
f 5676 5749 5748
f 5676 5677 5749
f 5677 5750 5749
f 5677 5678 5750
f 5678 5751 5750
f 5678 5679 5751
f 5679 5752 5751
f 5679 5680 5752
f 5680 5753 5752
f 5680 5681 5753
f 5681 5754 5753
f 5681 5682 5754
f 5682 5755 5754
f 5682 5683 5755
f 5683 5756 5755
f 5683 5684 5756
f 5684 5757 5756
f 5684 5685 5757
f 5685 5758 5757
f 5685 5686 5758
f 5686 5759 5758
f 5686 5687 5759
f 5687 5760 5759
f 5687 5688 5760
f 5688 5689 5760
f 5688 5617 5689
f 5689 5762 5761
f 5689 5690 5762
f 5690 5763 5762
f 5690 5691 5763
f 5691 5764 5763
f 5691 5692 5764
f 5692 5765 5764
f 5692 5693 5765
f 5693 5766 5765
f 5693 5694 5766
f 5694 5767 5766
f 5694 5695 5767
f 5695 5768 5767
f 5695 5696 5768
f 5696 5769 5768
f 5696 5697 5769
f 5697 5770 5769
f 5697 5698 5770
f 5698 5771 5770
f 5698 5699 5771
f 5699 5772 5771
f 5699 5700 5772
f 5700 5773 5772
f 5700 5701 5773
f 5701 5774 5773
f 5701 5702 5774
f 5702 5775 5774
f 5702 5703 5775
f 5703 5776 5775
f 5703 5704 5776
f 5704 5777 5776
f 5704 5705 5777
f 5705 5778 5777
f 5705 5706 5778
f 5706 5779 5778
f 5706 5707 5779
f 5707 5780 5779
f 5707 5708 5780
f 5708 5781 5780
f 5708 5709 5781
f 5709 5782 5781
f 5709 5710 5782
f 5710 5783 5782
f 5710 5711 5783
f 5711 5784 5783
f 5711 5712 5784
f 5712 5785 5784
f 5712 5713 5785
f 5713 5786 5785
f 5713 5714 5786
f 5714 5787 5786
f 5714 5715 5787
f 5715 5788 5787
f 5715 5716 5788
f 5716 5789 5788
f 5716 5717 5789
f 5717 5790 5789
f 5717 5718 5790
f 5718 5791 5790
f 5718 5719 5791
f 5719 5792 5791
f 5719 5720 5792
f 5720 5793 5792
f 5720 5721 5793
f 5721 5794 5793
f 5721 5722 5794
f 5722 5795 5794
f 5722 5723 5795
f 5723 5796 5795
f 5723 5724 5796
f 5724 5797 5796
f 5724 5725 5797
f 5725 5798 5797
f 5725 5726 5798
f 5726 5799 5798
f 5726 5727 5799
f 5727 5800 5799
f 5727 5728 5800
f 5728 5801 5800
f 5728 5729 5801
f 5729 5802 5801
f 5729 5730 5802
f 5730 5803 5802
f 5730 5731 5803
f 5731 5804 5803
f 5731 5732 5804
f 5732 5805 5804
f 5732 5733 5805
f 5733 5806 5805
f 5733 5734 5806
f 5734 5807 5806
f 5734 5735 5807
f 5735 5808 5807
f 5735 5736 5808
f 5736 5809 5808
f 5736 5737 5809
f 5737 5810 5809
f 5737 5738 5810
f 5738 5811 5810
f 5738 5739 5811
f 5739 5812 5811
f 5739 5740 5812
f 5740 5813 5812
f 5740 5741 5813
f 5741 5814 5813
f 5741 5742 5814
f 5742 5815 5814
f 5742 5743 5815
f 5743 5816 5815
f 5743 5744 5816
f 5744 5817 5816
f 5744 5745 5817
f 5745 5818 5817
f 5745 5746 5818
f 5746 5819 5818
f 5746 5747 5819
f 5747 5820 5819
f 5747 5748 5820
f 5748 5821 5820
f 5748 5749 5821
f 5749 5822 5821
f 5749 5750 5822
f 5750 5823 5822
f 5750 5751 5823
f 5751 5824 5823
f 5751 5752 5824
f 5752 5825 5824
f 5752 5753 5825
f 5753 5826 5825
f 5753 5754 5826
f 5754 5827 5826
f 5754 5755 5827
f 5755 5828 5827
f 5755 5756 5828
f 5756 5829 5828
f 5756 5757 5829
f 5757 5830 5829
f 5757 5758 5830
f 5758 5831 5830
f 5758 5759 5831
f 5759 5832 5831
f 5759 5760 5832
f 5760 5761 5832
f 5760 5689 5761
f 5833 2 1
f 5834 5761 5762
f 5833 3 2
f 5834 5762 5763
f 5833 4 3
f 5834 5763 5764
f 5833 5 4
f 5834 5764 5765
f 5833 6 5
f 5834 5765 5766
f 5833 7 6
f 5834 5766 5767
f 5833 8 7
f 5834 5767 5768
f 5833 9 8
f 5834 5768 5769
f 5833 10 9
f 5834 5769 5770
f 5833 11 10
f 5834 5770 5771
f 5833 12 11
f 5834 5771 5772
f 5833 13 12
f 5834 5772 5773
f 5833 14 13
f 5834 5773 5774
f 5833 15 14
f 5834 5774 5775
f 5833 16 15
f 5834 5775 5776
f 5833 17 16
f 5834 5776 5777
f 5833 18 17
f 5834 5777 5778
f 5833 19 18
f 5834 5778 5779
f 5833 20 19
f 5834 5779 5780
f 5833 21 20
f 5834 5780 5781
f 5833 22 21
f 5834 5781 5782
f 5833 23 22
f 5834 5782 5783
f 5833 24 23
f 5834 5783 5784
f 5833 25 24
f 5834 5784 5785
f 5833 26 25
f 5834 5785 5786
f 5833 27 26
f 5834 5786 5787
f 5833 28 27
f 5834 5787 5788
f 5833 29 28
f 5834 5788 5789
f 5833 30 29
f 5834 5789 5790
f 5833 31 30
f 5834 5790 5791
f 5833 32 31
f 5834 5791 5792
f 5833 33 32
f 5834 5792 5793
f 5833 34 33
f 5834 5793 5794
f 5833 35 34
f 5834 5794 5795
f 5833 36 35
f 5834 5795 5796
f 5833 37 36
f 5834 5796 5797
f 5833 38 37
f 5834 5797 5798
f 5833 39 38
f 5834 5798 5799
f 5833 40 39
f 5834 5799 5800
f 5833 41 40
f 5834 5800 5801
f 5833 42 41
f 5834 5801 5802
f 5833 43 42
f 5834 5802 5803
f 5833 44 43
f 5834 5803 5804
f 5833 45 44
f 5834 5804 5805
f 5833 46 45
f 5834 5805 5806
f 5833 47 46
f 5834 5806 5807
f 5833 48 47
f 5834 5807 5808
f 5833 49 48
f 5834 5808 5809
f 5833 50 49
f 5834 5809 5810
f 5833 51 50
f 5834 5810 5811
f 5833 52 51
f 5834 5811 5812
f 5833 53 52
f 5834 5812 5813
f 5833 54 53
f 5834 5813 5814
f 5833 55 54
f 5834 5814 5815
f 5833 56 55
f 5834 5815 5816
f 5833 57 56
f 5834 5816 5817
f 5833 58 57
f 5834 5817 5818
f 5833 59 58
f 5834 5818 5819
f 5833 60 59
f 5834 5819 5820
f 5833 61 60
f 5834 5820 5821
f 5833 62 61
f 5834 5821 5822
f 5833 63 62
f 5834 5822 5823
f 5833 64 63
f 5834 5823 5824
f 5833 65 64
f 5834 5824 5825
f 5833 66 65
f 5834 5825 5826
f 5833 67 66
f 5834 5826 5827
f 5833 68 67
f 5834 5827 5828
f 5833 69 68
f 5834 5828 5829
f 5833 70 69
f 5834 5829 5830
f 5833 71 70
f 5834 5830 5831
f 5833 72 71
f 5834 5831 5832
f 5833 1 72
f 5834 5832 5761
