source,candidate,station,y_mm,chord_mm,reflex_deg,twist_deg,hinge_xc,te_thickness_mm,hinge_gap_mm,speed_kmh,reynolds,ncrit,deflection_deg_te_down_positive,alpha_deg,cl,cd,cm_c4
xfoil,r1-sm8,mid,325.000,216.923,0.750,3.000,0.7200,0.450,0.000,45.0,181000,6,-5.0,-1.800000,-0.4721000,0.0136700,0.0538000
xfoil,r1-sm8,mid,325.000,216.923,0.750,3.000,0.7200,0.450,0.000,45.0,181000,6,-5.0,-1.300000,-0.4223000,0.0127600,0.0551000
xfoil,r1-sm8,mid,325.000,216.923,0.750,3.000,0.7200,0.450,0.000,45.0,181000,6,-5.0,-0.800000,-0.3794000,0.0113600,0.0585000
xfoil,r1-sm8,mid,325.000,216.923,0.750,3.000,0.7200,0.450,0.000,45.0,181000,6,-5.0,-0.300000,-0.3294000,0.0113900,0.0616000
xfoil,r1-sm8,mid,325.000,216.923,0.750,3.000,0.7200,0.450,0.000,45.0,181000,6,-5.0,0.200000,-0.2749000,0.0114400,0.0634000
xfoil,r1-sm8,mid,325.000,216.923,0.750,3.000,0.7200,0.450,0.000,45.0,181000,6,-5.0,0.700000,-0.2169000,0.0115100,0.0643000
xfoil,r1-sm8,mid,325.000,216.923,0.750,3.000,0.7200,0.450,0.000,45.0,181000,6,-5.0,1.200000,-0.1530000,0.0115900,0.0637000
xfoil,r1-sm8,mid,325.000,216.923,0.750,3.000,0.7200,0.450,0.000,45.0,181000,6,-5.0,1.700000,-0.0873000,0.0116700,0.0625000
xfoil,r1-sm8,mid,325.000,216.923,0.750,3.000,0.7200,0.450,0.000,45.0,181000,6,-5.0,2.200000,-0.0138000,0.0117900,0.0596000
xfoil,r1-sm8,mid,325.000,216.923,0.750,3.000,0.7200,0.450,0.000,45.0,181000,6,-5.0,2.700000,0.0634000,0.0118900,0.0556000
xfoil,r1-sm8,mid,325.000,216.923,0.750,3.000,0.7200,0.450,0.000,45.0,181000,6,-5.0,3.200000,0.1417000,0.0120200,0.0513000
xfoil,r1-sm8,mid,325.000,216.923,0.750,3.000,0.7200,0.450,0.000,45.0,181000,6,-5.0,3.700000,0.2133000,0.0120800,0.0481000
xfoil,r1-sm8,mid,325.000,216.923,0.750,3.000,0.7200,0.450,0.000,45.0,181000,6,-5.0,4.200000,0.2733000,0.0120900,0.0469000
xfoil,r1-sm8,mid,325.000,216.923,0.750,3.000,0.7200,0.450,0.000,45.0,181000,6,-5.0,4.700000,0.3328000,0.0121800,0.0457000
xfoil,r1-sm8,mid,325.000,216.923,0.750,3.000,0.7200,0.450,0.000,45.0,181000,6,-5.0,5.200000,0.3918000,0.0123500,0.0446000
xfoil,r1-sm8,mid,325.000,216.923,0.750,3.000,0.7200,0.450,0.000,45.0,181000,6,-5.0,5.700000,0.4530000,0.0125800,0.0429000
xfoil,r1-sm8,mid,325.000,216.923,0.750,3.000,0.7200,0.450,0.000,45.0,181000,6,-5.0,6.200000,0.5137000,0.0128900,0.0412000
xfoil,r1-sm8,mid,325.000,216.923,0.750,3.000,0.7200,0.450,0.000,45.0,181000,6,-5.0,6.700000,0.5760000,0.0132800,0.0391000
xfoil,r1-sm8,mid,325.000,216.923,0.750,3.000,0.7200,0.450,0.000,45.0,181000,6,-5.0,7.200000,0.6301000,0.0137200,0.0385000
xfoil,r1-sm8,mid,325.000,216.923,0.750,3.000,0.7200,0.450,0.000,45.0,181000,6,-5.0,7.700000,0.6799000,0.0142400,0.0387000
xfoil,r1-sm8,mid,325.000,216.923,0.750,3.000,0.7200,0.450,0.000,45.0,181000,6,-5.0,8.200000,0.7278000,0.0148600,0.0391000
xfoil,r1-sm8,mid,325.000,216.923,0.750,3.000,0.7200,0.450,0.000,45.0,181000,6,-5.0,8.700000,0.7740000,0.0156200,0.0397000
xfoil,r1-sm8,mid,325.000,216.923,0.750,3.000,0.7200,0.450,0.000,45.0,181000,6,-5.0,9.200000,0.8195000,0.0165000,0.0403000
xfoil,r1-sm8,mid,325.000,216.923,0.750,3.000,0.7200,0.450,0.000,45.0,181000,6,-5.0,9.700000,0.8653000,0.0175500,0.0406000
xfoil,r1-sm8,mid,325.000,216.923,0.750,3.000,0.7200,0.450,0.000,45.0,181000,6,-5.0,10.200000,0.9104000,0.0187800,0.0407000
xfoil,r1-sm8,mid,325.000,216.923,0.750,3.000,0.7200,0.450,0.000,45.0,181000,6,-5.0,10.700000,0.9545000,0.0202000,0.0406000
xfoil,r1-sm8,mid,325.000,216.923,0.750,3.000,0.7200,0.450,0.000,45.0,181000,6,-5.0,11.200000,0.9973000,0.0218200,0.0405000
xfoil,r1-sm8,mid,325.000,216.923,0.750,3.000,0.7200,0.450,0.000,45.0,181000,6,-5.0,11.700000,1.0361000,0.0239300,0.0400000
xfoil,r1-sm8,mid,325.000,216.923,0.750,3.000,0.7200,0.450,0.000,45.0,181000,6,-5.0,12.200000,1.0649000,0.0272300,0.0390000
xfoil,r1-sm8,mid,325.000,216.923,0.750,3.000,0.7200,0.450,0.000,45.0,181000,6,-5.0,12.700000,1.0785000,0.0320500,0.0362000
xfoil,r1-sm8,mid,325.000,216.923,0.750,3.000,0.7200,0.450,0.000,45.0,181000,6,-5.0,13.200000,1.0796000,0.0373500,0.0346000
xfoil,r1-sm8,mid,325.000,216.923,0.750,3.000,0.7200,0.450,0.000,45.0,181000,6,0.0,-5.000000,-0.4658000,0.0157900,-0.0023000
xfoil,r1-sm8,mid,325.000,216.923,0.750,3.000,0.7200,0.450,0.000,45.0,181000,6,0.0,-4.500000,-0.4153000,0.0142700,-0.0016000
xfoil,r1-sm8,mid,325.000,216.923,0.750,3.000,0.7200,0.450,0.000,45.0,181000,6,0.0,-4.000000,-0.3637000,0.0133400,-0.0009000
xfoil,r1-sm8,mid,325.000,216.923,0.750,3.000,0.7200,0.450,0.000,45.0,181000,6,0.0,-3.500000,-0.3105000,0.0127000,-0.0004000
xfoil,r1-sm8,mid,325.000,216.923,0.750,3.000,0.7200,0.450,0.000,45.0,181000,6,0.0,-3.000000,-0.2570000,0.0121500,0.0002000
xfoil,r1-sm8,mid,325.000,216.923,0.750,3.000,0.7200,0.450,0.000,45.0,181000,6,0.0,-2.500000,-0.2039000,0.0116400,0.0011000
xfoil,r1-sm8,mid,325.000,216.923,0.750,3.000,0.7200,0.450,0.000,45.0,181000,6,0.0,-2.000000,-0.1505000,0.0111300,0.0019000
xfoil,r1-sm8,mid,325.000,216.923,0.750,3.000,0.7200,0.450,0.000,45.0,181000,6,0.0,-1.500000,-0.0992000,0.0105800,0.0035000
xfoil,r1-sm8,mid,325.000,216.923,0.750,3.000,0.7200,0.450,0.000,45.0,181000,6,0.0,-1.000000,-0.0484000,0.0101200,0.0057000
xfoil,r1-sm8,mid,325.000,216.923,0.750,3.000,0.7200,0.450,0.000,45.0,181000,6,0.0,-0.500000,0.0167000,0.0099800,0.0052000
xfoil,r1-sm8,mid,325.000,216.923,0.750,3.000,0.7200,0.450,0.000,45.0,181000,6,0.0,-0.000000,0.1002000,0.0099900,0.0002000
xfoil,r1-sm8,mid,325.000,216.923,0.750,3.000,0.7200,0.450,0.000,45.0,181000,6,0.0,0.500000,0.1802000,0.0100100,-0.0047000
xfoil,r1-sm8,mid,325.000,216.923,0.750,3.000,0.7200,0.450,0.000,45.0,181000,6,0.0,1.000000,0.2331000,0.0100200,-0.0042000
xfoil,r1-sm8,mid,325.000,216.923,0.750,3.000,0.7200,0.450,0.000,45.0,181000,6,0.0,1.500000,0.2863000,0.0100900,-0.0036000
xfoil,r1-sm8,mid,325.000,216.923,0.750,3.000,0.7200,0.450,0.000,45.0,181000,6,0.0,2.000000,0.3399000,0.0102200,-0.0031000
xfoil,r1-sm8,mid,325.000,216.923,0.750,3.000,0.7200,0.450,0.000,45.0,181000,6,0.0,2.500000,0.3938000,0.0104100,-0.0027000
xfoil,r1-sm8,mid,325.000,216.923,0.750,3.000,0.7200,0.450,0.000,45.0,181000,6,0.0,3.000000,0.4480000,0.0106700,-0.0023000
xfoil,r1-sm8,mid,325.000,216.923,0.750,3.000,0.7200,0.450,0.000,45.0,181000,6,0.0,3.500000,0.5023000,0.0110000,-0.0021000
xfoil,r1-sm8,mid,325.000,216.923,0.750,3.000,0.7200,0.450,0.000,45.0,181000,6,0.0,4.000000,0.5568000,0.0114000,-0.0019000
xfoil,r1-sm8,mid,325.000,216.923,0.750,3.000,0.7200,0.450,0.000,45.0,181000,6,0.0,4.500000,0.6112000,0.0118800,-0.0019000
xfoil,r1-sm8,mid,325.000,216.923,0.750,3.000,0.7200,0.450,0.000,45.0,181000,6,0.0,5.000000,0.6655000,0.0124100,-0.0019000
xfoil,r1-sm8,mid,325.000,216.923,0.750,3.000,0.7200,0.450,0.000,45.0,181000,6,0.0,5.500000,0.7194000,0.0130200,-0.0019000
xfoil,r1-sm8,mid,325.000,216.923,0.750,3.000,0.7200,0.450,0.000,45.0,181000,6,0.0,6.000000,0.7729000,0.0136900,-0.0019000
xfoil,r1-sm8,mid,325.000,216.923,0.750,3.000,0.7200,0.450,0.000,45.0,181000,6,0.0,6.500000,0.8258000,0.0144400,-0.0019000
xfoil,r1-sm8,mid,325.000,216.923,0.750,3.000,0.7200,0.450,0.000,45.0,181000,6,0.0,7.000000,0.8778000,0.0152800,-0.0019000
xfoil,r1-sm8,mid,325.000,216.923,0.750,3.000,0.7200,0.450,0.000,45.0,181000,6,0.0,7.500000,0.9287000,0.0162400,-0.0019000
xfoil,r1-sm8,mid,325.000,216.923,0.750,3.000,0.7200,0.450,0.000,45.0,181000,6,0.0,8.000000,0.9781000,0.0173300,-0.0017000
xfoil,r1-sm8,mid,325.000,216.923,0.750,3.000,0.7200,0.450,0.000,45.0,181000,6,0.0,8.500000,1.0258000,0.0185500,-0.0015000
xfoil,r1-sm8,mid,325.000,216.923,0.750,3.000,0.7200,0.450,0.000,45.0,181000,6,0.0,9.000000,1.0715000,0.0199100,-0.0012000
xfoil,r1-sm8,mid,325.000,216.923,0.750,3.000,0.7200,0.450,0.000,45.0,181000,6,0.0,9.500000,1.1146000,0.0214400,-0.0008000
xfoil,r1-sm8,mid,325.000,216.923,0.750,3.000,0.7200,0.450,0.000,45.0,181000,6,5.0,-8.200000,-0.4222000,0.0203100,-0.0676000
xfoil,r1-sm8,mid,325.000,216.923,0.750,3.000,0.7200,0.450,0.000,45.0,181000,6,5.0,-7.700000,-0.3741000,0.0186200,-0.0668000
xfoil,r1-sm8,mid,325.000,216.923,0.750,3.000,0.7200,0.450,0.000,45.0,181000,6,5.0,-7.200000,-0.3250000,0.0172100,-0.0659000
xfoil,r1-sm8,mid,325.000,216.923,0.750,3.000,0.7200,0.450,0.000,45.0,181000,6,5.0,-6.700000,-0.2741000,0.0158400,-0.0653000
xfoil,r1-sm8,mid,325.000,216.923,0.750,3.000,0.7200,0.450,0.000,45.0,181000,6,5.0,-6.200000,-0.2238000,0.0145100,-0.0647000
xfoil,r1-sm8,mid,325.000,216.923,0.750,3.000,0.7200,0.450,0.000,45.0,181000,6,5.0,-5.700000,-0.1725000,0.0137700,-0.0640000
xfoil,r1-sm8,mid,325.000,216.923,0.750,3.000,0.7200,0.450,0.000,45.0,181000,6,5.0,-5.200000,-0.1208000,0.0133100,-0.0631000
xfoil,r1-sm8,mid,325.000,216.923,0.750,3.000,0.7200,0.450,0.000,45.0,181000,6,5.0,-4.700000,-0.0691000,0.0129000,-0.0619000
xfoil,r1-sm8,mid,325.000,216.923,0.750,3.000,0.7200,0.450,0.000,45.0,181000,6,5.0,-4.200000,-0.0170000,0.0125500,-0.0607000
xfoil,r1-sm8,mid,325.000,216.923,0.750,3.000,0.7200,0.450,0.000,45.0,181000,6,5.0,-3.700000,0.0361000,0.0122200,-0.0597000
xfoil,r1-sm8,mid,325.000,216.923,0.750,3.000,0.7200,0.450,0.000,45.0,181000,6,5.0,-3.200000,0.0885000,0.0119100,-0.0584000
xfoil,r1-sm8,mid,325.000,216.923,0.750,3.000,0.7200,0.450,0.000,45.0,181000,6,5.0,-2.700000,0.1411000,0.0116400,-0.0569000
xfoil,r1-sm8,mid,325.000,216.923,0.750,3.000,0.7200,0.450,0.000,45.0,181000,6,5.0,-2.200000,0.1947000,0.0114300,-0.0558000
xfoil,r1-sm8,mid,325.000,216.923,0.750,3.000,0.7200,0.450,0.000,45.0,181000,6,5.0,-1.700000,0.2489000,0.0112600,-0.0548000
xfoil,r1-sm8,mid,325.000,216.923,0.750,3.000,0.7200,0.450,0.000,45.0,181000,6,5.0,-1.200000,0.3039000,0.0110400,-0.0540000
xfoil,r1-sm8,mid,325.000,216.923,0.750,3.000,0.7200,0.450,0.000,45.0,181000,6,5.0,-0.700000,0.3586000,0.0106500,-0.0532000
xfoil,r1-sm8,mid,325.000,216.923,0.750,3.000,0.7200,0.450,0.000,45.0,181000,6,5.0,-0.200000,0.4103000,0.0100600,-0.0512000
xfoil,r1-sm8,mid,325.000,216.923,0.750,3.000,0.7200,0.450,0.000,45.0,181000,6,5.0,0.300000,0.4783000,0.0097800,-0.0528000
xfoil,r1-sm8,mid,325.000,216.923,0.750,3.000,0.7200,0.450,0.000,45.0,181000,6,5.0,0.800000,0.5339000,0.0100800,-0.0525000
xfoil,r1-sm8,mid,325.000,216.923,0.750,3.000,0.7200,0.450,0.000,45.0,181000,6,5.0,1.300000,0.5895000,0.0104300,-0.0523000
xfoil,r1-sm8,mid,325.000,216.923,0.750,3.000,0.7200,0.450,0.000,45.0,181000,6,5.0,1.800000,0.6446000,0.0108500,-0.0521000
xfoil,r1-sm8,mid,325.000,216.923,0.750,3.000,0.7200,0.450,0.000,45.0,181000,6,5.0,2.300000,0.6993000,0.0113400,-0.0519000
xfoil,r1-sm8,mid,325.000,216.923,0.750,3.000,0.7200,0.450,0.000,45.0,181000,6,5.0,2.800000,0.7533000,0.0119000,-0.0517000
xfoil,r1-sm8,mid,325.000,216.923,0.750,3.000,0.7200,0.450,0.000,45.0,181000,6,5.0,3.300000,0.8066000,0.0125400,-0.0514000
xfoil,r1-sm8,mid,325.000,216.923,0.750,3.000,0.7200,0.450,0.000,45.0,181000,6,5.0,3.800000,0.8593000,0.0132400,-0.0511000
xfoil,r1-sm8,mid,325.000,216.923,0.750,3.000,0.7200,0.450,0.000,45.0,181000,6,5.0,4.300000,0.9112000,0.0139800,-0.0507000
xfoil,r1-sm8,mid,325.000,216.923,0.750,3.000,0.7200,0.450,0.000,45.0,181000,6,5.0,4.800000,0.9620000,0.0148000,-0.0502000
xfoil,r1-sm8,mid,325.000,216.923,0.750,3.000,0.7200,0.450,0.000,45.0,181000,6,5.0,5.300000,1.0116000,0.0157100,-0.0496000
xfoil,r1-sm8,mid,325.000,216.923,0.750,3.000,0.7200,0.450,0.000,45.0,181000,6,5.0,5.800000,1.0601000,0.0166800,-0.0488000
xfoil,r1-sm8,mid,325.000,216.923,0.750,3.000,0.7200,0.450,0.000,45.0,181000,6,5.0,6.300000,1.1067000,0.0177700,-0.0479000
xfoil,r1-sm8,mid,325.000,216.923,0.750,3.000,0.7200,0.450,0.000,45.0,181000,6,5.0,6.800000,1.1513000,0.0189900,-0.0467000
xfoil,r1-sm8,mid,325.000,216.923,0.750,3.000,0.7200,0.450,0.000,45.0,181000,6,10.0,-11.400000,-0.4210000,0.0323700,-0.1145000
xfoil,r1-sm8,mid,325.000,216.923,0.750,3.000,0.7200,0.450,0.000,45.0,181000,6,10.0,-10.900000,-0.3739000,0.0280300,-0.1172000
xfoil,r1-sm8,mid,325.000,216.923,0.750,3.000,0.7200,0.450,0.000,45.0,181000,6,10.0,-10.400000,-0.3233000,0.0249700,-0.1187000
xfoil,r1-sm8,mid,325.000,216.923,0.750,3.000,0.7200,0.450,0.000,45.0,181000,6,10.0,-9.900000,-0.2716000,0.0229700,-0.1196000
xfoil,r1-sm8,mid,325.000,216.923,0.750,3.000,0.7200,0.450,0.000,45.0,181000,6,10.0,-9.400000,-0.2205000,0.0211700,-0.1203000
xfoil,r1-sm8,mid,325.000,216.923,0.750,3.000,0.7200,0.450,0.000,45.0,181000,6,10.0,-8.900000,-0.1683000,0.0198400,-0.1209000
xfoil,r1-sm8,mid,325.000,216.923,0.750,3.000,0.7200,0.450,0.000,45.0,181000,6,10.0,-8.400000,-0.1152000,0.0186000,-0.1214000
xfoil,r1-sm8,mid,325.000,216.923,0.750,3.000,0.7200,0.450,0.000,45.0,181000,6,10.0,-7.900000,-0.0615000,0.0173300,-0.1221000
xfoil,r1-sm8,mid,325.000,216.923,0.750,3.000,0.7200,0.450,0.000,45.0,181000,6,10.0,-7.400000,-0.0077000,0.0166700,-0.1225000
xfoil,r1-sm8,mid,325.000,216.923,0.750,3.000,0.7200,0.450,0.000,45.0,181000,6,10.0,-6.900000,0.0449000,0.0164300,-0.1225000
xfoil,r1-sm8,mid,325.000,216.923,0.750,3.000,0.7200,0.450,0.000,45.0,181000,6,10.0,-6.400000,0.1010000,0.0162200,-0.1225000
xfoil,r1-sm8,mid,325.000,216.923,0.750,3.000,0.7200,0.450,0.000,45.0,181000,6,10.0,-5.900000,0.1531000,0.0161700,-0.1220000
xfoil,r1-sm8,mid,325.000,216.923,0.750,3.000,0.7200,0.450,0.000,45.0,181000,6,10.0,-5.400000,0.2083000,0.0160100,-0.1214000
xfoil,r1-sm8,mid,325.000,216.923,0.750,3.000,0.7200,0.450,0.000,45.0,181000,6,10.0,-4.900000,0.2625000,0.0158700,-0.1205000
xfoil,r1-sm8,mid,325.000,216.923,0.750,3.000,0.7200,0.450,0.000,45.0,181000,6,10.0,-4.400000,0.3152000,0.0158200,-0.1194000
xfoil,r1-sm8,mid,325.000,216.923,0.750,3.000,0.7200,0.450,0.000,45.0,181000,6,10.0,-3.900000,0.3682000,0.0157400,-0.1182000
xfoil,r1-sm8,mid,325.000,216.923,0.750,3.000,0.7200,0.450,0.000,45.0,181000,6,10.0,-3.400000,0.4212000,0.0156300,-0.1167000
xfoil,r1-sm8,mid,325.000,216.923,0.750,3.000,0.7200,0.450,0.000,45.0,181000,6,10.0,-2.900000,0.4744000,0.0154800,-0.1151000
xfoil,r1-sm8,mid,325.000,216.923,0.750,3.000,0.7200,0.450,0.000,45.0,181000,6,10.0,-2.400000,0.5277000,0.0152800,-0.1135000
xfoil,r1-sm8,mid,325.000,216.923,0.750,3.000,0.7200,0.450,0.000,45.0,181000,6,10.0,-1.900000,0.5813000,0.0149600,-0.1118000
xfoil,r1-sm8,mid,325.000,216.923,0.750,3.000,0.7200,0.450,0.000,45.0,181000,6,10.0,-1.400000,0.6339000,0.0147000,-0.1103000
xfoil,r1-sm8,mid,325.000,216.923,0.750,3.000,0.7200,0.450,0.000,45.0,181000,6,10.0,-0.900000,0.6870000,0.0143200,-0.1089000
xfoil,r1-sm8,mid,325.000,216.923,0.750,3.000,0.7200,0.450,0.000,45.0,181000,6,10.0,-0.400000,0.7337000,0.0146900,-0.1084000
xfoil,r1-sm8,mid,325.000,216.923,0.750,3.000,0.7200,0.450,0.000,45.0,181000,6,10.0,0.100000,0.7947000,0.0124000,-0.1053000
xfoil,r1-sm8,mid,325.000,216.923,0.750,3.000,0.7200,0.450,0.000,45.0,181000,6,10.0,0.600000,0.8461000,0.0122100,-0.1031000
xfoil,r1-sm8,mid,325.000,216.923,0.750,3.000,0.7200,0.450,0.000,45.0,181000,6,10.0,1.100000,0.8959000,0.0126000,-0.1017000
xfoil,r1-sm8,mid,325.000,216.923,0.750,3.000,0.7200,0.450,0.000,45.0,181000,6,10.0,2.100000,0.9933000,0.0136800,-0.0991000
xfoil,r1-sm8,mid,325.000,216.923,0.750,3.000,0.7200,0.450,0.000,45.0,181000,6,10.0,2.600000,1.0405000,0.0145900,-0.0978000
xfoil,r1-sm8,mid,325.000,216.923,0.750,3.000,0.7200,0.450,0.000,45.0,181000,6,10.0,3.100000,1.0867000,0.0155400,-0.0964000
xfoil,r1-sm8,mid,325.000,216.923,0.750,3.000,0.7200,0.450,0.000,45.0,181000,6,10.0,3.600000,1.1314000,0.0165500,-0.0949000
xfoil,r1-sm8,mid,325.000,216.923,0.750,3.000,0.7200,0.450,0.000,45.0,181000,10,-5.0,-1.800000,-0.4642000,0.0129900,0.0491000
xfoil,r1-sm8,mid,325.000,216.923,0.750,3.000,0.7200,0.450,0.000,45.0,181000,10,-5.0,-1.300000,-0.4263000,0.0125300,0.0556000
xfoil,r1-sm8,mid,325.000,216.923,0.750,3.000,0.7200,0.450,0.000,45.0,181000,10,-5.0,-0.800000,-0.3661000,0.0136700,0.0586000
xfoil,r1-sm8,mid,325.000,216.923,0.750,3.000,0.7200,0.450,0.000,45.0,181000,10,-5.0,-0.300000,-0.2582000,0.0150000,0.0512000
xfoil,r1-sm8,mid,325.000,216.923,0.750,3.000,0.7200,0.450,0.000,45.0,181000,10,-5.0,0.200000,-0.1422000,0.0155200,0.0404000
xfoil,r1-sm8,mid,325.000,216.923,0.750,3.000,0.7200,0.450,0.000,45.0,181000,10,-5.0,0.700000,-0.0389000,0.0152400,0.0310000
xfoil,r1-sm8,mid,325.000,216.923,0.750,3.000,0.7200,0.450,0.000,45.0,181000,10,-5.0,1.200000,0.0116000,0.0148800,0.0318000
xfoil,r1-sm8,mid,325.000,216.923,0.750,3.000,0.7200,0.450,0.000,45.0,181000,10,-5.0,1.700000,0.0600000,0.0144400,0.0334000
xfoil,r1-sm8,mid,325.000,216.923,0.750,3.000,0.7200,0.450,0.000,45.0,181000,10,-5.0,2.200000,0.1102000,0.0140200,0.0344000
xfoil,r1-sm8,mid,325.000,216.923,0.750,3.000,0.7200,0.450,0.000,45.0,181000,10,-5.0,2.700000,0.1606000,0.0136600,0.0355000
xfoil,r1-sm8,mid,325.000,216.923,0.750,3.000,0.7200,0.450,0.000,45.0,181000,10,-5.0,3.200000,0.2113000,0.0133400,0.0366000
xfoil,r1-sm8,mid,325.000,216.923,0.750,3.000,0.7200,0.450,0.000,45.0,181000,10,-5.0,3.700000,0.2631000,0.0131200,0.0373000
xfoil,r1-sm8,mid,325.000,216.923,0.750,3.000,0.7200,0.450,0.000,45.0,181000,10,-5.0,4.200000,0.3154000,0.0129700,0.0379000
xfoil,r1-sm8,mid,325.000,216.923,0.750,3.000,0.7200,0.450,0.000,45.0,181000,10,-5.0,4.700000,0.3685000,0.0129400,0.0383000
xfoil,r1-sm8,mid,325.000,216.923,0.750,3.000,0.7200,0.450,0.000,45.0,181000,10,-5.0,5.200000,0.4219000,0.0130000,0.0385000
xfoil,r1-sm8,mid,325.000,216.923,0.750,3.000,0.7200,0.450,0.000,45.0,181000,10,-5.0,5.700000,0.4754000,0.0131600,0.0386000
xfoil,r1-sm8,mid,325.000,216.923,0.750,3.000,0.7200,0.450,0.000,45.0,181000,10,-5.0,6.200000,0.5284000,0.0134100,0.0386000
xfoil,r1-sm8,mid,325.000,216.923,0.750,3.000,0.7200,0.450,0.000,45.0,181000,10,-5.0,6.700000,0.5805000,0.0137600,0.0387000
xfoil,r1-sm8,mid,325.000,216.923,0.750,3.000,0.7200,0.450,0.000,45.0,181000,10,-5.0,7.200000,0.6315000,0.0141900,0.0390000
xfoil,r1-sm8,mid,325.000,216.923,0.750,3.000,0.7200,0.450,0.000,45.0,181000,10,-5.0,7.700000,0.6810000,0.0147400,0.0393000
xfoil,r1-sm8,mid,325.000,216.923,0.750,3.000,0.7200,0.450,0.000,45.0,181000,10,-5.0,8.200000,0.7286000,0.0154000,0.0399000
xfoil,r1-sm8,mid,325.000,216.923,0.750,3.000,0.7200,0.450,0.000,45.0,181000,10,-5.0,8.700000,0.7744000,0.0161900,0.0407000
xfoil,r1-sm8,mid,325.000,216.923,0.750,3.000,0.7200,0.450,0.000,45.0,181000,10,-5.0,9.200000,0.8195000,0.0171300,0.0415000
xfoil,r1-sm8,mid,325.000,216.923,0.750,3.000,0.7200,0.450,0.000,45.0,181000,10,-5.0,9.700000,0.8649000,0.0182300,0.0421000
xfoil,r1-sm8,mid,325.000,216.923,0.750,3.000,0.7200,0.450,0.000,45.0,181000,10,-5.0,10.200000,0.9099000,0.0193800,0.0423000
xfoil,r1-sm8,mid,325.000,216.923,0.750,3.000,0.7200,0.450,0.000,45.0,181000,10,-5.0,10.700000,0.9540000,0.0206500,0.0422000
xfoil,r1-sm8,mid,325.000,216.923,0.750,3.000,0.7200,0.450,0.000,45.0,181000,10,-5.0,11.200000,0.9962000,0.0222300,0.0420000
xfoil,r1-sm8,mid,325.000,216.923,0.750,3.000,0.7200,0.450,0.000,45.0,181000,10,-5.0,11.700000,1.0339000,0.0244200,0.0411000
xfoil,r1-sm8,mid,325.000,216.923,0.750,3.000,0.7200,0.450,0.000,45.0,181000,10,-5.0,12.200000,1.0510000,0.0292300,0.0391000
xfoil,r1-sm8,mid,325.000,216.923,0.750,3.000,0.7200,0.450,0.000,45.0,181000,10,-5.0,12.700000,1.0597000,0.0339200,0.0385000
xfoil,r1-sm8,mid,325.000,216.923,0.750,3.000,0.7200,0.450,0.000,45.0,181000,10,-5.0,13.200000,1.0702000,0.0382000,0.0390000
xfoil,r1-sm8,mid,325.000,216.923,0.750,3.000,0.7200,0.450,0.000,45.0,181000,10,0.0,-5.000000,-0.4149000,0.0153900,-0.0177000
xfoil,r1-sm8,mid,325.000,216.923,0.750,3.000,0.7200,0.450,0.000,45.0,181000,10,0.0,-4.000000,-0.3269000,0.0134500,-0.0132000
xfoil,r1-sm8,mid,325.000,216.923,0.750,3.000,0.7200,0.450,0.000,45.0,181000,10,0.0,-3.500000,-0.2789000,0.0129700,-0.0113000
xfoil,r1-sm8,mid,325.000,216.923,0.750,3.000,0.7200,0.450,0.000,45.0,181000,10,0.0,-3.000000,-0.2314000,0.0124400,-0.0091000
xfoil,r1-sm8,mid,325.000,216.923,0.750,3.000,0.7200,0.450,0.000,45.0,181000,10,0.0,-2.500000,-0.1857000,0.0118200,-0.0062000
xfoil,r1-sm8,mid,325.000,216.923,0.750,3.000,0.7200,0.450,0.000,45.0,181000,10,0.0,-2.000000,-0.1408000,0.0112600,-0.0024000
xfoil,r1-sm8,mid,325.000,216.923,0.750,3.000,0.7200,0.450,0.000,45.0,181000,10,0.0,-1.500000,-0.0848000,0.0111500,0.0001000
xfoil,r1-sm8,mid,325.000,216.923,0.750,3.000,0.7200,0.450,0.000,45.0,181000,10,0.0,-1.000000,0.0099000,0.0113400,-0.0060000
xfoil,r1-sm8,mid,325.000,216.923,0.750,3.000,0.7200,0.450,0.000,45.0,181000,10,0.0,-0.500000,0.0939000,0.0112900,-0.0116000
xfoil,r1-sm8,mid,325.000,216.923,0.750,3.000,0.7200,0.450,0.000,45.0,181000,10,0.0,-0.000000,0.1424000,0.0112100,-0.0104000
xfoil,r1-sm8,mid,325.000,216.923,0.750,3.000,0.7200,0.450,0.000,45.0,181000,10,0.0,0.500000,0.1920000,0.0111900,-0.0092000
xfoil,r1-sm8,mid,325.000,216.923,0.750,3.000,0.7200,0.450,0.000,45.0,181000,10,0.0,1.000000,0.2431000,0.0111800,-0.0081000
xfoil,r1-sm8,mid,325.000,216.923,0.750,3.000,0.7200,0.450,0.000,45.0,181000,10,0.0,1.500000,0.2944000,0.0111500,-0.0069000
xfoil,r1-sm8,mid,325.000,216.923,0.750,3.000,0.7200,0.450,0.000,45.0,181000,10,0.0,2.000000,0.3458000,0.0111300,-0.0055000
xfoil,r1-sm8,mid,325.000,216.923,0.750,3.000,0.7200,0.450,0.000,45.0,181000,10,0.0,2.500000,0.3987000,0.0111700,-0.0046000
xfoil,r1-sm8,mid,325.000,216.923,0.750,3.000,0.7200,0.450,0.000,45.0,181000,10,0.0,3.000000,0.4520000,0.0112800,-0.0038000
xfoil,r1-sm8,mid,325.000,216.923,0.750,3.000,0.7200,0.450,0.000,45.0,181000,10,0.0,3.500000,0.5056000,0.0114700,-0.0031000
xfoil,r1-sm8,mid,325.000,216.923,0.750,3.000,0.7200,0.450,0.000,45.0,181000,10,0.0,4.000000,0.5596000,0.0117700,-0.0025000
xfoil,r1-sm8,mid,325.000,216.923,0.750,3.000,0.7200,0.450,0.000,45.0,181000,10,0.0,4.500000,0.6139000,0.0121800,-0.0022000
xfoil,r1-sm8,mid,325.000,216.923,0.750,3.000,0.7200,0.450,0.000,45.0,181000,10,0.0,5.000000,0.6678000,0.0127000,-0.0019000
xfoil,r1-sm8,mid,325.000,216.923,0.750,3.000,0.7200,0.450,0.000,45.0,181000,10,0.0,5.500000,0.7218000,0.0132900,-0.0018000
xfoil,r1-sm8,mid,325.000,216.923,0.750,3.000,0.7200,0.450,0.000,45.0,181000,10,0.0,6.000000,0.7751000,0.0140000,-0.0016000
xfoil,r1-sm8,mid,325.000,216.923,0.750,3.000,0.7200,0.450,0.000,45.0,181000,10,0.0,6.500000,0.8280000,0.0147700,-0.0015000
xfoil,r1-sm8,mid,325.000,216.923,0.750,3.000,0.7200,0.450,0.000,45.0,181000,10,0.0,7.000000,0.8797000,0.0157000,-0.0014000
xfoil,r1-sm8,mid,325.000,216.923,0.750,3.000,0.7200,0.450,0.000,45.0,181000,10,0.0,7.500000,0.9306000,0.0167000,-0.0012000
xfoil,r1-sm8,mid,325.000,216.923,0.750,3.000,0.7200,0.450,0.000,45.0,181000,10,0.0,8.000000,0.9798000,0.0178800,-0.0009000
xfoil,r1-sm8,mid,325.000,216.923,0.750,3.000,0.7200,0.450,0.000,45.0,181000,10,0.0,8.500000,1.0272000,0.0191600,-0.0006000
xfoil,r1-sm8,mid,325.000,216.923,0.750,3.000,0.7200,0.450,0.000,45.0,181000,10,0.0,9.000000,1.0726000,0.0204300,-0.0002000
xfoil,r1-sm8,mid,325.000,216.923,0.750,3.000,0.7200,0.450,0.000,45.0,181000,10,0.0,9.500000,1.1153000,0.0218600,0.0002000
xfoil,r1-sm8,mid,325.000,216.923,0.750,3.000,0.7200,0.450,0.000,45.0,181000,10,0.0,10.000000,1.1541000,0.0236000,0.0009000
xfoil,r1-sm8,mid,325.000,216.923,0.750,3.000,0.7200,0.450,0.000,45.0,181000,10,5.0,-8.200000,-0.5426000,0.0293100,-0.0506000
xfoil,r1-sm8,mid,325.000,216.923,0.750,3.000,0.7200,0.450,0.000,45.0,181000,10,5.0,-7.700000,-0.4715000,0.0239400,-0.0545000
xfoil,r1-sm8,mid,325.000,216.923,0.750,3.000,0.7200,0.450,0.000,45.0,181000,10,5.0,-7.200000,-0.3986000,0.0203500,-0.0581000
xfoil,r1-sm8,mid,325.000,216.923,0.750,3.000,0.7200,0.450,0.000,45.0,181000,10,5.0,-6.700000,-0.3244000,0.0180200,-0.0620000
xfoil,r1-sm8,mid,325.000,216.923,0.750,3.000,0.7200,0.450,0.000,45.0,181000,10,5.0,-6.200000,-0.2496000,0.0151300,-0.0668000
xfoil,r1-sm8,mid,325.000,216.923,0.750,3.000,0.7200,0.450,0.000,45.0,181000,10,5.0,-5.700000,-0.1692000,0.0144900,-0.0725000
xfoil,r1-sm8,mid,325.000,216.923,0.750,3.000,0.7200,0.450,0.000,45.0,181000,10,5.0,-5.200000,-0.0913000,0.0141600,-0.0769000
xfoil,r1-sm8,mid,325.000,216.923,0.750,3.000,0.7200,0.450,0.000,45.0,181000,10,5.0,-4.700000,-0.0304000,0.0139800,-0.0777000
xfoil,r1-sm8,mid,325.000,216.923,0.750,3.000,0.7200,0.450,0.000,45.0,181000,10,5.0,-4.200000,0.0259000,0.0138800,-0.0770000
xfoil,r1-sm8,mid,325.000,216.923,0.750,3.000,0.7200,0.450,0.000,45.0,181000,10,5.0,-3.700000,0.0767000,0.0138400,-0.0747000
xfoil,r1-sm8,mid,325.000,216.923,0.750,3.000,0.7200,0.450,0.000,45.0,181000,10,5.0,-3.200000,0.1235000,0.0139100,-0.0716000
xfoil,r1-sm8,mid,325.000,216.923,0.750,3.000,0.7200,0.450,0.000,45.0,181000,10,5.0,-2.700000,0.1698000,0.0140000,-0.0683000
xfoil,r1-sm8,mid,325.000,216.923,0.750,3.000,0.7200,0.450,0.000,45.0,181000,10,5.0,-2.200000,0.2162000,0.0137700,-0.0650000
xfoil,r1-sm8,mid,325.000,216.923,0.750,3.000,0.7200,0.450,0.000,45.0,181000,10,5.0,-1.700000,0.2614000,0.0130900,-0.0613000
xfoil,r1-sm8,mid,325.000,216.923,0.750,3.000,0.7200,0.450,0.000,45.0,181000,10,5.0,-1.200000,0.3083000,0.0122700,-0.0575000
xfoil,r1-sm8,mid,325.000,216.923,0.750,3.000,0.7200,0.450,0.000,45.0,181000,10,5.0,-0.700000,0.3823000,0.0117600,-0.0603000
xfoil,r1-sm8,mid,325.000,216.923,0.750,3.000,0.7200,0.450,0.000,45.0,181000,10,5.0,-0.200000,0.4358000,0.0114400,-0.0590000
xfoil,r1-sm8,mid,325.000,216.923,0.750,3.000,0.7200,0.450,0.000,45.0,181000,10,5.0,0.800000,0.5447000,0.0107200,-0.0567000
xfoil,r1-sm8,mid,325.000,216.923,0.750,3.000,0.7200,0.450,0.000,45.0,181000,10,5.0,1.300000,0.5981000,0.0106100,-0.0552000
xfoil,r1-sm8,mid,325.000,216.923,0.750,3.000,0.7200,0.450,0.000,45.0,181000,10,5.0,1.800000,0.6518000,0.0109700,-0.0542000
xfoil,r1-sm8,mid,325.000,216.923,0.750,3.000,0.7200,0.450,0.000,45.0,181000,10,5.0,2.300000,0.7059000,0.0113900,-0.0535000
xfoil,r1-sm8,mid,325.000,216.923,0.750,3.000,0.7200,0.450,0.000,45.0,181000,10,5.0,2.800000,0.7598000,0.0118700,-0.0529000
xfoil,r1-sm8,mid,325.000,216.923,0.750,3.000,0.7200,0.450,0.000,45.0,181000,10,5.0,3.300000,0.8131000,0.0124700,-0.0523000
xfoil,r1-sm8,mid,325.000,216.923,0.750,3.000,0.7200,0.450,0.000,45.0,181000,10,5.0,3.800000,0.8658000,0.0131600,-0.0518000
xfoil,r1-sm8,mid,325.000,216.923,0.750,3.000,0.7200,0.450,0.000,45.0,181000,10,5.0,4.300000,0.9176000,0.0139500,-0.0512000
xfoil,r1-sm8,mid,325.000,216.923,0.750,3.000,0.7200,0.450,0.000,45.0,181000,10,5.0,4.800000,0.9684000,0.0148300,-0.0506000
xfoil,r1-sm8,mid,325.000,216.923,0.750,3.000,0.7200,0.450,0.000,45.0,181000,10,5.0,5.300000,1.0180000,0.0158100,-0.0498000
xfoil,r1-sm8,mid,325.000,216.923,0.750,3.000,0.7200,0.450,0.000,45.0,181000,10,5.0,5.800000,1.0660000,0.0168800,-0.0489000
xfoil,r1-sm8,mid,325.000,216.923,0.750,3.000,0.7200,0.450,0.000,45.0,181000,10,5.0,6.300000,1.1122000,0.0180600,-0.0478000
xfoil,r1-sm8,mid,325.000,216.923,0.750,3.000,0.7200,0.450,0.000,45.0,181000,10,5.0,6.800000,1.1562000,0.0194100,-0.0465000
xfoil,r1-sm8,mid,325.000,216.923,0.750,3.000,0.7200,0.450,0.000,45.0,181000,10,10.0,-8.900000,-0.4381000,0.0293500,-0.0755000
xfoil,r1-sm8,mid,325.000,216.923,0.750,3.000,0.7200,0.450,0.000,45.0,181000,10,10.0,-8.400000,-0.3806000,0.0253000,-0.0768000
xfoil,r1-sm8,mid,325.000,216.923,0.750,3.000,0.7200,0.450,0.000,45.0,181000,10,10.0,-7.900000,-0.3238000,0.0223800,-0.0775000
xfoil,r1-sm8,mid,325.000,216.923,0.750,3.000,0.7200,0.450,0.000,45.0,181000,10,10.0,-7.400000,-0.2675000,0.0206500,-0.0783000
xfoil,r1-sm8,mid,325.000,216.923,0.750,3.000,0.7200,0.450,0.000,45.0,181000,10,10.0,-6.900000,-0.1836000,0.0184800,-0.0848000
xfoil,r1-sm8,mid,325.000,216.923,0.750,3.000,0.7200,0.450,0.000,45.0,181000,10,10.0,-6.400000,-0.0911000,0.0185500,-0.0933000
xfoil,r1-sm8,mid,325.000,216.923,0.750,3.000,0.7200,0.450,0.000,45.0,181000,10,10.0,-5.900000,-0.0058000,0.0189200,-0.0996000
xfoil,r1-sm8,mid,325.000,216.923,0.750,3.000,0.7200,0.450,0.000,45.0,181000,10,10.0,-5.400000,0.0750000,0.0192600,-0.1047000
xfoil,r1-sm8,mid,325.000,216.923,0.750,3.000,0.7200,0.450,0.000,45.0,181000,10,10.0,-4.900000,0.1491000,0.0195800,-0.1082000
xfoil,r1-sm8,mid,325.000,216.923,0.750,3.000,0.7200,0.450,0.000,45.0,181000,10,10.0,-4.400000,0.2265000,0.0199600,-0.1119000
xfoil,r1-sm8,mid,325.000,216.923,0.750,3.000,0.7200,0.450,0.000,45.0,181000,10,10.0,-3.900000,0.2976000,0.0203100,-0.1139000
xfoil,r1-sm8,mid,325.000,216.923,0.750,3.000,0.7200,0.450,0.000,45.0,181000,10,10.0,-3.400000,0.3634000,0.0206700,-0.1147000
xfoil,r1-sm8,mid,325.000,216.923,0.750,3.000,0.7200,0.450,0.000,45.0,181000,10,10.0,-2.900000,0.4410000,0.0208200,-0.1172000
xfoil,r1-sm8,mid,325.000,216.923,0.750,3.000,0.7200,0.450,0.000,45.0,181000,10,10.0,-2.400000,0.5005000,0.0207300,-0.1164000
xfoil,r1-sm8,mid,325.000,216.923,0.750,3.000,0.7200,0.450,0.000,45.0,181000,10,10.0,-1.900000,0.5641000,0.0200500,-0.1160000
xfoil,r1-sm8,mid,325.000,216.923,0.750,3.000,0.7200,0.450,0.000,45.0,181000,10,10.0,-1.400000,0.6209000,0.0189500,-0.1144000
xfoil,r1-sm8,mid,325.000,216.923,0.750,3.000,0.7200,0.450,0.000,45.0,181000,10,10.0,-0.900000,0.6752000,0.0176600,-0.1121000
xfoil,r1-sm8,mid,325.000,216.923,0.750,3.000,0.7200,0.450,0.000,45.0,181000,10,10.0,-0.400000,0.7314000,0.0160600,-0.1095000
xfoil,r1-sm8,mid,325.000,216.923,0.750,3.000,0.7200,0.450,0.000,45.0,181000,10,10.0,0.100000,0.7929000,0.0145600,-0.1086000
xfoil,r1-sm8,mid,325.000,216.923,0.750,3.000,0.7200,0.450,0.000,45.0,181000,10,10.0,0.600000,0.8417000,0.0141200,-0.1075000
xfoil,r1-sm8,mid,325.000,216.923,0.750,3.000,0.7200,0.450,0.000,45.0,181000,10,10.0,1.100000,0.9071000,0.0118000,-0.1053000
xfoil,r1-sm8,mid,325.000,216.923,0.750,3.000,0.7200,0.450,0.000,45.0,181000,10,10.0,1.600000,0.9612000,0.0120100,-0.1033000
xfoil,r1-sm8,mid,325.000,216.923,0.750,3.000,0.7200,0.450,0.000,45.0,181000,10,10.0,2.100000,1.0098000,0.0129600,-0.1018000
xfoil,r1-sm8,mid,325.000,216.923,0.750,3.000,0.7200,0.450,0.000,45.0,181000,10,10.0,2.600000,1.0568000,0.0139800,-0.1002000
xfoil,r1-sm8,mid,325.000,216.923,0.750,3.000,0.7200,0.450,0.000,45.0,181000,10,10.0,3.100000,1.1025000,0.0150400,-0.0986000
xfoil,r1-sm8,mid,325.000,216.923,0.750,3.000,0.7200,0.450,0.000,45.0,181000,10,10.0,3.600000,1.1470000,0.0161600,-0.0968000
xfoil,r1-sm8,mid,325.000,216.923,0.750,3.000,0.7200,0.450,0.000,95.0,382000,6,-5.0,-1.800000,-0.4883000,0.0110900,0.0593000
xfoil,r1-sm8,mid,325.000,216.923,0.750,3.000,0.7200,0.450,0.000,95.0,382000,6,-5.0,-1.300000,-0.4350000,0.0103300,0.0598000
xfoil,r1-sm8,mid,325.000,216.923,0.750,3.000,0.7200,0.450,0.000,95.0,382000,6,-5.0,-0.800000,-0.3816000,0.0096500,0.0604000
xfoil,r1-sm8,mid,325.000,216.923,0.750,3.000,0.7200,0.450,0.000,95.0,382000,6,-5.0,-0.300000,-0.3293000,0.0089000,0.0612000
xfoil,r1-sm8,mid,325.000,216.923,0.750,3.000,0.7200,0.450,0.000,95.0,382000,6,-5.0,0.200000,-0.2855000,0.0077300,0.0642000
xfoil,r1-sm8,mid,325.000,216.923,0.750,3.000,0.7200,0.450,0.000,95.0,382000,6,-5.0,0.700000,-0.2301000,0.0076900,0.0650000
xfoil,r1-sm8,mid,325.000,216.923,0.750,3.000,0.7200,0.450,0.000,95.0,382000,6,-5.0,1.200000,-0.1741000,0.0076800,0.0656000
xfoil,r1-sm8,mid,325.000,216.923,0.750,3.000,0.7200,0.450,0.000,95.0,382000,6,-5.0,2.200000,-0.0607000,0.0077500,0.0662000
xfoil,r1-sm8,mid,325.000,216.923,0.750,3.000,0.7200,0.450,0.000,95.0,382000,6,-5.0,2.700000,-0.0037000,0.0078200,0.0663000
xfoil,r1-sm8,mid,325.000,216.923,0.750,3.000,0.7200,0.450,0.000,95.0,382000,6,-5.0,3.200000,0.0534000,0.0079300,0.0664000
xfoil,r1-sm8,mid,325.000,216.923,0.750,3.000,0.7200,0.450,0.000,95.0,382000,6,-5.0,3.700000,0.1104000,0.0080700,0.0664000
xfoil,r1-sm8,mid,325.000,216.923,0.750,3.000,0.7200,0.450,0.000,95.0,382000,6,-5.0,4.200000,0.1673000,0.0082600,0.0664000
xfoil,r1-sm8,mid,325.000,216.923,0.750,3.000,0.7200,0.450,0.000,95.0,382000,6,-5.0,4.700000,0.2268000,0.0084800,0.0657000
xfoil,r1-sm8,mid,325.000,216.923,0.750,3.000,0.7200,0.450,0.000,95.0,382000,6,-5.0,5.200000,0.2873000,0.0087100,0.0645000
xfoil,r1-sm8,mid,325.000,216.923,0.750,3.000,0.7200,0.450,0.000,95.0,382000,6,-5.0,5.700000,0.3486000,0.0090000,0.0630000
xfoil,r1-sm8,mid,325.000,216.923,0.750,3.000,0.7200,0.450,0.000,95.0,382000,6,-5.0,6.200000,0.4094000,0.0093300,0.0616000
xfoil,r1-sm8,mid,325.000,216.923,0.750,3.000,0.7200,0.450,0.000,95.0,382000,6,-5.0,6.700000,0.4726000,0.0097200,0.0596000
xfoil,r1-sm8,mid,325.000,216.923,0.750,3.000,0.7200,0.450,0.000,95.0,382000,6,-5.0,7.200000,0.5354000,0.0101600,0.0576000
xfoil,r1-sm8,mid,325.000,216.923,0.750,3.000,0.7200,0.450,0.000,95.0,382000,6,-5.0,7.700000,0.5998000,0.0106900,0.0551000
xfoil,r1-sm8,mid,325.000,216.923,0.750,3.000,0.7200,0.450,0.000,95.0,382000,6,-5.0,8.200000,0.6643000,0.0113000,0.0524000
xfoil,r1-sm8,mid,325.000,216.923,0.750,3.000,0.7200,0.450,0.000,95.0,382000,6,-5.0,8.700000,0.7289000,0.0120400,0.0495000
xfoil,r1-sm8,mid,325.000,216.923,0.750,3.000,0.7200,0.450,0.000,95.0,382000,6,-5.0,9.200000,0.7936000,0.0128900,0.0464000
xfoil,r1-sm8,mid,325.000,216.923,0.750,3.000,0.7200,0.450,0.000,95.0,382000,6,-5.0,9.700000,0.8587000,0.0138600,0.0430000
xfoil,r1-sm8,mid,325.000,216.923,0.750,3.000,0.7200,0.450,0.000,95.0,382000,6,-5.0,10.200000,0.9147000,0.0149100,0.0412000
xfoil,r1-sm8,mid,325.000,216.923,0.750,3.000,0.7200,0.450,0.000,95.0,382000,6,-5.0,10.700000,0.9611000,0.0160600,0.0413000
xfoil,r1-sm8,mid,325.000,216.923,0.750,3.000,0.7200,0.450,0.000,95.0,382000,6,-5.0,11.200000,1.0061000,0.0175800,0.0411000
xfoil,r1-sm8,mid,325.000,216.923,0.750,3.000,0.7200,0.450,0.000,95.0,382000,6,-5.0,11.700000,1.0468000,0.0198100,0.0405000
xfoil,r1-sm8,mid,325.000,216.923,0.750,3.000,0.7200,0.450,0.000,95.0,382000,6,-5.0,12.200000,1.0862000,0.0220500,0.0399000
xfoil,r1-sm8,mid,325.000,216.923,0.750,3.000,0.7200,0.450,0.000,95.0,382000,6,-5.0,12.700000,1.1214000,0.0247100,0.0385000
xfoil,r1-sm8,mid,325.000,216.923,0.750,3.000,0.7200,0.450,0.000,95.0,382000,6,-5.0,13.200000,1.1426000,0.0290400,0.0349000
xfoil,r1-sm8,mid,325.000,216.923,0.750,3.000,0.7200,0.450,0.000,95.0,382000,6,0.0,-5.000000,-0.4935000,0.0130600,0.0054000
xfoil,r1-sm8,mid,325.000,216.923,0.750,3.000,0.7200,0.450,0.000,95.0,382000,6,0.0,-4.500000,-0.4391000,0.0120900,0.0058000
xfoil,r1-sm8,mid,325.000,216.923,0.750,3.000,0.7200,0.450,0.000,95.0,382000,6,0.0,-4.000000,-0.3847000,0.0111700,0.0060000
xfoil,r1-sm8,mid,325.000,216.923,0.750,3.000,0.7200,0.450,0.000,95.0,382000,6,0.0,-3.500000,-0.3299000,0.0104100,0.0060000
xfoil,r1-sm8,mid,325.000,216.923,0.750,3.000,0.7200,0.450,0.000,95.0,382000,6,0.0,-3.000000,-0.2742000,0.0098400,0.0061000
xfoil,r1-sm8,mid,325.000,216.923,0.750,3.000,0.7200,0.450,0.000,95.0,382000,6,0.0,-2.500000,-0.2178000,0.0093700,0.0060000
xfoil,r1-sm8,mid,325.000,216.923,0.750,3.000,0.7200,0.450,0.000,95.0,382000,6,0.0,-2.000000,-0.1615000,0.0089600,0.0061000
xfoil,r1-sm8,mid,325.000,216.923,0.750,3.000,0.7200,0.450,0.000,95.0,382000,6,0.0,-1.500000,-0.1050000,0.0085700,0.0061000
xfoil,r1-sm8,mid,325.000,216.923,0.750,3.000,0.7200,0.450,0.000,95.0,382000,6,0.0,-1.000000,-0.0491000,0.0081800,0.0063000
xfoil,r1-sm8,mid,325.000,216.923,0.750,3.000,0.7200,0.450,0.000,95.0,382000,6,0.0,-0.500000,0.0055000,0.0077100,0.0068000
xfoil,r1-sm8,mid,325.000,216.923,0.750,3.000,0.7200,0.450,0.000,95.0,382000,6,0.0,-0.000000,0.0577000,0.0072900,0.0082000
xfoil,r1-sm8,mid,325.000,216.923,0.750,3.000,0.7200,0.450,0.000,95.0,382000,6,0.0,0.500000,0.1138000,0.0071100,0.0090000
xfoil,r1-sm8,mid,325.000,216.923,0.750,3.000,0.7200,0.450,0.000,95.0,382000,6,0.0,1.000000,0.1932000,0.0072100,0.0045000
xfoil,r1-sm8,mid,325.000,216.923,0.750,3.000,0.7200,0.450,0.000,95.0,382000,6,0.0,1.500000,0.2712000,0.0074100,-0.0002000
xfoil,r1-sm8,mid,325.000,216.923,0.750,3.000,0.7200,0.450,0.000,95.0,382000,6,0.0,2.000000,0.3300000,0.0076000,-0.0009000
xfoil,r1-sm8,mid,325.000,216.923,0.750,3.000,0.7200,0.450,0.000,95.0,382000,6,0.0,2.500000,0.3850000,0.0078400,-0.0008000
xfoil,r1-sm8,mid,325.000,216.923,0.750,3.000,0.7200,0.450,0.000,95.0,382000,6,0.0,3.000000,0.4401000,0.0081400,-0.0007000
xfoil,r1-sm8,mid,325.000,216.923,0.750,3.000,0.7200,0.450,0.000,95.0,382000,6,0.0,3.500000,0.4953000,0.0084800,-0.0007000
xfoil,r1-sm8,mid,325.000,216.923,0.750,3.000,0.7200,0.450,0.000,95.0,382000,6,0.0,4.000000,0.5507000,0.0088500,-0.0008000
xfoil,r1-sm8,mid,325.000,216.923,0.750,3.000,0.7200,0.450,0.000,95.0,382000,6,0.0,4.500000,0.6062000,0.0092700,-0.0010000
xfoil,r1-sm8,mid,325.000,216.923,0.750,3.000,0.7200,0.450,0.000,95.0,382000,6,0.0,5.000000,0.6615000,0.0097300,-0.0012000
xfoil,r1-sm8,mid,325.000,216.923,0.750,3.000,0.7200,0.450,0.000,95.0,382000,6,0.0,5.500000,0.7167000,0.0102300,-0.0014000
xfoil,r1-sm8,mid,325.000,216.923,0.750,3.000,0.7200,0.450,0.000,95.0,382000,6,0.0,6.000000,0.7716000,0.0107800,-0.0016000
xfoil,r1-sm8,mid,325.000,216.923,0.750,3.000,0.7200,0.450,0.000,95.0,382000,6,0.0,6.500000,0.8260000,0.0114000,-0.0018000
xfoil,r1-sm8,mid,325.000,216.923,0.750,3.000,0.7200,0.450,0.000,95.0,382000,6,0.0,7.000000,0.8796000,0.0121300,-0.0020000
xfoil,r1-sm8,mid,325.000,216.923,0.750,3.000,0.7200,0.450,0.000,95.0,382000,6,0.0,7.500000,0.9321000,0.0130100,-0.0022000
xfoil,r1-sm8,mid,325.000,216.923,0.750,3.000,0.7200,0.450,0.000,95.0,382000,6,0.0,8.000000,0.9838000,0.0139400,-0.0024000
xfoil,r1-sm8,mid,325.000,216.923,0.750,3.000,0.7200,0.450,0.000,95.0,382000,6,0.0,8.500000,1.0343000,0.0149400,-0.0024000
xfoil,r1-sm8,mid,325.000,216.923,0.750,3.000,0.7200,0.450,0.000,95.0,382000,6,0.0,9.000000,1.0833000,0.0160800,-0.0023000
xfoil,r1-sm8,mid,325.000,216.923,0.750,3.000,0.7200,0.450,0.000,95.0,382000,6,0.0,9.500000,1.1301000,0.0173900,-0.0021000
xfoil,r1-sm8,mid,325.000,216.923,0.750,3.000,0.7200,0.450,0.000,95.0,382000,6,0.0,10.000000,1.1717000,0.0192400,-0.0017000
xfoil,r1-sm8,mid,325.000,216.923,0.750,3.000,0.7200,0.450,0.000,95.0,382000,6,5.0,-8.200000,-0.4877000,0.0161300,-0.0508000
xfoil,r1-sm8,mid,325.000,216.923,0.750,3.000,0.7200,0.450,0.000,95.0,382000,6,5.0,-7.700000,-0.4343000,0.0148800,-0.0507000
xfoil,r1-sm8,mid,325.000,216.923,0.750,3.000,0.7200,0.450,0.000,95.0,382000,6,5.0,-7.200000,-0.3792000,0.0138700,-0.0508000
xfoil,r1-sm8,mid,325.000,216.923,0.750,3.000,0.7200,0.450,0.000,95.0,382000,6,5.0,-6.700000,-0.3241000,0.0129300,-0.0507000
xfoil,r1-sm8,mid,325.000,216.923,0.750,3.000,0.7200,0.450,0.000,95.0,382000,6,5.0,-6.200000,-0.2690000,0.0119900,-0.0506000
xfoil,r1-sm8,mid,325.000,216.923,0.750,3.000,0.7200,0.450,0.000,95.0,382000,6,5.0,-5.700000,-0.2135000,0.0110800,-0.0507000
xfoil,r1-sm8,mid,325.000,216.923,0.750,3.000,0.7200,0.450,0.000,95.0,382000,6,5.0,-5.200000,-0.1580000,0.0103500,-0.0508000
xfoil,r1-sm8,mid,325.000,216.923,0.750,3.000,0.7200,0.450,0.000,95.0,382000,6,5.0,-4.700000,-0.1019000,0.0098000,-0.0508000
xfoil,r1-sm8,mid,325.000,216.923,0.750,3.000,0.7200,0.450,0.000,95.0,382000,6,5.0,-4.200000,-0.0454000,0.0093800,-0.0508000
xfoil,r1-sm8,mid,325.000,216.923,0.750,3.000,0.7200,0.450,0.000,95.0,382000,6,5.0,-3.700000,0.0115000,0.0090100,-0.0508000
xfoil,r1-sm8,mid,325.000,216.923,0.750,3.000,0.7200,0.450,0.000,95.0,382000,6,5.0,-3.200000,0.0686000,0.0086600,-0.0508000
xfoil,r1-sm8,mid,325.000,216.923,0.750,3.000,0.7200,0.450,0.000,95.0,382000,6,5.0,-2.700000,0.1256000,0.0083500,-0.0507000
xfoil,r1-sm8,mid,325.000,216.923,0.750,3.000,0.7200,0.450,0.000,95.0,382000,6,5.0,-2.200000,0.1833000,0.0080700,-0.0508000
xfoil,r1-sm8,mid,325.000,216.923,0.750,3.000,0.7200,0.450,0.000,95.0,382000,6,5.0,-1.700000,0.2402000,0.0078200,-0.0506000
xfoil,r1-sm8,mid,325.000,216.923,0.750,3.000,0.7200,0.450,0.000,95.0,382000,6,5.0,-1.200000,0.2956000,0.0077800,-0.0501000
xfoil,r1-sm8,mid,325.000,216.923,0.750,3.000,0.7200,0.450,0.000,95.0,382000,6,5.0,-0.700000,0.3521000,0.0079500,-0.0499000
xfoil,r1-sm8,mid,325.000,216.923,0.750,3.000,0.7200,0.450,0.000,95.0,382000,6,5.0,-0.200000,0.4092000,0.0081400,-0.0499000
xfoil,r1-sm8,mid,325.000,216.923,0.750,3.000,0.7200,0.450,0.000,95.0,382000,6,5.0,0.300000,0.4663000,0.0083300,-0.0500000
xfoil,r1-sm8,mid,325.000,216.923,0.750,3.000,0.7200,0.450,0.000,95.0,382000,6,5.0,0.800000,0.5225000,0.0084700,-0.0500000
xfoil,r1-sm8,mid,325.000,216.923,0.750,3.000,0.7200,0.450,0.000,95.0,382000,6,5.0,1.300000,0.5767000,0.0085200,-0.0496000
xfoil,r1-sm8,mid,325.000,216.923,0.750,3.000,0.7200,0.450,0.000,95.0,382000,6,5.0,2.300000,0.6970000,0.0090200,-0.0515000
xfoil,r1-sm8,mid,325.000,216.923,0.750,3.000,0.7200,0.450,0.000,95.0,382000,6,5.0,2.800000,0.7524000,0.0095300,-0.0516000
xfoil,r1-sm8,mid,325.000,216.923,0.750,3.000,0.7200,0.450,0.000,95.0,382000,6,5.0,3.300000,0.8074000,0.0100600,-0.0517000
xfoil,r1-sm8,mid,325.000,216.923,0.750,3.000,0.7200,0.450,0.000,95.0,382000,6,5.0,3.800000,0.8618000,0.0106400,-0.0517000
xfoil,r1-sm8,mid,325.000,216.923,0.750,3.000,0.7200,0.450,0.000,95.0,382000,6,5.0,4.300000,0.9155000,0.0112500,-0.0516000
xfoil,r1-sm8,mid,325.000,216.923,0.750,3.000,0.7200,0.450,0.000,95.0,382000,6,5.0,4.800000,0.9684000,0.0119200,-0.0514000
xfoil,r1-sm8,mid,325.000,216.923,0.750,3.000,0.7200,0.450,0.000,95.0,382000,6,5.0,5.300000,1.0202000,0.0126800,-0.0511000
xfoil,r1-sm8,mid,325.000,216.923,0.750,3.000,0.7200,0.450,0.000,95.0,382000,6,5.0,5.800000,1.0704000,0.0135700,-0.0507000
xfoil,r1-sm8,mid,325.000,216.923,0.750,3.000,0.7200,0.450,0.000,95.0,382000,6,5.0,6.300000,1.1192000,0.0145600,-0.0501000
xfoil,r1-sm8,mid,325.000,216.923,0.750,3.000,0.7200,0.450,0.000,95.0,382000,6,5.0,6.800000,1.1668000,0.0155900,-0.0493000
xfoil,r1-sm8,mid,325.000,216.923,0.750,3.000,0.7200,0.450,0.000,95.0,382000,10,-5.0,-1.800000,-0.4890000,0.0111600,0.0580000
xfoil,r1-sm8,mid,325.000,216.923,0.750,3.000,0.7200,0.450,0.000,95.0,382000,10,-5.0,-1.300000,-0.4386000,0.0102300,0.0591000
xfoil,r1-sm8,mid,325.000,216.923,0.750,3.000,0.7200,0.450,0.000,95.0,382000,10,-5.0,-0.800000,-0.3993000,0.0085700,0.0630000
xfoil,r1-sm8,mid,325.000,216.923,0.750,3.000,0.7200,0.450,0.000,95.0,382000,10,-5.0,-0.300000,-0.3485000,0.0084900,0.0655000
xfoil,r1-sm8,mid,325.000,216.923,0.750,3.000,0.7200,0.450,0.000,95.0,382000,10,-5.0,0.200000,-0.2970000,0.0084400,0.0678000
xfoil,r1-sm8,mid,325.000,216.923,0.750,3.000,0.7200,0.450,0.000,95.0,382000,10,-5.0,0.700000,-0.2455000,0.0084000,0.0700000
xfoil,r1-sm8,mid,325.000,216.923,0.750,3.000,0.7200,0.450,0.000,95.0,382000,10,-5.0,1.200000,-0.1915000,0.0084100,0.0716000
xfoil,r1-sm8,mid,325.000,216.923,0.750,3.000,0.7200,0.450,0.000,95.0,382000,10,-5.0,1.700000,-0.1339000,0.0084600,0.0722000
xfoil,r1-sm8,mid,325.000,216.923,0.750,3.000,0.7200,0.450,0.000,95.0,382000,10,-5.0,2.200000,-0.0704000,0.0085600,0.0713000
xfoil,r1-sm8,mid,325.000,216.923,0.750,3.000,0.7200,0.450,0.000,95.0,382000,10,-5.0,2.700000,-0.0031000,0.0086900,0.0695000
xfoil,r1-sm8,mid,325.000,216.923,0.750,3.000,0.7200,0.450,0.000,95.0,382000,10,-5.0,3.200000,0.0762000,0.0089200,0.0650000
xfoil,r1-sm8,mid,325.000,216.923,0.750,3.000,0.7200,0.450,0.000,95.0,382000,10,-5.0,3.700000,0.1538000,0.0091500,0.0607000
xfoil,r1-sm8,mid,325.000,216.923,0.750,3.000,0.7200,0.450,0.000,95.0,382000,10,-5.0,4.200000,0.2337000,0.0094100,0.0558000
xfoil,r1-sm8,mid,325.000,216.923,0.750,3.000,0.7200,0.450,0.000,95.0,382000,10,-5.0,4.700000,0.3026000,0.0095600,0.0528000
xfoil,r1-sm8,mid,325.000,216.923,0.750,3.000,0.7200,0.450,0.000,95.0,382000,10,-5.0,5.200000,0.3621000,0.0096600,0.0516000
xfoil,r1-sm8,mid,325.000,216.923,0.750,3.000,0.7200,0.450,0.000,95.0,382000,10,-5.0,5.700000,0.4219000,0.0098200,0.0503000
xfoil,r1-sm8,mid,325.000,216.923,0.750,3.000,0.7200,0.450,0.000,95.0,382000,10,-5.0,6.200000,0.4814000,0.0100500,0.0489000
xfoil,r1-sm8,mid,325.000,216.923,0.750,3.000,0.7200,0.450,0.000,95.0,382000,10,-5.0,6.700000,0.5438000,0.0103300,0.0469000
xfoil,r1-sm8,mid,325.000,216.923,0.750,3.000,0.7200,0.450,0.000,95.0,382000,10,-5.0,7.200000,0.6065000,0.0106900,0.0447000
xfoil,r1-sm8,mid,325.000,216.923,0.750,3.000,0.7200,0.450,0.000,95.0,382000,10,-5.0,7.700000,0.6696000,0.0111400,0.0423000
xfoil,r1-sm8,mid,325.000,216.923,0.750,3.000,0.7200,0.450,0.000,95.0,382000,10,-5.0,8.200000,0.7340000,0.0117000,0.0395000
xfoil,r1-sm8,mid,325.000,216.923,0.750,3.000,0.7200,0.450,0.000,95.0,382000,10,-5.0,8.700000,0.7870000,0.0123000,0.0388000
xfoil,r1-sm8,mid,325.000,216.923,0.750,3.000,0.7200,0.450,0.000,95.0,382000,10,-5.0,9.700000,0.8716000,0.0136500,0.0411000
xfoil,r1-sm8,mid,325.000,216.923,0.750,3.000,0.7200,0.450,0.000,95.0,382000,10,-5.0,10.200000,0.9162000,0.0145800,0.0417000
xfoil,r1-sm8,mid,325.000,216.923,0.750,3.000,0.7200,0.450,0.000,95.0,382000,10,-5.0,10.700000,0.9636000,0.0155700,0.0418000
xfoil,r1-sm8,mid,325.000,216.923,0.750,3.000,0.7200,0.450,0.000,95.0,382000,10,-5.0,11.200000,1.0104000,0.0167900,0.0417000
xfoil,r1-sm8,mid,325.000,216.923,0.750,3.000,0.7200,0.450,0.000,95.0,382000,10,-5.0,11.700000,1.0483000,0.0197700,0.0408000
xfoil,r1-sm8,mid,325.000,216.923,0.750,3.000,0.7200,0.450,0.000,95.0,382000,10,-5.0,12.200000,1.0822000,0.0229300,0.0398000
xfoil,r1-sm8,mid,325.000,216.923,0.750,3.000,0.7200,0.450,0.000,95.0,382000,10,-5.0,12.700000,1.1119000,0.0267100,0.0366000
xfoil,r1-sm8,mid,325.000,216.923,0.750,3.000,0.7200,0.450,0.000,95.0,382000,10,-5.0,13.200000,1.1210000,0.0314100,0.0348000
xfoil,r1-sm8,mid,325.000,216.923,0.750,3.000,0.7200,0.450,0.000,95.0,382000,10,0.0,-5.000000,-0.4850000,0.0136800,0.0024000
xfoil,r1-sm8,mid,325.000,216.923,0.750,3.000,0.7200,0.450,0.000,95.0,382000,10,0.0,-4.500000,-0.4345000,0.0117800,0.0034000
xfoil,r1-sm8,mid,325.000,216.923,0.750,3.000,0.7200,0.450,0.000,95.0,382000,10,0.0,-4.000000,-0.3814000,0.0107600,0.0038000
xfoil,r1-sm8,mid,325.000,216.923,0.750,3.000,0.7200,0.450,0.000,95.0,382000,10,0.0,-3.500000,-0.3266000,0.0101400,0.0040000
xfoil,r1-sm8,mid,325.000,216.923,0.750,3.000,0.7200,0.450,0.000,95.0,382000,10,0.0,-3.000000,-0.2720000,0.0096000,0.0043000
xfoil,r1-sm8,mid,325.000,216.923,0.750,3.000,0.7200,0.450,0.000,95.0,382000,10,0.0,-2.500000,-0.2173000,0.0091000,0.0048000
xfoil,r1-sm8,mid,325.000,216.923,0.750,3.000,0.7200,0.450,0.000,95.0,382000,10,0.0,-2.000000,-0.1628000,0.0085800,0.0053000
xfoil,r1-sm8,mid,325.000,216.923,0.750,3.000,0.7200,0.450,0.000,95.0,382000,10,0.0,-1.500000,-0.1104000,0.0079800,0.0064000
xfoil,r1-sm8,mid,325.000,216.923,0.750,3.000,0.7200,0.450,0.000,95.0,382000,10,0.0,-1.000000,-0.0604000,0.0074600,0.0087000
xfoil,r1-sm8,mid,325.000,216.923,0.750,3.000,0.7200,0.450,0.000,95.0,382000,10,0.0,-0.500000,0.0017000,0.0073000,0.0087000
xfoil,r1-sm8,mid,325.000,216.923,0.750,3.000,0.7200,0.450,0.000,95.0,382000,10,0.0,-0.000000,0.0886000,0.0073700,0.0028000
xfoil,r1-sm8,mid,325.000,216.923,0.750,3.000,0.7200,0.450,0.000,95.0,382000,10,0.0,0.500000,0.1678000,0.0073900,-0.0020000
xfoil,r1-sm8,mid,325.000,216.923,0.750,3.000,0.7200,0.450,0.000,95.0,382000,10,0.0,1.000000,0.2217000,0.0073600,-0.0016000
xfoil,r1-sm8,mid,325.000,216.923,0.750,3.000,0.7200,0.450,0.000,95.0,382000,10,0.0,1.500000,0.2761000,0.0074000,-0.0013000
xfoil,r1-sm8,mid,325.000,216.923,0.750,3.000,0.7200,0.450,0.000,95.0,382000,10,0.0,2.000000,0.3307000,0.0075000,-0.0010000
xfoil,r1-sm8,mid,325.000,216.923,0.750,3.000,0.7200,0.450,0.000,95.0,382000,10,0.0,2.500000,0.3856000,0.0076700,-0.0007000
xfoil,r1-sm8,mid,325.000,216.923,0.750,3.000,0.7200,0.450,0.000,95.0,382000,10,0.0,3.000000,0.4407000,0.0078900,-0.0006000
xfoil,r1-sm8,mid,325.000,216.923,0.750,3.000,0.7200,0.450,0.000,95.0,382000,10,0.0,3.500000,0.4961000,0.0081900,-0.0005000
xfoil,r1-sm8,mid,325.000,216.923,0.750,3.000,0.7200,0.450,0.000,95.0,382000,10,0.0,4.000000,0.5516000,0.0085500,-0.0006000
xfoil,r1-sm8,mid,325.000,216.923,0.750,3.000,0.7200,0.450,0.000,95.0,382000,10,0.0,4.500000,0.6072000,0.0089600,-0.0007000
xfoil,r1-sm8,mid,325.000,216.923,0.750,3.000,0.7200,0.450,0.000,95.0,382000,10,0.0,5.000000,0.6627000,0.0094100,-0.0009000
xfoil,r1-sm8,mid,325.000,216.923,0.750,3.000,0.7200,0.450,0.000,95.0,382000,10,0.0,5.500000,0.7180000,0.0099200,-0.0011000
xfoil,r1-sm8,mid,325.000,216.923,0.750,3.000,0.7200,0.450,0.000,95.0,382000,10,0.0,6.000000,0.7729000,0.0104900,-0.0013000
xfoil,r1-sm8,mid,325.000,216.923,0.750,3.000,0.7200,0.450,0.000,95.0,382000,10,0.0,6.500000,0.8275000,0.0111100,-0.0015000
xfoil,r1-sm8,mid,325.000,216.923,0.750,3.000,0.7200,0.450,0.000,95.0,382000,10,0.0,7.000000,0.8814000,0.0118200,-0.0017000
xfoil,r1-sm8,mid,325.000,216.923,0.750,3.000,0.7200,0.450,0.000,95.0,382000,10,0.0,7.500000,0.9343000,0.0126400,-0.0019000
xfoil,r1-sm8,mid,325.000,216.923,0.750,3.000,0.7200,0.450,0.000,95.0,382000,10,0.0,8.000000,0.9863000,0.0135400,-0.0021000
xfoil,r1-sm8,mid,325.000,216.923,0.750,3.000,0.7200,0.450,0.000,95.0,382000,10,0.0,8.500000,1.0372000,0.0145300,-0.0021000
xfoil,r1-sm8,mid,325.000,216.923,0.750,3.000,0.7200,0.450,0.000,95.0,382000,10,0.0,9.000000,1.0867000,0.0156100,-0.0021000
xfoil,r1-sm8,mid,325.000,216.923,0.750,3.000,0.7200,0.450,0.000,95.0,382000,10,0.0,9.500000,1.1345000,0.0168000,-0.0020000
xfoil,r1-sm8,mid,325.000,216.923,0.750,3.000,0.7200,0.450,0.000,95.0,382000,10,0.0,10.000000,1.1791000,0.0183200,-0.0016000
xfoil,r1-sm8,mid,325.000,216.923,0.750,3.000,0.7200,0.450,0.000,95.0,382000,10,5.0,-7.700000,-0.3874000,0.0163500,-0.0639000
xfoil,r1-sm8,mid,325.000,216.923,0.750,3.000,0.7200,0.450,0.000,95.0,382000,10,5.0,-7.200000,-0.3378000,0.0150200,-0.0628000
xfoil,r1-sm8,mid,325.000,216.923,0.750,3.000,0.7200,0.450,0.000,95.0,382000,10,5.0,-6.700000,-0.2868000,0.0136000,-0.0620000
xfoil,r1-sm8,mid,325.000,216.923,0.750,3.000,0.7200,0.450,0.000,95.0,382000,10,5.0,-6.200000,-0.2368000,0.0119300,-0.0610000
xfoil,r1-sm8,mid,325.000,216.923,0.750,3.000,0.7200,0.450,0.000,95.0,382000,10,5.0,-5.700000,-0.1859000,0.0111500,-0.0601000
xfoil,r1-sm8,mid,325.000,216.923,0.750,3.000,0.7200,0.450,0.000,95.0,382000,10,5.0,-5.200000,-0.1340000,0.0106700,-0.0591000
xfoil,r1-sm8,mid,325.000,216.923,0.750,3.000,0.7200,0.450,0.000,95.0,382000,10,5.0,-4.700000,-0.0816000,0.0102600,-0.0580000
xfoil,r1-sm8,mid,325.000,216.923,0.750,3.000,0.7200,0.450,0.000,95.0,382000,10,5.0,-4.200000,-0.0290000,0.0098800,-0.0569000
xfoil,r1-sm8,mid,325.000,216.923,0.750,3.000,0.7200,0.450,0.000,95.0,382000,10,5.0,-3.700000,0.0239000,0.0095000,-0.0556000
xfoil,r1-sm8,mid,325.000,216.923,0.750,3.000,0.7200,0.450,0.000,95.0,382000,10,5.0,-3.200000,0.0776000,0.0091600,-0.0546000
xfoil,r1-sm8,mid,325.000,216.923,0.750,3.000,0.7200,0.450,0.000,95.0,382000,10,5.0,-2.700000,0.1321000,0.0088400,-0.0537000
xfoil,r1-sm8,mid,325.000,216.923,0.750,3.000,0.7200,0.450,0.000,95.0,382000,10,5.0,-2.200000,0.1863000,0.0085900,-0.0526000
xfoil,r1-sm8,mid,325.000,216.923,0.750,3.000,0.7200,0.450,0.000,95.0,382000,10,5.0,-1.700000,0.2420000,0.0084200,-0.0519000
xfoil,r1-sm8,mid,325.000,216.923,0.750,3.000,0.7200,0.450,0.000,95.0,382000,10,5.0,-1.200000,0.2981000,0.0082300,-0.0513000
xfoil,r1-sm8,mid,325.000,216.923,0.750,3.000,0.7200,0.450,0.000,95.0,382000,10,5.0,-0.700000,0.3542000,0.0078500,-0.0508000
xfoil,r1-sm8,mid,325.000,216.923,0.750,3.000,0.7200,0.450,0.000,95.0,382000,10,5.0,-0.200000,0.4085000,0.0073600,-0.0498000
xfoil,r1-sm8,mid,325.000,216.923,0.750,3.000,0.7200,0.450,0.000,95.0,382000,10,5.0,0.300000,0.4731000,0.0070000,-0.0509000
xfoil,r1-sm8,mid,325.000,216.923,0.750,3.000,0.7200,0.450,0.000,95.0,382000,10,5.0,0.800000,0.5303000,0.0073500,-0.0511000
xfoil,r1-sm8,mid,325.000,216.923,0.750,3.000,0.7200,0.450,0.000,95.0,382000,10,5.0,1.300000,0.5877000,0.0076500,-0.0514000
xfoil,r1-sm8,mid,325.000,216.923,0.750,3.000,0.7200,0.450,0.000,95.0,382000,10,5.0,1.800000,0.6444000,0.0080200,-0.0515000
xfoil,r1-sm8,mid,325.000,216.923,0.750,3.000,0.7200,0.450,0.000,95.0,382000,10,5.0,2.300000,0.7006000,0.0084700,-0.0517000
xfoil,r1-sm8,mid,325.000,216.923,0.750,3.000,0.7200,0.450,0.000,95.0,382000,10,5.0,2.800000,0.7562000,0.0089800,-0.0518000
xfoil,r1-sm8,mid,325.000,216.923,0.750,3.000,0.7200,0.450,0.000,95.0,382000,10,5.0,3.300000,0.8112000,0.0095400,-0.0518000
xfoil,r1-sm8,mid,325.000,216.923,0.750,3.000,0.7200,0.450,0.000,95.0,382000,10,5.0,3.800000,0.8656000,0.0101300,-0.0518000
xfoil,r1-sm8,mid,325.000,216.923,0.750,3.000,0.7200,0.450,0.000,95.0,382000,10,5.0,4.300000,0.9193000,0.0107700,-0.0517000
xfoil,r1-sm8,mid,325.000,216.923,0.750,3.000,0.7200,0.450,0.000,95.0,382000,10,5.0,4.800000,0.9722000,0.0114600,-0.0515000
xfoil,r1-sm8,mid,325.000,216.923,0.750,3.000,0.7200,0.450,0.000,95.0,382000,10,5.0,5.300000,1.0241000,0.0122300,-0.0512000
xfoil,r1-sm8,mid,325.000,216.923,0.750,3.000,0.7200,0.450,0.000,95.0,382000,10,5.0,5.800000,1.0745000,0.0130900,-0.0507000
xfoil,r1-sm8,mid,325.000,216.923,0.750,3.000,0.7200,0.450,0.000,95.0,382000,10,5.0,6.300000,1.1236000,0.0140500,-0.0502000
xfoil,r1-sm8,mid,325.000,216.923,0.750,3.000,0.7200,0.450,0.000,95.0,382000,10,5.0,6.800000,1.1714000,0.0150800,-0.0494000
xfoil,r1-sm8,mid,325.000,216.923,0.750,3.000,0.7200,0.450,0.000,105.0,422000,6,-5.0,-1.800000,-0.4899000,0.0108400,0.0598000
xfoil,r1-sm8,mid,325.000,216.923,0.750,3.000,0.7200,0.450,0.000,105.0,422000,6,-5.0,-1.300000,-0.4366000,0.0100900,0.0603000
xfoil,r1-sm8,mid,325.000,216.923,0.750,3.000,0.7200,0.450,0.000,105.0,422000,6,-5.0,-0.800000,-0.3828000,0.0094400,0.0609000
xfoil,r1-sm8,mid,325.000,216.923,0.750,3.000,0.7200,0.450,0.000,105.0,422000,6,-5.0,-0.300000,-0.3296000,0.0087600,0.0614000
xfoil,r1-sm8,mid,325.000,216.923,0.750,3.000,0.7200,0.450,0.000,105.0,422000,6,-5.0,0.200000,-0.2833000,0.0074900,0.0635000
xfoil,r1-sm8,mid,325.000,216.923,0.750,3.000,0.7200,0.450,0.000,105.0,422000,6,-5.0,0.700000,-0.2302000,0.0073900,0.0649000
xfoil,r1-sm8,mid,325.000,216.923,0.750,3.000,0.7200,0.450,0.000,105.0,422000,6,-5.0,1.200000,-0.1740000,0.0073800,0.0654000
xfoil,r1-sm8,mid,325.000,216.923,0.750,3.000,0.7200,0.450,0.000,105.0,422000,6,-5.0,1.700000,-0.1171000,0.0074100,0.0657000
xfoil,r1-sm8,mid,325.000,216.923,0.750,3.000,0.7200,0.450,0.000,105.0,422000,6,-5.0,2.200000,-0.0600000,0.0074600,0.0658000
xfoil,r1-sm8,mid,325.000,216.923,0.750,3.000,0.7200,0.450,0.000,105.0,422000,6,-5.0,2.700000,-0.0027000,0.0075400,0.0658000
xfoil,r1-sm8,mid,325.000,216.923,0.750,3.000,0.7200,0.450,0.000,105.0,422000,6,-5.0,3.200000,0.0546000,0.0076500,0.0658000
xfoil,r1-sm8,mid,325.000,216.923,0.750,3.000,0.7200,0.450,0.000,105.0,422000,6,-5.0,3.700000,0.1118000,0.0077900,0.0658000
xfoil,r1-sm8,mid,325.000,216.923,0.750,3.000,0.7200,0.450,0.000,105.0,422000,6,-5.0,4.200000,0.1684000,0.0079700,0.0658000
xfoil,r1-sm8,mid,325.000,216.923,0.750,3.000,0.7200,0.450,0.000,105.0,422000,6,-5.0,4.700000,0.2262000,0.0081700,0.0655000
xfoil,r1-sm8,mid,325.000,216.923,0.750,3.000,0.7200,0.450,0.000,105.0,422000,6,-5.0,5.200000,0.2862000,0.0084100,0.0644000
xfoil,r1-sm8,mid,325.000,216.923,0.750,3.000,0.7200,0.450,0.000,105.0,422000,6,-5.0,5.700000,0.3462000,0.0086900,0.0633000
xfoil,r1-sm8,mid,325.000,216.923,0.750,3.000,0.7200,0.450,0.000,105.0,422000,6,-5.0,6.200000,0.4064000,0.0090100,0.0620000
xfoil,r1-sm8,mid,325.000,216.923,0.750,3.000,0.7200,0.450,0.000,105.0,422000,6,-5.0,6.700000,0.4677000,0.0093900,0.0605000
xfoil,r1-sm8,mid,325.000,216.923,0.750,3.000,0.7200,0.450,0.000,105.0,422000,6,-5.0,7.200000,0.5300000,0.0098200,0.0586000
xfoil,r1-sm8,mid,325.000,216.923,0.750,3.000,0.7200,0.450,0.000,105.0,422000,6,-5.0,7.700000,0.5929000,0.0103200,0.0565000
xfoil,r1-sm8,mid,325.000,216.923,0.750,3.000,0.7200,0.450,0.000,105.0,422000,6,-5.0,8.200000,0.6575000,0.0109100,0.0538000
xfoil,r1-sm8,mid,325.000,216.923,0.750,3.000,0.7200,0.450,0.000,105.0,422000,6,-5.0,8.700000,0.7221000,0.0116600,0.0509000
xfoil,r1-sm8,mid,325.000,216.923,0.750,3.000,0.7200,0.450,0.000,105.0,422000,6,-5.0,9.200000,0.7864000,0.0125100,0.0479000
xfoil,r1-sm8,mid,325.000,216.923,0.750,3.000,0.7200,0.450,0.000,105.0,422000,6,-5.0,9.700000,0.8514000,0.0134300,0.0446000
xfoil,r1-sm8,mid,325.000,216.923,0.750,3.000,0.7200,0.450,0.000,105.0,422000,6,-5.0,10.200000,0.9151000,0.0145200,0.0413000
xfoil,r1-sm8,mid,325.000,216.923,0.750,3.000,0.7200,0.450,0.000,105.0,422000,6,-5.0,10.700000,0.9616000,0.0156400,0.0414000
xfoil,r1-sm8,mid,325.000,216.923,0.750,3.000,0.7200,0.450,0.000,105.0,422000,6,-5.0,11.200000,1.0065000,0.0172200,0.0412000
xfoil,r1-sm8,mid,325.000,216.923,0.750,3.000,0.7200,0.450,0.000,105.0,422000,6,-5.0,11.700000,1.0480000,0.0193600,0.0407000
xfoil,r1-sm8,mid,325.000,216.923,0.750,3.000,0.7200,0.450,0.000,105.0,422000,6,-5.0,12.200000,1.0884000,0.0214600,0.0400000
xfoil,r1-sm8,mid,325.000,216.923,0.750,3.000,0.7200,0.450,0.000,105.0,422000,6,-5.0,12.700000,1.1243000,0.0240500,0.0388000
xfoil,r1-sm8,mid,325.000,216.923,0.750,3.000,0.7200,0.450,0.000,105.0,422000,6,-5.0,13.200000,1.1533000,0.0277800,0.0351000
xfoil,r1-sm8,mid,325.000,216.923,0.750,3.000,0.7200,0.450,0.000,105.0,422000,6,0.0,-5.000000,-0.4958000,0.0127600,0.0061000
xfoil,r1-sm8,mid,325.000,216.923,0.750,3.000,0.7200,0.450,0.000,105.0,422000,6,0.0,-4.500000,-0.4411000,0.0118400,0.0063000
xfoil,r1-sm8,mid,325.000,216.923,0.750,3.000,0.7200,0.450,0.000,105.0,422000,6,0.0,-4.000000,-0.3864000,0.0109500,0.0065000
xfoil,r1-sm8,mid,325.000,216.923,0.750,3.000,0.7200,0.450,0.000,105.0,422000,6,0.0,-3.500000,-0.3312000,0.0102000,0.0065000
xfoil,r1-sm8,mid,325.000,216.923,0.750,3.000,0.7200,0.450,0.000,105.0,422000,6,0.0,-2.500000,-0.2191000,0.0091400,0.0065000
xfoil,r1-sm8,mid,325.000,216.923,0.750,3.000,0.7200,0.450,0.000,105.0,422000,6,0.0,-2.000000,-0.1624000,0.0087300,0.0064000
xfoil,r1-sm8,mid,325.000,216.923,0.750,3.000,0.7200,0.450,0.000,105.0,422000,6,0.0,-1.500000,-0.1059000,0.0083600,0.0064000
xfoil,r1-sm8,mid,325.000,216.923,0.750,3.000,0.7200,0.450,0.000,105.0,422000,6,0.0,-1.000000,-0.0495000,0.0079900,0.0065000
xfoil,r1-sm8,mid,325.000,216.923,0.750,3.000,0.7200,0.450,0.000,105.0,422000,6,0.0,-0.500000,0.0059000,0.0075800,0.0068000
xfoil,r1-sm8,mid,325.000,216.923,0.750,3.000,0.7200,0.450,0.000,105.0,422000,6,0.0,-0.000000,0.0587000,0.0071200,0.0079000
xfoil,r1-sm8,mid,325.000,216.923,0.750,3.000,0.7200,0.450,0.000,105.0,422000,6,0.0,0.500000,0.1123000,0.0069000,0.0091000
xfoil,r1-sm8,mid,325.000,216.923,0.750,3.000,0.7200,0.450,0.000,105.0,422000,6,0.0,1.000000,0.1845000,0.0069400,0.0063000
xfoil,r1-sm8,mid,325.000,216.923,0.750,3.000,0.7200,0.450,0.000,105.0,422000,6,0.0,1.500000,0.2633000,0.0071400,0.0015000
xfoil,r1-sm8,mid,325.000,216.923,0.750,3.000,0.7200,0.450,0.000,105.0,422000,6,0.0,2.000000,0.3291000,0.0073600,-0.0007000
xfoil,r1-sm8,mid,325.000,216.923,0.750,3.000,0.7200,0.450,0.000,105.0,422000,6,0.0,2.500000,0.3842000,0.0076000,-0.0006000
xfoil,r1-sm8,mid,325.000,216.923,0.750,3.000,0.7200,0.450,0.000,105.0,422000,6,0.0,3.000000,0.4393000,0.0079000,-0.0006000
xfoil,r1-sm8,mid,325.000,216.923,0.750,3.000,0.7200,0.450,0.000,105.0,422000,6,0.0,3.500000,0.4947000,0.0082300,-0.0006000
xfoil,r1-sm8,mid,325.000,216.923,0.750,3.000,0.7200,0.450,0.000,105.0,422000,6,0.0,4.000000,0.5501000,0.0086000,-0.0007000
xfoil,r1-sm8,mid,325.000,216.923,0.750,3.000,0.7200,0.450,0.000,105.0,422000,6,0.0,4.500000,0.6056000,0.0090000,-0.0009000
xfoil,r1-sm8,mid,325.000,216.923,0.750,3.000,0.7200,0.450,0.000,105.0,422000,6,0.0,5.000000,0.6611000,0.0094500,-0.0011000
xfoil,r1-sm8,mid,325.000,216.923,0.750,3.000,0.7200,0.450,0.000,105.0,422000,6,0.0,5.500000,0.7164000,0.0099400,-0.0013000
xfoil,r1-sm8,mid,325.000,216.923,0.750,3.000,0.7200,0.450,0.000,105.0,422000,6,0.0,6.000000,0.7714000,0.0104800,-0.0015000
xfoil,r1-sm8,mid,325.000,216.923,0.750,3.000,0.7200,0.450,0.000,105.0,422000,6,0.0,6.500000,0.8259000,0.0111000,-0.0018000
xfoil,r1-sm8,mid,325.000,216.923,0.750,3.000,0.7200,0.450,0.000,105.0,422000,6,0.0,7.000000,0.8796000,0.0118300,-0.0020000
xfoil,r1-sm8,mid,325.000,216.923,0.750,3.000,0.7200,0.450,0.000,105.0,422000,6,0.0,7.500000,0.9324000,0.0126800,-0.0022000
xfoil,r1-sm8,mid,325.000,216.923,0.750,3.000,0.7200,0.450,0.000,105.0,422000,6,0.0,8.000000,0.9844000,0.0135700,-0.0024000
xfoil,r1-sm8,mid,325.000,216.923,0.750,3.000,0.7200,0.450,0.000,105.0,422000,6,0.0,8.500000,1.0352000,0.0145600,-0.0024000
xfoil,r1-sm8,mid,325.000,216.923,0.750,3.000,0.7200,0.450,0.000,105.0,422000,6,0.0,9.000000,1.0844000,0.0156800,-0.0024000
xfoil,r1-sm8,mid,325.000,216.923,0.750,3.000,0.7200,0.450,0.000,105.0,422000,6,0.0,9.500000,1.1313000,0.0170100,-0.0022000
xfoil,r1-sm8,mid,325.000,216.923,0.750,3.000,0.7200,0.450,0.000,105.0,422000,6,0.0,10.000000,1.1730000,0.0188900,-0.0018000
xfoil,r1-sm8,mid,325.000,216.923,0.750,3.000,0.7200,0.450,0.000,105.0,422000,6,5.0,-8.200000,-0.4926000,0.0155700,-0.0496000
xfoil,r1-sm8,mid,325.000,216.923,0.750,3.000,0.7200,0.450,0.000,105.0,422000,6,5.0,-7.700000,-0.4384000,0.0144200,-0.0496000
xfoil,r1-sm8,mid,325.000,216.923,0.750,3.000,0.7200,0.450,0.000,105.0,422000,6,5.0,-7.200000,-0.3835000,0.0134400,-0.0497000
xfoil,r1-sm8,mid,325.000,216.923,0.750,3.000,0.7200,0.450,0.000,105.0,422000,6,5.0,-6.700000,-0.3278000,0.0125700,-0.0496000
xfoil,r1-sm8,mid,325.000,216.923,0.750,3.000,0.7200,0.450,0.000,105.0,422000,6,5.0,-6.200000,-0.2719000,0.0116800,-0.0497000
xfoil,r1-sm8,mid,325.000,216.923,0.750,3.000,0.7200,0.450,0.000,105.0,422000,6,5.0,-5.700000,-0.2169000,0.0108000,-0.0496000
xfoil,r1-sm8,mid,325.000,216.923,0.750,3.000,0.7200,0.450,0.000,105.0,422000,6,5.0,-5.200000,-0.1610000,0.0100700,-0.0498000
xfoil,r1-sm8,mid,325.000,216.923,0.750,3.000,0.7200,0.450,0.000,105.0,422000,6,5.0,-4.700000,-0.1044000,0.0094900,-0.0500000
xfoil,r1-sm8,mid,325.000,216.923,0.750,3.000,0.7200,0.450,0.000,105.0,422000,6,5.0,-4.200000,-0.0475000,0.0090700,-0.0500000
xfoil,r1-sm8,mid,325.000,216.923,0.750,3.000,0.7200,0.450,0.000,105.0,422000,6,5.0,-3.700000,0.0096000,0.0087000,-0.0501000
xfoil,r1-sm8,mid,325.000,216.923,0.750,3.000,0.7200,0.450,0.000,105.0,422000,6,5.0,-3.200000,0.0667000,0.0083600,-0.0501000
xfoil,r1-sm8,mid,325.000,216.923,0.750,3.000,0.7200,0.450,0.000,105.0,422000,6,5.0,-2.700000,0.1246000,0.0080600,-0.0503000
xfoil,r1-sm8,mid,325.000,216.923,0.750,3.000,0.7200,0.450,0.000,105.0,422000,6,5.0,-2.200000,0.1823000,0.0077700,-0.0504000
xfoil,r1-sm8,mid,325.000,216.923,0.750,3.000,0.7200,0.450,0.000,105.0,422000,6,5.0,-1.700000,0.2388000,0.0075400,-0.0501000
xfoil,r1-sm8,mid,325.000,216.923,0.750,3.000,0.7200,0.450,0.000,105.0,422000,6,5.0,-1.200000,0.2948000,0.0075900,-0.0498000
xfoil,r1-sm8,mid,325.000,216.923,0.750,3.000,0.7200,0.450,0.000,105.0,422000,6,5.0,-0.700000,0.3518000,0.0077300,-0.0498000
xfoil,r1-sm8,mid,325.000,216.923,0.750,3.000,0.7200,0.450,0.000,105.0,422000,6,5.0,-0.200000,0.4090000,0.0079100,-0.0499000
xfoil,r1-sm8,mid,325.000,216.923,0.750,3.000,0.7200,0.450,0.000,105.0,422000,6,5.0,0.300000,0.4663000,0.0081400,-0.0500000
xfoil,r1-sm8,mid,325.000,216.923,0.750,3.000,0.7200,0.450,0.000,105.0,422000,6,5.0,0.800000,0.5229000,0.0083300,-0.0501000
xfoil,r1-sm8,mid,325.000,216.923,0.750,3.000,0.7200,0.450,0.000,105.0,422000,6,5.0,1.300000,0.5785000,0.0084800,-0.0501000
xfoil,r1-sm8,mid,325.000,216.923,0.750,3.000,0.7200,0.450,0.000,105.0,422000,6,5.0,1.800000,0.6406000,0.0083200,-0.0512000
xfoil,r1-sm8,mid,325.000,216.923,0.750,3.000,0.7200,0.450,0.000,105.0,422000,6,5.0,2.300000,0.6968000,0.0087900,-0.0515000
xfoil,r1-sm8,mid,325.000,216.923,0.750,3.000,0.7200,0.450,0.000,105.0,422000,6,5.0,2.800000,0.7525000,0.0092800,-0.0516000
xfoil,r1-sm8,mid,325.000,216.923,0.750,3.000,0.7200,0.450,0.000,105.0,422000,6,5.0,3.300000,0.8076000,0.0098000,-0.0517000
xfoil,r1-sm8,mid,325.000,216.923,0.750,3.000,0.7200,0.450,0.000,105.0,422000,6,5.0,3.800000,0.8622000,0.0103600,-0.0518000
xfoil,r1-sm8,mid,325.000,216.923,0.750,3.000,0.7200,0.450,0.000,105.0,422000,6,5.0,4.300000,0.9161000,0.0109600,-0.0517000
xfoil,r1-sm8,mid,325.000,216.923,0.750,3.000,0.7200,0.450,0.000,105.0,422000,6,5.0,4.800000,0.9692000,0.0116100,-0.0515000
xfoil,r1-sm8,mid,325.000,216.923,0.750,3.000,0.7200,0.450,0.000,105.0,422000,6,5.0,5.300000,1.0212000,0.0123600,-0.0513000
xfoil,r1-sm8,mid,325.000,216.923,0.750,3.000,0.7200,0.450,0.000,105.0,422000,6,5.0,5.800000,1.0715000,0.0132700,-0.0509000
xfoil,r1-sm8,mid,325.000,216.923,0.750,3.000,0.7200,0.450,0.000,105.0,422000,6,5.0,6.300000,1.1207000,0.0142200,-0.0503000
xfoil,r1-sm8,mid,325.000,216.923,0.750,3.000,0.7200,0.450,0.000,105.0,422000,6,5.0,6.800000,1.1687000,0.0152200,-0.0496000
xfoil,r1-sm8,mid,325.000,216.923,0.750,3.000,0.7200,0.450,0.000,105.0,422000,10,-5.0,-1.800000,-0.4909000,0.0108700,0.0587000
xfoil,r1-sm8,mid,325.000,216.923,0.750,3.000,0.7200,0.450,0.000,105.0,422000,10,-5.0,-1.300000,-0.4398000,0.0099300,0.0597000
xfoil,r1-sm8,mid,325.000,216.923,0.750,3.000,0.7200,0.450,0.000,105.0,422000,10,-5.0,-0.800000,-0.3932000,0.0085500,0.0616000
xfoil,r1-sm8,mid,325.000,216.923,0.750,3.000,0.7200,0.450,0.000,105.0,422000,10,-5.0,-0.300000,-0.3487000,0.0079900,0.0654000
xfoil,r1-sm8,mid,325.000,216.923,0.750,3.000,0.7200,0.450,0.000,105.0,422000,10,-5.0,0.200000,-0.2965000,0.0079200,0.0674000
xfoil,r1-sm8,mid,325.000,216.923,0.750,3.000,0.7200,0.450,0.000,105.0,422000,10,-5.0,0.700000,-0.2439000,0.0078900,0.0692000
xfoil,r1-sm8,mid,325.000,216.923,0.750,3.000,0.7200,0.450,0.000,105.0,422000,10,-5.0,1.200000,-0.1906000,0.0078800,0.0708000
xfoil,r1-sm8,mid,325.000,216.923,0.750,3.000,0.7200,0.450,0.000,105.0,422000,10,-5.0,1.700000,-0.1359000,0.0078800,0.0719000
xfoil,r1-sm8,mid,325.000,216.923,0.750,3.000,0.7200,0.450,0.000,105.0,422000,10,-5.0,2.200000,-0.0782000,0.0079300,0.0723000
xfoil,r1-sm8,mid,325.000,216.923,0.750,3.000,0.7200,0.450,0.000,105.0,422000,10,-5.0,2.700000,-0.0177000,0.0080000,0.0719000
xfoil,r1-sm8,mid,325.000,216.923,0.750,3.000,0.7200,0.450,0.000,105.0,422000,10,-5.0,3.200000,0.0459000,0.0081400,0.0706000
xfoil,r1-sm8,mid,325.000,216.923,0.750,3.000,0.7200,0.450,0.000,105.0,422000,10,-5.0,3.700000,0.1202000,0.0084000,0.0671000
xfoil,r1-sm8,mid,325.000,216.923,0.750,3.000,0.7200,0.450,0.000,105.0,422000,10,-5.0,4.200000,0.1999000,0.0087300,0.0623000
xfoil,r1-sm8,mid,325.000,216.923,0.750,3.000,0.7200,0.450,0.000,105.0,422000,10,-5.0,4.700000,0.2719000,0.0089800,0.0589000
xfoil,r1-sm8,mid,325.000,216.923,0.750,3.000,0.7200,0.450,0.000,105.0,422000,10,-5.0,5.200000,0.3337000,0.0091200,0.0572000
xfoil,r1-sm8,mid,325.000,216.923,0.750,3.000,0.7200,0.450,0.000,105.0,422000,10,-5.0,5.700000,0.3947000,0.0093100,0.0556000
xfoil,r1-sm8,mid,325.000,216.923,0.750,3.000,0.7200,0.450,0.000,105.0,422000,10,-5.0,6.200000,0.4545000,0.0095300,0.0543000
xfoil,r1-sm8,mid,325.000,216.923,0.750,3.000,0.7200,0.450,0.000,105.0,422000,10,-5.0,6.700000,0.5183000,0.0098300,0.0520000
xfoil,r1-sm8,mid,325.000,216.923,0.750,3.000,0.7200,0.450,0.000,105.0,422000,10,-5.0,7.200000,0.5819000,0.0102000,0.0497000
xfoil,r1-sm8,mid,325.000,216.923,0.750,3.000,0.7200,0.450,0.000,105.0,422000,10,-5.0,7.700000,0.6457000,0.0106500,0.0472000
xfoil,r1-sm8,mid,325.000,216.923,0.750,3.000,0.7200,0.450,0.000,105.0,422000,10,-5.0,8.200000,0.7109000,0.0112200,0.0442000
xfoil,r1-sm8,mid,325.000,216.923,0.750,3.000,0.7200,0.450,0.000,105.0,422000,10,-5.0,8.700000,0.7768000,0.0118500,0.0410000
xfoil,r1-sm8,mid,325.000,216.923,0.750,3.000,0.7200,0.450,0.000,105.0,422000,10,-5.0,9.200000,0.8346000,0.0125700,0.0391000
xfoil,r1-sm8,mid,325.000,216.923,0.750,3.000,0.7200,0.450,0.000,105.0,422000,10,-5.0,9.700000,0.8735000,0.0132600,0.0408000
xfoil,r1-sm8,mid,325.000,216.923,0.750,3.000,0.7200,0.450,0.000,105.0,422000,10,-5.0,10.200000,0.9169000,0.0140800,0.0418000
xfoil,r1-sm8,mid,325.000,216.923,0.750,3.000,0.7200,0.450,0.000,105.0,422000,10,-5.0,10.700000,0.9641000,0.0151200,0.0419000
xfoil,r1-sm8,mid,325.000,216.923,0.750,3.000,0.7200,0.450,0.000,105.0,422000,10,-5.0,11.200000,1.0111000,0.0163200,0.0418000
xfoil,r1-sm8,mid,325.000,216.923,0.750,3.000,0.7200,0.450,0.000,105.0,422000,10,-5.0,11.700000,1.0492000,0.0193500,0.0409000
xfoil,r1-sm8,mid,325.000,216.923,0.750,3.000,0.7200,0.450,0.000,105.0,422000,10,-5.0,12.200000,1.0868000,0.0219700,0.0401000
xfoil,r1-sm8,mid,325.000,216.923,0.750,3.000,0.7200,0.450,0.000,105.0,422000,10,-5.0,12.700000,1.1182000,0.0255000,0.0375000
xfoil,r1-sm8,mid,325.000,216.923,0.750,3.000,0.7200,0.450,0.000,105.0,422000,10,-5.0,13.200000,1.1326000,0.0300500,0.0348000
xfoil,r1-sm8,mid,325.000,216.923,0.750,3.000,0.7200,0.450,0.000,105.0,422000,10,0.0,-5.000000,-0.4893000,0.0132300,0.0035000
xfoil,r1-sm8,mid,325.000,216.923,0.750,3.000,0.7200,0.450,0.000,105.0,422000,10,0.0,-4.500000,-0.4374000,0.0115900,0.0044000
xfoil,r1-sm8,mid,325.000,216.923,0.750,3.000,0.7200,0.450,0.000,105.0,422000,10,0.0,-4.000000,-0.3846000,0.0105000,0.0048000
xfoil,r1-sm8,mid,325.000,216.923,0.750,3.000,0.7200,0.450,0.000,105.0,422000,10,0.0,-3.500000,-0.3293000,0.0098800,0.0049000
xfoil,r1-sm8,mid,325.000,216.923,0.750,3.000,0.7200,0.450,0.000,105.0,422000,10,0.0,-3.000000,-0.2743000,0.0093200,0.0051000
xfoil,r1-sm8,mid,325.000,216.923,0.750,3.000,0.7200,0.450,0.000,105.0,422000,10,0.0,-2.500000,-0.2192000,0.0088400,0.0055000
xfoil,r1-sm8,mid,325.000,216.923,0.750,3.000,0.7200,0.450,0.000,105.0,422000,10,0.0,-2.000000,-0.1641000,0.0083400,0.0058000
xfoil,r1-sm8,mid,325.000,216.923,0.750,3.000,0.7200,0.450,0.000,105.0,422000,10,0.0,-1.500000,-0.1104000,0.0077800,0.0066000
xfoil,r1-sm8,mid,325.000,216.923,0.750,3.000,0.7200,0.450,0.000,105.0,422000,10,0.0,-1.000000,-0.0598000,0.0072100,0.0085000
xfoil,r1-sm8,mid,325.000,216.923,0.750,3.000,0.7200,0.450,0.000,105.0,422000,10,0.0,-0.500000,-0.0049000,0.0069200,0.0100000
xfoil,r1-sm8,mid,325.000,216.923,0.750,3.000,0.7200,0.450,0.000,105.0,422000,10,0.0,-0.000000,0.0789000,0.0069700,0.0048000
xfoil,r1-sm8,mid,325.000,216.923,0.750,3.000,0.7200,0.450,0.000,105.0,422000,10,0.0,0.500000,0.1661000,0.0070500,-0.0016000
xfoil,r1-sm8,mid,325.000,216.923,0.750,3.000,0.7200,0.450,0.000,105.0,422000,10,0.0,1.000000,0.2201000,0.0070400,-0.0012000
xfoil,r1-sm8,mid,325.000,216.923,0.750,3.000,0.7200,0.450,0.000,105.0,422000,10,0.0,1.500000,0.2747000,0.0070900,-0.0010000
xfoil,r1-sm8,mid,325.000,216.923,0.750,3.000,0.7200,0.450,0.000,105.0,422000,10,0.0,2.000000,0.3295000,0.0072000,-0.0007000
xfoil,r1-sm8,mid,325.000,216.923,0.750,3.000,0.7200,0.450,0.000,105.0,422000,10,0.0,2.500000,0.3846000,0.0073700,-0.0005000
xfoil,r1-sm8,mid,325.000,216.923,0.750,3.000,0.7200,0.450,0.000,105.0,422000,10,0.0,3.000000,0.4398000,0.0076000,-0.0004000
xfoil,r1-sm8,mid,325.000,216.923,0.750,3.000,0.7200,0.450,0.000,105.0,422000,10,0.0,3.500000,0.4953000,0.0079000,-0.0004000
xfoil,r1-sm8,mid,325.000,216.923,0.750,3.000,0.7200,0.450,0.000,105.0,422000,10,0.0,4.000000,0.5508000,0.0082700,-0.0004000
xfoil,r1-sm8,mid,325.000,216.923,0.750,3.000,0.7200,0.450,0.000,105.0,422000,10,0.0,4.500000,0.6065000,0.0086600,-0.0006000
xfoil,r1-sm8,mid,325.000,216.923,0.750,3.000,0.7200,0.450,0.000,105.0,422000,10,0.0,5.000000,0.6622000,0.0091000,-0.0008000
xfoil,r1-sm8,mid,325.000,216.923,0.750,3.000,0.7200,0.450,0.000,105.0,422000,10,0.0,5.500000,0.7176000,0.0095900,-0.0010000
xfoil,r1-sm8,mid,325.000,216.923,0.750,3.000,0.7200,0.450,0.000,105.0,422000,10,0.0,6.000000,0.7728000,0.0101400,-0.0012000
xfoil,r1-sm8,mid,325.000,216.923,0.750,3.000,0.7200,0.450,0.000,105.0,422000,10,0.0,6.500000,0.8275000,0.0107600,-0.0015000
xfoil,r1-sm8,mid,325.000,216.923,0.750,3.000,0.7200,0.450,0.000,105.0,422000,10,0.0,7.000000,0.8816000,0.0114500,-0.0017000
xfoil,r1-sm8,mid,325.000,216.923,0.750,3.000,0.7200,0.450,0.000,105.0,422000,10,0.0,7.500000,0.9347000,0.0122700,-0.0020000
xfoil,r1-sm8,mid,325.000,216.923,0.750,3.000,0.7200,0.450,0.000,105.0,422000,10,0.0,8.000000,0.9869000,0.0131500,-0.0021000
xfoil,r1-sm8,mid,325.000,216.923,0.750,3.000,0.7200,0.450,0.000,105.0,422000,10,0.0,8.500000,1.0380000,0.0141200,-0.0022000
xfoil,r1-sm8,mid,325.000,216.923,0.750,3.000,0.7200,0.450,0.000,105.0,422000,10,0.0,9.000000,1.0879000,0.0151700,-0.0022000
xfoil,r1-sm8,mid,325.000,216.923,0.750,3.000,0.7200,0.450,0.000,105.0,422000,10,0.0,9.500000,1.1365000,0.0162900,-0.0021000
xfoil,r1-sm8,mid,325.000,216.923,0.750,3.000,0.7200,0.450,0.000,105.0,422000,10,0.0,10.000000,1.1802000,0.0179900,-0.0018000
xfoil,r1-sm8,mid,325.000,216.923,0.750,3.000,0.7200,0.450,0.000,105.0,422000,10,5.0,-8.200000,-0.4507000,0.0176400,-0.0614000
xfoil,r1-sm8,mid,325.000,216.923,0.750,3.000,0.7200,0.450,0.000,105.0,422000,10,5.0,-7.700000,-0.4008000,0.0159600,-0.0605000
xfoil,r1-sm8,mid,325.000,216.923,0.750,3.000,0.7200,0.450,0.000,105.0,422000,10,5.0,-7.200000,-0.3502000,0.0144800,-0.0596000
xfoil,r1-sm8,mid,325.000,216.923,0.750,3.000,0.7200,0.450,0.000,105.0,422000,10,5.0,-6.700000,-0.2974000,0.0133200,-0.0590000
xfoil,r1-sm8,mid,325.000,216.923,0.750,3.000,0.7200,0.450,0.000,105.0,422000,10,5.0,-6.200000,-0.2461000,0.0117500,-0.0582000
xfoil,r1-sm8,mid,325.000,216.923,0.750,3.000,0.7200,0.450,0.000,105.0,422000,10,5.0,-5.700000,-0.1945000,0.0108300,-0.0575000
xfoil,r1-sm8,mid,325.000,216.923,0.750,3.000,0.7200,0.450,0.000,105.0,422000,10,5.0,-5.200000,-0.1415000,0.0103200,-0.0567000
xfoil,r1-sm8,mid,325.000,216.923,0.750,3.000,0.7200,0.450,0.000,105.0,422000,10,5.0,-4.700000,-0.0881000,0.0098700,-0.0559000
xfoil,r1-sm8,mid,325.000,216.923,0.750,3.000,0.7200,0.450,0.000,105.0,422000,10,5.0,-4.200000,-0.0342000,0.0094700,-0.0551000
xfoil,r1-sm8,mid,325.000,216.923,0.750,3.000,0.7200,0.450,0.000,105.0,422000,10,5.0,-3.700000,0.0200000,0.0090900,-0.0543000
xfoil,r1-sm8,mid,325.000,216.923,0.750,3.000,0.7200,0.450,0.000,105.0,422000,10,5.0,-3.200000,0.0743000,0.0087300,-0.0534000
xfoil,r1-sm8,mid,325.000,216.923,0.750,3.000,0.7200,0.450,0.000,105.0,422000,10,5.0,-2.700000,0.1288000,0.0084100,-0.0525000
xfoil,r1-sm8,mid,325.000,216.923,0.750,3.000,0.7200,0.450,0.000,105.0,422000,10,5.0,-2.200000,0.1845000,0.0081400,-0.0519000
xfoil,r1-sm8,mid,325.000,216.923,0.750,3.000,0.7200,0.450,0.000,105.0,422000,10,5.0,-1.700000,0.2400000,0.0079500,-0.0511000
xfoil,r1-sm8,mid,325.000,216.923,0.750,3.000,0.7200,0.450,0.000,105.0,422000,10,5.0,-1.200000,0.2970000,0.0078000,-0.0507000
xfoil,r1-sm8,mid,325.000,216.923,0.750,3.000,0.7200,0.450,0.000,105.0,422000,10,5.0,-0.700000,0.3540000,0.0075300,-0.0505000
xfoil,r1-sm8,mid,325.000,216.923,0.750,3.000,0.7200,0.450,0.000,105.0,422000,10,5.0,-0.200000,0.4089000,0.0072000,-0.0498000
xfoil,r1-sm8,mid,325.000,216.923,0.750,3.000,0.7200,0.450,0.000,105.0,422000,10,5.0,0.300000,0.4615000,0.0068200,-0.0483000
xfoil,r1-sm8,mid,325.000,216.923,0.750,3.000,0.7200,0.450,0.000,105.0,422000,10,5.0,0.800000,0.5294000,0.0070800,-0.0509000
xfoil,r1-sm8,mid,325.000,216.923,0.750,3.000,0.7200,0.450,0.000,105.0,422000,10,5.0,1.300000,0.5870000,0.0073900,-0.0512000
xfoil,r1-sm8,mid,325.000,216.923,0.750,3.000,0.7200,0.450,0.000,105.0,422000,10,5.0,1.800000,0.6439000,0.0077600,-0.0514000
xfoil,r1-sm8,mid,325.000,216.923,0.750,3.000,0.7200,0.450,0.000,105.0,422000,10,5.0,2.300000,0.7002000,0.0082100,-0.0516000
xfoil,r1-sm8,mid,325.000,216.923,0.750,3.000,0.7200,0.450,0.000,105.0,422000,10,5.0,2.800000,0.7560000,0.0087200,-0.0517000
xfoil,r1-sm8,mid,325.000,216.923,0.750,3.000,0.7200,0.450,0.000,105.0,422000,10,5.0,3.300000,0.8112000,0.0092600,-0.0518000
xfoil,r1-sm8,mid,325.000,216.923,0.750,3.000,0.7200,0.450,0.000,105.0,422000,10,5.0,3.800000,0.8658000,0.0098300,-0.0518000
xfoil,r1-sm8,mid,325.000,216.923,0.750,3.000,0.7200,0.450,0.000,105.0,422000,10,5.0,4.300000,0.9197000,0.0104700,-0.0518000
xfoil,r1-sm8,mid,325.000,216.923,0.750,3.000,0.7200,0.450,0.000,105.0,422000,10,5.0,4.800000,0.9730000,0.0111300,-0.0516000
xfoil,r1-sm8,mid,325.000,216.923,0.750,3.000,0.7200,0.450,0.000,105.0,422000,10,5.0,5.300000,1.0250000,0.0118900,-0.0513000
xfoil,r1-sm8,mid,325.000,216.923,0.750,3.000,0.7200,0.450,0.000,105.0,422000,10,5.0,5.800000,1.0757000,0.0127400,-0.0510000
xfoil,r1-sm8,mid,325.000,216.923,0.750,3.000,0.7200,0.450,0.000,105.0,422000,10,5.0,6.300000,1.1254000,0.0136500,-0.0504000
xfoil,r1-sm8,mid,325.000,216.923,0.750,3.000,0.7200,0.450,0.000,105.0,422000,10,5.0,6.800000,1.1734000,0.0146800,-0.0497000
xfoil,r1-sm8,root,0.000,289.231,1.000,3.000,0.7200,0.450,0.000,45.0,241000,6,-5.0,-1.800000,-0.4846000,0.0126200,0.0576000
xfoil,r1-sm8,root,0.000,289.231,1.000,3.000,0.7200,0.450,0.000,45.0,241000,6,-5.0,-1.300000,-0.4318000,0.0119900,0.0584000
xfoil,r1-sm8,root,0.000,289.231,1.000,3.000,0.7200,0.450,0.000,45.0,241000,6,-5.0,-0.800000,-0.3795000,0.0113200,0.0594000
xfoil,r1-sm8,root,0.000,289.231,1.000,3.000,0.7200,0.450,0.000,45.0,241000,6,-5.0,-0.300000,-0.3299000,0.0104500,0.0609000
xfoil,r1-sm8,root,0.000,289.231,1.000,3.000,0.7200,0.450,0.000,45.0,241000,6,-5.0,0.200000,-0.2840000,0.0100400,0.0643000
xfoil,r1-sm8,root,0.000,289.231,1.000,3.000,0.7200,0.450,0.000,45.0,241000,6,-5.0,0.700000,-0.2294000,0.0101000,0.0656000
xfoil,r1-sm8,root,0.000,289.231,1.000,3.000,0.7200,0.450,0.000,45.0,241000,6,-5.0,1.200000,-0.1740000,0.0101600,0.0666000
xfoil,r1-sm8,root,0.000,289.231,1.000,3.000,0.7200,0.450,0.000,45.0,241000,6,-5.0,1.700000,-0.1183000,0.0102300,0.0674000
xfoil,r1-sm8,root,0.000,289.231,1.000,3.000,0.7200,0.450,0.000,45.0,241000,6,-5.0,2.200000,-0.0618000,0.0103300,0.0681000
xfoil,r1-sm8,root,0.000,289.231,1.000,3.000,0.7200,0.450,0.000,45.0,241000,6,-5.0,2.700000,-0.0047000,0.0104400,0.0684000
xfoil,r1-sm8,root,0.000,289.231,1.000,3.000,0.7200,0.450,0.000,45.0,241000,6,-5.0,3.200000,0.0535000,0.0105800,0.0684000
xfoil,r1-sm8,root,0.000,289.231,1.000,3.000,0.7200,0.450,0.000,45.0,241000,6,-5.0,3.700000,0.1134000,0.0107600,0.0680000
xfoil,r1-sm8,root,0.000,289.231,1.000,3.000,0.7200,0.450,0.000,45.0,241000,6,-5.0,4.200000,0.1753000,0.0110000,0.0671000
xfoil,r1-sm8,root,0.000,289.231,1.000,3.000,0.7200,0.450,0.000,45.0,241000,6,-5.0,4.700000,0.2414000,0.0113200,0.0652000
xfoil,r1-sm8,root,0.000,289.231,1.000,3.000,0.7200,0.450,0.000,45.0,241000,6,-5.0,5.200000,0.3030000,0.0115500,0.0639000
xfoil,r1-sm8,root,0.000,289.231,1.000,3.000,0.7200,0.450,0.000,45.0,241000,6,-5.0,5.700000,0.3643000,0.0117800,0.0623000
xfoil,r1-sm8,root,0.000,289.231,1.000,3.000,0.7200,0.450,0.000,45.0,241000,6,-5.0,6.200000,0.4250000,0.0120500,0.0608000
xfoil,r1-sm8,root,0.000,289.231,1.000,3.000,0.7200,0.450,0.000,45.0,241000,6,-5.0,6.700000,0.4843000,0.0123700,0.0595000
xfoil,r1-sm8,root,0.000,289.231,1.000,3.000,0.7200,0.450,0.000,45.0,241000,6,-5.0,7.200000,0.5449000,0.0127600,0.0578000
xfoil,r1-sm8,root,0.000,289.231,1.000,3.000,0.7200,0.450,0.000,45.0,241000,6,-5.0,7.700000,0.6073000,0.0132200,0.0557000
xfoil,r1-sm8,root,0.000,289.231,1.000,3.000,0.7200,0.450,0.000,45.0,241000,6,-5.0,8.200000,0.6673000,0.0137400,0.0539000
xfoil,r1-sm8,root,0.000,289.231,1.000,3.000,0.7200,0.450,0.000,45.0,241000,6,-5.0,8.700000,0.7308000,0.0143700,0.0512000
xfoil,r1-sm8,root,0.000,289.231,1.000,3.000,0.7200,0.450,0.000,45.0,241000,6,-5.0,9.200000,0.7922000,0.0150800,0.0488000
xfoil,r1-sm8,root,0.000,289.231,1.000,3.000,0.7200,0.450,0.000,45.0,241000,6,-5.0,9.700000,0.8552000,0.0159200,0.0459000
xfoil,r1-sm8,root,0.000,289.231,1.000,3.000,0.7200,0.450,0.000,45.0,241000,6,-5.0,10.200000,0.9175000,0.0168900,0.0428000
xfoil,r1-sm8,root,0.000,289.231,1.000,3.000,0.7200,0.450,0.000,45.0,241000,6,-5.0,10.700000,0.9799000,0.0180200,0.0393000
xfoil,r1-sm8,root,0.000,289.231,1.000,3.000,0.7200,0.450,0.000,45.0,241000,6,-5.0,11.200000,1.0270000,0.0191500,0.0385000
xfoil,r1-sm8,root,0.000,289.231,1.000,3.000,0.7200,0.450,0.000,45.0,241000,6,-5.0,11.700000,1.0598000,0.0204100,0.0401000
xfoil,r1-sm8,root,0.000,289.231,1.000,3.000,0.7200,0.450,0.000,45.0,241000,6,-5.0,12.200000,1.0940000,0.0220700,0.0405000
xfoil,r1-sm8,root,0.000,289.231,1.000,3.000,0.7200,0.450,0.000,45.0,241000,6,-5.0,12.700000,1.1279000,0.0241200,0.0398000
xfoil,r1-sm8,root,0.000,289.231,1.000,3.000,0.7200,0.450,0.000,45.0,241000,6,-5.0,13.200000,1.1521000,0.0270900,0.0383000
xfoil,r1-sm8,root,0.000,289.231,1.000,3.000,0.7200,0.450,0.000,45.0,241000,6,0.0,-5.000000,-0.4942000,0.0134400,0.0045000
xfoil,r1-sm8,root,0.000,289.231,1.000,3.000,0.7200,0.450,0.000,45.0,241000,6,0.0,-4.500000,-0.4394000,0.0129100,0.0047000
xfoil,r1-sm8,root,0.000,289.231,1.000,3.000,0.7200,0.450,0.000,45.0,241000,6,0.0,-4.000000,-0.3839000,0.0124400,0.0049000
xfoil,r1-sm8,root,0.000,289.231,1.000,3.000,0.7200,0.450,0.000,45.0,241000,6,0.0,-3.500000,-0.3282000,0.0120200,0.0051000
xfoil,r1-sm8,root,0.000,289.231,1.000,3.000,0.7200,0.450,0.000,45.0,241000,6,0.0,-3.000000,-0.2724000,0.0116200,0.0053000
xfoil,r1-sm8,root,0.000,289.231,1.000,3.000,0.7200,0.450,0.000,45.0,241000,6,0.0,-2.500000,-0.2165000,0.0112300,0.0056000
xfoil,r1-sm8,root,0.000,289.231,1.000,3.000,0.7200,0.450,0.000,45.0,241000,6,0.0,-2.000000,-0.1605000,0.0108600,0.0058000
xfoil,r1-sm8,root,0.000,289.231,1.000,3.000,0.7200,0.450,0.000,45.0,241000,6,0.0,-1.500000,-0.1047000,0.0104900,0.0061000
xfoil,r1-sm8,root,0.000,289.231,1.000,3.000,0.7200,0.450,0.000,45.0,241000,6,0.0,-1.000000,-0.0496000,0.0101300,0.0066000
xfoil,r1-sm8,root,0.000,289.231,1.000,3.000,0.7200,0.450,0.000,45.0,241000,6,0.0,-0.500000,0.0050000,0.0097600,0.0074000
xfoil,r1-sm8,root,0.000,289.231,1.000,3.000,0.7200,0.450,0.000,45.0,241000,6,0.0,-0.000000,0.0582000,0.0094900,0.0086000
xfoil,r1-sm8,root,0.000,289.231,1.000,3.000,0.7200,0.450,0.000,45.0,241000,6,0.0,0.500000,0.1127000,0.0093700,0.0098000
xfoil,r1-sm8,root,0.000,289.231,1.000,3.000,0.7200,0.450,0.000,45.0,241000,6,0.0,1.000000,0.1713000,0.0093600,0.0101000
xfoil,r1-sm8,root,0.000,289.231,1.000,3.000,0.7200,0.450,0.000,45.0,241000,6,0.0,1.500000,0.2418000,0.0094900,0.0077000
xfoil,r1-sm8,root,0.000,289.231,1.000,3.000,0.7200,0.450,0.000,45.0,241000,6,0.0,2.000000,0.3187000,0.0097000,0.0036000
xfoil,r1-sm8,root,0.000,289.231,1.000,3.000,0.7200,0.450,0.000,45.0,241000,6,0.0,2.500000,0.3971000,0.0099500,-0.0011000
xfoil,r1-sm8,root,0.000,289.231,1.000,3.000,0.7200,0.450,0.000,45.0,241000,6,0.0,3.000000,0.4634000,0.0102000,-0.0036000
xfoil,r1-sm8,root,0.000,289.231,1.000,3.000,0.7200,0.450,0.000,45.0,241000,6,0.0,3.500000,0.5158000,0.0105000,-0.0032000
xfoil,r1-sm8,root,0.000,289.231,1.000,3.000,0.7200,0.450,0.000,45.0,241000,6,0.0,4.000000,0.5684000,0.0108700,-0.0029000
xfoil,r1-sm8,root,0.000,289.231,1.000,3.000,0.7200,0.450,0.000,45.0,241000,6,0.0,4.500000,0.6211000,0.0112700,-0.0025000
xfoil,r1-sm8,root,0.000,289.231,1.000,3.000,0.7200,0.450,0.000,45.0,241000,6,0.0,5.000000,0.6737000,0.0117300,-0.0022000
xfoil,r1-sm8,root,0.000,289.231,1.000,3.000,0.7200,0.450,0.000,45.0,241000,6,0.0,5.500000,0.7264000,0.0122400,-0.0020000
xfoil,r1-sm8,root,0.000,289.231,1.000,3.000,0.7200,0.450,0.000,45.0,241000,6,0.0,6.000000,0.7789000,0.0127900,-0.0018000
xfoil,r1-sm8,root,0.000,289.231,1.000,3.000,0.7200,0.450,0.000,45.0,241000,6,0.0,6.500000,0.8311000,0.0134100,-0.0016000
xfoil,r1-sm8,root,0.000,289.231,1.000,3.000,0.7200,0.450,0.000,45.0,241000,6,0.0,7.000000,0.8829000,0.0140800,-0.0014000
xfoil,r1-sm8,root,0.000,289.231,1.000,3.000,0.7200,0.450,0.000,45.0,241000,6,0.0,7.500000,0.9339000,0.0148300,-0.0012000
xfoil,r1-sm8,root,0.000,289.231,1.000,3.000,0.7200,0.450,0.000,45.0,241000,6,0.0,8.000000,0.9840000,0.0156500,-0.0010000
xfoil,r1-sm8,root,0.000,289.231,1.000,3.000,0.7200,0.450,0.000,45.0,241000,6,0.0,8.500000,1.0329000,0.0165700,-0.0007000
xfoil,r1-sm8,root,0.000,289.231,1.000,3.000,0.7200,0.450,0.000,45.0,241000,6,0.0,9.000000,1.0801000,0.0176000,-0.0003000
xfoil,r1-sm8,root,0.000,289.231,1.000,3.000,0.7200,0.450,0.000,45.0,241000,6,0.0,9.500000,1.1251000,0.0187600,0.0002000
xfoil,r1-sm8,root,0.000,289.231,1.000,3.000,0.7200,0.450,0.000,45.0,241000,6,0.0,10.000000,1.1673000,0.0200700,0.0008000
xfoil,r1-sm8,root,0.000,289.231,1.000,3.000,0.7200,0.450,0.000,45.0,241000,6,5.0,-8.200000,-0.4783000,0.0157100,-0.0543000
xfoil,r1-sm8,root,0.000,289.231,1.000,3.000,0.7200,0.450,0.000,45.0,241000,6,5.0,-7.700000,-0.4256000,0.0147900,-0.0541000
xfoil,r1-sm8,root,0.000,289.231,1.000,3.000,0.7200,0.450,0.000,45.0,241000,6,5.0,-7.200000,-0.3724000,0.0141000,-0.0537000
xfoil,r1-sm8,root,0.000,289.231,1.000,3.000,0.7200,0.450,0.000,45.0,241000,6,5.0,-6.700000,-0.3189000,0.0135300,-0.0532000
xfoil,r1-sm8,root,0.000,289.231,1.000,3.000,0.7200,0.450,0.000,45.0,241000,6,5.0,-6.200000,-0.2650000,0.0130300,-0.0527000
xfoil,r1-sm8,root,0.000,289.231,1.000,3.000,0.7200,0.450,0.000,45.0,241000,6,5.0,-5.700000,-0.2105000,0.0125800,-0.0522000
xfoil,r1-sm8,root,0.000,289.231,1.000,3.000,0.7200,0.450,0.000,45.0,241000,6,5.0,-5.200000,-0.1553000,0.0121600,-0.0518000
xfoil,r1-sm8,root,0.000,289.231,1.000,3.000,0.7200,0.450,0.000,45.0,241000,6,5.0,-4.700000,-0.0996000,0.0117600,-0.0515000
xfoil,r1-sm8,root,0.000,289.231,1.000,3.000,0.7200,0.450,0.000,45.0,241000,6,5.0,-4.200000,-0.0436000,0.0113800,-0.0512000
xfoil,r1-sm8,root,0.000,289.231,1.000,3.000,0.7200,0.450,0.000,45.0,241000,6,5.0,-3.700000,0.0124000,0.0110100,-0.0508000
xfoil,r1-sm8,root,0.000,289.231,1.000,3.000,0.7200,0.450,0.000,45.0,241000,6,5.0,-3.200000,0.0693000,0.0106800,-0.0507000
xfoil,r1-sm8,root,0.000,289.231,1.000,3.000,0.7200,0.450,0.000,45.0,241000,6,5.0,-2.700000,0.1261000,0.0103700,-0.0505000
xfoil,r1-sm8,root,0.000,289.231,1.000,3.000,0.7200,0.450,0.000,45.0,241000,6,5.0,-2.200000,0.1820000,0.0100900,-0.0499000
xfoil,r1-sm8,root,0.000,289.231,1.000,3.000,0.7200,0.450,0.000,45.0,241000,6,5.0,-1.700000,0.2373000,0.0099300,-0.0492000
xfoil,r1-sm8,root,0.000,289.231,1.000,3.000,0.7200,0.450,0.000,45.0,241000,6,5.0,-1.200000,0.2929000,0.0099700,-0.0486000
xfoil,r1-sm8,root,0.000,289.231,1.000,3.000,0.7200,0.450,0.000,45.0,241000,6,5.0,-0.700000,0.3490000,0.0101000,-0.0483000
xfoil,r1-sm8,root,0.000,289.231,1.000,3.000,0.7200,0.450,0.000,45.0,241000,6,5.0,-0.200000,0.4055000,0.0102700,-0.0481000
xfoil,r1-sm8,root,0.000,289.231,1.000,3.000,0.7200,0.450,0.000,45.0,241000,6,5.0,0.300000,0.4618000,0.0104400,-0.0479000
xfoil,r1-sm8,root,0.000,289.231,1.000,3.000,0.7200,0.450,0.000,45.0,241000,6,5.0,0.800000,0.5172000,0.0105400,-0.0476000
xfoil,r1-sm8,root,0.000,289.231,1.000,3.000,0.7200,0.450,0.000,45.0,241000,6,5.0,1.300000,0.5715000,0.0106000,-0.0471000
xfoil,r1-sm8,root,0.000,289.231,1.000,3.000,0.7200,0.450,0.000,45.0,241000,6,5.0,1.800000,0.6249000,0.0105700,-0.0462000
xfoil,r1-sm8,root,0.000,289.231,1.000,3.000,0.7200,0.450,0.000,45.0,241000,6,5.0,2.300000,0.6951000,0.0108800,-0.0493000
xfoil,r1-sm8,root,0.000,289.231,1.000,3.000,0.7200,0.450,0.000,45.0,241000,6,5.0,2.800000,0.7499000,0.0113900,-0.0493000
xfoil,r1-sm8,root,0.000,289.231,1.000,3.000,0.7200,0.450,0.000,45.0,241000,6,5.0,3.300000,0.8039000,0.0119500,-0.0492000
xfoil,r1-sm8,root,0.000,289.231,1.000,3.000,0.7200,0.450,0.000,45.0,241000,6,5.0,3.800000,0.8574000,0.0125300,-0.0491000
xfoil,r1-sm8,root,0.000,289.231,1.000,3.000,0.7200,0.450,0.000,45.0,241000,6,5.0,4.300000,0.9100000,0.0131600,-0.0488000
xfoil,r1-sm8,root,0.000,289.231,1.000,3.000,0.7200,0.450,0.000,45.0,241000,6,5.0,4.800000,0.9616000,0.0138400,-0.0484000
xfoil,r1-sm8,root,0.000,289.231,1.000,3.000,0.7200,0.450,0.000,45.0,241000,6,5.0,5.300000,1.0124000,0.0145600,-0.0479000
xfoil,r1-sm8,root,0.000,289.231,1.000,3.000,0.7200,0.450,0.000,45.0,241000,6,5.0,5.800000,1.0620000,0.0153400,-0.0473000
xfoil,r1-sm8,root,0.000,289.231,1.000,3.000,0.7200,0.450,0.000,45.0,241000,6,5.0,6.300000,1.1102000,0.0161900,-0.0465000
xfoil,r1-sm8,root,0.000,289.231,1.000,3.000,0.7200,0.450,0.000,45.0,241000,6,5.0,6.800000,1.1566000,0.0171200,-0.0456000
xfoil,r1-sm8,root,0.000,289.231,1.000,3.000,0.7200,0.450,0.000,45.0,241000,6,10.0,-11.400000,-0.4677000,0.0211700,-0.1080000
xfoil,r1-sm8,root,0.000,289.231,1.000,3.000,0.7200,0.450,0.000,45.0,241000,6,10.0,-10.900000,-0.4143000,0.0198300,-0.1093000
xfoil,r1-sm8,root,0.000,289.231,1.000,3.000,0.7200,0.450,0.000,45.0,241000,6,10.0,-10.400000,-0.3605000,0.0186700,-0.1103000
xfoil,r1-sm8,root,0.000,289.231,1.000,3.000,0.7200,0.450,0.000,45.0,241000,6,10.0,-9.900000,-0.3062000,0.0176300,-0.1112000
xfoil,r1-sm8,root,0.000,289.231,1.000,3.000,0.7200,0.450,0.000,45.0,241000,6,10.0,-9.400000,-0.2516000,0.0167900,-0.1119000
xfoil,r1-sm8,root,0.000,289.231,1.000,3.000,0.7200,0.450,0.000,45.0,241000,6,10.0,-8.900000,-0.1962000,0.0162100,-0.1126000
xfoil,r1-sm8,root,0.000,289.231,1.000,3.000,0.7200,0.450,0.000,45.0,241000,6,10.0,-8.400000,-0.1412000,0.0157700,-0.1128000
xfoil,r1-sm8,root,0.000,289.231,1.000,3.000,0.7200,0.450,0.000,45.0,241000,6,10.0,-7.900000,-0.0865000,0.0154400,-0.1127000
xfoil,r1-sm8,root,0.000,289.231,1.000,3.000,0.7200,0.450,0.000,45.0,241000,6,10.0,-7.400000,-0.0307000,0.0152100,-0.1131000
xfoil,r1-sm8,root,0.000,289.231,1.000,3.000,0.7200,0.450,0.000,45.0,241000,6,10.0,-6.900000,0.0237000,0.0148700,-0.1124000
xfoil,r1-sm8,root,0.000,289.231,1.000,3.000,0.7200,0.450,0.000,45.0,241000,6,10.0,-6.400000,0.0786000,0.0146500,-0.1122000
xfoil,r1-sm8,root,0.000,289.231,1.000,3.000,0.7200,0.450,0.000,45.0,241000,6,10.0,-5.900000,0.1333000,0.0143600,-0.1115000
xfoil,r1-sm8,root,0.000,289.231,1.000,3.000,0.7200,0.450,0.000,45.0,241000,6,10.0,-5.400000,0.1883000,0.0140600,-0.1109000
xfoil,r1-sm8,root,0.000,289.231,1.000,3.000,0.7200,0.450,0.000,45.0,241000,6,10.0,-4.900000,0.2432000,0.0138000,-0.1103000
xfoil,r1-sm8,root,0.000,289.231,1.000,3.000,0.7200,0.450,0.000,45.0,241000,6,10.0,-4.400000,0.2982000,0.0134800,-0.1095000
xfoil,r1-sm8,root,0.000,289.231,1.000,3.000,0.7200,0.450,0.000,45.0,241000,6,10.0,-3.900000,0.3535000,0.0131000,-0.1085000
xfoil,r1-sm8,root,0.000,289.231,1.000,3.000,0.7200,0.450,0.000,45.0,241000,6,10.0,-3.400000,0.4089000,0.0127100,-0.1076000
xfoil,r1-sm8,root,0.000,289.231,1.000,3.000,0.7200,0.450,0.000,45.0,241000,6,10.0,-2.900000,0.4644000,0.0123800,-0.1070000
xfoil,r1-sm8,root,0.000,289.231,1.000,3.000,0.7200,0.450,0.000,45.0,241000,6,10.0,-2.400000,0.5201000,0.0120300,-0.1063000
xfoil,r1-sm8,root,0.000,289.231,1.000,3.000,0.7200,0.450,0.000,45.0,241000,6,10.0,-1.900000,0.5744000,0.0124300,-0.1069000
xfoil,r1-sm8,root,0.000,289.231,1.000,3.000,0.7200,0.450,0.000,45.0,241000,6,10.0,-1.400000,0.6313000,0.0109700,-0.1042000
xfoil,r1-sm8,root,0.000,289.231,1.000,3.000,0.7200,0.450,0.000,45.0,241000,6,10.0,-0.900000,0.6841000,0.0109200,-0.1023000
xfoil,r1-sm8,root,0.000,289.231,1.000,3.000,0.7200,0.450,0.000,45.0,241000,6,10.0,-0.400000,0.7368000,0.0114300,-0.1014000
xfoil,r1-sm8,root,0.000,289.231,1.000,3.000,0.7200,0.450,0.000,45.0,241000,6,10.0,0.100000,0.7885000,0.0120100,-0.1004000
xfoil,r1-sm8,root,0.000,289.231,1.000,3.000,0.7200,0.450,0.000,45.0,241000,6,10.0,0.600000,0.8397000,0.0126100,-0.0995000
xfoil,r1-sm8,root,0.000,289.231,1.000,3.000,0.7200,0.450,0.000,45.0,241000,6,10.0,1.100000,0.8896000,0.0132100,-0.0985000
xfoil,r1-sm8,root,0.000,289.231,1.000,3.000,0.7200,0.450,0.000,45.0,241000,6,10.0,1.600000,0.9389000,0.0138000,-0.0975000
xfoil,r1-sm8,root,0.000,289.231,1.000,3.000,0.7200,0.450,0.000,45.0,241000,6,10.0,2.100000,0.9874000,0.0143700,-0.0963000
xfoil,r1-sm8,root,0.000,289.231,1.000,3.000,0.7200,0.450,0.000,45.0,241000,6,10.0,2.600000,1.0352000,0.0148800,-0.0951000
xfoil,r1-sm8,root,0.000,289.231,1.000,3.000,0.7200,0.450,0.000,45.0,241000,6,10.0,3.100000,1.0816000,0.0154500,-0.0938000
xfoil,r1-sm8,root,0.000,289.231,1.000,3.000,0.7200,0.450,0.000,45.0,241000,6,10.0,3.600000,1.1272000,0.0160300,-0.0922000
xfoil,r1-sm8,root,0.000,289.231,1.000,3.000,0.7200,0.450,0.000,45.0,241000,10,-5.0,-1.800000,-0.4813000,0.0133600,0.0545000
xfoil,r1-sm8,root,0.000,289.231,1.000,3.000,0.7200,0.450,0.000,45.0,241000,10,-5.0,-1.300000,-0.4343000,0.0123900,0.0565000
xfoil,r1-sm8,root,0.000,289.231,1.000,3.000,0.7200,0.450,0.000,45.0,241000,10,-5.0,-0.800000,-0.3938000,0.0118200,0.0617000
xfoil,r1-sm8,root,0.000,289.231,1.000,3.000,0.7200,0.450,0.000,45.0,241000,10,-5.0,-0.300000,-0.3444000,0.0121000,0.0651000
xfoil,r1-sm8,root,0.000,289.231,1.000,3.000,0.7200,0.450,0.000,45.0,241000,10,-5.0,0.200000,-0.2916000,0.0123900,0.0681000
xfoil,r1-sm8,root,0.000,289.231,1.000,3.000,0.7200,0.450,0.000,45.0,241000,10,-5.0,0.700000,-0.2263000,0.0127300,0.0687000
xfoil,r1-sm8,root,0.000,289.231,1.000,3.000,0.7200,0.450,0.000,45.0,241000,10,-5.0,1.200000,-0.1450000,0.0130400,0.0656000
xfoil,r1-sm8,root,0.000,289.231,1.000,3.000,0.7200,0.450,0.000,45.0,241000,10,-5.0,1.700000,-0.0493000,0.0132700,0.0588000
xfoil,r1-sm8,root,0.000,289.231,1.000,3.000,0.7200,0.450,0.000,45.0,241000,10,-5.0,2.200000,0.0317000,0.0132800,0.0544000
xfoil,r1-sm8,root,0.000,289.231,1.000,3.000,0.7200,0.450,0.000,45.0,241000,10,-5.0,2.700000,0.1199000,0.0131500,0.0483000
xfoil,r1-sm8,root,0.000,289.231,1.000,3.000,0.7200,0.450,0.000,45.0,241000,10,-5.0,3.200000,0.2060000,0.0129500,0.0422000
xfoil,r1-sm8,root,0.000,289.231,1.000,3.000,0.7200,0.450,0.000,45.0,241000,10,-5.0,3.700000,0.2872000,0.0127400,0.0369000
xfoil,r1-sm8,root,0.000,289.231,1.000,3.000,0.7200,0.450,0.000,45.0,241000,10,-5.0,4.200000,0.3418000,0.0127000,0.0367000
xfoil,r1-sm8,root,0.000,289.231,1.000,3.000,0.7200,0.450,0.000,45.0,241000,10,-5.0,4.700000,0.3966000,0.0127200,0.0365000
xfoil,r1-sm8,root,0.000,289.231,1.000,3.000,0.7200,0.450,0.000,45.0,241000,10,-5.0,5.200000,0.4514000,0.0128200,0.0362000
xfoil,r1-sm8,root,0.000,289.231,1.000,3.000,0.7200,0.450,0.000,45.0,241000,10,-5.0,5.700000,0.5063000,0.0129900,0.0358000
xfoil,r1-sm8,root,0.000,289.231,1.000,3.000,0.7200,0.450,0.000,45.0,241000,10,-5.0,6.200000,0.5611000,0.0132100,0.0354000
xfoil,r1-sm8,root,0.000,289.231,1.000,3.000,0.7200,0.450,0.000,45.0,241000,10,-5.0,6.700000,0.6157000,0.0134900,0.0350000
xfoil,r1-sm8,root,0.000,289.231,1.000,3.000,0.7200,0.450,0.000,45.0,241000,10,-5.0,7.200000,0.6699000,0.0138300,0.0345000
xfoil,r1-sm8,root,0.000,289.231,1.000,3.000,0.7200,0.450,0.000,45.0,241000,10,-5.0,7.700000,0.7235000,0.0142400,0.0341000
xfoil,r1-sm8,root,0.000,289.231,1.000,3.000,0.7200,0.450,0.000,45.0,241000,10,-5.0,8.200000,0.7763000,0.0147300,0.0337000
xfoil,r1-sm8,root,0.000,289.231,1.000,3.000,0.7200,0.450,0.000,45.0,241000,10,-5.0,8.700000,0.8275000,0.0153100,0.0335000
xfoil,r1-sm8,root,0.000,289.231,1.000,3.000,0.7200,0.450,0.000,45.0,241000,10,-5.0,9.200000,0.8764000,0.0159900,0.0335000
xfoil,r1-sm8,root,0.000,289.231,1.000,3.000,0.7200,0.450,0.000,45.0,241000,10,-5.0,9.700000,0.9225000,0.0167700,0.0339000
xfoil,r1-sm8,root,0.000,289.231,1.000,3.000,0.7200,0.450,0.000,45.0,241000,10,-5.0,10.200000,0.9646000,0.0176500,0.0349000
xfoil,r1-sm8,root,0.000,289.231,1.000,3.000,0.7200,0.450,0.000,45.0,241000,10,-5.0,10.700000,1.0001000,0.0186100,0.0368000
xfoil,r1-sm8,root,0.000,289.231,1.000,3.000,0.7200,0.450,0.000,45.0,241000,10,-5.0,11.200000,1.0289000,0.0195300,0.0398000
xfoil,r1-sm8,root,0.000,289.231,1.000,3.000,0.7200,0.450,0.000,45.0,241000,10,-5.0,11.700000,1.0613000,0.0207100,0.0417000
xfoil,r1-sm8,root,0.000,289.231,1.000,3.000,0.7200,0.450,0.000,45.0,241000,10,-5.0,12.200000,1.0966000,0.0220900,0.0425000
xfoil,r1-sm8,root,0.000,289.231,1.000,3.000,0.7200,0.450,0.000,45.0,241000,10,-5.0,12.700000,1.1304000,0.0238400,0.0425000
xfoil,r1-sm8,root,0.000,289.231,1.000,3.000,0.7200,0.450,0.000,45.0,241000,10,-5.0,13.200000,1.1599000,0.0263000,0.0411000
xfoil,r1-sm8,root,0.000,289.231,1.000,3.000,0.7200,0.450,0.000,45.0,241000,10,0.0,-5.000000,-0.4775000,0.0138800,-0.0016000
xfoil,r1-sm8,root,0.000,289.231,1.000,3.000,0.7200,0.450,0.000,45.0,241000,10,0.0,-4.500000,-0.4243000,0.0134500,-0.0009000
xfoil,r1-sm8,root,0.000,289.231,1.000,3.000,0.7200,0.450,0.000,45.0,241000,10,0.0,-4.000000,-0.3714000,0.0129900,-0.0001000
xfoil,r1-sm8,root,0.000,289.231,1.000,3.000,0.7200,0.450,0.000,45.0,241000,10,0.0,-3.500000,-0.3186000,0.0125600,0.0009000
xfoil,r1-sm8,root,0.000,289.231,1.000,3.000,0.7200,0.450,0.000,45.0,241000,10,0.0,-3.000000,-0.2645000,0.0121300,0.0016000
xfoil,r1-sm8,root,0.000,289.231,1.000,3.000,0.7200,0.450,0.000,45.0,241000,10,0.0,-2.500000,-0.2112000,0.0116900,0.0025000
xfoil,r1-sm8,root,0.000,289.231,1.000,3.000,0.7200,0.450,0.000,45.0,241000,10,0.0,-2.000000,-0.1587000,0.0112600,0.0037000
xfoil,r1-sm8,root,0.000,289.231,1.000,3.000,0.7200,0.450,0.000,45.0,241000,10,0.0,-1.500000,-0.1062000,0.0107900,0.0050000
xfoil,r1-sm8,root,0.000,289.231,1.000,3.000,0.7200,0.450,0.000,45.0,241000,10,0.0,-1.000000,-0.0558000,0.0104300,0.0073000
xfoil,r1-sm8,root,0.000,289.231,1.000,3.000,0.7200,0.450,0.000,45.0,241000,10,0.0,-0.500000,-0.0047000,0.0102300,0.0097000
xfoil,r1-sm8,root,0.000,289.231,1.000,3.000,0.7200,0.450,0.000,45.0,241000,10,0.0,-0.000000,0.0531000,0.0101400,0.0110000
xfoil,r1-sm8,root,0.000,289.231,1.000,3.000,0.7200,0.450,0.000,45.0,241000,10,0.0,0.500000,0.1323000,0.0102000,0.0075000
xfoil,r1-sm8,root,0.000,289.231,1.000,3.000,0.7200,0.450,0.000,45.0,241000,10,0.0,1.000000,0.2249000,0.0102700,0.0007000
xfoil,r1-sm8,root,0.000,289.231,1.000,3.000,0.7200,0.450,0.000,45.0,241000,10,0.0,1.500000,0.3119000,0.0102200,-0.0057000
xfoil,r1-sm8,root,0.000,289.231,1.000,3.000,0.7200,0.450,0.000,45.0,241000,10,0.0,2.000000,0.3628000,0.0101600,-0.0052000
xfoil,r1-sm8,root,0.000,289.231,1.000,3.000,0.7200,0.450,0.000,45.0,241000,10,0.0,2.500000,0.4139000,0.0102200,-0.0045000
xfoil,r1-sm8,root,0.000,289.231,1.000,3.000,0.7200,0.450,0.000,45.0,241000,10,0.0,3.000000,0.4657000,0.0103900,-0.0040000
xfoil,r1-sm8,root,0.000,289.231,1.000,3.000,0.7200,0.450,0.000,45.0,241000,10,0.0,3.500000,0.5179000,0.0106500,-0.0034000
xfoil,r1-sm8,root,0.000,289.231,1.000,3.000,0.7200,0.450,0.000,45.0,241000,10,0.0,4.000000,0.5704000,0.0109900,-0.0030000
xfoil,r1-sm8,root,0.000,289.231,1.000,3.000,0.7200,0.450,0.000,45.0,241000,10,0.0,4.500000,0.6231000,0.0114000,-0.0025000
xfoil,r1-sm8,root,0.000,289.231,1.000,3.000,0.7200,0.450,0.000,45.0,241000,10,0.0,5.000000,0.6756000,0.0118800,-0.0021000
xfoil,r1-sm8,root,0.000,289.231,1.000,3.000,0.7200,0.450,0.000,45.0,241000,10,0.0,5.500000,0.7284000,0.0123900,-0.0018000
xfoil,r1-sm8,root,0.000,289.231,1.000,3.000,0.7200,0.450,0.000,45.0,241000,10,0.0,6.000000,0.7810000,0.0129600,-0.0015000
xfoil,r1-sm8,root,0.000,289.231,1.000,3.000,0.7200,0.450,0.000,45.0,241000,10,0.0,6.500000,0.8332000,0.0136200,-0.0013000
xfoil,r1-sm8,root,0.000,289.231,1.000,3.000,0.7200,0.450,0.000,45.0,241000,10,0.0,7.000000,0.8851000,0.0143100,-0.0010000
xfoil,r1-sm8,root,0.000,289.231,1.000,3.000,0.7200,0.450,0.000,45.0,241000,10,0.0,7.500000,0.9362000,0.0150700,-0.0008000
xfoil,r1-sm8,root,0.000,289.231,1.000,3.000,0.7200,0.450,0.000,45.0,241000,10,0.0,8.000000,0.9863000,0.0159300,-0.0005000
xfoil,r1-sm8,root,0.000,289.231,1.000,3.000,0.7200,0.450,0.000,45.0,241000,10,0.0,8.500000,1.0352000,0.0168900,-0.0001000
xfoil,r1-sm8,root,0.000,289.231,1.000,3.000,0.7200,0.450,0.000,45.0,241000,10,0.0,9.000000,1.0825000,0.0179600,0.0004000
xfoil,r1-sm8,root,0.000,289.231,1.000,3.000,0.7200,0.450,0.000,45.0,241000,10,0.0,9.500000,1.1280000,0.0191300,0.0009000
xfoil,r1-sm8,root,0.000,289.231,1.000,3.000,0.7200,0.450,0.000,45.0,241000,10,0.0,10.000000,1.1710000,0.0203900,0.0016000
xfoil,r1-sm8,root,0.000,289.231,1.000,3.000,0.7200,0.450,0.000,45.0,241000,10,5.0,-8.200000,-0.4114000,0.0155400,-0.0742000
xfoil,r1-sm8,root,0.000,289.231,1.000,3.000,0.7200,0.450,0.000,45.0,241000,10,5.0,-7.700000,-0.3626000,0.0149700,-0.0730000
xfoil,r1-sm8,root,0.000,289.231,1.000,3.000,0.7200,0.450,0.000,45.0,241000,10,5.0,-7.200000,-0.3152000,0.0146600,-0.0712000
xfoil,r1-sm8,root,0.000,289.231,1.000,3.000,0.7200,0.450,0.000,45.0,241000,10,5.0,-6.700000,-0.2676000,0.0144100,-0.0693000
xfoil,r1-sm8,root,0.000,289.231,1.000,3.000,0.7200,0.450,0.000,45.0,241000,10,5.0,-6.200000,-0.2211000,0.0141800,-0.0669000
xfoil,r1-sm8,root,0.000,289.231,1.000,3.000,0.7200,0.450,0.000,45.0,241000,10,5.0,-5.700000,-0.1727000,0.0139000,-0.0649000
xfoil,r1-sm8,root,0.000,289.231,1.000,3.000,0.7200,0.450,0.000,45.0,241000,10,5.0,-5.200000,-0.1236000,0.0135700,-0.0630000
xfoil,r1-sm8,root,0.000,289.231,1.000,3.000,0.7200,0.450,0.000,45.0,241000,10,5.0,-4.700000,-0.0743000,0.0132400,-0.0608000
xfoil,r1-sm8,root,0.000,289.231,1.000,3.000,0.7200,0.450,0.000,45.0,241000,10,5.0,-4.200000,-0.0235000,0.0128900,-0.0591000
xfoil,r1-sm8,root,0.000,289.231,1.000,3.000,0.7200,0.450,0.000,45.0,241000,10,5.0,-3.700000,0.0282000,0.0125200,-0.0575000
xfoil,r1-sm8,root,0.000,289.231,1.000,3.000,0.7200,0.450,0.000,45.0,241000,10,5.0,-3.200000,0.0799000,0.0121300,-0.0556000
xfoil,r1-sm8,root,0.000,289.231,1.000,3.000,0.7200,0.450,0.000,45.0,241000,10,5.0,-2.700000,0.1332000,0.0118000,-0.0543000
xfoil,r1-sm8,root,0.000,289.231,1.000,3.000,0.7200,0.450,0.000,45.0,241000,10,5.0,-2.200000,0.1866000,0.0114800,-0.0527000
xfoil,r1-sm8,root,0.000,289.231,1.000,3.000,0.7200,0.450,0.000,45.0,241000,10,5.0,-1.700000,0.2410000,0.0112200,-0.0514000
xfoil,r1-sm8,root,0.000,289.231,1.000,3.000,0.7200,0.450,0.000,45.0,241000,10,5.0,-1.200000,0.2958000,0.0109400,-0.0503000
xfoil,r1-sm8,root,0.000,289.231,1.000,3.000,0.7200,0.450,0.000,45.0,241000,10,5.0,-0.700000,0.3501000,0.0104700,-0.0490000
xfoil,r1-sm8,root,0.000,289.231,1.000,3.000,0.7200,0.450,0.000,45.0,241000,10,5.0,-0.200000,0.4032000,0.0100600,-0.0476000
xfoil,r1-sm8,root,0.000,289.231,1.000,3.000,0.7200,0.450,0.000,45.0,241000,10,5.0,0.300000,0.4546000,0.0098800,-0.0459000
xfoil,r1-sm8,root,0.000,289.231,1.000,3.000,0.7200,0.450,0.000,45.0,241000,10,5.0,0.800000,0.5303000,0.0097000,-0.0492000
xfoil,r1-sm8,root,0.000,289.231,1.000,3.000,0.7200,0.450,0.000,45.0,241000,10,5.0,1.300000,0.5880000,0.0099900,-0.0498000
xfoil,r1-sm8,root,0.000,289.231,1.000,3.000,0.7200,0.450,0.000,45.0,241000,10,5.0,1.800000,0.6446000,0.0103400,-0.0500000
xfoil,r1-sm8,root,0.000,289.231,1.000,3.000,0.7200,0.450,0.000,45.0,241000,10,5.0,2.300000,0.7003000,0.0107700,-0.0500000
xfoil,r1-sm8,root,0.000,289.231,1.000,3.000,0.7200,0.450,0.000,45.0,241000,10,5.0,2.800000,0.7552000,0.0112700,-0.0499000
xfoil,r1-sm8,root,0.000,289.231,1.000,3.000,0.7200,0.450,0.000,45.0,241000,10,5.0,3.300000,0.8095000,0.0118200,-0.0498000
xfoil,r1-sm8,root,0.000,289.231,1.000,3.000,0.7200,0.450,0.000,45.0,241000,10,5.0,3.800000,0.8631000,0.0124200,-0.0496000
xfoil,r1-sm8,root,0.000,289.231,1.000,3.000,0.7200,0.450,0.000,45.0,241000,10,5.0,4.300000,0.9158000,0.0130900,-0.0492000
xfoil,r1-sm8,root,0.000,289.231,1.000,3.000,0.7200,0.450,0.000,45.0,241000,10,5.0,4.800000,0.9677000,0.0138000,-0.0488000
xfoil,r1-sm8,root,0.000,289.231,1.000,3.000,0.7200,0.450,0.000,45.0,241000,10,5.0,5.300000,1.0186000,0.0145600,-0.0483000
xfoil,r1-sm8,root,0.000,289.231,1.000,3.000,0.7200,0.450,0.000,45.0,241000,10,5.0,5.800000,1.0683000,0.0153700,-0.0476000
xfoil,r1-sm8,root,0.000,289.231,1.000,3.000,0.7200,0.450,0.000,45.0,241000,10,5.0,6.300000,1.1164000,0.0163000,-0.0468000
xfoil,r1-sm8,root,0.000,289.231,1.000,3.000,0.7200,0.450,0.000,45.0,241000,10,5.0,6.800000,1.1630000,0.0172800,-0.0458000
xfoil,r1-sm8,root,0.000,289.231,1.000,3.000,0.7200,0.450,0.000,45.0,241000,10,10.0,-11.400000,-0.5998000,0.0266800,-0.0910000
xfoil,r1-sm8,root,0.000,289.231,1.000,3.000,0.7200,0.450,0.000,45.0,241000,10,10.0,-10.900000,-0.5398000,0.0245600,-0.0934000
xfoil,r1-sm8,root,0.000,289.231,1.000,3.000,0.7200,0.450,0.000,45.0,241000,10,10.0,-10.400000,-0.4925000,0.0229300,-0.0930000
xfoil,r1-sm8,root,0.000,289.231,1.000,3.000,0.7200,0.450,0.000,45.0,241000,10,10.0,-9.900000,-0.4231000,0.0213500,-0.0970000
xfoil,r1-sm8,root,0.000,289.231,1.000,3.000,0.7200,0.450,0.000,45.0,241000,10,10.0,-9.400000,-0.3691000,0.0199900,-0.0980000
xfoil,r1-sm8,root,0.000,289.231,1.000,3.000,0.7200,0.450,0.000,45.0,241000,10,10.0,-8.900000,-0.3025000,0.0189200,-0.1013000
xfoil,r1-sm8,root,0.000,289.231,1.000,3.000,0.7200,0.450,0.000,45.0,241000,10,10.0,-8.400000,-0.2328000,0.0186200,-0.1046000
xfoil,r1-sm8,root,0.000,289.231,1.000,3.000,0.7200,0.450,0.000,45.0,241000,10,10.0,-7.900000,-0.1623000,0.0185000,-0.1079000
xfoil,r1-sm8,root,0.000,289.231,1.000,3.000,0.7200,0.450,0.000,45.0,241000,10,10.0,-7.400000,-0.0955000,0.0184700,-0.1102000
xfoil,r1-sm8,root,0.000,289.231,1.000,3.000,0.7200,0.450,0.000,45.0,241000,10,10.0,-6.900000,-0.0287000,0.0183800,-0.1123000
xfoil,r1-sm8,root,0.000,289.231,1.000,3.000,0.7200,0.450,0.000,45.0,241000,10,10.0,-6.400000,0.0421000,0.0182500,-0.1148000
xfoil,r1-sm8,root,0.000,289.231,1.000,3.000,0.7200,0.450,0.000,45.0,241000,10,10.0,-5.900000,0.1131000,0.0181100,-0.1173000
xfoil,r1-sm8,root,0.000,289.231,1.000,3.000,0.7200,0.450,0.000,45.0,241000,10,10.0,-5.400000,0.1784000,0.0179300,-0.1182000
xfoil,r1-sm8,root,0.000,289.231,1.000,3.000,0.7200,0.450,0.000,45.0,241000,10,10.0,-4.900000,0.2404000,0.0176800,-0.1183000
xfoil,r1-sm8,root,0.000,289.231,1.000,3.000,0.7200,0.450,0.000,45.0,241000,10,10.0,-4.400000,0.2998000,0.0173800,-0.1175000
xfoil,r1-sm8,root,0.000,289.231,1.000,3.000,0.7200,0.450,0.000,45.0,241000,10,10.0,-3.900000,0.3568000,0.0170100,-0.1162000
xfoil,r1-sm8,root,0.000,289.231,1.000,3.000,0.7200,0.450,0.000,45.0,241000,10,10.0,-3.400000,0.4124000,0.0165900,-0.1144000
xfoil,r1-sm8,root,0.000,289.231,1.000,3.000,0.7200,0.450,0.000,45.0,241000,10,10.0,-2.900000,0.4672000,0.0160900,-0.1123000
xfoil,r1-sm8,root,0.000,289.231,1.000,3.000,0.7200,0.450,0.000,45.0,241000,10,10.0,-1.900000,0.5745000,0.0150500,-0.1081000
xfoil,r1-sm8,root,0.000,289.231,1.000,3.000,0.7200,0.450,0.000,45.0,241000,10,10.0,-1.400000,0.6300000,0.0142700,-0.1061000
xfoil,r1-sm8,root,0.000,289.231,1.000,3.000,0.7200,0.450,0.000,45.0,241000,10,10.0,-0.900000,0.6833000,0.0136400,-0.1047000
xfoil,r1-sm8,root,0.000,289.231,1.000,3.000,0.7200,0.450,0.000,45.0,241000,10,10.0,-0.400000,0.7382000,0.0126800,-0.1035000
xfoil,r1-sm8,root,0.000,289.231,1.000,3.000,0.7200,0.450,0.000,45.0,241000,10,10.0,0.100000,0.7947000,0.0114500,-0.1011000
xfoil,r1-sm8,root,0.000,289.231,1.000,3.000,0.7200,0.450,0.000,45.0,241000,10,10.0,0.600000,0.8451000,0.0117000,-0.0997000
xfoil,r1-sm8,root,0.000,289.231,1.000,3.000,0.7200,0.450,0.000,45.0,241000,10,10.0,1.100000,0.8948000,0.0119700,-0.0985000
xfoil,r1-sm8,root,0.000,289.231,1.000,3.000,0.7200,0.450,0.000,45.0,241000,10,10.0,1.600000,0.9428000,0.0123000,-0.0969000
xfoil,r1-sm8,root,0.000,289.231,1.000,3.000,0.7200,0.450,0.000,45.0,241000,10,10.0,2.100000,0.9951000,0.0125900,-0.0963000
xfoil,r1-sm8,root,0.000,289.231,1.000,3.000,0.7200,0.450,0.000,45.0,241000,10,10.0,2.600000,1.0455000,0.0134000,-0.0957000
xfoil,r1-sm8,root,0.000,289.231,1.000,3.000,0.7200,0.450,0.000,45.0,241000,10,10.0,3.100000,1.0942000,0.0142600,-0.0948000
xfoil,r1-sm8,root,0.000,289.231,1.000,3.000,0.7200,0.450,0.000,45.0,241000,10,10.0,3.600000,1.1413000,0.0151600,-0.0936000
xfoil,r1-sm8,root,0.000,289.231,1.000,3.000,0.7200,0.450,0.000,95.0,509000,6,-5.0,-1.800000,-0.5006000,0.0101100,0.0622000
xfoil,r1-sm8,root,0.000,289.231,1.000,3.000,0.7200,0.450,0.000,95.0,509000,6,-5.0,-1.300000,-0.4452000,0.0096800,0.0625000
xfoil,r1-sm8,root,0.000,289.231,1.000,3.000,0.7200,0.450,0.000,95.0,509000,6,-5.0,-0.800000,-0.3897000,0.0092700,0.0628000
xfoil,r1-sm8,root,0.000,289.231,1.000,3.000,0.7200,0.450,0.000,95.0,509000,6,-5.0,-0.300000,-0.3341000,0.0088600,0.0630000
xfoil,r1-sm8,root,0.000,289.231,1.000,3.000,0.7200,0.450,0.000,95.0,509000,6,-5.0,0.200000,-0.2791000,0.0084400,0.0633000
xfoil,r1-sm8,root,0.000,289.231,1.000,3.000,0.7200,0.450,0.000,95.0,509000,6,-5.0,0.700000,-0.2260000,0.0078400,0.0640000
xfoil,r1-sm8,root,0.000,289.231,1.000,3.000,0.7200,0.450,0.000,95.0,509000,6,-5.0,1.200000,-0.1771000,0.0073000,0.0659000
xfoil,r1-sm8,root,0.000,289.231,1.000,3.000,0.7200,0.450,0.000,95.0,509000,6,-5.0,1.700000,-0.1193000,0.0073800,0.0659000
xfoil,r1-sm8,root,0.000,289.231,1.000,3.000,0.7200,0.450,0.000,95.0,509000,6,-5.0,2.200000,-0.0611000,0.0074900,0.0658000
xfoil,r1-sm8,root,0.000,289.231,1.000,3.000,0.7200,0.450,0.000,95.0,509000,6,-5.0,2.700000,-0.0026000,0.0076200,0.0656000
xfoil,r1-sm8,root,0.000,289.231,1.000,3.000,0.7200,0.450,0.000,95.0,509000,6,-5.0,3.200000,0.0559000,0.0077700,0.0653000
xfoil,r1-sm8,root,0.000,289.231,1.000,3.000,0.7200,0.450,0.000,95.0,509000,6,-5.0,3.700000,0.1144000,0.0079300,0.0649000
xfoil,r1-sm8,root,0.000,289.231,1.000,3.000,0.7200,0.450,0.000,95.0,509000,6,-5.0,4.200000,0.1729000,0.0081100,0.0645000
xfoil,r1-sm8,root,0.000,289.231,1.000,3.000,0.7200,0.450,0.000,95.0,509000,6,-5.0,4.700000,0.2314000,0.0083200,0.0640000
xfoil,r1-sm8,root,0.000,289.231,1.000,3.000,0.7200,0.450,0.000,95.0,509000,6,-5.0,5.200000,0.2894000,0.0085500,0.0636000
xfoil,r1-sm8,root,0.000,289.231,1.000,3.000,0.7200,0.450,0.000,95.0,509000,6,-5.0,5.700000,0.3469000,0.0088000,0.0632000
xfoil,r1-sm8,root,0.000,289.231,1.000,3.000,0.7200,0.450,0.000,95.0,509000,6,-5.0,6.200000,0.4061000,0.0090800,0.0623000
xfoil,r1-sm8,root,0.000,289.231,1.000,3.000,0.7200,0.450,0.000,95.0,509000,6,-5.0,6.700000,0.4653000,0.0093900,0.0613000
xfoil,r1-sm8,root,0.000,289.231,1.000,3.000,0.7200,0.450,0.000,95.0,509000,6,-5.0,7.200000,0.5242000,0.0097500,0.0602000
xfoil,r1-sm8,root,0.000,289.231,1.000,3.000,0.7200,0.450,0.000,95.0,509000,6,-5.0,8.200000,0.6408000,0.0105800,0.0581000
xfoil,r1-sm8,root,0.000,289.231,1.000,3.000,0.7200,0.450,0.000,95.0,509000,6,-5.0,8.700000,0.6984000,0.0110600,0.0571000
xfoil,r1-sm8,root,0.000,289.231,1.000,3.000,0.7200,0.450,0.000,95.0,509000,6,-5.0,9.200000,0.7554000,0.0116100,0.0561000
xfoil,r1-sm8,root,0.000,289.231,1.000,3.000,0.7200,0.450,0.000,95.0,509000,6,-5.0,9.700000,0.8117000,0.0122500,0.0550000
xfoil,r1-sm8,root,0.000,289.231,1.000,3.000,0.7200,0.450,0.000,95.0,509000,6,-5.0,10.200000,0.8675000,0.0129800,0.0539000
xfoil,r1-sm8,root,0.000,289.231,1.000,3.000,0.7200,0.450,0.000,95.0,509000,6,-5.0,10.700000,0.9237000,0.0138300,0.0524000
xfoil,r1-sm8,root,0.000,289.231,1.000,3.000,0.7200,0.450,0.000,95.0,509000,6,-5.0,11.700000,1.0460000,0.0159500,0.0465000
xfoil,r1-sm8,root,0.000,289.231,1.000,3.000,0.7200,0.450,0.000,95.0,509000,6,-5.0,12.200000,1.1076000,0.0173500,0.0426000
xfoil,r1-sm8,root,0.000,289.231,1.000,3.000,0.7200,0.450,0.000,95.0,509000,6,-5.0,12.700000,1.1575000,0.0189200,0.0404000
xfoil,r1-sm8,root,0.000,289.231,1.000,3.000,0.7200,0.450,0.000,95.0,509000,6,-5.0,13.200000,1.1942000,0.0209200,0.0396000
xfoil,r1-sm8,root,0.000,289.231,1.000,3.000,0.7200,0.450,0.000,95.0,509000,6,0.0,-5.000000,-0.5114000,0.0109700,0.0092000
xfoil,r1-sm8,root,0.000,289.231,1.000,3.000,0.7200,0.450,0.000,95.0,509000,6,0.0,-4.500000,-0.4551000,0.0104800,0.0092000
xfoil,r1-sm8,root,0.000,289.231,1.000,3.000,0.7200,0.450,0.000,95.0,509000,6,0.0,-4.000000,-0.3985000,0.0100200,0.0092000
xfoil,r1-sm8,root,0.000,289.231,1.000,3.000,0.7200,0.450,0.000,95.0,509000,6,0.0,-3.500000,-0.3416000,0.0096200,0.0092000
xfoil,r1-sm8,root,0.000,289.231,1.000,3.000,0.7200,0.450,0.000,95.0,509000,6,0.0,-3.000000,-0.2843000,0.0092800,0.0091000
xfoil,r1-sm8,root,0.000,289.231,1.000,3.000,0.7200,0.450,0.000,95.0,509000,6,0.0,-2.500000,-0.2268000,0.0089600,0.0090000
xfoil,r1-sm8,root,0.000,289.231,1.000,3.000,0.7200,0.450,0.000,95.0,509000,6,0.0,-2.000000,-0.1691000,0.0086800,0.0088000
xfoil,r1-sm8,root,0.000,289.231,1.000,3.000,0.7200,0.450,0.000,95.0,509000,6,0.0,-1.500000,-0.1115000,0.0084400,0.0086000
xfoil,r1-sm8,root,0.000,289.231,1.000,3.000,0.7200,0.450,0.000,95.0,509000,6,0.0,-1.000000,-0.0538000,0.0082100,0.0085000
xfoil,r1-sm8,root,0.000,289.231,1.000,3.000,0.7200,0.450,0.000,95.0,509000,6,0.0,-0.500000,0.0037000,0.0079900,0.0083000
xfoil,r1-sm8,root,0.000,289.231,1.000,3.000,0.7200,0.450,0.000,95.0,509000,6,0.0,-0.000000,0.0610000,0.0078000,0.0082000
xfoil,r1-sm8,root,0.000,289.231,1.000,3.000,0.7200,0.450,0.000,95.0,509000,6,0.0,0.500000,0.1176000,0.0076100,0.0082000
xfoil,r1-sm8,root,0.000,289.231,1.000,3.000,0.7200,0.450,0.000,95.0,509000,6,0.0,1.000000,0.1725000,0.0074100,0.0087000
xfoil,r1-sm8,root,0.000,289.231,1.000,3.000,0.7200,0.450,0.000,95.0,509000,6,0.0,1.500000,0.2283000,0.0074000,0.0091000
xfoil,r1-sm8,root,0.000,289.231,1.000,3.000,0.7200,0.450,0.000,95.0,509000,6,0.0,2.000000,0.2840000,0.0074500,0.0095000
xfoil,r1-sm8,root,0.000,289.231,1.000,3.000,0.7200,0.450,0.000,95.0,509000,6,0.0,2.500000,0.3429000,0.0076000,0.0093000
xfoil,r1-sm8,root,0.000,289.231,1.000,3.000,0.7200,0.450,0.000,95.0,509000,6,0.0,3.000000,0.4153000,0.0078600,0.0060000
xfoil,r1-sm8,root,0.000,289.231,1.000,3.000,0.7200,0.450,0.000,95.0,509000,6,0.0,3.500000,0.4893000,0.0081900,0.0021000
xfoil,r1-sm8,root,0.000,289.231,1.000,3.000,0.7200,0.450,0.000,95.0,509000,6,0.0,4.000000,0.5635000,0.0085500,-0.0020000
xfoil,r1-sm8,root,0.000,289.231,1.000,3.000,0.7200,0.450,0.000,95.0,509000,6,0.0,4.500000,0.6195000,0.0088900,-0.0023000
xfoil,r1-sm8,root,0.000,289.231,1.000,3.000,0.7200,0.450,0.000,95.0,509000,6,0.0,5.000000,0.6731000,0.0092700,-0.0021000
xfoil,r1-sm8,root,0.000,289.231,1.000,3.000,0.7200,0.450,0.000,95.0,509000,6,0.0,5.500000,0.7267000,0.0096900,-0.0020000
xfoil,r1-sm8,root,0.000,289.231,1.000,3.000,0.7200,0.450,0.000,95.0,509000,6,0.0,6.000000,0.7802000,0.0101500,-0.0018000
xfoil,r1-sm8,root,0.000,289.231,1.000,3.000,0.7200,0.450,0.000,95.0,509000,6,0.0,7.000000,0.8870000,0.0112000,-0.0017000
xfoil,r1-sm8,root,0.000,289.231,1.000,3.000,0.7200,0.450,0.000,95.0,509000,6,0.0,7.500000,0.9399000,0.0118100,-0.0017000
xfoil,r1-sm8,root,0.000,289.231,1.000,3.000,0.7200,0.450,0.000,95.0,509000,6,0.0,8.000000,0.9922000,0.0124800,-0.0017000
xfoil,r1-sm8,root,0.000,289.231,1.000,3.000,0.7200,0.450,0.000,95.0,509000,6,0.0,8.500000,1.0434000,0.0132600,-0.0016000
xfoil,r1-sm8,root,0.000,289.231,1.000,3.000,0.7200,0.450,0.000,95.0,509000,6,0.0,9.000000,1.0934000,0.0141400,-0.0015000
xfoil,r1-sm8,root,0.000,289.231,1.000,3.000,0.7200,0.450,0.000,95.0,509000,6,0.0,9.500000,1.1423000,0.0150600,-0.0013000
xfoil,r1-sm8,root,0.000,289.231,1.000,3.000,0.7200,0.450,0.000,95.0,509000,6,0.0,10.000000,1.1896000,0.0160900,-0.0010000
xfoil,r1-sm8,root,0.000,289.231,1.000,3.000,0.7200,0.450,0.000,95.0,509000,6,5.0,-8.200000,-0.5131000,0.0127300,-0.0449000
xfoil,r1-sm8,root,0.000,289.231,1.000,3.000,0.7200,0.450,0.000,95.0,509000,6,5.0,-7.700000,-0.4576000,0.0119400,-0.0450000
xfoil,r1-sm8,root,0.000,289.231,1.000,3.000,0.7200,0.450,0.000,95.0,509000,6,5.0,-7.200000,-0.4025000,0.0112200,-0.0449000
xfoil,r1-sm8,root,0.000,289.231,1.000,3.000,0.7200,0.450,0.000,95.0,509000,6,5.0,-6.700000,-0.3457000,0.0106200,-0.0452000
xfoil,r1-sm8,root,0.000,289.231,1.000,3.000,0.7200,0.450,0.000,95.0,509000,6,5.0,-6.200000,-0.2886000,0.0101100,-0.0453000
xfoil,r1-sm8,root,0.000,289.231,1.000,3.000,0.7200,0.450,0.000,95.0,509000,6,5.0,-5.700000,-0.2313000,0.0096600,-0.0455000
xfoil,r1-sm8,root,0.000,289.231,1.000,3.000,0.7200,0.450,0.000,95.0,509000,6,5.0,-5.200000,-0.1737000,0.0092400,-0.0457000
xfoil,r1-sm8,root,0.000,289.231,1.000,3.000,0.7200,0.450,0.000,95.0,509000,6,5.0,-4.700000,-0.1156000,0.0088800,-0.0459000
xfoil,r1-sm8,root,0.000,289.231,1.000,3.000,0.7200,0.450,0.000,95.0,509000,6,5.0,-4.200000,-0.0573000,0.0085500,-0.0462000
xfoil,r1-sm8,root,0.000,289.231,1.000,3.000,0.7200,0.450,0.000,95.0,509000,6,5.0,-3.700000,0.0008000,0.0082500,-0.0464000
xfoil,r1-sm8,root,0.000,289.231,1.000,3.000,0.7200,0.450,0.000,95.0,509000,6,5.0,-3.200000,0.0583000,0.0080700,-0.0464000
xfoil,r1-sm8,root,0.000,289.231,1.000,3.000,0.7200,0.450,0.000,95.0,509000,6,5.0,-2.700000,0.1162000,0.0080100,-0.0466000
xfoil,r1-sm8,root,0.000,289.231,1.000,3.000,0.7200,0.450,0.000,95.0,509000,6,5.0,-2.200000,0.1743000,0.0079700,-0.0469000
xfoil,r1-sm8,root,0.000,289.231,1.000,3.000,0.7200,0.450,0.000,95.0,509000,6,5.0,-1.700000,0.2325000,0.0079400,-0.0472000
xfoil,r1-sm8,root,0.000,289.231,1.000,3.000,0.7200,0.450,0.000,95.0,509000,6,5.0,-1.200000,0.2905000,0.0079500,-0.0475000
xfoil,r1-sm8,root,0.000,289.231,1.000,3.000,0.7200,0.450,0.000,95.0,509000,6,5.0,-0.700000,0.3484000,0.0080200,-0.0477000
xfoil,r1-sm8,root,0.000,289.231,1.000,3.000,0.7200,0.450,0.000,95.0,509000,6,5.0,-0.200000,0.4060000,0.0081400,-0.0479000
xfoil,r1-sm8,root,0.000,289.231,1.000,3.000,0.7200,0.450,0.000,95.0,509000,6,5.0,0.300000,0.4633000,0.0083400,-0.0481000
xfoil,r1-sm8,root,0.000,289.231,1.000,3.000,0.7200,0.450,0.000,95.0,509000,6,5.0,0.800000,0.5205000,0.0086100,-0.0483000
xfoil,r1-sm8,root,0.000,289.231,1.000,3.000,0.7200,0.450,0.000,95.0,509000,6,5.0,1.300000,0.5776000,0.0089300,-0.0485000
xfoil,r1-sm8,root,0.000,289.231,1.000,3.000,0.7200,0.450,0.000,95.0,509000,6,5.0,1.800000,0.6342000,0.0092500,-0.0487000
xfoil,r1-sm8,root,0.000,289.231,1.000,3.000,0.7200,0.450,0.000,95.0,509000,6,5.0,2.300000,0.6903000,0.0095500,-0.0488000
xfoil,r1-sm8,root,0.000,289.231,1.000,3.000,0.7200,0.450,0.000,95.0,509000,6,5.0,2.800000,0.7457000,0.0098100,-0.0488000
xfoil,r1-sm8,root,0.000,289.231,1.000,3.000,0.7200,0.450,0.000,95.0,509000,6,5.0,3.300000,0.7994000,0.0100100,-0.0485000
xfoil,r1-sm8,root,0.000,289.231,1.000,3.000,0.7200,0.450,0.000,95.0,509000,6,5.0,3.800000,0.8624000,0.0100900,-0.0500000
xfoil,r1-sm8,root,0.000,289.231,1.000,3.000,0.7200,0.450,0.000,95.0,509000,6,5.0,4.300000,0.9168000,0.0106100,-0.0499000
xfoil,r1-sm8,root,0.000,289.231,1.000,3.000,0.7200,0.450,0.000,95.0,509000,6,5.0,4.800000,0.9705000,0.0111600,-0.0498000
xfoil,r1-sm8,root,0.000,289.231,1.000,3.000,0.7200,0.450,0.000,95.0,509000,6,5.0,5.300000,1.0234000,0.0117500,-0.0496000
xfoil,r1-sm8,root,0.000,289.231,1.000,3.000,0.7200,0.450,0.000,95.0,509000,6,5.0,5.800000,1.0754000,0.0123900,-0.0493000
xfoil,r1-sm8,root,0.000,289.231,1.000,3.000,0.7200,0.450,0.000,95.0,509000,6,5.0,6.300000,1.1263000,0.0130900,-0.0489000
xfoil,r1-sm8,root,0.000,289.231,1.000,3.000,0.7200,0.450,0.000,95.0,509000,6,5.0,6.800000,1.1757000,0.0138700,-0.0483000
xfoil,r1-sm8,root,0.000,289.231,1.000,3.000,0.7200,0.450,0.000,95.0,509000,10,-5.0,-1.800000,-0.5033000,0.0099800,0.0619000
xfoil,r1-sm8,root,0.000,289.231,1.000,3.000,0.7200,0.450,0.000,95.0,509000,10,-5.0,-1.300000,-0.4494000,0.0093700,0.0626000
xfoil,r1-sm8,root,0.000,289.231,1.000,3.000,0.7200,0.450,0.000,95.0,509000,10,-5.0,-0.800000,-0.3965000,0.0087200,0.0634000
xfoil,r1-sm8,root,0.000,289.231,1.000,3.000,0.7200,0.450,0.000,95.0,509000,10,-5.0,-0.300000,-0.3476000,0.0077200,0.0650000
xfoil,r1-sm8,root,0.000,289.231,1.000,3.000,0.7200,0.450,0.000,95.0,509000,10,-5.0,0.200000,-0.2987000,0.0074400,0.0674000
xfoil,r1-sm8,root,0.000,289.231,1.000,3.000,0.7200,0.450,0.000,95.0,509000,10,-5.0,0.700000,-0.2432000,0.0075000,0.0684000
xfoil,r1-sm8,root,0.000,289.231,1.000,3.000,0.7200,0.450,0.000,95.0,509000,10,-5.0,1.200000,-0.1875000,0.0075700,0.0692000
xfoil,r1-sm8,root,0.000,289.231,1.000,3.000,0.7200,0.450,0.000,95.0,509000,10,-5.0,1.700000,-0.1316000,0.0076400,0.0700000
xfoil,r1-sm8,root,0.000,289.231,1.000,3.000,0.7200,0.450,0.000,95.0,509000,10,-5.0,2.200000,-0.0752000,0.0077100,0.0706000
xfoil,r1-sm8,root,0.000,289.231,1.000,3.000,0.7200,0.450,0.000,95.0,509000,10,-5.0,2.700000,-0.0187000,0.0077900,0.0710000
xfoil,r1-sm8,root,0.000,289.231,1.000,3.000,0.7200,0.450,0.000,95.0,509000,10,-5.0,3.200000,0.0380000,0.0078900,0.0713000
xfoil,r1-sm8,root,0.000,289.231,1.000,3.000,0.7200,0.450,0.000,95.0,509000,10,-5.0,3.700000,0.0948000,0.0080200,0.0714000
xfoil,r1-sm8,root,0.000,289.231,1.000,3.000,0.7200,0.450,0.000,95.0,509000,10,-5.0,4.200000,0.1519000,0.0081700,0.0714000
xfoil,r1-sm8,root,0.000,289.231,1.000,3.000,0.7200,0.450,0.000,95.0,509000,10,-5.0,4.700000,0.2093000,0.0083500,0.0713000
xfoil,r1-sm8,root,0.000,289.231,1.000,3.000,0.7200,0.450,0.000,95.0,509000,10,-5.0,5.200000,0.2665000,0.0085500,0.0711000
xfoil,r1-sm8,root,0.000,289.231,1.000,3.000,0.7200,0.450,0.000,95.0,509000,10,-5.0,5.700000,0.3242000,0.0088100,0.0709000
xfoil,r1-sm8,root,0.000,289.231,1.000,3.000,0.7200,0.450,0.000,95.0,509000,10,-5.0,6.200000,0.3857000,0.0090700,0.0694000
xfoil,r1-sm8,root,0.000,289.231,1.000,3.000,0.7200,0.450,0.000,95.0,509000,10,-5.0,6.700000,0.4461000,0.0093300,0.0680000
xfoil,r1-sm8,root,0.000,289.231,1.000,3.000,0.7200,0.450,0.000,95.0,509000,10,-5.0,7.200000,0.5055000,0.0096200,0.0668000
xfoil,r1-sm8,root,0.000,289.231,1.000,3.000,0.7200,0.450,0.000,95.0,509000,10,-5.0,7.700000,0.5678000,0.0099900,0.0648000
xfoil,r1-sm8,root,0.000,289.231,1.000,3.000,0.7200,0.450,0.000,95.0,509000,10,-5.0,8.200000,0.6301000,0.0104200,0.0628000
xfoil,r1-sm8,root,0.000,289.231,1.000,3.000,0.7200,0.450,0.000,95.0,509000,10,-5.0,8.700000,0.6912000,0.0109000,0.0609000
xfoil,r1-sm8,root,0.000,289.231,1.000,3.000,0.7200,0.450,0.000,95.0,509000,10,-5.0,9.200000,0.7559000,0.0114900,0.0581000
xfoil,r1-sm8,root,0.000,289.231,1.000,3.000,0.7200,0.450,0.000,95.0,509000,10,-5.0,9.700000,0.8191000,0.0121600,0.0554000
xfoil,r1-sm8,root,0.000,289.231,1.000,3.000,0.7200,0.450,0.000,95.0,509000,10,-5.0,10.200000,0.8851000,0.0129500,0.0520000
xfoil,r1-sm8,root,0.000,289.231,1.000,3.000,0.7200,0.450,0.000,95.0,509000,10,-5.0,10.700000,0.9513000,0.0138100,0.0483000
xfoil,r1-sm8,root,0.000,289.231,1.000,3.000,0.7200,0.450,0.000,95.0,509000,10,-5.0,11.200000,1.0178000,0.0148000,0.0443000
xfoil,r1-sm8,root,0.000,289.231,1.000,3.000,0.7200,0.450,0.000,95.0,509000,10,-5.0,11.700000,1.0852000,0.0159200,0.0397000
xfoil,r1-sm8,root,0.000,289.231,1.000,3.000,0.7200,0.450,0.000,95.0,509000,10,-5.0,12.200000,1.1250000,0.0169100,0.0402000
xfoil,r1-sm8,root,0.000,289.231,1.000,3.000,0.7200,0.450,0.000,95.0,509000,10,-5.0,12.700000,1.1637000,0.0182100,0.0408000
xfoil,r1-sm8,root,0.000,289.231,1.000,3.000,0.7200,0.450,0.000,95.0,509000,10,-5.0,13.200000,1.2031000,0.0198300,0.0404000
xfoil,r1-sm8,root,0.000,289.231,1.000,3.000,0.7200,0.450,0.000,95.0,509000,10,0.0,-5.000000,-0.5110000,0.0107800,0.0082000
xfoil,r1-sm8,root,0.000,289.231,1.000,3.000,0.7200,0.450,0.000,95.0,509000,10,0.0,-4.500000,-0.4548000,0.0103500,0.0083000
xfoil,r1-sm8,root,0.000,289.231,1.000,3.000,0.7200,0.450,0.000,95.0,509000,10,0.0,-3.500000,-0.3418000,0.0095400,0.0085000
xfoil,r1-sm8,root,0.000,289.231,1.000,3.000,0.7200,0.450,0.000,95.0,509000,10,0.0,-3.000000,-0.2851000,0.0091600,0.0085000
xfoil,r1-sm8,root,0.000,289.231,1.000,3.000,0.7200,0.450,0.000,95.0,509000,10,0.0,-2.500000,-0.2282000,0.0087900,0.0086000
xfoil,r1-sm8,root,0.000,289.231,1.000,3.000,0.7200,0.450,0.000,95.0,509000,10,0.0,-2.000000,-0.1714000,0.0084200,0.0086000
xfoil,r1-sm8,root,0.000,289.231,1.000,3.000,0.7200,0.450,0.000,95.0,509000,10,0.0,-1.500000,-0.1146000,0.0080500,0.0087000
xfoil,r1-sm8,root,0.000,289.231,1.000,3.000,0.7200,0.450,0.000,95.0,509000,10,0.0,-1.000000,-0.0582000,0.0076900,0.0089000
xfoil,r1-sm8,root,0.000,289.231,1.000,3.000,0.7200,0.450,0.000,95.0,509000,10,0.0,-0.500000,-0.0031000,0.0072900,0.0095000
xfoil,r1-sm8,root,0.000,289.231,1.000,3.000,0.7200,0.450,0.000,95.0,509000,10,0.0,-0.000000,0.0511000,0.0070400,0.0105000
xfoil,r1-sm8,root,0.000,289.231,1.000,3.000,0.7200,0.450,0.000,95.0,509000,10,0.0,0.500000,0.1057000,0.0069100,0.0114000
xfoil,r1-sm8,root,0.000,289.231,1.000,3.000,0.7200,0.450,0.000,95.0,509000,10,0.0,1.000000,0.1614000,0.0068700,0.0123000
xfoil,r1-sm8,root,0.000,289.231,1.000,3.000,0.7200,0.450,0.000,95.0,509000,10,0.0,1.500000,0.2286000,0.0069900,0.0105000
xfoil,r1-sm8,root,0.000,289.231,1.000,3.000,0.7200,0.450,0.000,95.0,509000,10,0.0,2.000000,0.3058000,0.0072200,0.0064000
xfoil,r1-sm8,root,0.000,289.231,1.000,3.000,0.7200,0.450,0.000,95.0,509000,10,0.0,2.500000,0.3880000,0.0074900,0.0009000
xfoil,r1-sm8,root,0.000,289.231,1.000,3.000,0.7200,0.450,0.000,95.0,509000,10,0.0,3.000000,0.4606000,0.0077300,-0.0028000
xfoil,r1-sm8,root,0.000,289.231,1.000,3.000,0.7200,0.450,0.000,95.0,509000,10,0.0,3.500000,0.5134000,0.0079600,-0.0025000
xfoil,r1-sm8,root,0.000,289.231,1.000,3.000,0.7200,0.450,0.000,95.0,509000,10,0.0,4.000000,0.5668000,0.0082500,-0.0023000
xfoil,r1-sm8,root,0.000,289.231,1.000,3.000,0.7200,0.450,0.000,95.0,509000,10,0.0,4.500000,0.6205000,0.0086000,-0.0021000
xfoil,r1-sm8,root,0.000,289.231,1.000,3.000,0.7200,0.450,0.000,95.0,509000,10,0.0,5.000000,0.6743000,0.0089700,-0.0019000
xfoil,r1-sm8,root,0.000,289.231,1.000,3.000,0.7200,0.450,0.000,95.0,509000,10,0.0,5.500000,0.7281000,0.0093800,-0.0017000
xfoil,r1-sm8,root,0.000,289.231,1.000,3.000,0.7200,0.450,0.000,95.0,509000,10,0.0,6.000000,0.7818000,0.0098400,-0.0016000
xfoil,r1-sm8,root,0.000,289.231,1.000,3.000,0.7200,0.450,0.000,95.0,509000,10,0.0,6.500000,0.8355000,0.0103400,-0.0016000
xfoil,r1-sm8,root,0.000,289.231,1.000,3.000,0.7200,0.450,0.000,95.0,509000,10,0.0,7.000000,0.8890000,0.0108900,-0.0015000
xfoil,r1-sm8,root,0.000,289.231,1.000,3.000,0.7200,0.450,0.000,95.0,509000,10,0.0,7.500000,0.9420000,0.0115100,-0.0015000
xfoil,r1-sm8,root,0.000,289.231,1.000,3.000,0.7200,0.450,0.000,95.0,509000,10,0.0,8.000000,0.9944000,0.0121900,-0.0015000
xfoil,r1-sm8,root,0.000,289.231,1.000,3.000,0.7200,0.450,0.000,95.0,509000,10,0.0,8.500000,1.0457000,0.0129800,-0.0015000
xfoil,r1-sm8,root,0.000,289.231,1.000,3.000,0.7200,0.450,0.000,95.0,509000,10,0.0,9.000000,1.0963000,0.0137900,-0.0014000
xfoil,r1-sm8,root,0.000,289.231,1.000,3.000,0.7200,0.450,0.000,95.0,509000,10,0.0,9.500000,1.1454000,0.0147200,-0.0012000
xfoil,r1-sm8,root,0.000,289.231,1.000,3.000,0.7200,0.450,0.000,95.0,509000,10,0.0,10.000000,1.1931000,0.0157200,-0.0010000
xfoil,r1-sm8,root,0.000,289.231,1.000,3.000,0.7200,0.450,0.000,95.0,509000,10,5.0,-8.200000,-0.4960000,0.0130400,-0.0505000
xfoil,r1-sm8,root,0.000,289.231,1.000,3.000,0.7200,0.450,0.000,95.0,509000,10,5.0,-7.700000,-0.4433000,0.0120000,-0.0502000
xfoil,r1-sm8,root,0.000,289.231,1.000,3.000,0.7200,0.450,0.000,95.0,509000,10,5.0,-7.200000,-0.3899000,0.0113400,-0.0496000
xfoil,r1-sm8,root,0.000,289.231,1.000,3.000,0.7200,0.450,0.000,95.0,509000,10,5.0,-6.700000,-0.3357000,0.0108500,-0.0491000
xfoil,r1-sm8,root,0.000,289.231,1.000,3.000,0.7200,0.450,0.000,95.0,509000,10,5.0,-6.200000,-0.2800000,0.0103800,-0.0488000
xfoil,r1-sm8,root,0.000,289.231,1.000,3.000,0.7200,0.450,0.000,95.0,509000,10,5.0,-5.700000,-0.2241000,0.0099600,-0.0485000
xfoil,r1-sm8,root,0.000,289.231,1.000,3.000,0.7200,0.450,0.000,95.0,509000,10,5.0,-4.700000,-0.1117000,0.0091700,-0.0480000
xfoil,r1-sm8,root,0.000,289.231,1.000,3.000,0.7200,0.450,0.000,95.0,509000,10,5.0,-4.200000,-0.0550000,0.0087900,-0.0477000
xfoil,r1-sm8,root,0.000,289.231,1.000,3.000,0.7200,0.450,0.000,95.0,509000,10,5.0,-3.700000,0.0024000,0.0084200,-0.0477000
xfoil,r1-sm8,root,0.000,289.231,1.000,3.000,0.7200,0.450,0.000,95.0,509000,10,5.0,-3.200000,0.0602000,0.0080600,-0.0477000
xfoil,r1-sm8,root,0.000,289.231,1.000,3.000,0.7200,0.450,0.000,95.0,509000,10,5.0,-2.700000,0.1182000,0.0077500,-0.0477000
xfoil,r1-sm8,root,0.000,289.231,1.000,3.000,0.7200,0.450,0.000,95.0,509000,10,5.0,-2.200000,0.1760000,0.0074900,-0.0477000
xfoil,r1-sm8,root,0.000,289.231,1.000,3.000,0.7200,0.450,0.000,95.0,509000,10,5.0,-1.700000,0.2332000,0.0074000,-0.0475000
xfoil,r1-sm8,root,0.000,289.231,1.000,3.000,0.7200,0.450,0.000,95.0,509000,10,5.0,-1.200000,0.2904000,0.0075100,-0.0474000
xfoil,r1-sm8,root,0.000,289.231,1.000,3.000,0.7200,0.450,0.000,95.0,509000,10,5.0,-0.700000,0.3480000,0.0076600,-0.0474000
xfoil,r1-sm8,root,0.000,289.231,1.000,3.000,0.7200,0.450,0.000,95.0,509000,10,5.0,-0.200000,0.4058000,0.0078500,-0.0475000
xfoil,r1-sm8,root,0.000,289.231,1.000,3.000,0.7200,0.450,0.000,95.0,509000,10,5.0,0.800000,0.5206000,0.0081300,-0.0477000
xfoil,r1-sm8,root,0.000,289.231,1.000,3.000,0.7200,0.450,0.000,95.0,509000,10,5.0,1.300000,0.5768000,0.0082100,-0.0477000
xfoil,r1-sm8,root,0.000,289.231,1.000,3.000,0.7200,0.450,0.000,95.0,509000,10,5.0,1.800000,0.6311000,0.0082500,-0.0473000
xfoil,r1-sm8,root,0.000,289.231,1.000,3.000,0.7200,0.450,0.000,95.0,509000,10,5.0,2.300000,0.6988000,0.0082500,-0.0496000
xfoil,r1-sm8,root,0.000,289.231,1.000,3.000,0.7200,0.450,0.000,95.0,509000,10,5.0,2.800000,0.7551000,0.0087000,-0.0499000
xfoil,r1-sm8,root,0.000,289.231,1.000,3.000,0.7200,0.450,0.000,95.0,509000,10,5.0,3.300000,0.8108000,0.0091700,-0.0500000
xfoil,r1-sm8,root,0.000,289.231,1.000,3.000,0.7200,0.450,0.000,95.0,509000,10,5.0,3.800000,0.8660000,0.0096600,-0.0501000
xfoil,r1-sm8,root,0.000,289.231,1.000,3.000,0.7200,0.450,0.000,95.0,509000,10,5.0,4.300000,0.9205000,0.0101800,-0.0501000
xfoil,r1-sm8,root,0.000,289.231,1.000,3.000,0.7200,0.450,0.000,95.0,509000,10,5.0,4.800000,0.9742000,0.0107600,-0.0500000
xfoil,r1-sm8,root,0.000,289.231,1.000,3.000,0.7200,0.450,0.000,95.0,509000,10,5.0,5.300000,1.0272000,0.0113600,-0.0498000
xfoil,r1-sm8,root,0.000,289.231,1.000,3.000,0.7200,0.450,0.000,95.0,509000,10,5.0,5.800000,1.0794000,0.0119900,-0.0495000
xfoil,r1-sm8,root,0.000,289.231,1.000,3.000,0.7200,0.450,0.000,95.0,509000,10,5.0,6.300000,1.1304000,0.0126900,-0.0490000
xfoil,r1-sm8,root,0.000,289.231,1.000,3.000,0.7200,0.450,0.000,95.0,509000,10,5.0,6.800000,1.1800000,0.0134800,-0.0485000
xfoil,r1-sm8,root,0.000,289.231,1.000,3.000,0.7200,0.450,0.000,105.0,562000,6,-5.0,-1.800000,-0.5024000,0.0098700,0.0627000
xfoil,r1-sm8,root,0.000,289.231,1.000,3.000,0.7200,0.450,0.000,105.0,562000,6,-5.0,-1.300000,-0.4466000,0.0094600,0.0629000
xfoil,r1-sm8,root,0.000,289.231,1.000,3.000,0.7200,0.450,0.000,105.0,562000,6,-5.0,-0.800000,-0.3909000,0.0090600,0.0631000
xfoil,r1-sm8,root,0.000,289.231,1.000,3.000,0.7200,0.450,0.000,105.0,562000,6,-5.0,-0.300000,-0.3352000,0.0086900,0.0633000
xfoil,r1-sm8,root,0.000,289.231,1.000,3.000,0.7200,0.450,0.000,105.0,562000,6,-5.0,0.200000,-0.2795000,0.0083000,0.0635000
xfoil,r1-sm8,root,0.000,289.231,1.000,3.000,0.7200,0.450,0.000,105.0,562000,6,-5.0,0.700000,-0.2252000,0.0078100,0.0639000
xfoil,r1-sm8,root,0.000,289.231,1.000,3.000,0.7200,0.450,0.000,105.0,562000,6,-5.0,1.200000,-0.1774000,0.0070500,0.0659000
xfoil,r1-sm8,root,0.000,289.231,1.000,3.000,0.7200,0.450,0.000,105.0,562000,6,-5.0,1.700000,-0.1194000,0.0071300,0.0659000
xfoil,r1-sm8,root,0.000,289.231,1.000,3.000,0.7200,0.450,0.000,105.0,562000,6,-5.0,2.200000,-0.0610000,0.0072400,0.0657000
xfoil,r1-sm8,root,0.000,289.231,1.000,3.000,0.7200,0.450,0.000,105.0,562000,6,-5.0,2.700000,-0.0024000,0.0073600,0.0654000
xfoil,r1-sm8,root,0.000,289.231,1.000,3.000,0.7200,0.450,0.000,105.0,562000,6,-5.0,3.200000,0.0563000,0.0075100,0.0651000
xfoil,r1-sm8,root,0.000,289.231,1.000,3.000,0.7200,0.450,0.000,105.0,562000,6,-5.0,3.700000,0.1151000,0.0076900,0.0646000
xfoil,r1-sm8,root,0.000,289.231,1.000,3.000,0.7200,0.450,0.000,105.0,562000,6,-5.0,4.200000,0.1738000,0.0078700,0.0641000
xfoil,r1-sm8,root,0.000,289.231,1.000,3.000,0.7200,0.450,0.000,105.0,562000,6,-5.0,4.700000,0.2324000,0.0080800,0.0636000
xfoil,r1-sm8,root,0.000,289.231,1.000,3.000,0.7200,0.450,0.000,105.0,562000,6,-5.0,5.200000,0.2908000,0.0083100,0.0631000
xfoil,r1-sm8,root,0.000,289.231,1.000,3.000,0.7200,0.450,0.000,105.0,562000,6,-5.0,5.700000,0.3487000,0.0085700,0.0626000
xfoil,r1-sm8,root,0.000,289.231,1.000,3.000,0.7200,0.450,0.000,105.0,562000,6,-5.0,6.200000,0.4075000,0.0088400,0.0618000
xfoil,r1-sm8,root,0.000,289.231,1.000,3.000,0.7200,0.450,0.000,105.0,562000,6,-5.0,6.700000,0.4667000,0.0091500,0.0608000
xfoil,r1-sm8,root,0.000,289.231,1.000,3.000,0.7200,0.450,0.000,105.0,562000,6,-5.0,7.200000,0.5257000,0.0094900,0.0598000
xfoil,r1-sm8,root,0.000,289.231,1.000,3.000,0.7200,0.450,0.000,105.0,562000,6,-5.0,7.700000,0.5844000,0.0098700,0.0587000
xfoil,r1-sm8,root,0.000,289.231,1.000,3.000,0.7200,0.450,0.000,105.0,562000,6,-5.0,8.200000,0.6426000,0.0103100,0.0577000
xfoil,r1-sm8,root,0.000,289.231,1.000,3.000,0.7200,0.450,0.000,105.0,562000,6,-5.0,8.700000,0.7002000,0.0108000,0.0567000
xfoil,r1-sm8,root,0.000,289.231,1.000,3.000,0.7200,0.450,0.000,105.0,562000,6,-5.0,9.200000,0.7573000,0.0113400,0.0556000
xfoil,r1-sm8,root,0.000,289.231,1.000,3.000,0.7200,0.450,0.000,105.0,562000,6,-5.0,9.700000,0.8137000,0.0119400,0.0546000
xfoil,r1-sm8,root,0.000,289.231,1.000,3.000,0.7200,0.450,0.000,105.0,562000,6,-5.0,10.200000,0.8691000,0.0126700,0.0536000
xfoil,r1-sm8,root,0.000,289.231,1.000,3.000,0.7200,0.450,0.000,105.0,562000,6,-5.0,10.700000,0.9239000,0.0134600,0.0525000
xfoil,r1-sm8,root,0.000,289.231,1.000,3.000,0.7200,0.450,0.000,105.0,562000,6,-5.0,11.200000,0.9793000,0.0143500,0.0511000
xfoil,r1-sm8,root,0.000,289.231,1.000,3.000,0.7200,0.450,0.000,105.0,562000,6,-5.0,11.700000,1.0394000,0.0154400,0.0482000
xfoil,r1-sm8,root,0.000,289.231,1.000,3.000,0.7200,0.450,0.000,105.0,562000,6,-5.0,12.200000,1.1022000,0.0167800,0.0443000
xfoil,r1-sm8,root,0.000,289.231,1.000,3.000,0.7200,0.450,0.000,105.0,562000,6,-5.0,12.700000,1.1604000,0.0183700,0.0405000
xfoil,r1-sm8,root,0.000,289.231,1.000,3.000,0.7200,0.450,0.000,105.0,562000,6,-5.0,13.200000,1.1967000,0.0203800,0.0399000
xfoil,r1-sm8,root,0.000,289.231,1.000,3.000,0.7200,0.450,0.000,105.0,562000,6,0.0,-5.000000,-0.5130000,0.0107300,0.0096000
xfoil,r1-sm8,root,0.000,289.231,1.000,3.000,0.7200,0.450,0.000,105.0,562000,6,0.0,-4.500000,-0.4566000,0.0102400,0.0096000
xfoil,r1-sm8,root,0.000,289.231,1.000,3.000,0.7200,0.450,0.000,105.0,562000,6,0.0,-4.000000,-0.3999000,0.0097900,0.0096000
xfoil,r1-sm8,root,0.000,289.231,1.000,3.000,0.7200,0.450,0.000,105.0,562000,6,0.0,-3.500000,-0.3429000,0.0093700,0.0095000
xfoil,r1-sm8,root,0.000,289.231,1.000,3.000,0.7200,0.450,0.000,105.0,562000,6,0.0,-3.000000,-0.2854000,0.0090400,0.0094000
xfoil,r1-sm8,root,0.000,289.231,1.000,3.000,0.7200,0.450,0.000,105.0,562000,6,0.0,-2.500000,-0.2278000,0.0087400,0.0093000
xfoil,r1-sm8,root,0.000,289.231,1.000,3.000,0.7200,0.450,0.000,105.0,562000,6,0.0,-2.000000,-0.1701000,0.0084700,0.0091000
xfoil,r1-sm8,root,0.000,289.231,1.000,3.000,0.7200,0.450,0.000,105.0,562000,6,0.0,-1.500000,-0.1122000,0.0082400,0.0089000
xfoil,r1-sm8,root,0.000,289.231,1.000,3.000,0.7200,0.450,0.000,105.0,562000,6,0.0,-1.000000,-0.0544000,0.0080200,0.0087000
xfoil,r1-sm8,root,0.000,289.231,1.000,3.000,0.7200,0.450,0.000,105.0,562000,6,0.0,-0.500000,0.0033000,0.0078300,0.0085000
xfoil,r1-sm8,root,0.000,289.231,1.000,3.000,0.7200,0.450,0.000,105.0,562000,6,0.0,-0.000000,0.0608000,0.0076500,0.0083000
xfoil,r1-sm8,root,0.000,289.231,1.000,3.000,0.7200,0.450,0.000,105.0,562000,6,0.0,0.500000,0.1179000,0.0074800,0.0082000
xfoil,r1-sm8,root,0.000,289.231,1.000,3.000,0.7200,0.450,0.000,105.0,562000,6,0.0,1.000000,0.1735000,0.0072900,0.0085000
xfoil,r1-sm8,root,0.000,289.231,1.000,3.000,0.7200,0.450,0.000,105.0,562000,6,0.0,1.500000,0.2291000,0.0072400,0.0088000
xfoil,r1-sm8,root,0.000,289.231,1.000,3.000,0.7200,0.450,0.000,105.0,562000,6,0.0,2.000000,0.2850000,0.0072900,0.0092000
xfoil,r1-sm8,root,0.000,289.231,1.000,3.000,0.7200,0.450,0.000,105.0,562000,6,0.0,2.500000,0.3416000,0.0073900,0.0094000
xfoil,r1-sm8,root,0.000,289.231,1.000,3.000,0.7200,0.450,0.000,105.0,562000,6,0.0,3.000000,0.4086000,0.0076300,0.0073000
xfoil,r1-sm8,root,0.000,289.231,1.000,3.000,0.7200,0.450,0.000,105.0,562000,6,0.0,3.500000,0.4832000,0.0079400,0.0033000
xfoil,r1-sm8,root,0.000,289.231,1.000,3.000,0.7200,0.450,0.000,105.0,562000,6,0.0,4.500000,0.6194000,0.0086500,-0.0023000
xfoil,r1-sm8,root,0.000,289.231,1.000,3.000,0.7200,0.450,0.000,105.0,562000,6,0.0,5.000000,0.6731000,0.0090100,-0.0021000
xfoil,r1-sm8,root,0.000,289.231,1.000,3.000,0.7200,0.450,0.000,105.0,562000,6,0.0,5.500000,0.7267000,0.0094200,-0.0020000
xfoil,r1-sm8,root,0.000,289.231,1.000,3.000,0.7200,0.450,0.000,105.0,562000,6,0.0,6.000000,0.7804000,0.0098600,-0.0018000
xfoil,r1-sm8,root,0.000,289.231,1.000,3.000,0.7200,0.450,0.000,105.0,562000,6,0.0,6.500000,0.8340000,0.0103500,-0.0017000
xfoil,r1-sm8,root,0.000,289.231,1.000,3.000,0.7200,0.450,0.000,105.0,562000,6,0.0,7.000000,0.8874000,0.0108900,-0.0017000
xfoil,r1-sm8,root,0.000,289.231,1.000,3.000,0.7200,0.450,0.000,105.0,562000,6,0.0,7.500000,0.9405000,0.0114900,-0.0017000
xfoil,r1-sm8,root,0.000,289.231,1.000,3.000,0.7200,0.450,0.000,105.0,562000,6,0.0,8.000000,0.9929000,0.0121600,-0.0017000
xfoil,r1-sm8,root,0.000,289.231,1.000,3.000,0.7200,0.450,0.000,105.0,562000,6,0.0,8.500000,1.0443000,0.0129400,-0.0017000
xfoil,r1-sm8,root,0.000,289.231,1.000,3.000,0.7200,0.450,0.000,105.0,562000,6,0.0,9.000000,1.0947000,0.0137800,-0.0016000
xfoil,r1-sm8,root,0.000,289.231,1.000,3.000,0.7200,0.450,0.000,105.0,562000,6,0.0,9.500000,1.1439000,0.0147000,-0.0014000
xfoil,r1-sm8,root,0.000,289.231,1.000,3.000,0.7200,0.450,0.000,105.0,562000,6,0.0,10.000000,1.1915000,0.0157100,-0.0012000
xfoil,r1-sm8,root,0.000,289.231,1.000,3.000,0.7200,0.450,0.000,105.0,562000,6,5.0,-8.200000,-0.5156000,0.0124200,-0.0442000
xfoil,r1-sm8,root,0.000,289.231,1.000,3.000,0.7200,0.450,0.000,105.0,562000,6,5.0,-7.700000,-0.4601000,0.0116400,-0.0443000
xfoil,r1-sm8,root,0.000,289.231,1.000,3.000,0.7200,0.450,0.000,105.0,562000,6,5.0,-7.200000,-0.4041000,0.0109200,-0.0445000
xfoil,r1-sm8,root,0.000,289.231,1.000,3.000,0.7200,0.450,0.000,105.0,562000,6,5.0,-6.700000,-0.3478000,0.0103300,-0.0446000
xfoil,r1-sm8,root,0.000,289.231,1.000,3.000,0.7200,0.450,0.000,105.0,562000,6,5.0,-6.200000,-0.2907000,0.0098200,-0.0447000
xfoil,r1-sm8,root,0.000,289.231,1.000,3.000,0.7200,0.450,0.000,105.0,562000,6,5.0,-5.700000,-0.2330000,0.0093800,-0.0450000
xfoil,r1-sm8,root,0.000,289.231,1.000,3.000,0.7200,0.450,0.000,105.0,562000,6,5.0,-5.200000,-0.1753000,0.0089400,-0.0452000
xfoil,r1-sm8,root,0.000,289.231,1.000,3.000,0.7200,0.450,0.000,105.0,562000,6,5.0,-4.700000,-0.1170000,0.0086100,-0.0455000
xfoil,r1-sm8,root,0.000,289.231,1.000,3.000,0.7200,0.450,0.000,105.0,562000,6,5.0,-4.200000,-0.0585000,0.0082800,-0.0458000
xfoil,r1-sm8,root,0.000,289.231,1.000,3.000,0.7200,0.450,0.000,105.0,562000,6,5.0,-3.700000,-0.0005000,0.0080100,-0.0459000
xfoil,r1-sm8,root,0.000,289.231,1.000,3.000,0.7200,0.450,0.000,105.0,562000,6,5.0,-3.200000,0.0572000,0.0079000,-0.0461000
xfoil,r1-sm8,root,0.000,289.231,1.000,3.000,0.7200,0.450,0.000,105.0,562000,6,5.0,-2.700000,0.1154000,0.0078400,-0.0464000
xfoil,r1-sm8,root,0.000,289.231,1.000,3.000,0.7200,0.450,0.000,105.0,562000,6,5.0,-2.200000,0.1738000,0.0077900,-0.0467000
xfoil,r1-sm8,root,0.000,289.231,1.000,3.000,0.7200,0.450,0.000,105.0,562000,6,5.0,-1.700000,0.2321000,0.0077600,-0.0471000
xfoil,r1-sm8,root,0.000,289.231,1.000,3.000,0.7200,0.450,0.000,105.0,562000,6,5.0,-1.200000,0.2903000,0.0077700,-0.0474000
xfoil,r1-sm8,root,0.000,289.231,1.000,3.000,0.7200,0.450,0.000,105.0,562000,6,5.0,-0.700000,0.3483000,0.0078400,-0.0477000
xfoil,r1-sm8,root,0.000,289.231,1.000,3.000,0.7200,0.450,0.000,105.0,562000,6,5.0,-0.200000,0.4060000,0.0079600,-0.0479000
xfoil,r1-sm8,root,0.000,289.231,1.000,3.000,0.7200,0.450,0.000,105.0,562000,6,5.0,0.300000,0.4634000,0.0081500,-0.0482000
xfoil,r1-sm8,root,0.000,289.231,1.000,3.000,0.7200,0.450,0.000,105.0,562000,6,5.0,1.300000,0.5778000,0.0087100,-0.0486000
xfoil,r1-sm8,root,0.000,289.231,1.000,3.000,0.7200,0.450,0.000,105.0,562000,6,5.0,1.800000,0.6347000,0.0090400,-0.0488000
xfoil,r1-sm8,root,0.000,289.231,1.000,3.000,0.7200,0.450,0.000,105.0,562000,6,5.0,2.300000,0.6911000,0.0093600,-0.0489000
xfoil,r1-sm8,root,0.000,289.231,1.000,3.000,0.7200,0.450,0.000,105.0,562000,6,5.0,2.800000,0.7468000,0.0096600,-0.0490000
xfoil,r1-sm8,root,0.000,289.231,1.000,3.000,0.7200,0.450,0.000,105.0,562000,6,5.0,3.300000,0.8016000,0.0099200,-0.0489000
xfoil,r1-sm8,root,0.000,289.231,1.000,3.000,0.7200,0.450,0.000,105.0,562000,6,5.0,3.800000,0.8630000,0.0098300,-0.0501000
xfoil,r1-sm8,root,0.000,289.231,1.000,3.000,0.7200,0.450,0.000,105.0,562000,6,5.0,4.300000,0.9177000,0.0103300,-0.0501000
xfoil,r1-sm8,root,0.000,289.231,1.000,3.000,0.7200,0.450,0.000,105.0,562000,6,5.0,4.800000,0.9716000,0.0108700,-0.0500000
xfoil,r1-sm8,root,0.000,289.231,1.000,3.000,0.7200,0.450,0.000,105.0,562000,6,5.0,5.300000,1.0247000,0.0114500,-0.0498000
xfoil,r1-sm8,root,0.000,289.231,1.000,3.000,0.7200,0.450,0.000,105.0,562000,6,5.0,5.800000,1.0770000,0.0120700,-0.0495000
xfoil,r1-sm8,root,0.000,289.231,1.000,3.000,0.7200,0.450,0.000,105.0,562000,6,5.0,6.300000,1.1281000,0.0127600,-0.0491000
xfoil,r1-sm8,root,0.000,289.231,1.000,3.000,0.7200,0.450,0.000,105.0,562000,6,5.0,6.800000,1.1777000,0.0135400,-0.0486000
xfoil,r1-sm8,root,0.000,289.231,1.000,3.000,0.7200,0.450,0.000,105.0,562000,10,-5.0,-1.300000,-0.4509000,0.0090900,0.0631000
xfoil,r1-sm8,root,0.000,289.231,1.000,3.000,0.7200,0.450,0.000,105.0,562000,10,-5.0,-0.800000,-0.3972000,0.0085000,0.0637000
xfoil,r1-sm8,root,0.000,289.231,1.000,3.000,0.7200,0.450,0.000,105.0,562000,10,-5.0,-0.300000,-0.3456000,0.0077200,0.0647000
xfoil,r1-sm8,root,0.000,289.231,1.000,3.000,0.7200,0.450,0.000,105.0,562000,10,-5.0,0.200000,-0.2988000,0.0071000,0.0673000
xfoil,r1-sm8,root,0.000,289.231,1.000,3.000,0.7200,0.450,0.000,105.0,562000,10,-5.0,0.700000,-0.2428000,0.0071400,0.0681000
xfoil,r1-sm8,root,0.000,289.231,1.000,3.000,0.7200,0.450,0.000,105.0,562000,10,-5.0,1.200000,-0.1866000,0.0072100,0.0688000
xfoil,r1-sm8,root,0.000,289.231,1.000,3.000,0.7200,0.450,0.000,105.0,562000,10,-5.0,1.700000,-0.1299000,0.0072800,0.0694000
xfoil,r1-sm8,root,0.000,289.231,1.000,3.000,0.7200,0.450,0.000,105.0,562000,10,-5.0,2.200000,-0.0731000,0.0073600,0.0697000
xfoil,r1-sm8,root,0.000,289.231,1.000,3.000,0.7200,0.450,0.000,105.0,562000,10,-5.0,2.700000,-0.0160000,0.0074600,0.0700000
xfoil,r1-sm8,root,0.000,289.231,1.000,3.000,0.7200,0.450,0.000,105.0,562000,10,-5.0,3.200000,0.0413000,0.0075600,0.0701000
xfoil,r1-sm8,root,0.000,289.231,1.000,3.000,0.7200,0.450,0.000,105.0,562000,10,-5.0,3.700000,0.0987000,0.0076900,0.0700000
xfoil,r1-sm8,root,0.000,289.231,1.000,3.000,0.7200,0.450,0.000,105.0,562000,10,-5.0,4.200000,0.1561000,0.0078400,0.0699000
xfoil,r1-sm8,root,0.000,289.231,1.000,3.000,0.7200,0.450,0.000,105.0,562000,10,-5.0,4.700000,0.2135000,0.0080100,0.0698000
xfoil,r1-sm8,root,0.000,289.231,1.000,3.000,0.7200,0.450,0.000,105.0,562000,10,-5.0,5.200000,0.2705000,0.0082000,0.0696000
xfoil,r1-sm8,root,0.000,289.231,1.000,3.000,0.7200,0.450,0.000,105.0,562000,10,-5.0,5.700000,0.3265000,0.0084300,0.0697000
xfoil,r1-sm8,root,0.000,289.231,1.000,3.000,0.7200,0.450,0.000,105.0,562000,10,-5.0,6.200000,0.3855000,0.0086800,0.0689000
xfoil,r1-sm8,root,0.000,289.231,1.000,3.000,0.7200,0.450,0.000,105.0,562000,10,-5.0,6.700000,0.4456000,0.0089400,0.0676000
xfoil,r1-sm8,root,0.000,289.231,1.000,3.000,0.7200,0.450,0.000,105.0,562000,10,-5.0,7.200000,0.5051000,0.0092400,0.0664000
xfoil,r1-sm8,root,0.000,289.231,1.000,3.000,0.7200,0.450,0.000,105.0,562000,10,-5.0,7.700000,0.5656000,0.0096000,0.0649000
xfoil,r1-sm8,root,0.000,289.231,1.000,3.000,0.7200,0.450,0.000,105.0,562000,10,-5.0,8.200000,0.6260000,0.0100100,0.0633000
xfoil,r1-sm8,root,0.000,289.231,1.000,3.000,0.7200,0.450,0.000,105.0,562000,10,-5.0,8.700000,0.6860000,0.0104700,0.0617000
xfoil,r1-sm8,root,0.000,289.231,1.000,3.000,0.7200,0.450,0.000,105.0,562000,10,-5.0,9.200000,0.7485000,0.0110300,0.0595000
xfoil,r1-sm8,root,0.000,289.231,1.000,3.000,0.7200,0.450,0.000,105.0,562000,10,-5.0,9.700000,0.8111000,0.0116600,0.0570000
xfoil,r1-sm8,root,0.000,289.231,1.000,3.000,0.7200,0.450,0.000,105.0,562000,10,-5.0,10.200000,0.8751000,0.0123900,0.0541000
xfoil,r1-sm8,root,0.000,289.231,1.000,3.000,0.7200,0.450,0.000,105.0,562000,10,-5.0,10.700000,0.9409000,0.0132400,0.0506000
xfoil,r1-sm8,root,0.000,289.231,1.000,3.000,0.7200,0.450,0.000,105.0,562000,10,-5.0,11.200000,1.0076000,0.0142000,0.0466000
xfoil,r1-sm8,root,0.000,289.231,1.000,3.000,0.7200,0.450,0.000,105.0,562000,10,-5.0,11.700000,1.0750000,0.0152700,0.0422000
xfoil,r1-sm8,root,0.000,289.231,1.000,3.000,0.7200,0.450,0.000,105.0,562000,10,-5.0,12.200000,1.1288000,0.0164000,0.0400000
xfoil,r1-sm8,root,0.000,289.231,1.000,3.000,0.7200,0.450,0.000,105.0,562000,10,-5.0,12.700000,1.1673000,0.0175800,0.0408000
xfoil,r1-sm8,root,0.000,289.231,1.000,3.000,0.7200,0.450,0.000,105.0,562000,10,-5.0,13.200000,1.2074000,0.0191000,0.0406000
xfoil,r1-sm8,root,0.000,289.231,1.000,3.000,0.7200,0.450,0.000,105.0,562000,10,0.0,-5.000000,-0.5132000,0.0105000,0.0088000
xfoil,r1-sm8,root,0.000,289.231,1.000,3.000,0.7200,0.450,0.000,105.0,562000,10,0.0,-4.500000,-0.4570000,0.0100500,0.0089000
xfoil,r1-sm8,root,0.000,289.231,1.000,3.000,0.7200,0.450,0.000,105.0,562000,10,0.0,-4.000000,-0.4004000,0.0096600,0.0090000
xfoil,r1-sm8,root,0.000,289.231,1.000,3.000,0.7200,0.450,0.000,105.0,562000,10,0.0,-3.500000,-0.3438000,0.0092500,0.0090000
xfoil,r1-sm8,root,0.000,289.231,1.000,3.000,0.7200,0.450,0.000,105.0,562000,10,0.0,-3.000000,-0.2867000,0.0088900,0.0090000
xfoil,r1-sm8,root,0.000,289.231,1.000,3.000,0.7200,0.450,0.000,105.0,562000,10,0.0,-2.500000,-0.2295000,0.0085100,0.0090000
xfoil,r1-sm8,root,0.000,289.231,1.000,3.000,0.7200,0.450,0.000,105.0,562000,10,0.0,-2.000000,-0.1723000,0.0081500,0.0090000
xfoil,r1-sm8,root,0.000,289.231,1.000,3.000,0.7200,0.450,0.000,105.0,562000,10,0.0,-1.500000,-0.1153000,0.0078100,0.0090000
xfoil,r1-sm8,root,0.000,289.231,1.000,3.000,0.7200,0.450,0.000,105.0,562000,10,0.0,-1.000000,-0.0585000,0.0074700,0.0091000
xfoil,r1-sm8,root,0.000,289.231,1.000,3.000,0.7200,0.450,0.000,105.0,562000,10,0.0,-0.500000,-0.0027000,0.0071200,0.0095000
xfoil,r1-sm8,root,0.000,289.231,1.000,3.000,0.7200,0.450,0.000,105.0,562000,10,0.0,-0.000000,0.0519000,0.0068100,0.0103000
xfoil,r1-sm8,root,0.000,289.231,1.000,3.000,0.7200,0.450,0.000,105.0,562000,10,0.0,0.500000,0.1069000,0.0066800,0.0111000
xfoil,r1-sm8,root,0.000,289.231,1.000,3.000,0.7200,0.450,0.000,105.0,562000,10,0.0,1.000000,0.1619000,0.0066300,0.0120000
xfoil,r1-sm8,root,0.000,289.231,1.000,3.000,0.7200,0.450,0.000,105.0,562000,10,0.0,1.500000,0.2235000,0.0067100,0.0114000
xfoil,r1-sm8,root,0.000,289.231,1.000,3.000,0.7200,0.450,0.000,105.0,562000,10,0.0,2.000000,0.2988000,0.0069300,0.0077000
xfoil,r1-sm8,root,0.000,289.231,1.000,3.000,0.7200,0.450,0.000,105.0,562000,10,0.0,2.500000,0.3779000,0.0072100,0.0029000
xfoil,r1-sm8,root,0.000,289.231,1.000,3.000,0.7200,0.450,0.000,105.0,562000,10,0.0,3.000000,0.4604000,0.0074900,-0.0028000
xfoil,r1-sm8,root,0.000,289.231,1.000,3.000,0.7200,0.450,0.000,105.0,562000,10,0.0,3.500000,0.5131000,0.0077100,-0.0025000
xfoil,r1-sm8,root,0.000,289.231,1.000,3.000,0.7200,0.450,0.000,105.0,562000,10,0.0,4.000000,0.5665000,0.0079900,-0.0022000
xfoil,r1-sm8,root,0.000,289.231,1.000,3.000,0.7200,0.450,0.000,105.0,562000,10,0.0,4.500000,0.6203000,0.0083200,-0.0020000
xfoil,r1-sm8,root,0.000,289.231,1.000,3.000,0.7200,0.450,0.000,105.0,562000,10,0.0,5.000000,0.6742000,0.0087000,-0.0019000
xfoil,r1-sm8,root,0.000,289.231,1.000,3.000,0.7200,0.450,0.000,105.0,562000,10,0.0,5.500000,0.7280000,0.0091100,-0.0017000
xfoil,r1-sm8,root,0.000,289.231,1.000,3.000,0.7200,0.450,0.000,105.0,562000,10,0.0,6.000000,0.7819000,0.0095600,-0.0016000
xfoil,r1-sm8,root,0.000,289.231,1.000,3.000,0.7200,0.450,0.000,105.0,562000,10,0.0,6.500000,0.8357000,0.0100400,-0.0016000
xfoil,r1-sm8,root,0.000,289.231,1.000,3.000,0.7200,0.450,0.000,105.0,562000,10,0.0,7.000000,0.8894000,0.0105700,-0.0016000
xfoil,r1-sm8,root,0.000,289.231,1.000,3.000,0.7200,0.450,0.000,105.0,562000,10,0.0,7.500000,0.9427000,0.0111600,-0.0016000
xfoil,r1-sm8,root,0.000,289.231,1.000,3.000,0.7200,0.450,0.000,105.0,562000,10,0.0,8.000000,0.9954000,0.0118100,-0.0016000
xfoil,r1-sm8,root,0.000,289.231,1.000,3.000,0.7200,0.450,0.000,105.0,562000,10,0.0,8.500000,1.0472000,0.0125500,-0.0016000
xfoil,r1-sm8,root,0.000,289.231,1.000,3.000,0.7200,0.450,0.000,105.0,562000,10,0.0,9.000000,1.0980000,0.0133600,-0.0015000
xfoil,r1-sm8,root,0.000,289.231,1.000,3.000,0.7200,0.450,0.000,105.0,562000,10,0.0,9.500000,1.1477000,0.0142400,-0.0014000
xfoil,r1-sm8,root,0.000,289.231,1.000,3.000,0.7200,0.450,0.000,105.0,562000,10,0.0,10.000000,1.1960000,0.0152100,-0.0012000
xfoil,r1-sm8,root,0.000,289.231,1.000,3.000,0.7200,0.450,0.000,105.0,562000,10,5.0,-8.200000,-0.5019000,0.0126900,-0.0489000
xfoil,r1-sm8,root,0.000,289.231,1.000,3.000,0.7200,0.450,0.000,105.0,562000,10,5.0,-7.700000,-0.4499000,0.0116700,-0.0483000
xfoil,r1-sm8,root,0.000,289.231,1.000,3.000,0.7200,0.450,0.000,105.0,562000,10,5.0,-7.200000,-0.3946000,0.0109800,-0.0482000
xfoil,r1-sm8,root,0.000,289.231,1.000,3.000,0.7200,0.450,0.000,105.0,562000,10,5.0,-6.700000,-0.3392000,0.0104500,-0.0480000
xfoil,r1-sm8,root,0.000,289.231,1.000,3.000,0.7200,0.450,0.000,105.0,562000,10,5.0,-6.200000,-0.2834000,0.0100000,-0.0478000
xfoil,r1-sm8,root,0.000,289.231,1.000,3.000,0.7200,0.450,0.000,105.0,562000,10,5.0,-5.700000,-0.2274000,0.0096000,-0.0475000
xfoil,r1-sm8,root,0.000,289.231,1.000,3.000,0.7200,0.450,0.000,105.0,562000,10,5.0,-5.200000,-0.1711000,0.0091900,-0.0473000
xfoil,r1-sm8,root,0.000,289.231,1.000,3.000,0.7200,0.450,0.000,105.0,562000,10,5.0,-4.700000,-0.1141000,0.0088100,-0.0471000
xfoil,r1-sm8,root,0.000,289.231,1.000,3.000,0.7200,0.450,0.000,105.0,562000,10,5.0,-4.200000,-0.0567000,0.0084400,-0.0471000
xfoil,r1-sm8,root,0.000,289.231,1.000,3.000,0.7200,0.450,0.000,105.0,562000,10,5.0,-3.700000,0.0009000,0.0080700,-0.0471000
xfoil,r1-sm8,root,0.000,289.231,1.000,3.000,0.7200,0.450,0.000,105.0,562000,10,5.0,-3.200000,0.0588000,0.0077300,-0.0471000
xfoil,r1-sm8,root,0.000,289.231,1.000,3.000,0.7200,0.450,0.000,105.0,562000,10,5.0,-2.700000,0.1172000,0.0074300,-0.0473000
xfoil,r1-sm8,root,0.000,289.231,1.000,3.000,0.7200,0.450,0.000,105.0,562000,10,5.0,-2.200000,0.1750000,0.0072100,-0.0473000
xfoil,r1-sm8,root,0.000,289.231,1.000,3.000,0.7200,0.450,0.000,105.0,562000,10,5.0,-1.700000,0.2324000,0.0071900,-0.0472000
xfoil,r1-sm8,root,0.000,289.231,1.000,3.000,0.7200,0.450,0.000,105.0,562000,10,5.0,-1.200000,0.2899000,0.0073000,-0.0473000
xfoil,r1-sm8,root,0.000,289.231,1.000,3.000,0.7200,0.450,0.000,105.0,562000,10,5.0,-0.700000,0.3479000,0.0074000,-0.0474000
xfoil,r1-sm8,root,0.000,289.231,1.000,3.000,0.7200,0.450,0.000,105.0,562000,10,5.0,-0.200000,0.4059000,0.0075700,-0.0475000
xfoil,r1-sm8,root,0.000,289.231,1.000,3.000,0.7200,0.450,0.000,105.0,562000,10,5.0,0.300000,0.4638000,0.0077700,-0.0477000
xfoil,r1-sm8,root,0.000,289.231,1.000,3.000,0.7200,0.450,0.000,105.0,562000,10,5.0,0.800000,0.5212000,0.0079500,-0.0479000
xfoil,r1-sm8,root,0.000,289.231,1.000,3.000,0.7200,0.450,0.000,105.0,562000,10,5.0,1.300000,0.5778000,0.0080700,-0.0479000
xfoil,r1-sm8,root,0.000,289.231,1.000,3.000,0.7200,0.450,0.000,105.0,562000,10,5.0,1.800000,0.6333000,0.0081700,-0.0478000
xfoil,r1-sm8,root,0.000,289.231,1.000,3.000,0.7200,0.450,0.000,105.0,562000,10,5.0,2.300000,0.6987000,0.0080200,-0.0496000
xfoil,r1-sm8,root,0.000,289.231,1.000,3.000,0.7200,0.450,0.000,105.0,562000,10,5.0,2.800000,0.7552000,0.0084600,-0.0499000
xfoil,r1-sm8,root,0.000,289.231,1.000,3.000,0.7200,0.450,0.000,105.0,562000,10,5.0,3.300000,0.8112000,0.0089000,-0.0501000
xfoil,r1-sm8,root,0.000,289.231,1.000,3.000,0.7200,0.450,0.000,105.0,562000,10,5.0,3.800000,0.8664000,0.0094000,-0.0502000
xfoil,r1-sm8,root,0.000,289.231,1.000,3.000,0.7200,0.450,0.000,105.0,562000,10,5.0,4.300000,0.9212000,0.0099000,-0.0502000
xfoil,r1-sm8,root,0.000,289.231,1.000,3.000,0.7200,0.450,0.000,105.0,562000,10,5.0,4.800000,0.9753000,0.0104300,-0.0502000
xfoil,r1-sm8,root,0.000,289.231,1.000,3.000,0.7200,0.450,0.000,105.0,562000,10,5.0,5.300000,1.0286000,0.0110200,-0.0500000
xfoil,r1-sm8,root,0.000,289.231,1.000,3.000,0.7200,0.450,0.000,105.0,562000,10,5.0,5.800000,1.0809000,0.0116600,-0.0497000
xfoil,r1-sm8,root,0.000,289.231,1.000,3.000,0.7200,0.450,0.000,105.0,562000,10,5.0,6.300000,1.1321000,0.0123600,-0.0493000
xfoil,r1-sm8,root,0.000,289.231,1.000,3.000,0.7200,0.450,0.000,105.0,562000,10,5.0,6.800000,1.1823000,0.0130900,-0.0488000
xfoil,r1-sm8,tip,650.000,144.615,0.500,3.000,0.7200,0.450,0.000,45.0,121000,6,-5.0,-1.800000,-0.4349000,0.0184300,0.0451000
xfoil,r1-sm8,tip,650.000,144.615,0.500,3.000,0.7200,0.450,0.000,45.0,121000,6,-5.0,-1.300000,-0.3837000,0.0171800,0.0466000
xfoil,r1-sm8,tip,650.000,144.615,0.500,3.000,0.7200,0.450,0.000,45.0,121000,6,-5.0,-0.800000,-0.3454000,0.0137600,0.0493000
xfoil,r1-sm8,tip,650.000,144.615,0.500,3.000,0.7200,0.450,0.000,45.0,121000,6,-5.0,-0.300000,-0.2654000,0.0138800,0.0504000
xfoil,r1-sm8,tip,650.000,144.615,0.500,3.000,0.7200,0.450,0.000,45.0,121000,6,-5.0,0.200000,-0.1687000,0.0143400,0.0430000
xfoil,r1-sm8,tip,650.000,144.615,0.500,3.000,0.7200,0.450,0.000,45.0,121000,6,-5.0,0.700000,-0.0762000,0.0144000,0.0355000
xfoil,r1-sm8,tip,650.000,144.615,0.500,3.000,0.7200,0.450,0.000,45.0,121000,6,-5.0,1.200000,-0.0219000,0.0142200,0.0355000
xfoil,r1-sm8,tip,650.000,144.615,0.500,3.000,0.7200,0.450,0.000,45.0,121000,6,-5.0,1.700000,0.0303000,0.0140000,0.0361000
xfoil,r1-sm8,tip,650.000,144.615,0.500,3.000,0.7200,0.450,0.000,45.0,121000,6,-5.0,2.200000,0.0820000,0.0137500,0.0368000
xfoil,r1-sm8,tip,650.000,144.615,0.500,3.000,0.7200,0.450,0.000,45.0,121000,6,-5.0,2.700000,0.1335000,0.0135300,0.0376000
xfoil,r1-sm8,tip,650.000,144.615,0.500,3.000,0.7200,0.450,0.000,45.0,121000,6,-5.0,3.200000,0.1845000,0.0133400,0.0385000
xfoil,r1-sm8,tip,650.000,144.615,0.500,3.000,0.7200,0.450,0.000,45.0,121000,6,-5.0,3.700000,0.2354000,0.0132000,0.0394000
xfoil,r1-sm8,tip,650.000,144.615,0.500,3.000,0.7200,0.450,0.000,45.0,121000,6,-5.0,4.200000,0.2861000,0.0131200,0.0403000
xfoil,r1-sm8,tip,650.000,144.615,0.500,3.000,0.7200,0.450,0.000,45.0,121000,6,-5.0,4.700000,0.3368000,0.0131400,0.0411000
xfoil,r1-sm8,tip,650.000,144.615,0.500,3.000,0.7200,0.450,0.000,45.0,121000,6,-5.0,5.200000,0.3878000,0.0132600,0.0419000
xfoil,r1-sm8,tip,650.000,144.615,0.500,3.000,0.7200,0.450,0.000,45.0,121000,6,-5.0,5.700000,0.4388000,0.0135200,0.0425000
xfoil,r1-sm8,tip,650.000,144.615,0.500,3.000,0.7200,0.450,0.000,45.0,121000,6,-5.0,6.200000,0.4901000,0.0139000,0.0430000
xfoil,r1-sm8,tip,650.000,144.615,0.500,3.000,0.7200,0.450,0.000,45.0,121000,6,-5.0,6.700000,0.5416000,0.0144200,0.0432000
xfoil,r1-sm8,tip,650.000,144.615,0.500,3.000,0.7200,0.450,0.000,45.0,121000,6,-5.0,7.200000,0.5934000,0.0150900,0.0433000
xfoil,r1-sm8,tip,650.000,144.615,0.500,3.000,0.7200,0.450,0.000,45.0,121000,6,-5.0,7.700000,0.6452000,0.0159400,0.0432000
xfoil,r1-sm8,tip,650.000,144.615,0.500,3.000,0.7200,0.450,0.000,45.0,121000,6,-5.0,8.200000,0.6968000,0.0170000,0.0428000
xfoil,r1-sm8,tip,650.000,144.615,0.500,3.000,0.7200,0.450,0.000,45.0,121000,6,-5.0,8.700000,0.7477000,0.0182800,0.0421000
xfoil,r1-sm8,tip,650.000,144.615,0.500,3.000,0.7200,0.450,0.000,45.0,121000,6,-5.0,9.200000,0.7973000,0.0198800,0.0411000
xfoil,r1-sm8,tip,650.000,144.615,0.500,3.000,0.7200,0.450,0.000,45.0,121000,6,-5.0,9.700000,0.8437000,0.0224100,0.0400000
xfoil,r1-sm8,tip,650.000,144.615,0.500,3.000,0.7200,0.450,0.000,45.0,121000,6,-5.0,10.200000,0.8841000,0.0259300,0.0390000
xfoil,r1-sm8,tip,650.000,144.615,0.500,3.000,0.7200,0.450,0.000,45.0,121000,6,-5.0,10.700000,0.9198000,0.0293600,0.0386000
xfoil,r1-sm8,tip,650.000,144.615,0.500,3.000,0.7200,0.450,0.000,45.0,121000,6,-5.0,11.200000,0.9496000,0.0330700,0.0384000
xfoil,r1-sm8,tip,650.000,144.615,0.500,3.000,0.7200,0.450,0.000,45.0,121000,6,-5.0,11.700000,0.9780000,0.0370600,0.0391000
xfoil,r1-sm8,tip,650.000,144.615,0.500,3.000,0.7200,0.450,0.000,45.0,121000,6,-5.0,12.200000,0.9993000,0.0417300,0.0390000
xfoil,r1-sm8,tip,650.000,144.615,0.500,3.000,0.7200,0.450,0.000,45.0,121000,6,-5.0,12.700000,1.0089000,0.0468300,0.0381000
xfoil,r1-sm8,tip,650.000,144.615,0.500,3.000,0.7200,0.450,0.000,45.0,121000,6,-5.0,13.200000,1.0055000,0.0536700,0.0364000
xfoil,r1-sm8,tip,650.000,144.615,0.500,3.000,0.7200,0.450,0.000,45.0,121000,6,0.0,-5.000000,-0.4114000,0.0232500,-0.0190000
xfoil,r1-sm8,tip,650.000,144.615,0.500,3.000,0.7200,0.450,0.000,45.0,121000,6,0.0,-4.500000,-0.3525000,0.0202500,-0.0191000
xfoil,r1-sm8,tip,650.000,144.615,0.500,3.000,0.7200,0.450,0.000,45.0,121000,6,0.0,-4.000000,-0.3043000,0.0183900,-0.0169000
xfoil,r1-sm8,tip,650.000,144.615,0.500,3.000,0.7200,0.450,0.000,45.0,121000,6,0.0,-3.500000,-0.2570000,0.0169400,-0.0148000
xfoil,r1-sm8,tip,650.000,144.615,0.500,3.000,0.7200,0.450,0.000,45.0,121000,6,0.0,-3.000000,-0.2080000,0.0157400,-0.0128000
xfoil,r1-sm8,tip,650.000,144.615,0.500,3.000,0.7200,0.450,0.000,45.0,121000,6,0.0,-2.500000,-0.1650000,0.0130800,-0.0108000
xfoil,r1-sm8,tip,650.000,144.615,0.500,3.000,0.7200,0.450,0.000,45.0,121000,6,0.0,-2.000000,-0.1249000,0.0113600,-0.0057000
xfoil,r1-sm8,tip,650.000,144.615,0.500,3.000,0.7200,0.450,0.000,45.0,121000,6,0.0,-1.500000,-0.0216000,0.0112500,-0.0138000
xfoil,r1-sm8,tip,650.000,144.615,0.500,3.000,0.7200,0.450,0.000,45.0,121000,6,0.0,-1.000000,0.0275000,0.0112900,-0.0123000
xfoil,r1-sm8,tip,650.000,144.615,0.500,3.000,0.7200,0.450,0.000,45.0,121000,6,0.0,-0.500000,0.0776000,0.0113700,-0.0110000
xfoil,r1-sm8,tip,650.000,144.615,0.500,3.000,0.7200,0.450,0.000,45.0,121000,6,0.0,-0.000000,0.1284000,0.0114600,-0.0096000
xfoil,r1-sm8,tip,650.000,144.615,0.500,3.000,0.7200,0.450,0.000,45.0,121000,6,0.0,0.500000,0.1800000,0.0115700,-0.0085000
xfoil,r1-sm8,tip,650.000,144.615,0.500,3.000,0.7200,0.450,0.000,45.0,121000,6,0.0,1.000000,0.2329000,0.0116900,-0.0076000
xfoil,r1-sm8,tip,650.000,144.615,0.500,3.000,0.7200,0.450,0.000,45.0,121000,6,0.0,1.500000,0.2857000,0.0118000,-0.0066000
xfoil,r1-sm8,tip,650.000,144.615,0.500,3.000,0.7200,0.450,0.000,45.0,121000,6,0.0,2.000000,0.3393000,0.0119100,-0.0059000
xfoil,r1-sm8,tip,650.000,144.615,0.500,3.000,0.7200,0.450,0.000,45.0,121000,6,0.0,2.500000,0.3932000,0.0120500,-0.0052000
xfoil,r1-sm8,tip,650.000,144.615,0.500,3.000,0.7200,0.450,0.000,45.0,121000,6,0.0,3.000000,0.4473000,0.0122200,-0.0046000
xfoil,r1-sm8,tip,650.000,144.615,0.500,3.000,0.7200,0.450,0.000,45.0,121000,6,0.0,3.500000,0.5014000,0.0124700,-0.0040000
xfoil,r1-sm8,tip,650.000,144.615,0.500,3.000,0.7200,0.450,0.000,45.0,121000,6,0.0,4.000000,0.5557000,0.0128300,-0.0036000
xfoil,r1-sm8,tip,650.000,144.615,0.500,3.000,0.7200,0.450,0.000,45.0,121000,6,0.0,4.500000,0.6098000,0.0133200,-0.0032000
xfoil,r1-sm8,tip,650.000,144.615,0.500,3.000,0.7200,0.450,0.000,45.0,121000,6,0.0,5.000000,0.6637000,0.0139400,-0.0031000
xfoil,r1-sm8,tip,650.000,144.615,0.500,3.000,0.7200,0.450,0.000,45.0,121000,6,0.0,5.500000,0.7174000,0.0147000,-0.0030000
xfoil,r1-sm8,tip,650.000,144.615,0.500,3.000,0.7200,0.450,0.000,45.0,121000,6,0.0,6.000000,0.7703000,0.0156000,-0.0030000
xfoil,r1-sm8,tip,650.000,144.615,0.500,3.000,0.7200,0.450,0.000,45.0,121000,6,0.0,6.500000,0.8222000,0.0166900,-0.0031000
xfoil,r1-sm8,tip,650.000,144.615,0.500,3.000,0.7200,0.450,0.000,45.0,121000,6,0.0,7.000000,0.8728000,0.0179700,-0.0032000
xfoil,r1-sm8,tip,650.000,144.615,0.500,3.000,0.7200,0.450,0.000,45.0,121000,6,0.0,7.500000,0.9211000,0.0195300,-0.0033000
xfoil,r1-sm8,tip,650.000,144.615,0.500,3.000,0.7200,0.450,0.000,45.0,121000,6,0.0,8.000000,0.9671000,0.0214300,-0.0033000
xfoil,r1-sm8,tip,650.000,144.615,0.500,3.000,0.7200,0.450,0.000,45.0,121000,6,0.0,8.500000,1.0057000,0.0246200,-0.0027000
xfoil,r1-sm8,tip,650.000,144.615,0.500,3.000,0.7200,0.450,0.000,45.0,121000,6,0.0,9.000000,1.0396000,0.0279100,-0.0017000
xfoil,r1-sm8,tip,650.000,144.615,0.500,3.000,0.7200,0.450,0.000,45.0,121000,6,0.0,9.500000,1.0702000,0.0311900,-0.0003000
xfoil,r1-sm8,tip,650.000,144.615,0.500,3.000,0.7200,0.450,0.000,45.0,121000,6,0.0,10.000000,1.0951000,0.0350100,0.0016000
xfoil,r1-sm8,tip,650.000,144.615,0.500,3.000,0.7200,0.450,0.000,45.0,121000,6,5.0,-7.700000,-0.4037000,0.0389900,-0.0612000
xfoil,r1-sm8,tip,650.000,144.615,0.500,3.000,0.7200,0.450,0.000,45.0,121000,6,5.0,-7.200000,-0.3453000,0.0310000,-0.0664000
xfoil,r1-sm8,tip,650.000,144.615,0.500,3.000,0.7200,0.450,0.000,45.0,121000,6,5.0,-6.700000,-0.2827000,0.0254700,-0.0692000
xfoil,r1-sm8,tip,650.000,144.615,0.500,3.000,0.7200,0.450,0.000,45.0,121000,6,5.0,-6.200000,-0.2188000,0.0217300,-0.0709000
xfoil,r1-sm8,tip,650.000,144.615,0.500,3.000,0.7200,0.450,0.000,45.0,121000,6,5.0,-5.700000,-0.1555000,0.0192500,-0.0724000
xfoil,r1-sm8,tip,650.000,144.615,0.500,3.000,0.7200,0.450,0.000,45.0,121000,6,5.0,-5.200000,-0.0934000,0.0175500,-0.0739000
xfoil,r1-sm8,tip,650.000,144.615,0.500,3.000,0.7200,0.450,0.000,45.0,121000,6,5.0,-4.700000,-0.0321000,0.0162400,-0.0750000
xfoil,r1-sm8,tip,650.000,144.615,0.500,3.000,0.7200,0.450,0.000,45.0,121000,6,5.0,-4.200000,0.0229000,0.0140100,-0.0759000
xfoil,r1-sm8,tip,650.000,144.615,0.500,3.000,0.7200,0.450,0.000,45.0,121000,6,5.0,-3.700000,0.0753000,0.0135400,-0.0747000
xfoil,r1-sm8,tip,650.000,144.615,0.500,3.000,0.7200,0.450,0.000,45.0,121000,6,5.0,-3.200000,0.1272000,0.0135100,-0.0729000
xfoil,r1-sm8,tip,650.000,144.615,0.500,3.000,0.7200,0.450,0.000,45.0,121000,6,5.0,-2.700000,0.1774000,0.0134900,-0.0709000
xfoil,r1-sm8,tip,650.000,144.615,0.500,3.000,0.7200,0.450,0.000,45.0,121000,6,5.0,-2.200000,0.2272000,0.0131200,-0.0686000
xfoil,r1-sm8,tip,650.000,144.615,0.500,3.000,0.7200,0.450,0.000,45.0,121000,6,5.0,-1.700000,0.2919000,0.0125800,-0.0691000
xfoil,r1-sm8,tip,650.000,144.615,0.500,3.000,0.7200,0.450,0.000,45.0,121000,6,5.0,-1.200000,0.3431000,0.0126600,-0.0675000
xfoil,r1-sm8,tip,650.000,144.615,0.500,3.000,0.7200,0.450,0.000,45.0,121000,6,5.0,-0.700000,0.3943000,0.0126900,-0.0659000
xfoil,r1-sm8,tip,650.000,144.615,0.500,3.000,0.7200,0.450,0.000,45.0,121000,6,5.0,-0.200000,0.4459000,0.0126600,-0.0643000
xfoil,r1-sm8,tip,650.000,144.615,0.500,3.000,0.7200,0.450,0.000,45.0,121000,6,5.0,0.300000,0.4980000,0.0125700,-0.0627000
xfoil,r1-sm8,tip,650.000,144.615,0.500,3.000,0.7200,0.450,0.000,45.0,121000,6,5.0,0.800000,0.5515000,0.0124900,-0.0617000
xfoil,r1-sm8,tip,650.000,144.615,0.500,3.000,0.7200,0.450,0.000,45.0,121000,6,5.0,1.300000,0.6039000,0.0122800,-0.0601000
xfoil,r1-sm8,tip,650.000,144.615,0.500,3.000,0.7200,0.450,0.000,45.0,121000,6,5.0,1.800000,0.6545000,0.0122000,-0.0576000
xfoil,r1-sm8,tip,650.000,144.615,0.500,3.000,0.7200,0.450,0.000,45.0,121000,6,5.0,2.300000,0.7064000,0.0125900,-0.0562000
xfoil,r1-sm8,tip,650.000,144.615,0.500,3.000,0.7200,0.450,0.000,45.0,121000,6,5.0,2.800000,0.7585000,0.0131500,-0.0551000
xfoil,r1-sm8,tip,650.000,144.615,0.500,3.000,0.7200,0.450,0.000,45.0,121000,6,5.0,3.300000,0.8102000,0.0138700,-0.0542000
xfoil,r1-sm8,tip,650.000,144.615,0.500,3.000,0.7200,0.450,0.000,45.0,121000,6,5.0,3.800000,0.8612000,0.0147300,-0.0534000
xfoil,r1-sm8,tip,650.000,144.615,0.500,3.000,0.7200,0.450,0.000,45.0,121000,6,5.0,4.300000,0.9112000,0.0157400,-0.0527000
xfoil,r1-sm8,tip,650.000,144.615,0.500,3.000,0.7200,0.450,0.000,45.0,121000,6,5.0,4.800000,0.9600000,0.0168800,-0.0518000
xfoil,r1-sm8,tip,650.000,144.615,0.500,3.000,0.7200,0.450,0.000,45.0,121000,6,5.0,5.300000,1.0070000,0.0182100,-0.0509000
xfoil,r1-sm8,tip,650.000,144.615,0.500,3.000,0.7200,0.450,0.000,45.0,121000,6,5.0,5.800000,1.0511000,0.0197900,-0.0499000
xfoil,r1-sm8,tip,650.000,144.615,0.500,3.000,0.7200,0.450,0.000,45.0,121000,6,5.0,6.300000,1.0931000,0.0216200,-0.0487000
xfoil,r1-sm8,tip,650.000,144.615,0.500,3.000,0.7200,0.450,0.000,45.0,121000,6,5.0,6.800000,1.1311000,0.0240100,-0.0471000
xfoil,r1-sm8,tip,650.000,144.615,0.500,3.000,0.7200,0.450,0.000,45.0,121000,6,10.0,-9.900000,-0.2678000,0.0581600,-0.0954000
xfoil,r1-sm8,tip,650.000,144.615,0.500,3.000,0.7200,0.450,0.000,45.0,121000,6,10.0,-8.900000,-0.2211000,0.0373100,-0.1117000
xfoil,r1-sm8,tip,650.000,144.615,0.500,3.000,0.7200,0.450,0.000,45.0,121000,6,10.0,-8.400000,-0.1837000,0.0320300,-0.1121000
xfoil,r1-sm8,tip,650.000,144.615,0.500,3.000,0.7200,0.450,0.000,45.0,121000,6,10.0,-7.900000,-0.1273000,0.0274500,-0.1139000
xfoil,r1-sm8,tip,650.000,144.615,0.500,3.000,0.7200,0.450,0.000,45.0,121000,6,10.0,-7.400000,-0.0740000,0.0245100,-0.1139000
xfoil,r1-sm8,tip,650.000,144.615,0.500,3.000,0.7200,0.450,0.000,45.0,121000,6,10.0,-6.900000,-0.0254000,0.0227000,-0.1131000
xfoil,r1-sm8,tip,650.000,144.615,0.500,3.000,0.7200,0.450,0.000,45.0,121000,6,10.0,-6.400000,0.0285000,0.0213800,-0.1131000
xfoil,r1-sm8,tip,650.000,144.615,0.500,3.000,0.7200,0.450,0.000,45.0,121000,6,10.0,-5.400000,0.1608000,0.0184000,-0.1191000
xfoil,r1-sm8,tip,650.000,144.615,0.500,3.000,0.7200,0.450,0.000,45.0,121000,6,10.0,-4.900000,0.2174000,0.0184400,-0.1193000
xfoil,r1-sm8,tip,650.000,144.615,0.500,3.000,0.7200,0.450,0.000,45.0,121000,6,10.0,-4.400000,0.2735000,0.0187100,-0.1191000
xfoil,r1-sm8,tip,650.000,144.615,0.500,3.000,0.7200,0.450,0.000,45.0,121000,6,10.0,-3.900000,0.3346000,0.0190500,-0.1198000
xfoil,r1-sm8,tip,650.000,144.615,0.500,3.000,0.7200,0.450,0.000,45.0,121000,6,10.0,-3.400000,0.3947000,0.0193700,-0.1200000
xfoil,r1-sm8,tip,650.000,144.615,0.500,3.000,0.7200,0.450,0.000,45.0,121000,6,10.0,-2.900000,0.4545000,0.0195900,-0.1201000
xfoil,r1-sm8,tip,650.000,144.615,0.500,3.000,0.7200,0.450,0.000,45.0,121000,6,10.0,-2.400000,0.5157000,0.0195500,-0.1204000
xfoil,r1-sm8,tip,650.000,144.615,0.500,3.000,0.7200,0.450,0.000,45.0,121000,6,10.0,-1.900000,0.5747000,0.0192400,-0.1201000
xfoil,r1-sm8,tip,650.000,144.615,0.500,3.000,0.7200,0.450,0.000,45.0,121000,6,10.0,-1.400000,0.6299000,0.0187300,-0.1189000
xfoil,r1-sm8,tip,650.000,144.615,0.500,3.000,0.7200,0.450,0.000,45.0,121000,6,10.0,-0.900000,0.6854000,0.0178800,-0.1173000
xfoil,r1-sm8,tip,650.000,144.615,0.500,3.000,0.7200,0.450,0.000,45.0,121000,6,10.0,-0.400000,0.7427000,0.0174600,-0.1161000
xfoil,r1-sm8,tip,650.000,144.615,0.500,3.000,0.7200,0.450,0.000,45.0,121000,6,10.0,0.100000,0.7947000,0.0170100,-0.1140000
xfoil,r1-sm8,tip,650.000,144.615,0.500,3.000,0.7200,0.450,0.000,45.0,121000,6,10.0,0.600000,0.8435000,0.0164900,-0.1116000
xfoil,r1-sm8,tip,650.000,144.615,0.500,3.000,0.7200,0.450,0.000,45.0,121000,6,10.0,1.100000,0.8853000,0.0159400,-0.1083000
xfoil,r1-sm8,tip,650.000,144.615,0.500,3.000,0.7200,0.450,0.000,45.0,121000,6,10.0,1.600000,0.9513000,0.0141900,-0.1056000
xfoil,r1-sm8,tip,650.000,144.615,0.500,3.000,0.7200,0.450,0.000,45.0,121000,6,10.0,2.100000,0.9995000,0.0149600,-0.1032000
xfoil,r1-sm8,tip,650.000,144.615,0.500,3.000,0.7200,0.450,0.000,45.0,121000,6,10.0,2.600000,1.0443000,0.0161100,-0.1011000
xfoil,r1-sm8,tip,650.000,144.615,0.500,3.000,0.7200,0.450,0.000,45.0,121000,6,10.0,3.100000,1.0873000,0.0174100,-0.0989000
xfoil,r1-sm8,tip,650.000,144.615,0.500,3.000,0.7200,0.450,0.000,45.0,121000,6,10.0,3.600000,1.1282000,0.0188300,-0.0966000
xfoil,r1-sm8,tip,650.000,144.615,0.500,3.000,0.7200,0.450,0.000,45.0,121000,10,-5.0,-1.800000,-0.3752000,0.0177100,0.0268000
xfoil,r1-sm8,tip,650.000,144.615,0.500,3.000,0.7200,0.450,0.000,45.0,121000,10,-5.0,-1.300000,-0.3381000,0.0145600,0.0307000
xfoil,r1-sm8,tip,650.000,144.615,0.500,3.000,0.7200,0.450,0.000,45.0,121000,10,-5.0,-0.800000,-0.1863000,0.0147000,0.0205000
xfoil,r1-sm8,tip,650.000,144.615,0.500,3.000,0.7200,0.450,0.000,45.0,121000,10,-5.0,-0.300000,-0.1377000,0.0147700,0.0217000
xfoil,r1-sm8,tip,650.000,144.615,0.500,3.000,0.7200,0.450,0.000,45.0,121000,10,-5.0,0.200000,-0.0869000,0.0149100,0.0223000
xfoil,r1-sm8,tip,650.000,144.615,0.500,3.000,0.7200,0.450,0.000,45.0,121000,10,-5.0,0.700000,-0.0364000,0.0151200,0.0231000
xfoil,r1-sm8,tip,650.000,144.615,0.500,3.000,0.7200,0.450,0.000,45.0,121000,10,-5.0,1.200000,0.0131000,0.0154100,0.0243000
xfoil,r1-sm8,tip,650.000,144.615,0.500,3.000,0.7200,0.450,0.000,45.0,121000,10,-5.0,1.700000,0.0647000,0.0157500,0.0249000
xfoil,r1-sm8,tip,650.000,144.615,0.500,3.000,0.7200,0.450,0.000,45.0,121000,10,-5.0,2.200000,0.1156000,0.0160600,0.0257000
xfoil,r1-sm8,tip,650.000,144.615,0.500,3.000,0.7200,0.450,0.000,45.0,121000,10,-5.0,2.700000,0.1652000,0.0161900,0.0269000
xfoil,r1-sm8,tip,650.000,144.615,0.500,3.000,0.7200,0.450,0.000,45.0,121000,10,-5.0,3.700000,0.2584000,0.0157700,0.0313000
xfoil,r1-sm8,tip,650.000,144.615,0.500,3.000,0.7200,0.450,0.000,45.0,121000,10,-5.0,4.200000,0.3050000,0.0154400,0.0336000
xfoil,r1-sm8,tip,650.000,144.615,0.500,3.000,0.7200,0.450,0.000,45.0,121000,10,-5.0,4.700000,0.3510000,0.0151100,0.0361000
xfoil,r1-sm8,tip,650.000,144.615,0.500,3.000,0.7200,0.450,0.000,45.0,121000,10,-5.0,5.200000,0.3971000,0.0148500,0.0386000
xfoil,r1-sm8,tip,650.000,144.615,0.500,3.000,0.7200,0.450,0.000,45.0,121000,10,-5.0,5.700000,0.4453000,0.0148200,0.0404000
xfoil,r1-sm8,tip,650.000,144.615,0.500,3.000,0.7200,0.450,0.000,45.0,121000,10,-5.0,6.200000,0.4938000,0.0149800,0.0420000
xfoil,r1-sm8,tip,650.000,144.615,0.500,3.000,0.7200,0.450,0.000,45.0,121000,10,-5.0,6.700000,0.5440000,0.0153800,0.0430000
xfoil,r1-sm8,tip,650.000,144.615,0.500,3.000,0.7200,0.450,0.000,45.0,121000,10,-5.0,7.200000,0.5945000,0.0160000,0.0438000
xfoil,r1-sm8,tip,650.000,144.615,0.500,3.000,0.7200,0.450,0.000,45.0,121000,10,-5.0,7.700000,0.6453000,0.0168600,0.0443000
xfoil,r1-sm8,tip,650.000,144.615,0.500,3.000,0.7200,0.450,0.000,45.0,121000,10,-5.0,8.200000,0.6965000,0.0179800,0.0443000
xfoil,r1-sm8,tip,650.000,144.615,0.500,3.000,0.7200,0.450,0.000,45.0,121000,10,-5.0,8.700000,0.7468000,0.0191600,0.0440000
xfoil,r1-sm8,tip,650.000,144.615,0.500,3.000,0.7200,0.450,0.000,45.0,121000,10,-5.0,9.200000,0.7968000,0.0204500,0.0428000
xfoil,r1-sm8,tip,650.000,144.615,0.500,3.000,0.7200,0.450,0.000,45.0,121000,10,-5.0,9.700000,0.8399000,0.0242400,0.0413000
xfoil,r1-sm8,tip,650.000,144.615,0.500,3.000,0.7200,0.450,0.000,45.0,121000,10,-5.0,10.200000,0.8807000,0.0282200,0.0426000
xfoil,r1-sm8,tip,650.000,144.615,0.500,3.000,0.7200,0.450,0.000,45.0,121000,10,-5.0,10.700000,0.9222000,0.0324900,0.0438000
xfoil,r1-sm8,tip,650.000,144.615,0.500,3.000,0.7200,0.450,0.000,45.0,121000,10,-5.0,11.200000,0.9599000,0.0381700,0.0447000
xfoil,r1-sm8,tip,650.000,144.615,0.500,3.000,0.7200,0.450,0.000,45.0,121000,10,-5.0,11.700000,0.9892000,0.0449100,0.0449000
xfoil,r1-sm8,tip,650.000,144.615,0.500,3.000,0.7200,0.450,0.000,45.0,121000,10,-5.0,12.200000,0.9916000,0.0535900,0.0437000
xfoil,r1-sm8,tip,650.000,144.615,0.500,3.000,0.7200,0.450,0.000,45.0,121000,10,-5.0,12.700000,0.9254000,0.0665100,0.0355000
xfoil,r1-sm8,tip,650.000,144.615,0.500,3.000,0.7200,0.450,0.000,45.0,121000,10,-5.0,13.200000,0.8756000,0.0812000,0.0249000
xfoil,r1-sm8,tip,650.000,144.615,0.500,3.000,0.7200,0.450,0.000,45.0,121000,10,0.0,-4.500000,-0.3740000,0.0235400,-0.0201000
xfoil,r1-sm8,tip,650.000,144.615,0.500,3.000,0.7200,0.450,0.000,45.0,121000,10,0.0,-4.000000,-0.3384000,0.0204400,-0.0168000
xfoil,r1-sm8,tip,650.000,144.615,0.500,3.000,0.7200,0.450,0.000,45.0,121000,10,0.0,-3.500000,-0.2793000,0.0180400,-0.0176000
xfoil,r1-sm8,tip,650.000,144.615,0.500,3.000,0.7200,0.450,0.000,45.0,121000,10,0.0,-3.000000,-0.1889000,0.0152700,-0.0246000
xfoil,r1-sm8,tip,650.000,144.615,0.500,3.000,0.7200,0.450,0.000,45.0,121000,10,0.0,-2.500000,-0.1072000,0.0112500,-0.0266000
xfoil,r1-sm8,tip,650.000,144.615,0.500,3.000,0.7200,0.450,0.000,45.0,121000,10,0.0,-2.000000,0.0123000,0.0113200,-0.0391000
xfoil,r1-sm8,tip,650.000,144.615,0.500,3.000,0.7200,0.450,0.000,45.0,121000,10,0.0,-1.500000,0.0589000,0.0117500,-0.0374000
xfoil,r1-sm8,tip,650.000,144.615,0.500,3.000,0.7200,0.450,0.000,45.0,121000,10,0.0,-1.000000,0.0986000,0.0122200,-0.0340000
xfoil,r1-sm8,tip,650.000,144.615,0.500,3.000,0.7200,0.450,0.000,45.0,121000,10,0.0,-0.500000,0.1378000,0.0126400,-0.0301000
xfoil,r1-sm8,tip,650.000,144.615,0.500,3.000,0.7200,0.450,0.000,45.0,121000,10,0.0,-0.000000,0.1795000,0.0130000,-0.0266000
xfoil,r1-sm8,tip,650.000,144.615,0.500,3.000,0.7200,0.450,0.000,45.0,121000,10,0.0,0.500000,0.2231000,0.0133200,-0.0234000
xfoil,r1-sm8,tip,650.000,144.615,0.500,3.000,0.7200,0.450,0.000,45.0,121000,10,0.0,1.000000,0.2677000,0.0135800,-0.0203000
xfoil,r1-sm8,tip,650.000,144.615,0.500,3.000,0.7200,0.450,0.000,45.0,121000,10,0.0,1.500000,0.3133000,0.0137600,-0.0172000
xfoil,r1-sm8,tip,650.000,144.615,0.500,3.000,0.7200,0.450,0.000,45.0,121000,10,0.0,2.000000,0.3606000,0.0139000,-0.0145000
xfoil,r1-sm8,tip,650.000,144.615,0.500,3.000,0.7200,0.450,0.000,45.0,121000,10,0.0,2.500000,0.4100000,0.0140000,-0.0123000
xfoil,r1-sm8,tip,650.000,144.615,0.500,3.000,0.7200,0.450,0.000,45.0,121000,10,0.0,3.000000,0.4599000,0.0140000,-0.0100000
xfoil,r1-sm8,tip,650.000,144.615,0.500,3.000,0.7200,0.450,0.000,45.0,121000,10,0.0,3.500000,0.5110000,0.0139800,-0.0081000
xfoil,r1-sm8,tip,650.000,144.615,0.500,3.000,0.7200,0.450,0.000,45.0,121000,10,0.0,4.000000,0.5628000,0.0140200,-0.0064000
xfoil,r1-sm8,tip,650.000,144.615,0.500,3.000,0.7200,0.450,0.000,45.0,121000,10,0.0,4.500000,0.6153000,0.0142200,-0.0051000
xfoil,r1-sm8,tip,650.000,144.615,0.500,3.000,0.7200,0.450,0.000,45.0,121000,10,0.0,5.000000,0.6682000,0.0146300,-0.0040000
xfoil,r1-sm8,tip,650.000,144.615,0.500,3.000,0.7200,0.450,0.000,45.0,121000,10,0.0,5.500000,0.7210000,0.0152800,-0.0033000
xfoil,r1-sm8,tip,650.000,144.615,0.500,3.000,0.7200,0.450,0.000,45.0,121000,10,0.0,6.000000,0.7734000,0.0162000,-0.0028000
xfoil,r1-sm8,tip,650.000,144.615,0.500,3.000,0.7200,0.450,0.000,45.0,121000,10,0.0,6.500000,0.8248000,0.0173500,-0.0024000
xfoil,r1-sm8,tip,650.000,144.615,0.500,3.000,0.7200,0.450,0.000,45.0,121000,10,0.0,7.000000,0.8748000,0.0187300,-0.0021000
xfoil,r1-sm8,tip,650.000,144.615,0.500,3.000,0.7200,0.450,0.000,45.0,121000,10,0.0,7.500000,0.9226000,0.0200300,-0.0021000
xfoil,r1-sm8,tip,650.000,144.615,0.500,3.000,0.7200,0.450,0.000,45.0,121000,10,0.0,8.000000,0.9664000,0.0220400,-0.0021000
xfoil,r1-sm8,tip,650.000,144.615,0.500,3.000,0.7200,0.450,0.000,45.0,121000,10,0.0,8.500000,0.9993000,0.0266900,-0.0005000
xfoil,r1-sm8,tip,650.000,144.615,0.500,3.000,0.7200,0.450,0.000,45.0,121000,10,0.0,9.000000,1.0393000,0.0304700,0.0013000
xfoil,r1-sm8,tip,650.000,144.615,0.500,3.000,0.7200,0.450,0.000,45.0,121000,10,0.0,9.500000,1.0821000,0.0354900,0.0032000
xfoil,r1-sm8,tip,650.000,144.615,0.500,3.000,0.7200,0.450,0.000,45.0,121000,10,0.0,10.000000,1.1205000,0.0410000,0.0045000
xfoil,r1-sm8,tip,650.000,144.615,0.500,3.000,0.7200,0.450,0.000,45.0,121000,10,5.0,-5.700000,-0.2988000,0.0261600,-0.0505000
xfoil,r1-sm8,tip,650.000,144.615,0.500,3.000,0.7200,0.450,0.000,45.0,121000,10,5.0,-5.200000,-0.2413000,0.0220900,-0.0497000
xfoil,r1-sm8,tip,650.000,144.615,0.500,3.000,0.7200,0.450,0.000,45.0,121000,10,5.0,-4.700000,-0.1857000,0.0196700,-0.0493000
xfoil,r1-sm8,tip,650.000,144.615,0.500,3.000,0.7200,0.450,0.000,45.0,121000,10,5.0,-4.200000,-0.1310000,0.0177500,-0.0494000
xfoil,r1-sm8,tip,650.000,144.615,0.500,3.000,0.7200,0.450,0.000,45.0,121000,10,5.0,-3.700000,-0.0665000,0.0147600,-0.0522000
xfoil,r1-sm8,tip,650.000,144.615,0.500,3.000,0.7200,0.450,0.000,45.0,121000,10,5.0,-3.200000,-0.0022000,0.0150400,-0.0534000
xfoil,r1-sm8,tip,650.000,144.615,0.500,3.000,0.7200,0.450,0.000,45.0,121000,10,5.0,-2.700000,0.0803000,0.0141900,-0.0576000
xfoil,r1-sm8,tip,650.000,144.615,0.500,3.000,0.7200,0.450,0.000,45.0,121000,10,5.0,-2.200000,0.1825000,0.0146800,-0.0683000
xfoil,r1-sm8,tip,650.000,144.615,0.500,3.000,0.7200,0.450,0.000,45.0,121000,10,5.0,-1.700000,0.2787000,0.0151100,-0.0768000
xfoil,r1-sm8,tip,650.000,144.615,0.500,3.000,0.7200,0.450,0.000,45.0,121000,10,5.0,-1.200000,0.3617000,0.0154700,-0.0819000
xfoil,r1-sm8,tip,650.000,144.615,0.500,3.000,0.7200,0.450,0.000,45.0,121000,10,5.0,-0.700000,0.4267000,0.0157700,-0.0826000
xfoil,r1-sm8,tip,650.000,144.615,0.500,3.000,0.7200,0.450,0.000,45.0,121000,10,5.0,-0.200000,0.4801000,0.0159900,-0.0807000
xfoil,r1-sm8,tip,650.000,144.615,0.500,3.000,0.7200,0.450,0.000,45.0,121000,10,5.0,0.300000,0.5288000,0.0160000,-0.0774000
xfoil,r1-sm8,tip,650.000,144.615,0.500,3.000,0.7200,0.450,0.000,45.0,121000,10,5.0,0.800000,0.5758000,0.0157600,-0.0735000
xfoil,r1-sm8,tip,650.000,144.615,0.500,3.000,0.7200,0.450,0.000,45.0,121000,10,5.0,1.300000,0.6229000,0.0152600,-0.0695000
xfoil,r1-sm8,tip,650.000,144.615,0.500,3.000,0.7200,0.450,0.000,45.0,121000,10,5.0,1.800000,0.6713000,0.0145500,-0.0658000
xfoil,r1-sm8,tip,650.000,144.615,0.500,3.000,0.7200,0.450,0.000,45.0,121000,10,5.0,2.300000,0.7208000,0.0136600,-0.0622000
xfoil,r1-sm8,tip,650.000,144.615,0.500,3.000,0.7200,0.450,0.000,45.0,121000,10,5.0,2.800000,0.7699000,0.0134700,-0.0588000
xfoil,r1-sm8,tip,650.000,144.615,0.500,3.000,0.7200,0.450,0.000,45.0,121000,10,5.0,3.300000,0.8200000,0.0140300,-0.0566000
xfoil,r1-sm8,tip,650.000,144.615,0.500,3.000,0.7200,0.450,0.000,45.0,121000,10,5.0,3.800000,0.8702000,0.0147900,-0.0550000
xfoil,r1-sm8,tip,650.000,144.615,0.500,3.000,0.7200,0.450,0.000,45.0,121000,10,5.0,4.300000,0.9196000,0.0158000,-0.0536000
xfoil,r1-sm8,tip,650.000,144.615,0.500,3.000,0.7200,0.450,0.000,45.0,121000,10,5.0,4.800000,0.9676000,0.0170600,-0.0522000
xfoil,r1-sm8,tip,650.000,144.615,0.500,3.000,0.7200,0.450,0.000,45.0,121000,10,5.0,5.300000,1.0134000,0.0185600,-0.0508000
xfoil,r1-sm8,tip,650.000,144.615,0.500,3.000,0.7200,0.450,0.000,45.0,121000,10,5.0,5.800000,1.0562000,0.0201200,-0.0494000
xfoil,r1-sm8,tip,650.000,144.615,0.500,3.000,0.7200,0.450,0.000,45.0,121000,10,5.0,6.300000,1.0962000,0.0217900,-0.0479000
xfoil,r1-sm8,tip,650.000,144.615,0.500,3.000,0.7200,0.450,0.000,45.0,121000,10,5.0,6.800000,1.1240000,0.0253500,-0.0450000
xfoil,r1-sm8,tip,650.000,144.615,0.500,3.000,0.7200,0.450,0.000,45.0,121000,10,10.0,-6.400000,-0.1529000,0.0262100,-0.0823000
xfoil,r1-sm8,tip,650.000,144.615,0.500,3.000,0.7200,0.450,0.000,45.0,121000,10,10.0,-5.900000,-0.0895000,0.0230800,-0.0836000
xfoil,r1-sm8,tip,650.000,144.615,0.500,3.000,0.7200,0.450,0.000,45.0,121000,10,10.0,-5.400000,-0.0269000,0.0212900,-0.0847000
xfoil,r1-sm8,tip,650.000,144.615,0.500,3.000,0.7200,0.450,0.000,45.0,121000,10,10.0,-4.900000,0.0530000,0.0188100,-0.0901000
xfoil,r1-sm8,tip,650.000,144.615,0.500,3.000,0.7200,0.450,0.000,45.0,121000,10,10.0,-4.400000,0.0961000,0.0195600,-0.0876000
xfoil,r1-sm8,tip,650.000,144.615,0.500,3.000,0.7200,0.450,0.000,45.0,121000,10,10.0,-3.900000,0.1376000,0.0205500,-0.0848000
xfoil,r1-sm8,tip,650.000,144.615,0.500,3.000,0.7200,0.450,0.000,45.0,121000,10,10.0,-3.400000,0.1813000,0.0214000,-0.0831000
xfoil,r1-sm8,tip,650.000,144.615,0.500,3.000,0.7200,0.450,0.000,45.0,121000,10,10.0,-2.900000,0.2487000,0.0217000,-0.0868000
xfoil,r1-sm8,tip,650.000,144.615,0.500,3.000,0.7200,0.450,0.000,45.0,121000,10,10.0,-2.400000,0.3470000,0.0217000,-0.0954000
xfoil,r1-sm8,tip,650.000,144.615,0.500,3.000,0.7200,0.450,0.000,45.0,121000,10,10.0,-1.900000,0.4381000,0.0224800,-0.1033000
xfoil,r1-sm8,tip,650.000,144.615,0.500,3.000,0.7200,0.450,0.000,45.0,121000,10,10.0,-1.400000,0.5250000,0.0232900,-0.1096000
xfoil,r1-sm8,tip,650.000,144.615,0.500,3.000,0.7200,0.450,0.000,45.0,121000,10,10.0,-0.900000,0.6075000,0.0237400,-0.1142000
xfoil,r1-sm8,tip,650.000,144.615,0.500,3.000,0.7200,0.450,0.000,45.0,121000,10,10.0,-0.400000,0.6967000,0.0235900,-0.1190000
xfoil,r1-sm8,tip,650.000,144.615,0.500,3.000,0.7200,0.450,0.000,45.0,121000,10,10.0,0.100000,0.7702000,0.0230300,-0.1201000
xfoil,r1-sm8,tip,650.000,144.615,0.500,3.000,0.7200,0.450,0.000,45.0,121000,10,10.0,1.600000,0.9414000,0.0186600,-0.1119000
xfoil,r1-sm8,tip,650.000,144.615,0.500,3.000,0.7200,0.450,0.000,45.0,121000,10,10.0,2.100000,1.0098000,0.0152000,-0.1082000
xfoil,r1-sm8,tip,650.000,144.615,0.500,3.000,0.7200,0.450,0.000,45.0,121000,10,10.0,2.600000,1.0644000,0.0152500,-0.1047000
xfoil,r1-sm8,tip,650.000,144.615,0.500,3.000,0.7200,0.450,0.000,45.0,121000,10,10.0,3.100000,1.1062000,0.0167600,-0.1016000
xfoil,r1-sm8,tip,650.000,144.615,0.500,3.000,0.7200,0.450,0.000,45.0,121000,10,10.0,3.600000,1.1448000,0.0184900,-0.0985000
xfoil,r1-sm8,tip,650.000,144.615,0.500,3.000,0.7200,0.450,0.000,95.0,254000,6,-5.0,-1.800000,-0.4660000,0.0156500,0.0541000
xfoil,r1-sm8,tip,650.000,144.615,0.500,3.000,0.7200,0.450,0.000,95.0,254000,6,-5.0,-1.300000,-0.4125000,0.0144400,0.0549000
xfoil,r1-sm8,tip,650.000,144.615,0.500,3.000,0.7200,0.450,0.000,95.0,254000,6,-5.0,-0.800000,-0.3574000,0.0135900,0.0555000
xfoil,r1-sm8,tip,650.000,144.615,0.500,3.000,0.7200,0.450,0.000,95.0,254000,6,-5.0,-0.300000,-0.3093000,0.0114400,0.0565000
xfoil,r1-sm8,tip,650.000,144.615,0.500,3.000,0.7200,0.450,0.000,95.0,254000,6,-5.0,0.200000,-0.2759000,0.0090000,0.0617000
xfoil,r1-sm8,tip,650.000,144.615,0.500,3.000,0.7200,0.450,0.000,95.0,254000,6,-5.0,0.700000,-0.2250000,0.0089300,0.0647000
xfoil,r1-sm8,tip,650.000,144.615,0.500,3.000,0.7200,0.450,0.000,95.0,254000,6,-5.0,1.200000,-0.1640000,0.0089400,0.0645000
xfoil,r1-sm8,tip,650.000,144.615,0.500,3.000,0.7200,0.450,0.000,95.0,254000,6,-5.0,1.700000,-0.1003000,0.0089700,0.0634000
xfoil,r1-sm8,tip,650.000,144.615,0.500,3.000,0.7200,0.450,0.000,95.0,254000,6,-5.0,2.200000,-0.0308000,0.0090800,0.0610000
xfoil,r1-sm8,tip,650.000,144.615,0.500,3.000,0.7200,0.450,0.000,95.0,254000,6,-5.0,2.700000,0.0459000,0.0092800,0.0570000
xfoil,r1-sm8,tip,650.000,144.615,0.500,3.000,0.7200,0.450,0.000,95.0,254000,6,-5.0,3.200000,0.1164000,0.0093800,0.0540000
xfoil,r1-sm8,tip,650.000,144.615,0.500,3.000,0.7200,0.450,0.000,95.0,254000,6,-5.0,3.700000,0.1776000,0.0094100,0.0526000
xfoil,r1-sm8,tip,650.000,144.615,0.500,3.000,0.7200,0.450,0.000,95.0,254000,6,-5.0,4.200000,0.2403000,0.0095200,0.0509000
xfoil,r1-sm8,tip,650.000,144.615,0.500,3.000,0.7200,0.450,0.000,95.0,254000,6,-5.0,4.700000,0.3031000,0.0096900,0.0490000
xfoil,r1-sm8,tip,650.000,144.615,0.500,3.000,0.7200,0.450,0.000,95.0,254000,6,-5.0,5.200000,0.3669000,0.0099400,0.0469000
xfoil,r1-sm8,tip,650.000,144.615,0.500,3.000,0.7200,0.450,0.000,95.0,254000,6,-5.0,5.700000,0.4290000,0.0102400,0.0449000
xfoil,r1-sm8,tip,650.000,144.615,0.500,3.000,0.7200,0.450,0.000,95.0,254000,6,-5.0,6.200000,0.4805000,0.0105600,0.0451000
xfoil,r1-sm8,tip,650.000,144.615,0.500,3.000,0.7200,0.450,0.000,95.0,254000,6,-5.0,6.700000,0.5318000,0.0109700,0.0453000
xfoil,r1-sm8,tip,650.000,144.615,0.500,3.000,0.7200,0.450,0.000,95.0,254000,6,-5.0,7.200000,0.5837000,0.0115400,0.0452000
xfoil,r1-sm8,tip,650.000,144.615,0.500,3.000,0.7200,0.450,0.000,95.0,254000,6,-5.0,7.700000,0.6361000,0.0123300,0.0448000
xfoil,r1-sm8,tip,650.000,144.615,0.500,3.000,0.7200,0.450,0.000,95.0,254000,6,-5.0,8.200000,0.6887000,0.0132600,0.0442000
xfoil,r1-sm8,tip,650.000,144.615,0.500,3.000,0.7200,0.450,0.000,95.0,254000,6,-5.0,8.700000,0.7410000,0.0143800,0.0435000
xfoil,r1-sm8,tip,650.000,144.615,0.500,3.000,0.7200,0.450,0.000,95.0,254000,6,-5.0,9.200000,0.7925000,0.0158600,0.0427000
xfoil,r1-sm8,tip,650.000,144.615,0.500,3.000,0.7200,0.450,0.000,95.0,254000,6,-5.0,9.700000,0.8422000,0.0180500,0.0415000
xfoil,r1-sm8,tip,650.000,144.615,0.500,3.000,0.7200,0.450,0.000,95.0,254000,6,-5.0,10.200000,0.8908000,0.0199900,0.0408000
xfoil,r1-sm8,tip,650.000,144.615,0.500,3.000,0.7200,0.450,0.000,95.0,254000,6,-5.0,10.700000,0.9357000,0.0224200,0.0399000
xfoil,r1-sm8,tip,650.000,144.615,0.500,3.000,0.7200,0.450,0.000,95.0,254000,6,-5.0,11.200000,0.9766000,0.0250400,0.0390000
xfoil,r1-sm8,tip,650.000,144.615,0.500,3.000,0.7200,0.450,0.000,95.0,254000,6,-5.0,11.700000,1.0081000,0.0286700,0.0381000
xfoil,r1-sm8,tip,650.000,144.615,0.500,3.000,0.7200,0.450,0.000,95.0,254000,6,-5.0,12.200000,1.0366000,0.0323400,0.0373000
xfoil,r1-sm8,tip,650.000,144.615,0.500,3.000,0.7200,0.450,0.000,95.0,254000,6,-5.0,12.700000,1.0542000,0.0368300,0.0357000
xfoil,r1-sm8,tip,650.000,144.615,0.500,3.000,0.7200,0.450,0.000,95.0,254000,6,-5.0,13.200000,1.0617000,0.0418800,0.0345000
xfoil,r1-sm8,tip,650.000,144.615,0.500,3.000,0.7200,0.450,0.000,95.0,254000,6,0.0,-5.000000,-0.4649000,0.0204900,-0.0033000
xfoil,r1-sm8,tip,650.000,144.615,0.500,3.000,0.7200,0.450,0.000,95.0,254000,6,0.0,-4.500000,-0.4131000,0.0177600,-0.0018000
xfoil,r1-sm8,tip,650.000,144.615,0.500,3.000,0.7200,0.450,0.000,95.0,254000,6,0.0,-4.000000,-0.3607000,0.0159000,-0.0006000
xfoil,r1-sm8,tip,650.000,144.615,0.500,3.000,0.7200,0.450,0.000,95.0,254000,6,0.0,-3.500000,-0.3081000,0.0142000,0.0003000
xfoil,r1-sm8,tip,650.000,144.615,0.500,3.000,0.7200,0.450,0.000,95.0,254000,6,0.0,-3.000000,-0.2539000,0.0131200,0.0009000
xfoil,r1-sm8,tip,650.000,144.615,0.500,3.000,0.7200,0.450,0.000,95.0,254000,6,0.0,-2.000000,-0.1455000,0.0106900,0.0016000
xfoil,r1-sm8,tip,650.000,144.615,0.500,3.000,0.7200,0.450,0.000,95.0,254000,6,0.0,-1.500000,-0.0945000,0.0093600,0.0022000
xfoil,r1-sm8,tip,650.000,144.615,0.500,3.000,0.7200,0.450,0.000,95.0,254000,6,0.0,-1.000000,-0.0432000,0.0079000,0.0046000
xfoil,r1-sm8,tip,650.000,144.615,0.500,3.000,0.7200,0.450,0.000,95.0,254000,6,0.0,-0.500000,0.0463000,0.0079400,-0.0022000
xfoil,r1-sm8,tip,650.000,144.615,0.500,3.000,0.7200,0.450,0.000,95.0,254000,6,0.0,-0.000000,0.1005000,0.0079700,-0.0017000
xfoil,r1-sm8,tip,650.000,144.615,0.500,3.000,0.7200,0.450,0.000,95.0,254000,6,0.0,0.500000,0.1550000,0.0080100,-0.0013000
xfoil,r1-sm8,tip,650.000,144.615,0.500,3.000,0.7200,0.450,0.000,95.0,254000,6,0.0,1.000000,0.2100000,0.0080800,-0.0009000
xfoil,r1-sm8,tip,650.000,144.615,0.500,3.000,0.7200,0.450,0.000,95.0,254000,6,0.0,1.500000,0.2653000,0.0081900,-0.0007000
xfoil,r1-sm8,tip,650.000,144.615,0.500,3.000,0.7200,0.450,0.000,95.0,254000,6,0.0,2.000000,0.3210000,0.0083400,-0.0005000
xfoil,r1-sm8,tip,650.000,144.615,0.500,3.000,0.7200,0.450,0.000,95.0,254000,6,0.0,2.500000,0.3768000,0.0085500,-0.0004000
xfoil,r1-sm8,tip,650.000,144.615,0.500,3.000,0.7200,0.450,0.000,95.0,254000,6,0.0,3.000000,0.4328000,0.0088300,-0.0005000
xfoil,r1-sm8,tip,650.000,144.615,0.500,3.000,0.7200,0.450,0.000,95.0,254000,6,0.0,3.500000,0.4889000,0.0092000,-0.0007000
xfoil,r1-sm8,tip,650.000,144.615,0.500,3.000,0.7200,0.450,0.000,95.0,254000,6,0.0,4.000000,0.5450000,0.0096400,-0.0009000
xfoil,r1-sm8,tip,650.000,144.615,0.500,3.000,0.7200,0.450,0.000,95.0,254000,6,0.0,4.500000,0.6010000,0.0101600,-0.0013000
xfoil,r1-sm8,tip,650.000,144.615,0.500,3.000,0.7200,0.450,0.000,95.0,254000,6,0.0,5.000000,0.6567000,0.0107300,-0.0016000
xfoil,r1-sm8,tip,650.000,144.615,0.500,3.000,0.7200,0.450,0.000,95.0,254000,6,0.0,5.500000,0.7121000,0.0114000,-0.0020000
xfoil,r1-sm8,tip,650.000,144.615,0.500,3.000,0.7200,0.450,0.000,95.0,254000,6,0.0,6.000000,0.7666000,0.0122500,-0.0025000
xfoil,r1-sm8,tip,650.000,144.615,0.500,3.000,0.7200,0.450,0.000,95.0,254000,6,0.0,6.500000,0.8201000,0.0132800,-0.0030000
xfoil,r1-sm8,tip,650.000,144.615,0.500,3.000,0.7200,0.450,0.000,95.0,254000,6,0.0,7.000000,0.8725000,0.0144400,-0.0034000
xfoil,r1-sm8,tip,650.000,144.615,0.500,3.000,0.7200,0.450,0.000,95.0,254000,6,0.0,7.500000,0.9235000,0.0157700,-0.0037000
xfoil,r1-sm8,tip,650.000,144.615,0.500,3.000,0.7200,0.450,0.000,95.0,254000,6,0.0,8.000000,0.9705000,0.0178900,-0.0038000
xfoil,r1-sm8,tip,650.000,144.615,0.500,3.000,0.7200,0.450,0.000,95.0,254000,6,0.0,8.500000,1.0171000,0.0197900,-0.0035000
xfoil,r1-sm8,tip,650.000,144.615,0.500,3.000,0.7200,0.450,0.000,95.0,254000,6,0.0,9.000000,1.0604000,0.0219200,-0.0030000
xfoil,r1-sm8,tip,650.000,144.615,0.500,3.000,0.7200,0.450,0.000,95.0,254000,6,0.0,9.500000,1.1002000,0.0242000,-0.0023000
xfoil,r1-sm8,tip,650.000,144.615,0.500,3.000,0.7200,0.450,0.000,95.0,254000,6,0.0,10.000000,1.1323000,0.0271200,-0.0013000
xfoil,r1-sm8,tip,650.000,144.615,0.500,3.000,0.7200,0.450,0.000,95.0,254000,6,5.0,-7.700000,-0.3856000,0.0319400,-0.0624000
xfoil,r1-sm8,tip,650.000,144.615,0.500,3.000,0.7200,0.450,0.000,95.0,254000,6,5.0,-7.200000,-0.3373000,0.0242500,-0.0626000
xfoil,r1-sm8,tip,650.000,144.615,0.500,3.000,0.7200,0.450,0.000,95.0,254000,6,5.0,-6.700000,-0.2867000,0.0204200,-0.0620000
xfoil,r1-sm8,tip,650.000,144.615,0.500,3.000,0.7200,0.450,0.000,95.0,254000,6,5.0,-6.200000,-0.2319000,0.0178300,-0.0616000
xfoil,r1-sm8,tip,650.000,144.615,0.500,3.000,0.7200,0.450,0.000,95.0,254000,6,5.0,-5.700000,-0.1792000,0.0157400,-0.0610000
xfoil,r1-sm8,tip,650.000,144.615,0.500,3.000,0.7200,0.450,0.000,95.0,254000,6,5.0,-5.200000,-0.1255000,0.0142800,-0.0605000
xfoil,r1-sm8,tip,650.000,144.615,0.500,3.000,0.7200,0.450,0.000,95.0,254000,6,5.0,-4.700000,-0.0702000,0.0132800,-0.0603000
xfoil,r1-sm8,tip,650.000,144.615,0.500,3.000,0.7200,0.450,0.000,95.0,254000,6,5.0,-4.200000,-0.0155000,0.0125000,-0.0598000
xfoil,r1-sm8,tip,650.000,144.615,0.500,3.000,0.7200,0.450,0.000,95.0,254000,6,5.0,-3.700000,0.0378000,0.0109500,-0.0596000
xfoil,r1-sm8,tip,650.000,144.615,0.500,3.000,0.7200,0.450,0.000,95.0,254000,6,5.0,-3.200000,0.0907000,0.0101000,-0.0591000
xfoil,r1-sm8,tip,650.000,144.615,0.500,3.000,0.7200,0.450,0.000,95.0,254000,6,5.0,-2.700000,0.1429000,0.0096200,-0.0579000
xfoil,r1-sm8,tip,650.000,144.615,0.500,3.000,0.7200,0.450,0.000,95.0,254000,6,5.0,-2.200000,0.1962000,0.0094300,-0.0567000
xfoil,r1-sm8,tip,650.000,144.615,0.500,3.000,0.7200,0.450,0.000,95.0,254000,6,5.0,-1.700000,0.2513000,0.0093000,-0.0561000
xfoil,r1-sm8,tip,650.000,144.615,0.500,3.000,0.7200,0.450,0.000,95.0,254000,6,5.0,-1.200000,0.3057000,0.0090400,-0.0552000
xfoil,r1-sm8,tip,650.000,144.615,0.500,3.000,0.7200,0.450,0.000,95.0,254000,6,5.0,-0.700000,0.3581000,0.0084700,-0.0539000
xfoil,r1-sm8,tip,650.000,144.615,0.500,3.000,0.7200,0.450,0.000,95.0,254000,6,5.0,-0.200000,0.4239000,0.0080700,-0.0555000
xfoil,r1-sm8,tip,650.000,144.615,0.500,3.000,0.7200,0.450,0.000,95.0,254000,6,5.0,0.300000,0.4793000,0.0079700,-0.0548000
xfoil,r1-sm8,tip,650.000,144.615,0.500,3.000,0.7200,0.450,0.000,95.0,254000,6,5.0,0.800000,0.5329000,0.0081800,-0.0538000
xfoil,r1-sm8,tip,650.000,144.615,0.500,3.000,0.7200,0.450,0.000,95.0,254000,6,5.0,1.300000,0.5884000,0.0085900,-0.0536000
xfoil,r1-sm8,tip,650.000,144.615,0.500,3.000,0.7200,0.450,0.000,95.0,254000,6,5.0,1.800000,0.6438000,0.0090600,-0.0536000
xfoil,r1-sm8,tip,650.000,144.615,0.500,3.000,0.7200,0.450,0.000,95.0,254000,6,5.0,2.300000,0.6989000,0.0096300,-0.0536000
xfoil,r1-sm8,tip,650.000,144.615,0.500,3.000,0.7200,0.450,0.000,95.0,254000,6,5.0,2.800000,0.7534000,0.0102800,-0.0536000
xfoil,r1-sm8,tip,650.000,144.615,0.500,3.000,0.7200,0.450,0.000,95.0,254000,6,5.0,3.300000,0.8074000,0.0109800,-0.0535000
xfoil,r1-sm8,tip,650.000,144.615,0.500,3.000,0.7200,0.450,0.000,95.0,254000,6,5.0,3.800000,0.8607000,0.0117400,-0.0534000
xfoil,r1-sm8,tip,650.000,144.615,0.500,3.000,0.7200,0.450,0.000,95.0,254000,6,5.0,4.300000,0.9128000,0.0126400,-0.0532000
xfoil,r1-sm8,tip,650.000,144.615,0.500,3.000,0.7200,0.450,0.000,95.0,254000,6,5.0,4.800000,0.9628000,0.0137900,-0.0530000
xfoil,r1-sm8,tip,650.000,144.615,0.500,3.000,0.7200,0.450,0.000,95.0,254000,6,5.0,5.300000,1.0119000,0.0150100,-0.0525000
xfoil,r1-sm8,tip,650.000,144.615,0.500,3.000,0.7200,0.450,0.000,95.0,254000,6,5.0,5.800000,1.0596000,0.0163300,-0.0519000
xfoil,r1-sm8,tip,650.000,144.615,0.500,3.000,0.7200,0.450,0.000,95.0,254000,6,5.0,6.300000,1.1035000,0.0181400,-0.0509000
xfoil,r1-sm8,tip,650.000,144.615,0.500,3.000,0.7200,0.450,0.000,95.0,254000,6,5.0,6.800000,1.1445000,0.0202700,-0.0493000
xfoil,r1-sm8,tip,650.000,144.615,0.500,3.000,0.7200,0.450,0.000,95.0,254000,10,-5.0,-1.800000,-0.4547000,0.0166100,0.0496000
xfoil,r1-sm8,tip,650.000,144.615,0.500,3.000,0.7200,0.450,0.000,95.0,254000,10,-5.0,-1.300000,-0.4031000,0.0149300,0.0509000
xfoil,r1-sm8,tip,650.000,144.615,0.500,3.000,0.7200,0.450,0.000,95.0,254000,10,-5.0,-0.800000,-0.3496000,0.0139500,0.0521000
xfoil,r1-sm8,tip,650.000,144.615,0.500,3.000,0.7200,0.450,0.000,95.0,254000,10,-5.0,-0.300000,-0.3247000,0.0098300,0.0582000
xfoil,r1-sm8,tip,650.000,144.615,0.500,3.000,0.7200,0.450,0.000,95.0,254000,10,-5.0,0.200000,-0.2616000,0.0106200,0.0610000
xfoil,r1-sm8,tip,650.000,144.615,0.500,3.000,0.7200,0.450,0.000,95.0,254000,10,-5.0,0.700000,-0.1145000,0.0117900,0.0442000
xfoil,r1-sm8,tip,650.000,144.615,0.500,3.000,0.7200,0.450,0.000,95.0,254000,10,-5.0,1.200000,-0.0405000,0.0115900,0.0404000
xfoil,r1-sm8,tip,650.000,144.615,0.500,3.000,0.7200,0.450,0.000,95.0,254000,10,-5.0,1.700000,0.0112000,0.0112300,0.0412000
xfoil,r1-sm8,tip,650.000,144.615,0.500,3.000,0.7200,0.450,0.000,95.0,254000,10,-5.0,2.200000,0.0624000,0.0108600,0.0420000
xfoil,r1-sm8,tip,650.000,144.615,0.500,3.000,0.7200,0.450,0.000,95.0,254000,10,-5.0,2.700000,0.1137000,0.0105300,0.0429000
xfoil,r1-sm8,tip,650.000,144.615,0.500,3.000,0.7200,0.450,0.000,95.0,254000,10,-5.0,3.200000,0.1654000,0.0102700,0.0437000
xfoil,r1-sm8,tip,650.000,144.615,0.500,3.000,0.7200,0.450,0.000,95.0,254000,10,-5.0,3.700000,0.2182000,0.0100800,0.0441000
xfoil,r1-sm8,tip,650.000,144.615,0.500,3.000,0.7200,0.450,0.000,95.0,254000,10,-5.0,4.200000,0.2712000,0.0099600,0.0445000
xfoil,r1-sm8,tip,650.000,144.615,0.500,3.000,0.7200,0.450,0.000,95.0,254000,10,-5.0,4.700000,0.3246000,0.0099300,0.0447000
xfoil,r1-sm8,tip,650.000,144.615,0.500,3.000,0.7200,0.450,0.000,95.0,254000,10,-5.0,5.200000,0.3770000,0.0100100,0.0450000
xfoil,r1-sm8,tip,650.000,144.615,0.500,3.000,0.7200,0.450,0.000,95.0,254000,10,-5.0,5.700000,0.4289000,0.0101900,0.0453000
xfoil,r1-sm8,tip,650.000,144.615,0.500,3.000,0.7200,0.450,0.000,95.0,254000,10,-5.0,6.200000,0.4803000,0.0104600,0.0456000
xfoil,r1-sm8,tip,650.000,144.615,0.500,3.000,0.7200,0.450,0.000,95.0,254000,10,-5.0,6.700000,0.5316000,0.0108600,0.0459000
xfoil,r1-sm8,tip,650.000,144.615,0.500,3.000,0.7200,0.450,0.000,95.0,254000,10,-5.0,7.200000,0.5835000,0.0113800,0.0459000
xfoil,r1-sm8,tip,650.000,144.615,0.500,3.000,0.7200,0.450,0.000,95.0,254000,10,-5.0,7.700000,0.6362000,0.0120600,0.0456000
xfoil,r1-sm8,tip,650.000,144.615,0.500,3.000,0.7200,0.450,0.000,95.0,254000,10,-5.0,8.200000,0.6891000,0.0129200,0.0450000
xfoil,r1-sm8,tip,650.000,144.615,0.500,3.000,0.7200,0.450,0.000,95.0,254000,10,-5.0,8.700000,0.7418000,0.0139600,0.0443000
xfoil,r1-sm8,tip,650.000,144.615,0.500,3.000,0.7200,0.450,0.000,95.0,254000,10,-5.0,9.200000,0.7941000,0.0152600,0.0435000
xfoil,r1-sm8,tip,650.000,144.615,0.500,3.000,0.7200,0.450,0.000,95.0,254000,10,-5.0,9.700000,0.8429000,0.0187500,0.0416000
xfoil,r1-sm8,tip,650.000,144.615,0.500,3.000,0.7200,0.450,0.000,95.0,254000,10,-5.0,10.200000,0.8874000,0.0216800,0.0411000
xfoil,r1-sm8,tip,650.000,144.615,0.500,3.000,0.7200,0.450,0.000,95.0,254000,10,-5.0,10.700000,0.9282000,0.0246500,0.0413000
xfoil,r1-sm8,tip,650.000,144.615,0.500,3.000,0.7200,0.450,0.000,95.0,254000,10,-5.0,11.200000,0.9668000,0.0283400,0.0424000
xfoil,r1-sm8,tip,650.000,144.615,0.500,3.000,0.7200,0.450,0.000,95.0,254000,10,-5.0,11.700000,1.0034000,0.0326200,0.0432000
xfoil,r1-sm8,tip,650.000,144.615,0.500,3.000,0.7200,0.450,0.000,95.0,254000,10,-5.0,12.200000,1.0305000,0.0378900,0.0435000
xfoil,r1-sm8,tip,650.000,144.615,0.500,3.000,0.7200,0.450,0.000,95.0,254000,10,-5.0,12.700000,1.0358000,0.0455900,0.0427000
xfoil,r1-sm8,tip,650.000,144.615,0.500,3.000,0.7200,0.450,0.000,95.0,254000,10,-5.0,13.200000,1.0153000,0.0542600,0.0395000
xfoil,r1-sm8,tip,650.000,144.615,0.500,3.000,0.7200,0.450,0.000,95.0,254000,10,0.0,-4.500000,-0.3817000,0.0203300,-0.0133000
xfoil,r1-sm8,tip,650.000,144.615,0.500,3.000,0.7200,0.450,0.000,95.0,254000,10,0.0,-4.000000,-0.3335000,0.0173100,-0.0104000
xfoil,r1-sm8,tip,650.000,144.615,0.500,3.000,0.7200,0.450,0.000,95.0,254000,10,0.0,-3.500000,-0.2840000,0.0151900,-0.0080000
xfoil,r1-sm8,tip,650.000,144.615,0.500,3.000,0.7200,0.450,0.000,95.0,254000,10,0.0,-3.000000,-0.2336000,0.0136600,-0.0061000
xfoil,r1-sm8,tip,650.000,144.615,0.500,3.000,0.7200,0.450,0.000,95.0,254000,10,0.0,-2.500000,-0.1814000,0.0125300,-0.0047000
xfoil,r1-sm8,tip,650.000,144.615,0.500,3.000,0.7200,0.450,0.000,95.0,254000,10,0.0,-2.000000,-0.1373000,0.0096700,-0.0030000
xfoil,r1-sm8,tip,650.000,144.615,0.500,3.000,0.7200,0.450,0.000,95.0,254000,10,0.0,-1.500000,-0.0475000,0.0083900,-0.0078000
xfoil,r1-sm8,tip,650.000,144.615,0.500,3.000,0.7200,0.450,0.000,95.0,254000,10,0.0,-1.000000,0.0042000,0.0083900,-0.0068000
xfoil,r1-sm8,tip,650.000,144.615,0.500,3.000,0.7200,0.450,0.000,95.0,254000,10,0.0,-0.500000,0.0561000,0.0084200,-0.0058000
xfoil,r1-sm8,tip,650.000,144.615,0.500,3.000,0.7200,0.450,0.000,95.0,254000,10,0.0,-0.000000,0.1085000,0.0084700,-0.0048000
xfoil,r1-sm8,tip,650.000,144.615,0.500,3.000,0.7200,0.450,0.000,95.0,254000,10,0.0,0.500000,0.1614000,0.0085400,-0.0038000
xfoil,r1-sm8,tip,650.000,144.615,0.500,3.000,0.7200,0.450,0.000,95.0,254000,10,0.0,1.000000,0.2149000,0.0086000,-0.0030000
xfoil,r1-sm8,tip,650.000,144.615,0.500,3.000,0.7200,0.450,0.000,95.0,254000,10,0.0,1.500000,0.2695000,0.0086500,-0.0024000
xfoil,r1-sm8,tip,650.000,144.615,0.500,3.000,0.7200,0.450,0.000,95.0,254000,10,0.0,2.000000,0.3243000,0.0086900,-0.0019000
xfoil,r1-sm8,tip,650.000,144.615,0.500,3.000,0.7200,0.450,0.000,95.0,254000,10,0.0,2.500000,0.3794000,0.0087600,-0.0014000
xfoil,r1-sm8,tip,650.000,144.615,0.500,3.000,0.7200,0.450,0.000,95.0,254000,10,0.0,3.000000,0.4348000,0.0088900,-0.0011000
xfoil,r1-sm8,tip,650.000,144.615,0.500,3.000,0.7200,0.450,0.000,95.0,254000,10,0.0,3.500000,0.4906000,0.0091100,-0.0010000
xfoil,r1-sm8,tip,650.000,144.615,0.500,3.000,0.7200,0.450,0.000,95.0,254000,10,0.0,4.000000,0.5464000,0.0094400,-0.0009000
xfoil,r1-sm8,tip,650.000,144.615,0.500,3.000,0.7200,0.450,0.000,95.0,254000,10,0.0,4.500000,0.6023000,0.0098900,-0.0011000
xfoil,r1-sm8,tip,650.000,144.615,0.500,3.000,0.7200,0.450,0.000,95.0,254000,10,0.0,5.000000,0.6580000,0.0104500,-0.0013000
xfoil,r1-sm8,tip,650.000,144.615,0.500,3.000,0.7200,0.450,0.000,95.0,254000,10,0.0,5.500000,0.7135000,0.0110900,-0.0016000
xfoil,r1-sm8,tip,650.000,144.615,0.500,3.000,0.7200,0.450,0.000,95.0,254000,10,0.0,6.000000,0.7682000,0.0118700,-0.0020000
xfoil,r1-sm8,tip,650.000,144.615,0.500,3.000,0.7200,0.450,0.000,95.0,254000,10,0.0,6.500000,0.8221000,0.0128200,-0.0025000
xfoil,r1-sm8,tip,650.000,144.615,0.500,3.000,0.7200,0.450,0.000,95.0,254000,10,0.0,7.000000,0.8749000,0.0139200,-0.0029000
xfoil,r1-sm8,tip,650.000,144.615,0.500,3.000,0.7200,0.450,0.000,95.0,254000,10,0.0,7.500000,0.9266000,0.0151500,-0.0032000
xfoil,r1-sm8,tip,650.000,144.615,0.500,3.000,0.7200,0.450,0.000,95.0,254000,10,0.0,8.000000,0.9710000,0.0181400,-0.0033000
xfoil,r1-sm8,tip,650.000,144.615,0.500,3.000,0.7200,0.450,0.000,95.0,254000,10,0.0,8.500000,1.0120000,0.0211500,-0.0026000
xfoil,r1-sm8,tip,650.000,144.615,0.500,3.000,0.7200,0.450,0.000,95.0,254000,10,0.0,9.000000,1.0531000,0.0236000,-0.0016000
xfoil,r1-sm8,tip,650.000,144.615,0.500,3.000,0.7200,0.450,0.000,95.0,254000,10,0.0,9.500000,1.0877000,0.0274100,0.0002000
xfoil,r1-sm8,tip,650.000,144.615,0.500,3.000,0.7200,0.450,0.000,95.0,254000,10,0.0,10.000000,1.1264000,0.0308200,0.0019000
xfoil,r1-sm8,tip,650.000,144.615,0.500,3.000,0.7200,0.450,0.000,95.0,254000,10,5.0,-4.200000,0.0436000,0.0116100,-0.0789000
xfoil,r1-sm8,tip,650.000,144.615,0.500,3.000,0.7200,0.450,0.000,95.0,254000,10,5.0,-3.700000,0.0898000,0.0106900,-0.0769000
xfoil,r1-sm8,tip,650.000,144.615,0.500,3.000,0.7200,0.450,0.000,95.0,254000,10,5.0,-3.200000,0.1346000,0.0106200,-0.0736000
xfoil,r1-sm8,tip,650.000,144.615,0.500,3.000,0.7200,0.450,0.000,95.0,254000,10,5.0,-2.700000,0.1804000,0.0107000,-0.0704000
xfoil,r1-sm8,tip,650.000,144.615,0.500,3.000,0.7200,0.450,0.000,95.0,254000,10,5.0,-2.200000,0.2246000,0.0103200,-0.0667000
xfoil,r1-sm8,tip,650.000,144.615,0.500,3.000,0.7200,0.450,0.000,95.0,254000,10,5.0,-1.700000,0.2831000,0.0095300,-0.0658000
xfoil,r1-sm8,tip,650.000,144.615,0.500,3.000,0.7200,0.450,0.000,95.0,254000,10,5.0,-1.200000,0.3336000,0.0095100,-0.0640000
xfoil,r1-sm8,tip,650.000,144.615,0.500,3.000,0.7200,0.450,0.000,95.0,254000,10,5.0,-0.700000,0.3843000,0.0094200,-0.0621000
xfoil,r1-sm8,tip,650.000,144.615,0.500,3.000,0.7200,0.450,0.000,95.0,254000,10,5.0,-0.200000,0.4359000,0.0092600,-0.0603000
xfoil,r1-sm8,tip,650.000,144.615,0.500,3.000,0.7200,0.450,0.000,95.0,254000,10,5.0,0.300000,0.4884000,0.0090300,-0.0587000
xfoil,r1-sm8,tip,650.000,144.615,0.500,3.000,0.7200,0.450,0.000,95.0,254000,10,5.0,0.800000,0.5427000,0.0087700,-0.0576000
xfoil,r1-sm8,tip,650.000,144.615,0.500,3.000,0.7200,0.450,0.000,95.0,254000,10,5.0,1.300000,0.5979000,0.0085100,-0.0568000
xfoil,r1-sm8,tip,650.000,144.615,0.500,3.000,0.7200,0.450,0.000,95.0,254000,10,5.0,1.800000,0.6499000,0.0085800,-0.0550000
xfoil,r1-sm8,tip,650.000,144.615,0.500,3.000,0.7200,0.450,0.000,95.0,254000,10,5.0,2.300000,0.7040000,0.0091000,-0.0544000
xfoil,r1-sm8,tip,650.000,144.615,0.500,3.000,0.7200,0.450,0.000,95.0,254000,10,5.0,2.800000,0.7584000,0.0096500,-0.0541000
xfoil,r1-sm8,tip,650.000,144.615,0.500,3.000,0.7200,0.450,0.000,95.0,254000,10,5.0,3.300000,0.8123000,0.0103200,-0.0538000
xfoil,r1-sm8,tip,650.000,144.615,0.500,3.000,0.7200,0.450,0.000,95.0,254000,10,5.0,3.800000,0.8654000,0.0111300,-0.0536000
xfoil,r1-sm8,tip,650.000,144.615,0.500,3.000,0.7200,0.450,0.000,95.0,254000,10,5.0,4.300000,0.9173000,0.0120400,-0.0533000
xfoil,r1-sm8,tip,650.000,144.615,0.500,3.000,0.7200,0.450,0.000,95.0,254000,10,5.0,4.800000,0.9678000,0.0130900,-0.0529000
xfoil,r1-sm8,tip,650.000,144.615,0.500,3.000,0.7200,0.450,0.000,95.0,254000,10,5.0,5.300000,1.0170000,0.0142900,-0.0525000
xfoil,r1-sm8,tip,650.000,144.615,0.500,3.000,0.7200,0.450,0.000,95.0,254000,10,5.0,5.800000,1.0647000,0.0156100,-0.0518000
xfoil,r1-sm8,tip,650.000,144.615,0.500,3.000,0.7200,0.450,0.000,95.0,254000,10,5.0,6.300000,1.1088000,0.0174300,-0.0509000
xfoil,r1-sm8,tip,650.000,144.615,0.500,3.000,0.7200,0.450,0.000,95.0,254000,10,5.0,6.800000,1.1423000,0.0208400,-0.0483000
xfoil,r1-sm8,tip,650.000,144.615,0.500,3.000,0.7200,0.450,0.000,105.0,281000,6,-5.0,-1.800000,-0.4687000,0.0151600,0.0548000
xfoil,r1-sm8,tip,650.000,144.615,0.500,3.000,0.7200,0.450,0.000,105.0,281000,6,-5.0,-0.800000,-0.3600000,0.0132200,0.0562000
xfoil,r1-sm8,tip,650.000,144.615,0.500,3.000,0.7200,0.450,0.000,105.0,281000,6,-5.0,-0.300000,-0.3098000,0.0113700,0.0570000
xfoil,r1-sm8,tip,650.000,144.615,0.500,3.000,0.7200,0.450,0.000,105.0,281000,6,-5.0,0.200000,-0.2751000,0.0086300,0.0612000
xfoil,r1-sm8,tip,650.000,144.615,0.500,3.000,0.7200,0.450,0.000,105.0,281000,6,-5.0,0.700000,-0.2271000,0.0084300,0.0647000
xfoil,r1-sm8,tip,650.000,144.615,0.500,3.000,0.7200,0.450,0.000,105.0,281000,6,-5.0,1.200000,-0.1700000,0.0084100,0.0654000
xfoil,r1-sm8,tip,650.000,144.615,0.500,3.000,0.7200,0.450,0.000,105.0,281000,6,-5.0,1.700000,-0.1093000,0.0084300,0.0650000
xfoil,r1-sm8,tip,650.000,144.615,0.500,3.000,0.7200,0.450,0.000,105.0,281000,6,-5.0,2.200000,-0.0435000,0.0085100,0.0634000
xfoil,r1-sm8,tip,650.000,144.615,0.500,3.000,0.7200,0.450,0.000,105.0,281000,6,-5.0,2.700000,0.0256000,0.0086700,0.0610000
xfoil,r1-sm8,tip,650.000,144.615,0.500,3.000,0.7200,0.450,0.000,105.0,281000,6,-5.0,3.200000,0.0987000,0.0088600,0.0575000
xfoil,r1-sm8,tip,650.000,144.615,0.500,3.000,0.7200,0.450,0.000,105.0,281000,6,-5.0,3.700000,0.1629000,0.0089400,0.0556000
xfoil,r1-sm8,tip,650.000,144.615,0.500,3.000,0.7200,0.450,0.000,105.0,281000,6,-5.0,4.200000,0.2251000,0.0090700,0.0540000
xfoil,r1-sm8,tip,650.000,144.615,0.500,3.000,0.7200,0.450,0.000,105.0,281000,6,-5.0,4.700000,0.2888000,0.0092600,0.0519000
xfoil,r1-sm8,tip,650.000,144.615,0.500,3.000,0.7200,0.450,0.000,105.0,281000,6,-5.0,5.200000,0.3525000,0.0095200,0.0498000
xfoil,r1-sm8,tip,650.000,144.615,0.500,3.000,0.7200,0.450,0.000,105.0,281000,6,-5.0,5.700000,0.4172000,0.0098600,0.0474000
xfoil,r1-sm8,tip,650.000,144.615,0.500,3.000,0.7200,0.450,0.000,105.0,281000,6,-5.0,6.200000,0.4802000,0.0102400,0.0452000
xfoil,r1-sm8,tip,650.000,144.615,0.500,3.000,0.7200,0.450,0.000,105.0,281000,6,-5.0,6.700000,0.5312000,0.0106400,0.0454000
xfoil,r1-sm8,tip,650.000,144.615,0.500,3.000,0.7200,0.450,0.000,105.0,281000,6,-5.0,7.200000,0.5828000,0.0112000,0.0453000
xfoil,r1-sm8,tip,650.000,144.615,0.500,3.000,0.7200,0.450,0.000,105.0,281000,6,-5.0,7.700000,0.6352000,0.0120000,0.0449000
xfoil,r1-sm8,tip,650.000,144.615,0.500,3.000,0.7200,0.450,0.000,105.0,281000,6,-5.0,8.200000,0.6878000,0.0129000,0.0444000
xfoil,r1-sm8,tip,650.000,144.615,0.500,3.000,0.7200,0.450,0.000,105.0,281000,6,-5.0,8.700000,0.7402000,0.0139900,0.0437000
xfoil,r1-sm8,tip,650.000,144.615,0.500,3.000,0.7200,0.450,0.000,105.0,281000,6,-5.0,9.200000,0.7918000,0.0155400,0.0428000
xfoil,r1-sm8,tip,650.000,144.615,0.500,3.000,0.7200,0.450,0.000,105.0,281000,6,-5.0,9.700000,0.8421000,0.0175300,0.0418000
xfoil,r1-sm8,tip,650.000,144.615,0.500,3.000,0.7200,0.450,0.000,105.0,281000,6,-5.0,10.200000,0.8910000,0.0194500,0.0410000
xfoil,r1-sm8,tip,650.000,144.615,0.500,3.000,0.7200,0.450,0.000,105.0,281000,6,-5.0,10.700000,0.9373000,0.0215800,0.0401000
xfoil,r1-sm8,tip,650.000,144.615,0.500,3.000,0.7200,0.450,0.000,105.0,281000,6,-5.0,11.200000,0.9770000,0.0245600,0.0390000
xfoil,r1-sm8,tip,650.000,144.615,0.500,3.000,0.7200,0.450,0.000,105.0,281000,6,-5.0,11.700000,1.0131000,0.0275700,0.0383000
xfoil,r1-sm8,tip,650.000,144.615,0.500,3.000,0.7200,0.450,0.000,105.0,281000,6,-5.0,12.200000,1.0425000,0.0311600,0.0374000
xfoil,r1-sm8,tip,650.000,144.615,0.500,3.000,0.7200,0.450,0.000,105.0,281000,6,-5.0,12.700000,1.0619000,0.0355500,0.0352000
xfoil,r1-sm8,tip,650.000,144.615,0.500,3.000,0.7200,0.450,0.000,105.0,281000,6,-5.0,13.200000,1.0703000,0.0403800,0.0341000
xfoil,r1-sm8,tip,650.000,144.615,0.500,3.000,0.7200,0.450,0.000,105.0,281000,6,0.0,-5.000000,-0.4699000,0.0200200,-0.0019000
xfoil,r1-sm8,tip,650.000,144.615,0.500,3.000,0.7200,0.450,0.000,105.0,281000,6,0.0,-4.500000,-0.4175000,0.0173000,-0.0006000
xfoil,r1-sm8,tip,650.000,144.615,0.500,3.000,0.7200,0.450,0.000,105.0,281000,6,0.0,-4.000000,-0.3648000,0.0154800,0.0005000
xfoil,r1-sm8,tip,650.000,144.615,0.500,3.000,0.7200,0.450,0.000,105.0,281000,6,0.0,-3.500000,-0.3110000,0.0140500,0.0013000
xfoil,r1-sm8,tip,650.000,144.615,0.500,3.000,0.7200,0.450,0.000,105.0,281000,6,0.0,-3.000000,-0.2571000,0.0127800,0.0019000
xfoil,r1-sm8,tip,650.000,144.615,0.500,3.000,0.7200,0.450,0.000,105.0,281000,6,0.0,-2.500000,-0.2013000,0.0120200,0.0022000
xfoil,r1-sm8,tip,650.000,144.615,0.500,3.000,0.7200,0.450,0.000,105.0,281000,6,0.0,-2.000000,-0.1470000,0.0107200,0.0025000
xfoil,r1-sm8,tip,650.000,144.615,0.500,3.000,0.7200,0.450,0.000,105.0,281000,6,0.0,-1.500000,-0.0953000,0.0092400,0.0027000
xfoil,r1-sm8,tip,650.000,144.615,0.500,3.000,0.7200,0.450,0.000,105.0,281000,6,0.0,-1.000000,-0.0521000,0.0076800,0.0062000
xfoil,r1-sm8,tip,650.000,144.615,0.500,3.000,0.7200,0.450,0.000,105.0,281000,6,0.0,-0.500000,0.0429000,0.0075900,-0.0014000
xfoil,r1-sm8,tip,650.000,144.615,0.500,3.000,0.7200,0.450,0.000,105.0,281000,6,0.0,-0.000000,0.0983000,0.0076100,-0.0012000
xfoil,r1-sm8,tip,650.000,144.615,0.500,3.000,0.7200,0.450,0.000,105.0,281000,6,0.0,0.500000,0.1530000,0.0076600,-0.0008000
xfoil,r1-sm8,tip,650.000,144.615,0.500,3.000,0.7200,0.450,0.000,105.0,281000,6,0.0,1.000000,0.2081000,0.0077400,-0.0005000
xfoil,r1-sm8,tip,650.000,144.615,0.500,3.000,0.7200,0.450,0.000,105.0,281000,6,0.0,1.500000,0.2636000,0.0078500,-0.0002000
xfoil,r1-sm8,tip,650.000,144.615,0.500,3.000,0.7200,0.450,0.000,105.0,281000,6,0.0,2.000000,0.3194000,0.0080100,-0.0001000
xfoil,r1-sm8,tip,650.000,144.615,0.500,3.000,0.7200,0.450,0.000,105.0,281000,6,0.0,2.500000,0.3754000,0.0082300,-0.0001000
xfoil,r1-sm8,tip,650.000,144.615,0.500,3.000,0.7200,0.450,0.000,105.0,281000,6,0.0,3.000000,0.4315000,0.0085200,-0.0002000
xfoil,r1-sm8,tip,650.000,144.615,0.500,3.000,0.7200,0.450,0.000,105.0,281000,6,0.0,3.500000,0.4878000,0.0089000,-0.0004000
xfoil,r1-sm8,tip,650.000,144.615,0.500,3.000,0.7200,0.450,0.000,105.0,281000,6,0.0,4.000000,0.5440000,0.0093400,-0.0008000
xfoil,r1-sm8,tip,650.000,144.615,0.500,3.000,0.7200,0.450,0.000,105.0,281000,6,0.0,4.500000,0.6002000,0.0098500,-0.0011000
xfoil,r1-sm8,tip,650.000,144.615,0.500,3.000,0.7200,0.450,0.000,105.0,281000,6,0.0,5.000000,0.6561000,0.0104100,-0.0015000
xfoil,r1-sm8,tip,650.000,144.615,0.500,3.000,0.7200,0.450,0.000,105.0,281000,6,0.0,5.500000,0.7115000,0.0110700,-0.0020000
xfoil,r1-sm8,tip,650.000,144.615,0.500,3.000,0.7200,0.450,0.000,105.0,281000,6,0.0,6.000000,0.7661000,0.0119400,-0.0025000
xfoil,r1-sm8,tip,650.000,144.615,0.500,3.000,0.7200,0.450,0.000,105.0,281000,6,0.0,6.500000,0.8198000,0.0129600,-0.0030000
xfoil,r1-sm8,tip,650.000,144.615,0.500,3.000,0.7200,0.450,0.000,105.0,281000,6,0.0,7.000000,0.8724000,0.0140800,-0.0034000
xfoil,r1-sm8,tip,650.000,144.615,0.500,3.000,0.7200,0.450,0.000,105.0,281000,6,0.0,7.500000,0.9235000,0.0154200,-0.0037000
xfoil,r1-sm8,tip,650.000,144.615,0.500,3.000,0.7200,0.450,0.000,105.0,281000,6,0.0,8.000000,0.9711000,0.0174700,-0.0038000
xfoil,r1-sm8,tip,650.000,144.615,0.500,3.000,0.7200,0.450,0.000,105.0,281000,6,0.0,8.500000,1.0184000,0.0192500,-0.0036000
xfoil,r1-sm8,tip,650.000,144.615,0.500,3.000,0.7200,0.450,0.000,105.0,281000,6,0.0,9.000000,1.0632000,0.0211600,-0.0032000
xfoil,r1-sm8,tip,650.000,144.615,0.500,3.000,0.7200,0.450,0.000,105.0,281000,6,0.0,9.500000,1.1023000,0.0236000,-0.0025000
xfoil,r1-sm8,tip,650.000,144.615,0.500,3.000,0.7200,0.450,0.000,105.0,281000,6,0.0,10.000000,1.1361000,0.0263800,-0.0014000
xfoil,r1-sm8,tip,650.000,144.615,0.500,3.000,0.7200,0.450,0.000,105.0,281000,6,5.0,-7.200000,-0.3467000,0.0242400,-0.0603000
xfoil,r1-sm8,tip,650.000,144.615,0.500,3.000,0.7200,0.450,0.000,105.0,281000,6,5.0,-6.700000,-0.2948000,0.0200700,-0.0598000
xfoil,r1-sm8,tip,650.000,144.615,0.500,3.000,0.7200,0.450,0.000,105.0,281000,6,5.0,-6.200000,-0.2404000,0.0173000,-0.0594000
xfoil,r1-sm8,tip,650.000,144.615,0.500,3.000,0.7200,0.450,0.000,105.0,281000,6,5.0,-5.700000,-0.1868000,0.0156700,-0.0586000
xfoil,r1-sm8,tip,650.000,144.615,0.500,3.000,0.7200,0.450,0.000,105.0,281000,6,5.0,-5.200000,-0.1318000,0.0139400,-0.0586000
xfoil,r1-sm8,tip,650.000,144.615,0.500,3.000,0.7200,0.450,0.000,105.0,281000,6,5.0,-4.700000,-0.0767000,0.0128700,-0.0583000
xfoil,r1-sm8,tip,650.000,144.615,0.500,3.000,0.7200,0.450,0.000,105.0,281000,6,5.0,-4.200000,-0.0216000,0.0121400,-0.0579000
xfoil,r1-sm8,tip,650.000,144.615,0.500,3.000,0.7200,0.450,0.000,105.0,281000,6,5.0,-3.700000,0.0328000,0.0108500,-0.0577000
xfoil,r1-sm8,tip,650.000,144.615,0.500,3.000,0.7200,0.450,0.000,105.0,281000,6,5.0,-3.200000,0.0864000,0.0098100,-0.0575000
xfoil,r1-sm8,tip,650.000,144.615,0.500,3.000,0.7200,0.450,0.000,105.0,281000,6,5.0,-2.700000,0.1397000,0.0092300,-0.0568000
xfoil,r1-sm8,tip,650.000,144.615,0.500,3.000,0.7200,0.450,0.000,105.0,281000,6,5.0,-2.200000,0.1939000,0.0090100,-0.0559000
xfoil,r1-sm8,tip,650.000,144.615,0.500,3.000,0.7200,0.450,0.000,105.0,281000,6,5.0,-1.700000,0.2485000,0.0088600,-0.0550000
xfoil,r1-sm8,tip,650.000,144.615,0.500,3.000,0.7200,0.450,0.000,105.0,281000,6,5.0,-1.200000,0.3044000,0.0086900,-0.0546000
xfoil,r1-sm8,tip,650.000,144.615,0.500,3.000,0.7200,0.450,0.000,105.0,281000,6,5.0,-0.700000,0.3590000,0.0082900,-0.0539000
xfoil,r1-sm8,tip,650.000,144.615,0.500,3.000,0.7200,0.450,0.000,105.0,281000,6,5.0,-0.200000,0.4221000,0.0076200,-0.0548000
xfoil,r1-sm8,tip,650.000,144.615,0.500,3.000,0.7200,0.450,0.000,105.0,281000,6,5.0,0.300000,0.4764000,0.0075700,-0.0539000
xfoil,r1-sm8,tip,650.000,144.615,0.500,3.000,0.7200,0.450,0.000,105.0,281000,6,5.0,0.800000,0.5313000,0.0079100,-0.0534000
xfoil,r1-sm8,tip,650.000,144.615,0.500,3.000,0.7200,0.450,0.000,105.0,281000,6,5.0,1.300000,0.5873000,0.0083200,-0.0533000
xfoil,r1-sm8,tip,650.000,144.615,0.500,3.000,0.7200,0.450,0.000,105.0,281000,6,5.0,1.800000,0.6430000,0.0088000,-0.0534000
xfoil,r1-sm8,tip,650.000,144.615,0.500,3.000,0.7200,0.450,0.000,105.0,281000,6,5.0,2.300000,0.6983000,0.0093700,-0.0535000
xfoil,r1-sm8,tip,650.000,144.615,0.500,3.000,0.7200,0.450,0.000,105.0,281000,6,5.0,2.800000,0.7531000,0.0100100,-0.0535000
xfoil,r1-sm8,tip,650.000,144.615,0.500,3.000,0.7200,0.450,0.000,105.0,281000,6,5.0,3.300000,0.8073000,0.0107000,-0.0535000
xfoil,r1-sm8,tip,650.000,144.615,0.500,3.000,0.7200,0.450,0.000,105.0,281000,6,5.0,3.800000,0.8608000,0.0114400,-0.0535000
xfoil,r1-sm8,tip,650.000,144.615,0.500,3.000,0.7200,0.450,0.000,105.0,281000,6,5.0,4.300000,0.9129000,0.0123600,-0.0534000
xfoil,r1-sm8,tip,650.000,144.615,0.500,3.000,0.7200,0.450,0.000,105.0,281000,6,5.0,4.800000,0.9633000,0.0134800,-0.0531000
xfoil,r1-sm8,tip,650.000,144.615,0.500,3.000,0.7200,0.450,0.000,105.0,281000,6,5.0,5.300000,1.0127000,0.0146600,-0.0527000
xfoil,r1-sm8,tip,650.000,144.615,0.500,3.000,0.7200,0.450,0.000,105.0,281000,6,5.0,5.800000,1.0607000,0.0159700,-0.0521000
xfoil,r1-sm8,tip,650.000,144.615,0.500,3.000,0.7200,0.450,0.000,105.0,281000,6,5.0,6.300000,1.1043000,0.0178500,-0.0511000
xfoil,r1-sm8,tip,650.000,144.615,0.500,3.000,0.7200,0.450,0.000,105.0,281000,6,5.0,6.800000,1.1471000,0.0197300,-0.0496000
xfoil,r1-sm8,tip,650.000,144.615,0.500,3.000,0.7200,0.450,0.000,105.0,281000,10,-5.0,-1.800000,-0.4600000,0.0161000,0.0511000
xfoil,r1-sm8,tip,650.000,144.615,0.500,3.000,0.7200,0.450,0.000,105.0,281000,10,-5.0,-1.300000,-0.4068000,0.0148000,0.0521000
xfoil,r1-sm8,tip,650.000,144.615,0.500,3.000,0.7200,0.450,0.000,105.0,281000,10,-5.0,-0.800000,-0.3538000,0.0137300,0.0533000
xfoil,r1-sm8,tip,650.000,144.615,0.500,3.000,0.7200,0.450,0.000,105.0,281000,10,-5.0,-0.300000,-0.3182000,0.0099600,0.0564000
xfoil,r1-sm8,tip,650.000,144.615,0.500,3.000,0.7200,0.450,0.000,105.0,281000,10,-5.0,0.200000,-0.2811000,0.0096600,0.0639000
xfoil,r1-sm8,tip,650.000,144.615,0.500,3.000,0.7200,0.450,0.000,105.0,281000,10,-5.0,0.700000,-0.1556000,0.0109600,0.0526000
xfoil,r1-sm8,tip,650.000,144.615,0.500,3.000,0.7200,0.450,0.000,105.0,281000,10,-5.0,1.200000,-0.0681000,0.0109700,0.0464000
xfoil,r1-sm8,tip,650.000,144.615,0.500,3.000,0.7200,0.450,0.000,105.0,281000,10,-5.0,1.700000,0.0067000,0.0107000,0.0425000
xfoil,r1-sm8,tip,650.000,144.615,0.500,3.000,0.7200,0.450,0.000,105.0,281000,10,-5.0,2.200000,0.0579000,0.0103400,0.0434000
xfoil,r1-sm8,tip,650.000,144.615,0.500,3.000,0.7200,0.450,0.000,105.0,281000,10,-5.0,2.700000,0.1098000,0.0100400,0.0440000
xfoil,r1-sm8,tip,650.000,144.615,0.500,3.000,0.7200,0.450,0.000,105.0,281000,10,-5.0,3.200000,0.1623000,0.0098100,0.0446000
xfoil,r1-sm8,tip,650.000,144.615,0.500,3.000,0.7200,0.450,0.000,105.0,281000,10,-5.0,3.700000,0.2153000,0.0096400,0.0450000
xfoil,r1-sm8,tip,650.000,144.615,0.500,3.000,0.7200,0.450,0.000,105.0,281000,10,-5.0,4.200000,0.2688000,0.0095500,0.0452000
xfoil,r1-sm8,tip,650.000,144.615,0.500,3.000,0.7200,0.450,0.000,105.0,281000,10,-5.0,4.700000,0.3227000,0.0095500,0.0452000
xfoil,r1-sm8,tip,650.000,144.615,0.500,3.000,0.7200,0.450,0.000,105.0,281000,10,-5.0,5.200000,0.3760000,0.0096400,0.0453000
xfoil,r1-sm8,tip,650.000,144.615,0.500,3.000,0.7200,0.450,0.000,105.0,281000,10,-5.0,5.700000,0.4282000,0.0098200,0.0455000
xfoil,r1-sm8,tip,650.000,144.615,0.500,3.000,0.7200,0.450,0.000,105.0,281000,10,-5.0,6.200000,0.4796000,0.0100800,0.0458000
xfoil,r1-sm8,tip,650.000,144.615,0.500,3.000,0.7200,0.450,0.000,105.0,281000,10,-5.0,6.700000,0.5307000,0.0104500,0.0460000
xfoil,r1-sm8,tip,650.000,144.615,0.500,3.000,0.7200,0.450,0.000,105.0,281000,10,-5.0,7.200000,0.5825000,0.0109600,0.0461000
xfoil,r1-sm8,tip,650.000,144.615,0.500,3.000,0.7200,0.450,0.000,105.0,281000,10,-5.0,7.700000,0.6351000,0.0116400,0.0458000
xfoil,r1-sm8,tip,650.000,144.615,0.500,3.000,0.7200,0.450,0.000,105.0,281000,10,-5.0,8.200000,0.6881000,0.0124800,0.0452000
xfoil,r1-sm8,tip,650.000,144.615,0.500,3.000,0.7200,0.450,0.000,105.0,281000,10,-5.0,8.700000,0.7410000,0.0134900,0.0445000
xfoil,r1-sm8,tip,650.000,144.615,0.500,3.000,0.7200,0.450,0.000,105.0,281000,10,-5.0,9.200000,0.7934000,0.0148600,0.0436000
xfoil,r1-sm8,tip,650.000,144.615,0.500,3.000,0.7200,0.450,0.000,105.0,281000,10,-5.0,9.700000,0.8424000,0.0183600,0.0417000
xfoil,r1-sm8,tip,650.000,144.615,0.500,3.000,0.7200,0.450,0.000,105.0,281000,10,-5.0,10.200000,0.8888000,0.0208200,0.0411000
xfoil,r1-sm8,tip,650.000,144.615,0.500,3.000,0.7200,0.450,0.000,105.0,281000,10,-5.0,10.700000,0.9300000,0.0238600,0.0412000
xfoil,r1-sm8,tip,650.000,144.615,0.500,3.000,0.7200,0.450,0.000,105.0,281000,10,-5.0,11.200000,0.9698000,0.0270000,0.0419000
xfoil,r1-sm8,tip,650.000,144.615,0.500,3.000,0.7200,0.450,0.000,105.0,281000,10,-5.0,11.700000,1.0071000,0.0306900,0.0427000
xfoil,r1-sm8,tip,650.000,144.615,0.500,3.000,0.7200,0.450,0.000,105.0,281000,10,-5.0,12.200000,1.0389000,0.0357300,0.0434000
xfoil,r1-sm8,tip,650.000,144.615,0.500,3.000,0.7200,0.450,0.000,105.0,281000,10,-5.0,12.700000,1.0586000,0.0417600,0.0434000
xfoil,r1-sm8,tip,650.000,144.615,0.500,3.000,0.7200,0.450,0.000,105.0,281000,10,-5.0,13.200000,1.0256000,0.0518100,0.0396000
xfoil,r1-sm8,tip,650.000,144.615,0.500,3.000,0.7200,0.450,0.000,105.0,281000,10,0.0,-5.000000,-0.4498000,0.0298300,-0.0160000
xfoil,r1-sm8,tip,650.000,144.615,0.500,3.000,0.7200,0.450,0.000,105.0,281000,10,0.0,-4.500000,-0.3954000,0.0225500,-0.0104000
xfoil,r1-sm8,tip,650.000,144.615,0.500,3.000,0.7200,0.450,0.000,105.0,281000,10,0.0,-4.000000,-0.3428000,0.0173800,-0.0072000
xfoil,r1-sm8,tip,650.000,144.615,0.500,3.000,0.7200,0.450,0.000,105.0,281000,10,0.0,-3.500000,-0.2932000,0.0148300,-0.0053000
xfoil,r1-sm8,tip,650.000,144.615,0.500,3.000,0.7200,0.450,0.000,105.0,281000,10,0.0,-3.000000,-0.2421000,0.0132600,-0.0037000
xfoil,r1-sm8,tip,650.000,144.615,0.500,3.000,0.7200,0.450,0.000,105.0,281000,10,0.0,-2.500000,-0.1884000,0.0122200,-0.0026000
xfoil,r1-sm8,tip,650.000,144.615,0.500,3.000,0.7200,0.450,0.000,105.0,281000,10,0.0,-2.000000,-0.1403000,0.0097100,-0.0016000
xfoil,r1-sm8,tip,650.000,144.615,0.500,3.000,0.7200,0.450,0.000,105.0,281000,10,0.0,-1.500000,-0.0959000,0.0079000,0.0025000
xfoil,r1-sm8,tip,650.000,144.615,0.500,3.000,0.7200,0.450,0.000,105.0,281000,10,0.0,-1.000000,-0.0012000,0.0079700,-0.0053000
xfoil,r1-sm8,tip,650.000,144.615,0.500,3.000,0.7200,0.450,0.000,105.0,281000,10,0.0,-0.500000,0.0515000,0.0079900,-0.0044000
xfoil,r1-sm8,tip,650.000,144.615,0.500,3.000,0.7200,0.450,0.000,105.0,281000,10,0.0,-0.000000,0.1044000,0.0080300,-0.0035000
xfoil,r1-sm8,tip,650.000,144.615,0.500,3.000,0.7200,0.450,0.000,105.0,281000,10,0.0,0.500000,0.1578000,0.0080900,-0.0027000
xfoil,r1-sm8,tip,650.000,144.615,0.500,3.000,0.7200,0.450,0.000,105.0,281000,10,0.0,1.000000,0.2117000,0.0081500,-0.0020000
xfoil,r1-sm8,tip,650.000,144.615,0.500,3.000,0.7200,0.450,0.000,105.0,281000,10,0.0,1.500000,0.2668000,0.0081900,-0.0016000
xfoil,r1-sm8,tip,650.000,144.615,0.500,3.000,0.7200,0.450,0.000,105.0,281000,10,0.0,2.000000,0.3219000,0.0082400,-0.0011000
xfoil,r1-sm8,tip,650.000,144.615,0.500,3.000,0.7200,0.450,0.000,105.0,281000,10,0.0,2.500000,0.3774000,0.0083200,-0.0008000
xfoil,r1-sm8,tip,650.000,144.615,0.500,3.000,0.7200,0.450,0.000,105.0,281000,10,0.0,3.000000,0.4331000,0.0084800,-0.0006000
xfoil,r1-sm8,tip,650.000,144.615,0.500,3.000,0.7200,0.450,0.000,105.0,281000,10,0.0,3.500000,0.4892000,0.0087100,-0.0006000
xfoil,r1-sm8,tip,650.000,144.615,0.500,3.000,0.7200,0.450,0.000,105.0,281000,10,0.0,4.000000,0.5452000,0.0090600,-0.0006000
xfoil,r1-sm8,tip,650.000,144.615,0.500,3.000,0.7200,0.450,0.000,105.0,281000,10,0.0,4.500000,0.6013000,0.0095200,-0.0008000
xfoil,r1-sm8,tip,650.000,144.615,0.500,3.000,0.7200,0.450,0.000,105.0,281000,10,0.0,5.000000,0.6572000,0.0100700,-0.0012000
xfoil,r1-sm8,tip,650.000,144.615,0.500,3.000,0.7200,0.450,0.000,105.0,281000,10,0.0,5.500000,0.7128000,0.0107100,-0.0015000
xfoil,r1-sm8,tip,650.000,144.615,0.500,3.000,0.7200,0.450,0.000,105.0,281000,10,0.0,6.000000,0.7678000,0.0114800,-0.0020000
xfoil,r1-sm8,tip,650.000,144.615,0.500,3.000,0.7200,0.450,0.000,105.0,281000,10,0.0,6.500000,0.8219000,0.0124100,-0.0025000
xfoil,r1-sm8,tip,650.000,144.615,0.500,3.000,0.7200,0.450,0.000,105.0,281000,10,0.0,7.000000,0.8749000,0.0135000,-0.0029000
xfoil,r1-sm8,tip,650.000,144.615,0.500,3.000,0.7200,0.450,0.000,105.0,281000,10,0.0,7.500000,0.9268000,0.0147100,-0.0033000
xfoil,r1-sm8,tip,650.000,144.615,0.500,3.000,0.7200,0.450,0.000,105.0,281000,10,0.0,8.000000,0.9715000,0.0177300,-0.0034000
xfoil,r1-sm8,tip,650.000,144.615,0.500,3.000,0.7200,0.450,0.000,105.0,281000,10,0.0,8.500000,1.0156000,0.0202100,-0.0028000
xfoil,r1-sm8,tip,650.000,144.615,0.500,3.000,0.7200,0.450,0.000,105.0,281000,10,0.0,9.000000,1.0537000,0.0232000,-0.0018000
xfoil,r1-sm8,tip,650.000,144.615,0.500,3.000,0.7200,0.450,0.000,105.0,281000,10,0.0,9.500000,1.0922000,0.0260700,-0.0002000
xfoil,r1-sm8,tip,650.000,144.615,0.500,3.000,0.7200,0.450,0.000,105.0,281000,10,0.0,10.000000,1.1292000,0.0292300,0.0013000
xfoil,r1-sm8,tip,650.000,144.615,0.500,3.000,0.7200,0.450,0.000,105.0,281000,10,5.0,-6.200000,-0.1743000,0.0191000,-0.0804000
xfoil,r1-sm8,tip,650.000,144.615,0.500,3.000,0.7200,0.450,0.000,105.0,281000,10,5.0,-5.700000,-0.1189000,0.0159900,-0.0798000
xfoil,r1-sm8,tip,650.000,144.615,0.500,3.000,0.7200,0.450,0.000,105.0,281000,10,5.0,-5.200000,-0.0657000,0.0141300,-0.0786000
xfoil,r1-sm8,tip,650.000,144.615,0.500,3.000,0.7200,0.450,0.000,105.0,281000,10,5.0,-4.700000,-0.0147000,0.0130700,-0.0771000
xfoil,r1-sm8,tip,650.000,144.615,0.500,3.000,0.7200,0.450,0.000,105.0,281000,10,5.0,-4.200000,0.0350000,0.0122500,-0.0752000
xfoil,r1-sm8,tip,650.000,144.615,0.500,3.000,0.7200,0.450,0.000,105.0,281000,10,5.0,-3.700000,0.0799000,0.0104300,-0.0736000
xfoil,r1-sm8,tip,650.000,144.615,0.500,3.000,0.7200,0.450,0.000,105.0,281000,10,5.0,-3.200000,0.1246000,0.0101700,-0.0703000
xfoil,r1-sm8,tip,650.000,144.615,0.500,3.000,0.7200,0.450,0.000,105.0,281000,10,5.0,-2.700000,0.1715000,0.0102100,-0.0674000
xfoil,r1-sm8,tip,650.000,144.615,0.500,3.000,0.7200,0.450,0.000,105.0,281000,10,5.0,-2.200000,0.2178000,0.0099600,-0.0643000
xfoil,r1-sm8,tip,650.000,144.615,0.500,3.000,0.7200,0.450,0.000,105.0,281000,10,5.0,-1.700000,0.2629000,0.0092500,-0.0609000
xfoil,r1-sm8,tip,650.000,144.615,0.500,3.000,0.7200,0.450,0.000,105.0,281000,10,5.0,-1.200000,0.3261000,0.0089000,-0.0615000
xfoil,r1-sm8,tip,650.000,144.615,0.500,3.000,0.7200,0.450,0.000,105.0,281000,10,5.0,-0.700000,0.3776000,0.0087800,-0.0597000
xfoil,r1-sm8,tip,650.000,144.615,0.500,3.000,0.7200,0.450,0.000,105.0,281000,10,5.0,-0.200000,0.4306000,0.0086200,-0.0583000
xfoil,r1-sm8,tip,650.000,144.615,0.500,3.000,0.7200,0.450,0.000,105.0,281000,10,5.0,0.300000,0.4851000,0.0084300,-0.0574000
xfoil,r1-sm8,tip,650.000,144.615,0.500,3.000,0.7200,0.450,0.000,105.0,281000,10,5.0,0.800000,0.5404000,0.0082000,-0.0566000
xfoil,r1-sm8,tip,650.000,144.615,0.500,3.000,0.7200,0.450,0.000,105.0,281000,10,5.0,1.300000,0.5952000,0.0079800,-0.0557000
xfoil,r1-sm8,tip,650.000,144.615,0.500,3.000,0.7200,0.450,0.000,105.0,281000,10,5.0,1.800000,0.6481000,0.0082700,-0.0545000
xfoil,r1-sm8,tip,650.000,144.615,0.500,3.000,0.7200,0.450,0.000,105.0,281000,10,5.0,2.300000,0.7030000,0.0087600,-0.0541000
xfoil,r1-sm8,tip,650.000,144.615,0.500,3.000,0.7200,0.450,0.000,105.0,281000,10,5.0,2.800000,0.7577000,0.0093200,-0.0539000
xfoil,r1-sm8,tip,650.000,144.615,0.500,3.000,0.7200,0.450,0.000,105.0,281000,10,5.0,3.300000,0.8118000,0.0100100,-0.0537000
xfoil,r1-sm8,tip,650.000,144.615,0.500,3.000,0.7200,0.450,0.000,105.0,281000,10,5.0,3.800000,0.8652000,0.0107900,-0.0536000
xfoil,r1-sm8,tip,650.000,144.615,0.500,3.000,0.7200,0.450,0.000,105.0,281000,10,5.0,4.300000,0.9174000,0.0116900,-0.0534000
xfoil,r1-sm8,tip,650.000,144.615,0.500,3.000,0.7200,0.450,0.000,105.0,281000,10,5.0,4.800000,0.9682000,0.0127400,-0.0531000
xfoil,r1-sm8,tip,650.000,144.615,0.500,3.000,0.7200,0.450,0.000,105.0,281000,10,5.0,5.300000,1.0178000,0.0139000,-0.0527000
xfoil,r1-sm8,tip,650.000,144.615,0.500,3.000,0.7200,0.450,0.000,105.0,281000,10,5.0,5.800000,1.0659000,0.0152100,-0.0521000
xfoil,r1-sm8,tip,650.000,144.615,0.500,3.000,0.7200,0.450,0.000,105.0,281000,10,5.0,6.300000,1.1082000,0.0173800,-0.0510000
xfoil,r1-sm8,tip,650.000,144.615,0.500,3.000,0.7200,0.450,0.000,105.0,281000,10,5.0,6.800000,1.1438000,0.0204400,-0.0486000
