source,candidate,station,y_mm,chord_mm,reflex_deg,twist_deg,hinge_xc,te_thickness_mm,hinge_gap_mm,speed_kmh,reynolds,ncrit,deflection_deg_te_down_positive,alpha_deg,cl,cd,cm_c4
xfoil,r2a-sm5,mid,325.000,216.923,2.750,3.000,0.7200,0.450,0.000,45.0,181000,6,-5.0,-1.800000,-0.5428000,0.0141500,0.0737000
xfoil,r2a-sm5,mid,325.000,216.923,2.750,3.000,0.7200,0.450,0.000,45.0,181000,6,-5.0,-1.300000,-0.4973000,0.0129200,0.0758000
xfoil,r2a-sm5,mid,325.000,216.923,2.750,3.000,0.7200,0.450,0.000,45.0,181000,6,-5.0,-0.800000,-0.4593000,0.0120200,0.0814000
xfoil,r2a-sm5,mid,325.000,216.923,2.750,3.000,0.7200,0.450,0.000,45.0,181000,6,-5.0,-0.300000,-0.4075000,0.0121600,0.0839000
xfoil,r2a-sm5,mid,325.000,216.923,2.750,3.000,0.7200,0.450,0.000,45.0,181000,6,-5.0,0.200000,-0.3546000,0.0122700,0.0860000
xfoil,r2a-sm5,mid,325.000,216.923,2.750,3.000,0.7200,0.450,0.000,45.0,181000,6,-5.0,0.700000,-0.2978000,0.0124100,0.0871000
xfoil,r2a-sm5,mid,325.000,216.923,2.750,3.000,0.7200,0.450,0.000,45.0,181000,6,-5.0,1.200000,-0.2372000,0.0125200,0.0874000
xfoil,r2a-sm5,mid,325.000,216.923,2.750,3.000,0.7200,0.450,0.000,45.0,181000,6,-5.0,1.700000,-0.1738000,0.0126400,0.0868000
xfoil,r2a-sm5,mid,325.000,216.923,2.750,3.000,0.7200,0.450,0.000,45.0,181000,6,-5.0,2.200000,-0.1073000,0.0127600,0.0854000
xfoil,r2a-sm5,mid,325.000,216.923,2.750,3.000,0.7200,0.450,0.000,45.0,181000,6,-5.0,2.700000,-0.0320000,0.0129900,0.0822000
xfoil,r2a-sm5,mid,325.000,216.923,2.750,3.000,0.7200,0.450,0.000,45.0,181000,6,-5.0,3.200000,0.0443000,0.0131600,0.0785000
xfoil,r2a-sm5,mid,325.000,216.923,2.750,3.000,0.7200,0.450,0.000,45.0,181000,6,-5.0,3.700000,0.1003000,0.0130500,0.0783000
xfoil,r2a-sm5,mid,325.000,216.923,2.750,3.000,0.7200,0.450,0.000,45.0,181000,6,-5.0,4.200000,0.1538000,0.0129700,0.0784000
xfoil,r2a-sm5,mid,325.000,216.923,2.750,3.000,0.7200,0.450,0.000,45.0,181000,6,-5.0,4.700000,0.2075000,0.0129600,0.0784000
xfoil,r2a-sm5,mid,325.000,216.923,2.750,3.000,0.7200,0.450,0.000,45.0,181000,6,-5.0,5.200000,0.2616000,0.0130100,0.0783000
xfoil,r2a-sm5,mid,325.000,216.923,2.750,3.000,0.7200,0.450,0.000,45.0,181000,6,-5.0,5.700000,0.3154000,0.0131300,0.0782000
xfoil,r2a-sm5,mid,325.000,216.923,2.750,3.000,0.7200,0.450,0.000,45.0,181000,6,-5.0,6.200000,0.3698000,0.0133300,0.0778000
xfoil,r2a-sm5,mid,325.000,216.923,2.750,3.000,0.7200,0.450,0.000,45.0,181000,6,-5.0,6.700000,0.4290000,0.0136300,0.0764000
xfoil,r2a-sm5,mid,325.000,216.923,2.750,3.000,0.7200,0.450,0.000,45.0,181000,6,-5.0,7.200000,0.4884000,0.0140200,0.0749000
xfoil,r2a-sm5,mid,325.000,216.923,2.750,3.000,0.7200,0.450,0.000,45.0,181000,6,-5.0,7.700000,0.5475000,0.0145100,0.0732000
xfoil,r2a-sm5,mid,325.000,216.923,2.750,3.000,0.7200,0.450,0.000,45.0,181000,6,-5.0,8.200000,0.6053000,0.0151000,0.0717000
xfoil,r2a-sm5,mid,325.000,216.923,2.750,3.000,0.7200,0.450,0.000,45.0,181000,6,-5.0,8.700000,0.6650000,0.0158200,0.0696000
xfoil,r2a-sm5,mid,325.000,216.923,2.750,3.000,0.7200,0.450,0.000,45.0,181000,6,-5.0,9.200000,0.7261000,0.0167100,0.0669000
xfoil,r2a-sm5,mid,325.000,216.923,2.750,3.000,0.7200,0.450,0.000,45.0,181000,6,-5.0,9.700000,0.7853000,0.0177600,0.0644000
xfoil,r2a-sm5,mid,325.000,216.923,2.750,3.000,0.7200,0.450,0.000,45.0,181000,6,-5.0,10.200000,0.8463000,0.0190200,0.0609000
xfoil,r2a-sm5,mid,325.000,216.923,2.750,3.000,0.7200,0.450,0.000,45.0,181000,6,-5.0,10.700000,0.9061000,0.0205200,0.0571000
xfoil,r2a-sm5,mid,325.000,216.923,2.750,3.000,0.7200,0.450,0.000,45.0,181000,6,-5.0,11.200000,0.9654000,0.0223600,0.0528000
xfoil,r2a-sm5,mid,325.000,216.923,2.750,3.000,0.7200,0.450,0.000,45.0,181000,6,-5.0,11.700000,1.0011000,0.0246200,0.0517000
xfoil,r2a-sm5,mid,325.000,216.923,2.750,3.000,0.7200,0.450,0.000,45.0,181000,6,-5.0,12.200000,1.0168000,0.0281200,0.0514000
xfoil,r2a-sm5,mid,325.000,216.923,2.750,3.000,0.7200,0.450,0.000,45.0,181000,6,-5.0,12.700000,1.0246000,0.0329800,0.0489000
xfoil,r2a-sm5,mid,325.000,216.923,2.750,3.000,0.7200,0.450,0.000,45.0,181000,6,-5.0,13.200000,1.0214000,0.0384200,0.0474000
xfoil,r2a-sm5,mid,325.000,216.923,2.750,3.000,0.7200,0.450,0.000,45.0,181000,6,0.0,-5.000000,-0.5448000,0.0165400,0.0200000
xfoil,r2a-sm5,mid,325.000,216.923,2.750,3.000,0.7200,0.450,0.000,45.0,181000,6,0.0,-4.500000,-0.4948000,0.0149400,0.0209000
xfoil,r2a-sm5,mid,325.000,216.923,2.750,3.000,0.7200,0.450,0.000,45.0,181000,6,0.0,-4.000000,-0.4433000,0.0138800,0.0214000
xfoil,r2a-sm5,mid,325.000,216.923,2.750,3.000,0.7200,0.450,0.000,45.0,181000,6,0.0,-3.500000,-0.3907000,0.0131700,0.0220000
xfoil,r2a-sm5,mid,325.000,216.923,2.750,3.000,0.7200,0.450,0.000,45.0,181000,6,0.0,-3.000000,-0.3380000,0.0125600,0.0227000
xfoil,r2a-sm5,mid,325.000,216.923,2.750,3.000,0.7200,0.450,0.000,45.0,181000,6,0.0,-2.500000,-0.2854000,0.0119300,0.0235000
xfoil,r2a-sm5,mid,325.000,216.923,2.750,3.000,0.7200,0.450,0.000,45.0,181000,6,0.0,-2.000000,-0.2343000,0.0111900,0.0248000
xfoil,r2a-sm5,mid,325.000,216.923,2.750,3.000,0.7200,0.450,0.000,45.0,181000,6,0.0,-1.500000,-0.1870000,0.0105500,0.0281000
xfoil,r2a-sm5,mid,325.000,216.923,2.750,3.000,0.7200,0.450,0.000,45.0,181000,6,0.0,-1.000000,-0.1293000,0.0104800,0.0291000
xfoil,r2a-sm5,mid,325.000,216.923,2.750,3.000,0.7200,0.450,0.000,45.0,181000,6,0.0,-0.500000,-0.0612000,0.0105100,0.0277000
xfoil,r2a-sm5,mid,325.000,216.923,2.750,3.000,0.7200,0.450,0.000,45.0,181000,6,0.0,-0.000000,0.0137000,0.0105600,0.0246000
xfoil,r2a-sm5,mid,325.000,216.923,2.750,3.000,0.7200,0.450,0.000,45.0,181000,6,0.0,0.500000,0.0924000,0.0106200,0.0203000
xfoil,r2a-sm5,mid,325.000,216.923,2.750,3.000,0.7200,0.450,0.000,45.0,181000,6,0.0,1.000000,0.1752000,0.0106300,0.0149000
xfoil,r2a-sm5,mid,325.000,216.923,2.750,3.000,0.7200,0.450,0.000,45.0,181000,6,0.0,1.500000,0.2347000,0.0105800,0.0139000
xfoil,r2a-sm5,mid,325.000,216.923,2.750,3.000,0.7200,0.450,0.000,45.0,181000,6,0.0,2.000000,0.2872000,0.0106000,0.0144000
xfoil,r2a-sm5,mid,325.000,216.923,2.750,3.000,0.7200,0.450,0.000,45.0,181000,6,0.0,2.500000,0.3396000,0.0106900,0.0149000
xfoil,r2a-sm5,mid,325.000,216.923,2.750,3.000,0.7200,0.450,0.000,45.0,181000,6,0.0,3.000000,0.3921000,0.0108700,0.0154000
xfoil,r2a-sm5,mid,325.000,216.923,2.750,3.000,0.7200,0.450,0.000,45.0,181000,6,0.0,4.000000,0.4978000,0.0114600,0.0161000
xfoil,r2a-sm5,mid,325.000,216.923,2.750,3.000,0.7200,0.450,0.000,45.0,181000,6,0.0,4.500000,0.5507000,0.0118700,0.0164000
xfoil,r2a-sm5,mid,325.000,216.923,2.750,3.000,0.7200,0.450,0.000,45.0,181000,6,0.0,5.000000,0.6036000,0.0123500,0.0166000
xfoil,r2a-sm5,mid,325.000,216.923,2.750,3.000,0.7200,0.450,0.000,45.0,181000,6,0.0,5.500000,0.6565000,0.0129000,0.0168000
xfoil,r2a-sm5,mid,325.000,216.923,2.750,3.000,0.7200,0.450,0.000,45.0,181000,6,0.0,6.000000,0.7093000,0.0135300,0.0168000
xfoil,r2a-sm5,mid,325.000,216.923,2.750,3.000,0.7200,0.450,0.000,45.0,181000,6,0.0,6.500000,0.7618000,0.0142400,0.0169000
xfoil,r2a-sm5,mid,325.000,216.923,2.750,3.000,0.7200,0.450,0.000,45.0,181000,6,0.0,7.000000,0.8138000,0.0150400,0.0168000
xfoil,r2a-sm5,mid,325.000,216.923,2.750,3.000,0.7200,0.450,0.000,45.0,181000,6,0.0,7.500000,0.8651000,0.0159700,0.0168000
xfoil,r2a-sm5,mid,325.000,216.923,2.750,3.000,0.7200,0.450,0.000,45.0,181000,6,0.0,8.000000,0.9153000,0.0170200,0.0168000
xfoil,r2a-sm5,mid,325.000,216.923,2.750,3.000,0.7200,0.450,0.000,45.0,181000,6,0.0,8.500000,0.9640000,0.0182100,0.0167000
xfoil,r2a-sm5,mid,325.000,216.923,2.750,3.000,0.7200,0.450,0.000,45.0,181000,6,0.0,9.000000,1.0108000,0.0195500,0.0167000
xfoil,r2a-sm5,mid,325.000,216.923,2.750,3.000,0.7200,0.450,0.000,45.0,181000,6,0.0,9.500000,1.0553000,0.0210700,0.0167000
xfoil,r2a-sm5,mid,325.000,216.923,2.750,3.000,0.7200,0.450,0.000,45.0,181000,6,0.0,10.000000,1.0970000,0.0228100,0.0169000
xfoil,r2a-sm5,mid,325.000,216.923,2.750,3.000,0.7200,0.450,0.000,45.0,181000,6,5.0,-8.200000,-0.5050000,0.0205100,-0.0443000
xfoil,r2a-sm5,mid,325.000,216.923,2.750,3.000,0.7200,0.450,0.000,45.0,181000,6,5.0,-7.700000,-0.4604000,0.0187400,-0.0425000
xfoil,r2a-sm5,mid,325.000,216.923,2.750,3.000,0.7200,0.450,0.000,45.0,181000,6,5.0,-7.200000,-0.4123000,0.0173200,-0.0412000
xfoil,r2a-sm5,mid,325.000,216.923,2.750,3.000,0.7200,0.450,0.000,45.0,181000,6,5.0,-6.700000,-0.3635000,0.0159500,-0.0399000
xfoil,r2a-sm5,mid,325.000,216.923,2.750,3.000,0.7200,0.450,0.000,45.0,181000,6,5.0,-6.200000,-0.3151000,0.0144700,-0.0387000
xfoil,r2a-sm5,mid,325.000,216.923,2.750,3.000,0.7200,0.450,0.000,45.0,181000,6,5.0,-5.700000,-0.2647000,0.0135200,-0.0379000
xfoil,r2a-sm5,mid,325.000,216.923,2.750,3.000,0.7200,0.450,0.000,45.0,181000,6,5.0,-5.200000,-0.2125000,0.0129200,-0.0371000
xfoil,r2a-sm5,mid,325.000,216.923,2.750,3.000,0.7200,0.450,0.000,45.0,181000,6,5.0,-4.700000,-0.1605000,0.0124300,-0.0360000
xfoil,r2a-sm5,mid,325.000,216.923,2.750,3.000,0.7200,0.450,0.000,45.0,181000,6,5.0,-4.200000,-0.1070000,0.0119900,-0.0353000
xfoil,r2a-sm5,mid,325.000,216.923,2.750,3.000,0.7200,0.450,0.000,45.0,181000,6,5.0,-3.700000,-0.0539000,0.0115800,-0.0343000
xfoil,r2a-sm5,mid,325.000,216.923,2.750,3.000,0.7200,0.450,0.000,45.0,181000,6,5.0,-3.200000,-0.0002000,0.0112200,-0.0334000
xfoil,r2a-sm5,mid,325.000,216.923,2.750,3.000,0.7200,0.450,0.000,45.0,181000,6,5.0,-2.700000,0.0529000,0.0108900,-0.0321000
xfoil,r2a-sm5,mid,325.000,216.923,2.750,3.000,0.7200,0.450,0.000,45.0,181000,6,5.0,-2.200000,0.1069000,0.0106300,-0.0311000
xfoil,r2a-sm5,mid,325.000,216.923,2.750,3.000,0.7200,0.450,0.000,45.0,181000,6,5.0,-1.700000,0.1609000,0.0103300,-0.0301000
xfoil,r2a-sm5,mid,325.000,216.923,2.750,3.000,0.7200,0.450,0.000,45.0,181000,6,5.0,-1.200000,0.2140000,0.0098700,-0.0286000
xfoil,r2a-sm5,mid,325.000,216.923,2.750,3.000,0.7200,0.450,0.000,45.0,181000,6,5.0,-0.700000,0.2949000,0.0095600,-0.0328000
xfoil,r2a-sm5,mid,325.000,216.923,2.750,3.000,0.7200,0.450,0.000,45.0,181000,6,5.0,-0.200000,0.3500000,0.0097100,-0.0325000
xfoil,r2a-sm5,mid,325.000,216.923,2.750,3.000,0.7200,0.450,0.000,45.0,181000,6,5.0,0.300000,0.4055000,0.0099100,-0.0322000
xfoil,r2a-sm5,mid,325.000,216.923,2.750,3.000,0.7200,0.450,0.000,45.0,181000,6,5.0,0.800000,0.4612000,0.0101500,-0.0320000
xfoil,r2a-sm5,mid,325.000,216.923,2.750,3.000,0.7200,0.450,0.000,45.0,181000,6,5.0,1.300000,0.5168000,0.0104400,-0.0318000
xfoil,r2a-sm5,mid,325.000,216.923,2.750,3.000,0.7200,0.450,0.000,45.0,181000,6,5.0,1.800000,0.5722000,0.0108000,-0.0317000
xfoil,r2a-sm5,mid,325.000,216.923,2.750,3.000,0.7200,0.450,0.000,45.0,181000,6,5.0,2.300000,0.6273000,0.0112300,-0.0315000
xfoil,r2a-sm5,mid,325.000,216.923,2.750,3.000,0.7200,0.450,0.000,45.0,181000,6,5.0,2.800000,0.6820000,0.0117400,-0.0314000
xfoil,r2a-sm5,mid,325.000,216.923,2.750,3.000,0.7200,0.450,0.000,45.0,181000,6,5.0,3.300000,0.7362000,0.0123200,-0.0313000
xfoil,r2a-sm5,mid,325.000,216.923,2.750,3.000,0.7200,0.450,0.000,45.0,181000,6,5.0,3.800000,0.7899000,0.0129500,-0.0312000
xfoil,r2a-sm5,mid,325.000,216.923,2.750,3.000,0.7200,0.450,0.000,45.0,181000,6,5.0,4.300000,0.8428000,0.0136600,-0.0310000
xfoil,r2a-sm5,mid,325.000,216.923,2.750,3.000,0.7200,0.450,0.000,45.0,181000,6,5.0,4.800000,0.8951000,0.0144100,-0.0307000
xfoil,r2a-sm5,mid,325.000,216.923,2.750,3.000,0.7200,0.450,0.000,45.0,181000,6,5.0,5.300000,0.9463000,0.0152600,-0.0304000
xfoil,r2a-sm5,mid,325.000,216.923,2.750,3.000,0.7200,0.450,0.000,45.0,181000,6,5.0,5.800000,0.9963000,0.0162000,-0.0299000
xfoil,r2a-sm5,mid,325.000,216.923,2.750,3.000,0.7200,0.450,0.000,45.0,181000,6,5.0,6.300000,1.0446000,0.0172700,-0.0293000
xfoil,r2a-sm5,mid,325.000,216.923,2.750,3.000,0.7200,0.450,0.000,45.0,181000,6,5.0,6.800000,1.0911000,0.0184600,-0.0286000
xfoil,r2a-sm5,mid,325.000,216.923,2.750,3.000,0.7200,0.450,0.000,45.0,181000,6,10.0,-11.400000,-0.4837000,0.0313200,-0.0974000
xfoil,r2a-sm5,mid,325.000,216.923,2.750,3.000,0.7200,0.450,0.000,45.0,181000,6,10.0,-10.900000,-0.4381000,0.0271300,-0.0990000
xfoil,r2a-sm5,mid,325.000,216.923,2.750,3.000,0.7200,0.450,0.000,45.0,181000,6,10.0,-10.400000,-0.3898000,0.0240800,-0.0994000
xfoil,r2a-sm5,mid,325.000,216.923,2.750,3.000,0.7200,0.450,0.000,45.0,181000,6,10.0,-9.900000,-0.3391000,0.0220400,-0.0999000
xfoil,r2a-sm5,mid,325.000,216.923,2.750,3.000,0.7200,0.450,0.000,45.0,181000,6,10.0,-9.400000,-0.2878000,0.0201400,-0.1003000
xfoil,r2a-sm5,mid,325.000,216.923,2.750,3.000,0.7200,0.450,0.000,45.0,181000,6,10.0,-8.900000,-0.2354000,0.0187100,-0.1007000
xfoil,r2a-sm5,mid,325.000,216.923,2.750,3.000,0.7200,0.450,0.000,45.0,181000,6,10.0,-8.400000,-0.1830000,0.0173900,-0.1007000
xfoil,r2a-sm5,mid,325.000,216.923,2.750,3.000,0.7200,0.450,0.000,45.0,181000,6,10.0,-7.900000,-0.1306000,0.0160400,-0.1009000
xfoil,r2a-sm5,mid,325.000,216.923,2.750,3.000,0.7200,0.450,0.000,45.0,181000,6,10.0,-7.400000,-0.0776000,0.0152400,-0.1009000
xfoil,r2a-sm5,mid,325.000,216.923,2.750,3.000,0.7200,0.450,0.000,45.0,181000,6,10.0,-6.900000,-0.0239000,0.0148600,-0.1009000
xfoil,r2a-sm5,mid,325.000,216.923,2.750,3.000,0.7200,0.450,0.000,45.0,181000,6,10.0,-6.400000,0.0298000,0.0146000,-0.1005000
xfoil,r2a-sm5,mid,325.000,216.923,2.750,3.000,0.7200,0.450,0.000,45.0,181000,6,10.0,-5.900000,0.0829000,0.0143500,-0.0995000
xfoil,r2a-sm5,mid,325.000,216.923,2.750,3.000,0.7200,0.450,0.000,45.0,181000,6,10.0,-5.400000,0.1356000,0.0141400,-0.0986000
xfoil,r2a-sm5,mid,325.000,216.923,2.750,3.000,0.7200,0.450,0.000,45.0,181000,6,10.0,-4.900000,0.1882000,0.0139600,-0.0974000
xfoil,r2a-sm5,mid,325.000,216.923,2.750,3.000,0.7200,0.450,0.000,45.0,181000,6,10.0,-4.400000,0.2406000,0.0137900,-0.0961000
xfoil,r2a-sm5,mid,325.000,216.923,2.750,3.000,0.7200,0.450,0.000,45.0,181000,6,10.0,-3.900000,0.2927000,0.0136100,-0.0944000
xfoil,r2a-sm5,mid,325.000,216.923,2.750,3.000,0.7200,0.450,0.000,45.0,181000,6,10.0,-3.400000,0.3450000,0.0134300,-0.0927000
xfoil,r2a-sm5,mid,325.000,216.923,2.750,3.000,0.7200,0.450,0.000,45.0,181000,6,10.0,-2.900000,0.3977000,0.0133100,-0.0913000
xfoil,r2a-sm5,mid,325.000,216.923,2.750,3.000,0.7200,0.450,0.000,45.0,181000,6,10.0,-2.400000,0.4508000,0.0131100,-0.0898000
xfoil,r2a-sm5,mid,325.000,216.923,2.750,3.000,0.7200,0.450,0.000,45.0,181000,6,10.0,-1.900000,0.5047000,0.0128900,-0.0886000
xfoil,r2a-sm5,mid,325.000,216.923,2.750,3.000,0.7200,0.450,0.000,45.0,181000,6,10.0,-1.400000,0.5590000,0.0125900,-0.0877000
xfoil,r2a-sm5,mid,325.000,216.923,2.750,3.000,0.7200,0.450,0.000,45.0,181000,6,10.0,-0.900000,0.6134000,0.0122700,-0.0873000
xfoil,r2a-sm5,mid,325.000,216.923,2.750,3.000,0.7200,0.450,0.000,45.0,181000,6,10.0,-0.400000,0.6650000,0.0111400,-0.0841000
xfoil,r2a-sm5,mid,325.000,216.923,2.750,3.000,0.7200,0.450,0.000,45.0,181000,6,10.0,0.100000,0.7165000,0.0110200,-0.0823000
xfoil,r2a-sm5,mid,325.000,216.923,2.750,3.000,0.7200,0.450,0.000,45.0,181000,6,10.0,0.600000,0.7741000,0.0111500,-0.0823000
xfoil,r2a-sm5,mid,325.000,216.923,2.750,3.000,0.7200,0.450,0.000,45.0,181000,6,10.0,1.100000,0.8270000,0.0118000,-0.0817000
xfoil,r2a-sm5,mid,325.000,216.923,2.750,3.000,0.7200,0.450,0.000,45.0,181000,6,10.0,1.600000,0.8789000,0.0125100,-0.0811000
xfoil,r2a-sm5,mid,325.000,216.923,2.750,3.000,0.7200,0.450,0.000,45.0,181000,6,10.0,2.100000,0.9296000,0.0132900,-0.0804000
xfoil,r2a-sm5,mid,325.000,216.923,2.750,3.000,0.7200,0.450,0.000,45.0,181000,6,10.0,2.600000,0.9794000,0.0141100,-0.0795000
xfoil,r2a-sm5,mid,325.000,216.923,2.750,3.000,0.7200,0.450,0.000,45.0,181000,6,10.0,3.100000,1.0282000,0.0149800,-0.0786000
xfoil,r2a-sm5,mid,325.000,216.923,2.750,3.000,0.7200,0.450,0.000,45.0,181000,6,10.0,3.600000,1.0756000,0.0159200,-0.0774000
xfoil,r2a-sm5,mid,325.000,216.923,2.750,3.000,0.7200,0.450,0.000,45.0,181000,10,-5.0,-1.800000,-0.5448000,0.0131100,0.0711000
xfoil,r2a-sm5,mid,325.000,216.923,2.750,3.000,0.7200,0.450,0.000,45.0,181000,10,-5.0,-1.300000,-0.5021000,0.0143400,0.0783000
xfoil,r2a-sm5,mid,325.000,216.923,2.750,3.000,0.7200,0.450,0.000,45.0,181000,10,-5.0,-0.800000,-0.4108000,0.0165000,0.0762000
xfoil,r2a-sm5,mid,325.000,216.923,2.750,3.000,0.7200,0.450,0.000,45.0,181000,10,-5.0,-0.300000,-0.2778000,0.0178900,0.0638000
xfoil,r2a-sm5,mid,325.000,216.923,2.750,3.000,0.7200,0.450,0.000,45.0,181000,10,-5.0,0.200000,-0.1663000,0.0178600,0.0536000
xfoil,r2a-sm5,mid,325.000,216.923,2.750,3.000,0.7200,0.450,0.000,45.0,181000,10,-5.0,0.700000,-0.0720000,0.0171800,0.0460000
xfoil,r2a-sm5,mid,325.000,216.923,2.750,3.000,0.7200,0.450,0.000,45.0,181000,10,-5.0,1.200000,-0.0247000,0.0166400,0.0478000
xfoil,r2a-sm5,mid,325.000,216.923,2.750,3.000,0.7200,0.450,0.000,45.0,181000,10,-5.0,1.700000,0.0254000,0.0161500,0.0488000
xfoil,r2a-sm5,mid,325.000,216.923,2.750,3.000,0.7200,0.450,0.000,45.0,181000,10,-5.0,2.200000,0.0747000,0.0156800,0.0502000
xfoil,r2a-sm5,mid,325.000,216.923,2.750,3.000,0.7200,0.450,0.000,45.0,181000,10,-5.0,2.700000,0.1243000,0.0152500,0.0515000
xfoil,r2a-sm5,mid,325.000,216.923,2.750,3.000,0.7200,0.450,0.000,45.0,181000,10,-5.0,3.200000,0.1752000,0.0149000,0.0525000
xfoil,r2a-sm5,mid,325.000,216.923,2.750,3.000,0.7200,0.450,0.000,45.0,181000,10,-5.0,3.700000,0.2268000,0.0146200,0.0533000
xfoil,r2a-sm5,mid,325.000,216.923,2.750,3.000,0.7200,0.450,0.000,45.0,181000,10,-5.0,4.200000,0.2787000,0.0144400,0.0540000
xfoil,r2a-sm5,mid,325.000,216.923,2.750,3.000,0.7200,0.450,0.000,45.0,181000,10,-5.0,4.700000,0.3325000,0.0143700,0.0541000
xfoil,r2a-sm5,mid,325.000,216.923,2.750,3.000,0.7200,0.450,0.000,45.0,181000,10,-5.0,5.200000,0.3865000,0.0143800,0.0542000
xfoil,r2a-sm5,mid,325.000,216.923,2.750,3.000,0.7200,0.450,0.000,45.0,181000,10,-5.0,5.700000,0.4409000,0.0144900,0.0541000
xfoil,r2a-sm5,mid,325.000,216.923,2.750,3.000,0.7200,0.450,0.000,45.0,181000,10,-5.0,6.200000,0.4954000,0.0146900,0.0538000
xfoil,r2a-sm5,mid,325.000,216.923,2.750,3.000,0.7200,0.450,0.000,45.0,181000,10,-5.0,6.700000,0.5502000,0.0149800,0.0534000
xfoil,r2a-sm5,mid,325.000,216.923,2.750,3.000,0.7200,0.450,0.000,45.0,181000,10,-5.0,7.200000,0.6049000,0.0153700,0.0529000
xfoil,r2a-sm5,mid,325.000,216.923,2.750,3.000,0.7200,0.450,0.000,45.0,181000,10,-5.0,7.700000,0.6595000,0.0158700,0.0522000
xfoil,r2a-sm5,mid,325.000,216.923,2.750,3.000,0.7200,0.450,0.000,45.0,181000,10,-5.0,8.200000,0.7136000,0.0165000,0.0515000
xfoil,r2a-sm5,mid,325.000,216.923,2.750,3.000,0.7200,0.450,0.000,45.0,181000,10,-5.0,8.700000,0.7666000,0.0172800,0.0507000
xfoil,r2a-sm5,mid,325.000,216.923,2.750,3.000,0.7200,0.450,0.000,45.0,181000,10,-5.0,9.200000,0.8177000,0.0182100,0.0502000
xfoil,r2a-sm5,mid,325.000,216.923,2.750,3.000,0.7200,0.450,0.000,45.0,181000,10,-5.0,9.700000,0.8663000,0.0192200,0.0497000
xfoil,r2a-sm5,mid,325.000,216.923,2.750,3.000,0.7200,0.450,0.000,45.0,181000,10,-5.0,10.200000,0.9116000,0.0202700,0.0493000
xfoil,r2a-sm5,mid,325.000,216.923,2.750,3.000,0.7200,0.450,0.000,45.0,181000,10,-5.0,10.700000,0.9518000,0.0215600,0.0494000
xfoil,r2a-sm5,mid,325.000,216.923,2.750,3.000,0.7200,0.450,0.000,45.0,181000,10,-5.0,11.200000,0.9835000,0.0230400,0.0504000
xfoil,r2a-sm5,mid,325.000,216.923,2.750,3.000,0.7200,0.450,0.000,45.0,181000,10,-5.0,11.700000,0.9954000,0.0254100,0.0528000
xfoil,r2a-sm5,mid,325.000,216.923,2.750,3.000,0.7200,0.450,0.000,45.0,181000,10,-5.0,12.200000,1.0021000,0.0300900,0.0518000
xfoil,r2a-sm5,mid,325.000,216.923,2.750,3.000,0.7200,0.450,0.000,45.0,181000,10,-5.0,12.700000,1.0076000,0.0344500,0.0518000
xfoil,r2a-sm5,mid,325.000,216.923,2.750,3.000,0.7200,0.450,0.000,45.0,181000,10,-5.0,13.200000,1.0173000,0.0385500,0.0526000
xfoil,r2a-sm5,mid,325.000,216.923,2.750,3.000,0.7200,0.450,0.000,45.0,181000,10,0.0,-5.000000,-0.5087000,0.0167600,0.0087000
xfoil,r2a-sm5,mid,325.000,216.923,2.750,3.000,0.7200,0.450,0.000,45.0,181000,10,0.0,-4.500000,-0.4663000,0.0143900,0.0109000
xfoil,r2a-sm5,mid,325.000,216.923,2.750,3.000,0.7200,0.450,0.000,45.0,181000,10,0.0,-4.000000,-0.4174000,0.0137200,0.0122000
xfoil,r2a-sm5,mid,325.000,216.923,2.750,3.000,0.7200,0.450,0.000,45.0,181000,10,0.0,-3.500000,-0.3699000,0.0131000,0.0141000
xfoil,r2a-sm5,mid,325.000,216.923,2.750,3.000,0.7200,0.450,0.000,45.0,181000,10,0.0,-3.000000,-0.3212000,0.0123200,0.0158000
xfoil,r2a-sm5,mid,325.000,216.923,2.750,3.000,0.7200,0.450,0.000,45.0,181000,10,0.0,-2.500000,-0.2800000,0.0113400,0.0204000
xfoil,r2a-sm5,mid,325.000,216.923,2.750,3.000,0.7200,0.450,0.000,45.0,181000,10,0.0,-2.000000,-0.2286000,0.0115500,0.0241000
xfoil,r2a-sm5,mid,325.000,216.923,2.750,3.000,0.7200,0.450,0.000,45.0,181000,10,0.0,-1.500000,-0.1459000,0.0121500,0.0211000
xfoil,r2a-sm5,mid,325.000,216.923,2.750,3.000,0.7200,0.450,0.000,45.0,181000,10,0.0,-1.000000,-0.0350000,0.0125700,0.0112000
xfoil,r2a-sm5,mid,325.000,216.923,2.750,3.000,0.7200,0.450,0.000,45.0,181000,10,0.0,-0.500000,0.0426000,0.0125200,0.0067000
xfoil,r2a-sm5,mid,325.000,216.923,2.750,3.000,0.7200,0.450,0.000,45.0,181000,10,0.0,-0.000000,0.0941000,0.0123900,0.0072000
xfoil,r2a-sm5,mid,325.000,216.923,2.750,3.000,0.7200,0.450,0.000,45.0,181000,10,0.0,0.500000,0.1450000,0.0122100,0.0080000
xfoil,r2a-sm5,mid,325.000,216.923,2.750,3.000,0.7200,0.450,0.000,45.0,181000,10,0.0,1.000000,0.1950000,0.0119900,0.0091000
xfoil,r2a-sm5,mid,325.000,216.923,2.750,3.000,0.7200,0.450,0.000,45.0,181000,10,0.0,1.500000,0.2447000,0.0117600,0.0104000
xfoil,r2a-sm5,mid,325.000,216.923,2.750,3.000,0.7200,0.450,0.000,45.0,181000,10,0.0,2.000000,0.2945000,0.0115900,0.0118000
xfoil,r2a-sm5,mid,325.000,216.923,2.750,3.000,0.7200,0.450,0.000,45.0,181000,10,0.0,2.500000,0.3454000,0.0115200,0.0129000
xfoil,r2a-sm5,mid,325.000,216.923,2.750,3.000,0.7200,0.450,0.000,45.0,181000,10,0.0,3.000000,0.3963000,0.0115400,0.0140000
xfoil,r2a-sm5,mid,325.000,216.923,2.750,3.000,0.7200,0.450,0.000,45.0,181000,10,0.0,3.500000,0.4479000,0.0116700,0.0149000
xfoil,r2a-sm5,mid,325.000,216.923,2.750,3.000,0.7200,0.450,0.000,45.0,181000,10,0.0,4.000000,0.5002000,0.0119200,0.0156000
xfoil,r2a-sm5,mid,325.000,216.923,2.750,3.000,0.7200,0.450,0.000,45.0,181000,10,0.0,4.500000,0.5527000,0.0122700,0.0162000
xfoil,r2a-sm5,mid,325.000,216.923,2.750,3.000,0.7200,0.450,0.000,45.0,181000,10,0.0,5.000000,0.6052000,0.0127200,0.0167000
xfoil,r2a-sm5,mid,325.000,216.923,2.750,3.000,0.7200,0.450,0.000,45.0,181000,10,0.0,5.500000,0.6578000,0.0132700,0.0171000
xfoil,r2a-sm5,mid,325.000,216.923,2.750,3.000,0.7200,0.450,0.000,45.0,181000,10,0.0,6.000000,0.7105000,0.0139100,0.0173000
xfoil,r2a-sm5,mid,325.000,216.923,2.750,3.000,0.7200,0.450,0.000,45.0,181000,10,0.0,6.500000,0.7630000,0.0146400,0.0175000
xfoil,r2a-sm5,mid,325.000,216.923,2.750,3.000,0.7200,0.450,0.000,45.0,181000,10,0.0,7.000000,0.8148000,0.0155100,0.0176000
xfoil,r2a-sm5,mid,325.000,216.923,2.750,3.000,0.7200,0.450,0.000,45.0,181000,10,0.0,7.500000,0.8660000,0.0164900,0.0177000
xfoil,r2a-sm5,mid,325.000,216.923,2.750,3.000,0.7200,0.450,0.000,45.0,181000,10,0.0,8.000000,0.9160000,0.0176100,0.0178000
xfoil,r2a-sm5,mid,325.000,216.923,2.750,3.000,0.7200,0.450,0.000,45.0,181000,10,0.0,8.500000,0.9646000,0.0188400,0.0179000
xfoil,r2a-sm5,mid,325.000,216.923,2.750,3.000,0.7200,0.450,0.000,45.0,181000,10,0.0,9.000000,1.0112000,0.0200800,0.0179000
xfoil,r2a-sm5,mid,325.000,216.923,2.750,3.000,0.7200,0.450,0.000,45.0,181000,10,0.0,9.500000,1.0556000,0.0214900,0.0179000
xfoil,r2a-sm5,mid,325.000,216.923,2.750,3.000,0.7200,0.450,0.000,45.0,181000,10,0.0,10.000000,1.0965000,0.0232100,0.0181000
xfoil,r2a-sm5,mid,325.000,216.923,2.750,3.000,0.7200,0.450,0.000,45.0,181000,10,5.0,-8.200000,-0.5636000,0.0267600,-0.0392000
xfoil,r2a-sm5,mid,325.000,216.923,2.750,3.000,0.7200,0.450,0.000,45.0,181000,10,5.0,-7.700000,-0.4872000,0.0222900,-0.0436000
xfoil,r2a-sm5,mid,325.000,216.923,2.750,3.000,0.7200,0.450,0.000,45.0,181000,10,5.0,-7.200000,-0.4081000,0.0188300,-0.0484000
xfoil,r2a-sm5,mid,325.000,216.923,2.750,3.000,0.7200,0.450,0.000,45.0,181000,10,5.0,-6.700000,-0.3312000,0.0161800,-0.0530000
xfoil,r2a-sm5,mid,325.000,216.923,2.750,3.000,0.7200,0.450,0.000,45.0,181000,10,5.0,-6.200000,-0.2630000,0.0138200,-0.0565000
xfoil,r2a-sm5,mid,325.000,216.923,2.750,3.000,0.7200,0.450,0.000,45.0,181000,10,5.0,-5.700000,-0.2048000,0.0135000,-0.0571000
xfoil,r2a-sm5,mid,325.000,216.923,2.750,3.000,0.7200,0.450,0.000,45.0,181000,10,5.0,-5.200000,-0.1557000,0.0133100,-0.0553000
xfoil,r2a-sm5,mid,325.000,216.923,2.750,3.000,0.7200,0.450,0.000,45.0,181000,10,5.0,-4.700000,-0.1099000,0.0131300,-0.0526000
xfoil,r2a-sm5,mid,325.000,216.923,2.750,3.000,0.7200,0.450,0.000,45.0,181000,10,5.0,-4.200000,-0.0646000,0.0129200,-0.0497000
xfoil,r2a-sm5,mid,325.000,216.923,2.750,3.000,0.7200,0.450,0.000,45.0,181000,10,5.0,-3.700000,-0.0194000,0.0127400,-0.0465000
xfoil,r2a-sm5,mid,325.000,216.923,2.750,3.000,0.7200,0.450,0.000,45.0,181000,10,5.0,-3.200000,0.0260000,0.0126100,-0.0431000
xfoil,r2a-sm5,mid,325.000,216.923,2.750,3.000,0.7200,0.450,0.000,45.0,181000,10,5.0,-2.700000,0.0712000,0.0122800,-0.0395000
xfoil,r2a-sm5,mid,325.000,216.923,2.750,3.000,0.7200,0.450,0.000,45.0,181000,10,5.0,-2.200000,0.1163000,0.0117000,-0.0358000
xfoil,r2a-sm5,mid,325.000,216.923,2.750,3.000,0.7200,0.450,0.000,45.0,181000,10,5.0,-1.700000,0.2020000,0.0112100,-0.0401000
xfoil,r2a-sm5,mid,325.000,216.923,2.750,3.000,0.7200,0.450,0.000,45.0,181000,10,5.0,-1.200000,0.2575000,0.0110800,-0.0400000
xfoil,r2a-sm5,mid,325.000,216.923,2.750,3.000,0.7200,0.450,0.000,45.0,181000,10,5.0,-0.700000,0.3090000,0.0109400,-0.0385000
xfoil,r2a-sm5,mid,325.000,216.923,2.750,3.000,0.7200,0.450,0.000,45.0,181000,10,5.0,-0.200000,0.3613000,0.0107600,-0.0370000
xfoil,r2a-sm5,mid,325.000,216.923,2.750,3.000,0.7200,0.450,0.000,45.0,181000,10,5.0,0.300000,0.4149000,0.0106600,-0.0359000
xfoil,r2a-sm5,mid,325.000,216.923,2.750,3.000,0.7200,0.450,0.000,45.0,181000,10,5.0,0.800000,0.4685000,0.0107000,-0.0348000
xfoil,r2a-sm5,mid,325.000,216.923,2.750,3.000,0.7200,0.450,0.000,45.0,181000,10,5.0,1.300000,0.5226000,0.0109000,-0.0339000
xfoil,r2a-sm5,mid,325.000,216.923,2.750,3.000,0.7200,0.450,0.000,45.0,181000,10,5.0,1.800000,0.5773000,0.0111600,-0.0332000
xfoil,r2a-sm5,mid,325.000,216.923,2.750,3.000,0.7200,0.450,0.000,45.0,181000,10,5.0,2.300000,0.6320000,0.0114700,-0.0327000
xfoil,r2a-sm5,mid,325.000,216.923,2.750,3.000,0.7200,0.450,0.000,45.0,181000,10,5.0,2.800000,0.6866000,0.0118800,-0.0323000
xfoil,r2a-sm5,mid,325.000,216.923,2.750,3.000,0.7200,0.450,0.000,45.0,181000,10,5.0,3.300000,0.7408000,0.0124000,-0.0319000
xfoil,r2a-sm5,mid,325.000,216.923,2.750,3.000,0.7200,0.450,0.000,45.0,181000,10,5.0,3.800000,0.7944000,0.0130300,-0.0315000
xfoil,r2a-sm5,mid,325.000,216.923,2.750,3.000,0.7200,0.450,0.000,45.0,181000,10,5.0,4.300000,0.8474000,0.0137600,-0.0312000
xfoil,r2a-sm5,mid,325.000,216.923,2.750,3.000,0.7200,0.450,0.000,45.0,181000,10,5.0,4.800000,0.8995000,0.0145800,-0.0308000
xfoil,r2a-sm5,mid,325.000,216.923,2.750,3.000,0.7200,0.450,0.000,45.0,181000,10,5.0,5.300000,0.9506000,0.0154800,-0.0303000
xfoil,r2a-sm5,mid,325.000,216.923,2.750,3.000,0.7200,0.450,0.000,45.0,181000,10,5.0,5.800000,1.0003000,0.0165000,-0.0297000
xfoil,r2a-sm5,mid,325.000,216.923,2.750,3.000,0.7200,0.450,0.000,45.0,181000,10,5.0,6.300000,1.0483000,0.0176700,-0.0290000
xfoil,r2a-sm5,mid,325.000,216.923,2.750,3.000,0.7200,0.450,0.000,45.0,181000,10,5.0,6.800000,1.0947000,0.0189200,-0.0281000
xfoil,r2a-sm5,mid,325.000,216.923,2.750,3.000,0.7200,0.450,0.000,45.0,181000,10,10.0,-7.900000,-0.3010000,0.0202100,-0.0740000
xfoil,r2a-sm5,mid,325.000,216.923,2.750,3.000,0.7200,0.450,0.000,45.0,181000,10,10.0,-7.400000,-0.2208000,0.0179800,-0.0796000
xfoil,r2a-sm5,mid,325.000,216.923,2.750,3.000,0.7200,0.450,0.000,45.0,181000,10,10.0,-6.900000,-0.1395000,0.0168300,-0.0859000
xfoil,r2a-sm5,mid,325.000,216.923,2.750,3.000,0.7200,0.450,0.000,45.0,181000,10,10.0,-6.400000,-0.0675000,0.0168300,-0.0897000
xfoil,r2a-sm5,mid,325.000,216.923,2.750,3.000,0.7200,0.450,0.000,45.0,181000,10,10.0,-5.900000,0.0083000,0.0168500,-0.0938000
xfoil,r2a-sm5,mid,325.000,216.923,2.750,3.000,0.7200,0.450,0.000,45.0,181000,10,10.0,-5.400000,0.0877000,0.0168800,-0.0983000
xfoil,r2a-sm5,mid,325.000,216.923,2.750,3.000,0.7200,0.450,0.000,45.0,181000,10,10.0,-4.900000,0.1544000,0.0169700,-0.1000000
xfoil,r2a-sm5,mid,325.000,216.923,2.750,3.000,0.7200,0.450,0.000,45.0,181000,10,10.0,-4.400000,0.2312000,0.0171000,-0.1031000
xfoil,r2a-sm5,mid,325.000,216.923,2.750,3.000,0.7200,0.450,0.000,45.0,181000,10,10.0,-3.900000,0.2910000,0.0173500,-0.1026000
xfoil,r2a-sm5,mid,325.000,216.923,2.750,3.000,0.7200,0.450,0.000,45.0,181000,10,10.0,-3.400000,0.3529000,0.0174400,-0.1019000
xfoil,r2a-sm5,mid,325.000,216.923,2.750,3.000,0.7200,0.450,0.000,45.0,181000,10,10.0,-2.900000,0.4048000,0.0173200,-0.0996000
xfoil,r2a-sm5,mid,325.000,216.923,2.750,3.000,0.7200,0.450,0.000,45.0,181000,10,10.0,-2.400000,0.4557000,0.0166900,-0.0971000
xfoil,r2a-sm5,mid,325.000,216.923,2.750,3.000,0.7200,0.450,0.000,45.0,181000,10,10.0,-1.900000,0.5072000,0.0156200,-0.0941000
xfoil,r2a-sm5,mid,325.000,216.923,2.750,3.000,0.7200,0.450,0.000,45.0,181000,10,10.0,-1.400000,0.5556000,0.0145800,-0.0907000
xfoil,r2a-sm5,mid,325.000,216.923,2.750,3.000,0.7200,0.450,0.000,45.0,181000,10,10.0,-0.900000,0.6187000,0.0134800,-0.0905000
xfoil,r2a-sm5,mid,325.000,216.923,2.750,3.000,0.7200,0.450,0.000,45.0,181000,10,10.0,-0.400000,0.6751000,0.0126600,-0.0892000
xfoil,r2a-sm5,mid,325.000,216.923,2.750,3.000,0.7200,0.450,0.000,45.0,181000,10,10.0,0.100000,0.7304000,0.0120500,-0.0884000
xfoil,r2a-sm5,mid,325.000,216.923,2.750,3.000,0.7200,0.450,0.000,45.0,181000,10,10.0,0.600000,0.7860000,0.0110100,-0.0861000
xfoil,r2a-sm5,mid,325.000,216.923,2.750,3.000,0.7200,0.450,0.000,45.0,181000,10,10.0,1.100000,0.8383000,0.0113700,-0.0842000
xfoil,r2a-sm5,mid,325.000,216.923,2.750,3.000,0.7200,0.450,0.000,45.0,181000,10,10.0,1.600000,0.8901000,0.0120900,-0.0831000
xfoil,r2a-sm5,mid,325.000,216.923,2.750,3.000,0.7200,0.450,0.000,45.0,181000,10,10.0,2.100000,0.9409000,0.0128800,-0.0821000
xfoil,r2a-sm5,mid,325.000,216.923,2.750,3.000,0.7200,0.450,0.000,45.0,181000,10,10.0,2.600000,0.9906000,0.0137500,-0.0810000
xfoil,r2a-sm5,mid,325.000,216.923,2.750,3.000,0.7200,0.450,0.000,45.0,181000,10,10.0,3.100000,1.0392000,0.0147000,-0.0799000
xfoil,r2a-sm5,mid,325.000,216.923,2.750,3.000,0.7200,0.450,0.000,45.0,181000,10,10.0,3.600000,1.0865000,0.0157200,-0.0786000
xfoil,r2a-sm5,mid,325.000,216.923,2.750,3.000,0.7200,0.450,0.000,60.0,241000,6,-5.0,-1.800000,-0.5507000,0.0130100,0.0765000
xfoil,r2a-sm5,mid,325.000,216.923,2.750,3.000,0.7200,0.450,0.000,60.0,241000,6,-5.0,-1.300000,-0.5019000,0.0120000,0.0779000
xfoil,r2a-sm5,mid,325.000,216.923,2.750,3.000,0.7200,0.450,0.000,60.0,241000,6,-5.0,-0.800000,-0.4582000,0.0105900,0.0804000
xfoil,r2a-sm5,mid,325.000,216.923,2.750,3.000,0.7200,0.450,0.000,60.0,241000,6,-5.0,-0.300000,-0.4159000,0.0101300,0.0848000
xfoil,r2a-sm5,mid,325.000,216.923,2.750,3.000,0.7200,0.450,0.000,60.0,241000,6,-5.0,0.700000,-0.3087000,0.0102100,0.0879000
xfoil,r2a-sm5,mid,325.000,216.923,2.750,3.000,0.7200,0.450,0.000,60.0,241000,6,-5.0,1.200000,-0.2532000,0.0102600,0.0889000
xfoil,r2a-sm5,mid,325.000,216.923,2.750,3.000,0.7200,0.450,0.000,60.0,241000,6,-5.0,1.700000,-0.1977000,0.0102800,0.0898000
xfoil,r2a-sm5,mid,325.000,216.923,2.750,3.000,0.7200,0.450,0.000,60.0,241000,6,-5.0,2.200000,-0.1414000,0.0103200,0.0903000
xfoil,r2a-sm5,mid,325.000,216.923,2.750,3.000,0.7200,0.450,0.000,60.0,241000,6,-5.0,2.700000,-0.0843000,0.0104000,0.0907000
xfoil,r2a-sm5,mid,325.000,216.923,2.750,3.000,0.7200,0.450,0.000,60.0,241000,6,-5.0,3.200000,-0.0258000,0.0105700,0.0908000
xfoil,r2a-sm5,mid,325.000,216.923,2.750,3.000,0.7200,0.450,0.000,60.0,241000,6,-5.0,3.700000,0.0351000,0.0107200,0.0901000
xfoil,r2a-sm5,mid,325.000,216.923,2.750,3.000,0.7200,0.450,0.000,60.0,241000,6,-5.0,4.200000,0.0928000,0.0107400,0.0894000
xfoil,r2a-sm5,mid,325.000,216.923,2.750,3.000,0.7200,0.450,0.000,60.0,241000,6,-5.0,4.700000,0.1509000,0.0108100,0.0886000
xfoil,r2a-sm5,mid,325.000,216.923,2.750,3.000,0.7200,0.450,0.000,60.0,241000,6,-5.0,5.200000,0.2093000,0.0109500,0.0877000
xfoil,r2a-sm5,mid,325.000,216.923,2.750,3.000,0.7200,0.450,0.000,60.0,241000,6,-5.0,5.700000,0.2679000,0.0111300,0.0867000
xfoil,r2a-sm5,mid,325.000,216.923,2.750,3.000,0.7200,0.450,0.000,60.0,241000,6,-5.0,6.200000,0.3264000,0.0113800,0.0856000
xfoil,r2a-sm5,mid,325.000,216.923,2.750,3.000,0.7200,0.450,0.000,60.0,241000,6,-5.0,6.700000,0.3853000,0.0117000,0.0843000
xfoil,r2a-sm5,mid,325.000,216.923,2.750,3.000,0.7200,0.450,0.000,60.0,241000,6,-5.0,7.200000,0.4457000,0.0121000,0.0827000
xfoil,r2a-sm5,mid,325.000,216.923,2.750,3.000,0.7200,0.450,0.000,60.0,241000,6,-5.0,7.700000,0.5060000,0.0125800,0.0810000
xfoil,r2a-sm5,mid,325.000,216.923,2.750,3.000,0.7200,0.450,0.000,60.0,241000,6,-5.0,8.200000,0.5659000,0.0131600,0.0792000
xfoil,r2a-sm5,mid,325.000,216.923,2.750,3.000,0.7200,0.450,0.000,60.0,241000,6,-5.0,8.700000,0.6248000,0.0138100,0.0774000
xfoil,r2a-sm5,mid,325.000,216.923,2.750,3.000,0.7200,0.450,0.000,60.0,241000,6,-5.0,9.200000,0.6864000,0.0146400,0.0749000
xfoil,r2a-sm5,mid,325.000,216.923,2.750,3.000,0.7200,0.450,0.000,60.0,241000,6,-5.0,9.700000,0.7469000,0.0156100,0.0722000
xfoil,r2a-sm5,mid,325.000,216.923,2.750,3.000,0.7200,0.450,0.000,60.0,241000,6,-5.0,10.200000,0.8078000,0.0167500,0.0692000
xfoil,r2a-sm5,mid,325.000,216.923,2.750,3.000,0.7200,0.450,0.000,60.0,241000,6,-5.0,10.700000,0.8681000,0.0181100,0.0658000
xfoil,r2a-sm5,mid,325.000,216.923,2.750,3.000,0.7200,0.450,0.000,60.0,241000,6,-5.0,11.200000,0.9287000,0.0197200,0.0618000
xfoil,r2a-sm5,mid,325.000,216.923,2.750,3.000,0.7200,0.450,0.000,60.0,241000,6,-5.0,11.700000,0.9872000,0.0222300,0.0565000
xfoil,r2a-sm5,mid,325.000,216.923,2.750,3.000,0.7200,0.450,0.000,60.0,241000,6,-5.0,12.200000,1.0281000,0.0258300,0.0518000
xfoil,r2a-sm5,mid,325.000,216.923,2.750,3.000,0.7200,0.450,0.000,60.0,241000,6,-5.0,12.700000,1.0455000,0.0300000,0.0490000
xfoil,r2a-sm5,mid,325.000,216.923,2.750,3.000,0.7200,0.450,0.000,60.0,241000,6,-5.0,13.200000,1.0493000,0.0346400,0.0477000
xfoil,r2a-sm5,mid,325.000,216.923,2.750,3.000,0.7200,0.450,0.000,60.0,241000,6,0.0,-5.000000,-0.5564000,0.0154400,0.0232000
xfoil,r2a-sm5,mid,325.000,216.923,2.750,3.000,0.7200,0.450,0.000,60.0,241000,6,0.0,-4.500000,-0.5046000,0.0141000,0.0239000
xfoil,r2a-sm5,mid,325.000,216.923,2.750,3.000,0.7200,0.450,0.000,60.0,241000,6,0.0,-4.000000,-0.4524000,0.0130000,0.0244000
xfoil,r2a-sm5,mid,325.000,216.923,2.750,3.000,0.7200,0.450,0.000,60.0,241000,6,0.0,-3.500000,-0.3991000,0.0122300,0.0247000
xfoil,r2a-sm5,mid,325.000,216.923,2.750,3.000,0.7200,0.450,0.000,60.0,241000,6,0.0,-3.000000,-0.3450000,0.0116100,0.0251000
xfoil,r2a-sm5,mid,325.000,216.923,2.750,3.000,0.7200,0.450,0.000,60.0,241000,6,0.0,-2.500000,-0.2906000,0.0110100,0.0254000
xfoil,r2a-sm5,mid,325.000,216.923,2.750,3.000,0.7200,0.450,0.000,60.0,241000,6,0.0,-2.000000,-0.2370000,0.0103800,0.0261000
xfoil,r2a-sm5,mid,325.000,216.923,2.750,3.000,0.7200,0.450,0.000,60.0,241000,6,0.0,-1.500000,-0.1863000,0.0095300,0.0275000
xfoil,r2a-sm5,mid,325.000,216.923,2.750,3.000,0.7200,0.450,0.000,60.0,241000,6,0.0,-1.000000,-0.1371000,0.0090400,0.0302000
xfoil,r2a-sm5,mid,325.000,216.923,2.750,3.000,0.7200,0.450,0.000,60.0,241000,6,0.0,-0.500000,-0.0809000,0.0089400,0.0312000
xfoil,r2a-sm5,mid,325.000,216.923,2.750,3.000,0.7200,0.450,0.000,60.0,241000,6,0.0,-0.000000,-0.0159000,0.0089600,0.0302000
xfoil,r2a-sm5,mid,325.000,216.923,2.750,3.000,0.7200,0.450,0.000,60.0,241000,6,0.0,0.500000,0.0562000,0.0090500,0.0275000
xfoil,r2a-sm5,mid,325.000,216.923,2.750,3.000,0.7200,0.450,0.000,60.0,241000,6,0.0,1.000000,0.1309000,0.0091600,0.0239000
xfoil,r2a-sm5,mid,325.000,216.923,2.750,3.000,0.7200,0.450,0.000,60.0,241000,6,0.0,1.500000,0.2075000,0.0092900,0.0197000
xfoil,r2a-sm5,mid,325.000,216.923,2.750,3.000,0.7200,0.450,0.000,60.0,241000,6,0.0,2.000000,0.2821000,0.0094100,0.0157000
xfoil,r2a-sm5,mid,325.000,216.923,2.750,3.000,0.7200,0.450,0.000,60.0,241000,6,0.0,2.500000,0.3352000,0.0095100,0.0160000
xfoil,r2a-sm5,mid,325.000,216.923,2.750,3.000,0.7200,0.450,0.000,60.0,241000,6,0.0,3.000000,0.3882000,0.0097000,0.0163000
xfoil,r2a-sm5,mid,325.000,216.923,2.750,3.000,0.7200,0.450,0.000,60.0,241000,6,0.0,3.500000,0.4414000,0.0099600,0.0165000
xfoil,r2a-sm5,mid,325.000,216.923,2.750,3.000,0.7200,0.450,0.000,60.0,241000,6,0.0,4.000000,0.4946000,0.0102900,0.0168000
xfoil,r2a-sm5,mid,325.000,216.923,2.750,3.000,0.7200,0.450,0.000,60.0,241000,6,0.0,4.500000,0.5480000,0.0106700,0.0169000
xfoil,r2a-sm5,mid,325.000,216.923,2.750,3.000,0.7200,0.450,0.000,60.0,241000,6,0.0,5.000000,0.6013000,0.0111200,0.0171000
xfoil,r2a-sm5,mid,325.000,216.923,2.750,3.000,0.7200,0.450,0.000,60.0,241000,6,0.0,5.500000,0.6546000,0.0116400,0.0171000
xfoil,r2a-sm5,mid,325.000,216.923,2.750,3.000,0.7200,0.450,0.000,60.0,241000,6,0.0,6.000000,0.7079000,0.0122200,0.0171000
xfoil,r2a-sm5,mid,325.000,216.923,2.750,3.000,0.7200,0.450,0.000,60.0,241000,6,0.0,6.500000,0.7609000,0.0128900,0.0171000
xfoil,r2a-sm5,mid,325.000,216.923,2.750,3.000,0.7200,0.450,0.000,60.0,241000,6,0.0,7.000000,0.8136000,0.0136300,0.0170000
xfoil,r2a-sm5,mid,325.000,216.923,2.750,3.000,0.7200,0.450,0.000,60.0,241000,6,0.0,7.500000,0.8657000,0.0144900,0.0169000
xfoil,r2a-sm5,mid,325.000,216.923,2.750,3.000,0.7200,0.450,0.000,60.0,241000,6,0.0,8.000000,0.9167000,0.0154800,0.0167000
xfoil,r2a-sm5,mid,325.000,216.923,2.750,3.000,0.7200,0.450,0.000,60.0,241000,6,0.0,8.500000,0.9663000,0.0166000,0.0165000
xfoil,r2a-sm5,mid,325.000,216.923,2.750,3.000,0.7200,0.450,0.000,60.0,241000,6,0.0,9.000000,1.0145000,0.0178400,0.0165000
xfoil,r2a-sm5,mid,325.000,216.923,2.750,3.000,0.7200,0.450,0.000,60.0,241000,6,0.0,9.500000,1.0610000,0.0192200,0.0165000
xfoil,r2a-sm5,mid,325.000,216.923,2.750,3.000,0.7200,0.450,0.000,60.0,241000,6,0.0,10.000000,1.1041000,0.0209000,0.0165000
xfoil,r2a-sm5,mid,325.000,216.923,2.750,3.000,0.7200,0.450,0.000,60.0,241000,6,5.0,-8.200000,-0.5366000,0.0188800,-0.0363000
xfoil,r2a-sm5,mid,325.000,216.923,2.750,3.000,0.7200,0.450,0.000,60.0,241000,6,5.0,-7.700000,-0.4876000,0.0173800,-0.0352000
xfoil,r2a-sm5,mid,325.000,216.923,2.750,3.000,0.7200,0.450,0.000,60.0,241000,6,5.0,-7.200000,-0.4375000,0.0160200,-0.0343000
xfoil,r2a-sm5,mid,325.000,216.923,2.750,3.000,0.7200,0.450,0.000,60.0,241000,6,5.0,-6.700000,-0.3860000,0.0148400,-0.0335000
xfoil,r2a-sm5,mid,325.000,216.923,2.750,3.000,0.7200,0.450,0.000,60.0,241000,6,5.0,-6.200000,-0.3337000,0.0135400,-0.0330000
xfoil,r2a-sm5,mid,325.000,216.923,2.750,3.000,0.7200,0.450,0.000,60.0,241000,6,5.0,-5.700000,-0.2810000,0.0124600,-0.0326000
xfoil,r2a-sm5,mid,325.000,216.923,2.750,3.000,0.7200,0.450,0.000,60.0,241000,6,5.0,-5.200000,-0.2276000,0.0117300,-0.0322000
xfoil,r2a-sm5,mid,325.000,216.923,2.750,3.000,0.7200,0.450,0.000,60.0,241000,6,5.0,-4.700000,-0.1734000,0.0112100,-0.0317000
xfoil,r2a-sm5,mid,325.000,216.923,2.750,3.000,0.7200,0.450,0.000,60.0,241000,6,5.0,-4.200000,-0.1182000,0.0107500,-0.0314000
xfoil,r2a-sm5,mid,325.000,216.923,2.750,3.000,0.7200,0.450,0.000,60.0,241000,6,5.0,-3.700000,-0.0630000,0.0103400,-0.0310000
xfoil,r2a-sm5,mid,325.000,216.923,2.750,3.000,0.7200,0.450,0.000,60.0,241000,6,5.0,-3.200000,-0.0075000,0.0099700,-0.0306000
xfoil,r2a-sm5,mid,325.000,216.923,2.750,3.000,0.7200,0.450,0.000,60.0,241000,6,5.0,-2.700000,0.0478000,0.0096300,-0.0301000
xfoil,r2a-sm5,mid,325.000,216.923,2.750,3.000,0.7200,0.450,0.000,60.0,241000,6,5.0,-2.200000,0.1031000,0.0093500,-0.0295000
xfoil,r2a-sm5,mid,325.000,216.923,2.750,3.000,0.7200,0.450,0.000,60.0,241000,6,5.0,-1.700000,0.1582000,0.0091500,-0.0288000
xfoil,r2a-sm5,mid,325.000,216.923,2.750,3.000,0.7200,0.450,0.000,60.0,241000,6,5.0,-1.200000,0.2128000,0.0089700,-0.0280000
xfoil,r2a-sm5,mid,325.000,216.923,2.750,3.000,0.7200,0.450,0.000,60.0,241000,6,5.0,-0.700000,0.2652000,0.0086400,-0.0265000
xfoil,r2a-sm5,mid,325.000,216.923,2.750,3.000,0.7200,0.450,0.000,60.0,241000,6,5.0,-0.200000,0.3448000,0.0085400,-0.0309000
xfoil,r2a-sm5,mid,325.000,216.923,2.750,3.000,0.7200,0.450,0.000,60.0,241000,6,5.0,0.300000,0.4012000,0.0087600,-0.0309000
xfoil,r2a-sm5,mid,325.000,216.923,2.750,3.000,0.7200,0.450,0.000,60.0,241000,6,5.0,0.800000,0.4576000,0.0090100,-0.0309000
xfoil,r2a-sm5,mid,325.000,216.923,2.750,3.000,0.7200,0.450,0.000,60.0,241000,6,5.0,1.300000,0.5138000,0.0093200,-0.0310000
xfoil,r2a-sm5,mid,325.000,216.923,2.750,3.000,0.7200,0.450,0.000,60.0,241000,6,5.0,1.800000,0.5697000,0.0097000,-0.0310000
xfoil,r2a-sm5,mid,325.000,216.923,2.750,3.000,0.7200,0.450,0.000,60.0,241000,6,5.0,2.300000,0.6253000,0.0101500,-0.0311000
xfoil,r2a-sm5,mid,325.000,216.923,2.750,3.000,0.7200,0.450,0.000,60.0,241000,6,5.0,2.800000,0.6807000,0.0106400,-0.0311000
xfoil,r2a-sm5,mid,325.000,216.923,2.750,3.000,0.7200,0.450,0.000,60.0,241000,6,5.0,3.300000,0.7354000,0.0112000,-0.0312000
xfoil,r2a-sm5,mid,325.000,216.923,2.750,3.000,0.7200,0.450,0.000,60.0,241000,6,5.0,3.800000,0.7898000,0.0117900,-0.0312000
xfoil,r2a-sm5,mid,325.000,216.923,2.750,3.000,0.7200,0.450,0.000,60.0,241000,6,5.0,4.300000,0.8435000,0.0124300,-0.0311000
xfoil,r2a-sm5,mid,325.000,216.923,2.750,3.000,0.7200,0.450,0.000,60.0,241000,6,5.0,4.800000,0.8965000,0.0131400,-0.0310000
xfoil,r2a-sm5,mid,325.000,216.923,2.750,3.000,0.7200,0.450,0.000,60.0,241000,6,5.0,5.300000,0.9485000,0.0139300,-0.0308000
xfoil,r2a-sm5,mid,325.000,216.923,2.750,3.000,0.7200,0.450,0.000,60.0,241000,6,5.0,5.800000,0.9993000,0.0148100,-0.0304000
xfoil,r2a-sm5,mid,325.000,216.923,2.750,3.000,0.7200,0.450,0.000,60.0,241000,6,5.0,6.300000,1.0486000,0.0158100,-0.0300000
xfoil,r2a-sm5,mid,325.000,216.923,2.750,3.000,0.7200,0.450,0.000,60.0,241000,6,5.0,6.800000,1.0962000,0.0169300,-0.0294000
xfoil,r2a-sm5,mid,325.000,216.923,2.750,3.000,0.7200,0.450,0.000,60.0,241000,10,-5.0,-1.800000,-0.5503000,0.0130300,0.0737000
xfoil,r2a-sm5,mid,325.000,216.923,2.750,3.000,0.7200,0.450,0.000,60.0,241000,10,-5.0,-1.300000,-0.5194000,0.0118500,0.0804000
xfoil,r2a-sm5,mid,325.000,216.923,2.750,3.000,0.7200,0.450,0.000,60.0,241000,10,-5.0,-0.800000,-0.4712000,0.0125100,0.0847000
xfoil,r2a-sm5,mid,325.000,216.923,2.750,3.000,0.7200,0.450,0.000,60.0,241000,10,-5.0,-0.300000,-0.4142000,0.0132400,0.0876000
xfoil,r2a-sm5,mid,325.000,216.923,2.750,3.000,0.7200,0.450,0.000,60.0,241000,10,-5.0,0.200000,-0.3163000,0.0142900,0.0822000
xfoil,r2a-sm5,mid,325.000,216.923,2.750,3.000,0.7200,0.450,0.000,60.0,241000,10,-5.0,0.700000,-0.2231000,0.0146200,0.0763000
xfoil,r2a-sm5,mid,325.000,216.923,2.750,3.000,0.7200,0.450,0.000,60.0,241000,10,-5.0,1.200000,-0.1403000,0.0145400,0.0718000
xfoil,r2a-sm5,mid,325.000,216.923,2.750,3.000,0.7200,0.450,0.000,60.0,241000,10,-5.0,1.700000,-0.0531000,0.0142600,0.0661000
xfoil,r2a-sm5,mid,325.000,216.923,2.750,3.000,0.7200,0.450,0.000,60.0,241000,10,-5.0,2.200000,0.0362000,0.0138600,0.0595000
xfoil,r2a-sm5,mid,325.000,216.923,2.750,3.000,0.7200,0.450,0.000,60.0,241000,10,-5.0,2.700000,0.1086000,0.0134400,0.0561000
xfoil,r2a-sm5,mid,325.000,216.923,2.750,3.000,0.7200,0.450,0.000,60.0,241000,10,-5.0,3.200000,0.1618000,0.0131800,0.0564000
xfoil,r2a-sm5,mid,325.000,216.923,2.750,3.000,0.7200,0.450,0.000,60.0,241000,10,-5.0,3.700000,0.2153000,0.0129900,0.0567000
xfoil,r2a-sm5,mid,325.000,216.923,2.750,3.000,0.7200,0.450,0.000,60.0,241000,10,-5.0,4.200000,0.2697000,0.0128900,0.0567000
xfoil,r2a-sm5,mid,325.000,216.923,2.750,3.000,0.7200,0.450,0.000,60.0,241000,10,-5.0,4.700000,0.3244000,0.0128600,0.0566000
xfoil,r2a-sm5,mid,325.000,216.923,2.750,3.000,0.7200,0.450,0.000,60.0,241000,10,-5.0,5.200000,0.3797000,0.0129000,0.0562000
xfoil,r2a-sm5,mid,325.000,216.923,2.750,3.000,0.7200,0.450,0.000,60.0,241000,10,-5.0,5.700000,0.4352000,0.0130100,0.0558000
xfoil,r2a-sm5,mid,325.000,216.923,2.750,3.000,0.7200,0.450,0.000,60.0,241000,10,-5.0,6.200000,0.4908000,0.0131900,0.0552000
xfoil,r2a-sm5,mid,325.000,216.923,2.750,3.000,0.7200,0.450,0.000,60.0,241000,10,-5.0,6.700000,0.5464000,0.0134500,0.0546000
xfoil,r2a-sm5,mid,325.000,216.923,2.750,3.000,0.7200,0.450,0.000,60.0,241000,10,-5.0,7.200000,0.6019000,0.0137900,0.0538000
xfoil,r2a-sm5,mid,325.000,216.923,2.750,3.000,0.7200,0.450,0.000,60.0,241000,10,-5.0,7.700000,0.6573000,0.0142400,0.0530000
xfoil,r2a-sm5,mid,325.000,216.923,2.750,3.000,0.7200,0.450,0.000,60.0,241000,10,-5.0,8.200000,0.7123000,0.0148000,0.0520000
xfoil,r2a-sm5,mid,325.000,216.923,2.750,3.000,0.7200,0.450,0.000,60.0,241000,10,-5.0,8.700000,0.7668000,0.0154900,0.0509000
xfoil,r2a-sm5,mid,325.000,216.923,2.750,3.000,0.7200,0.450,0.000,60.0,241000,10,-5.0,9.200000,0.8201000,0.0162800,0.0499000
xfoil,r2a-sm5,mid,325.000,216.923,2.750,3.000,0.7200,0.450,0.000,60.0,241000,10,-5.0,9.700000,0.8716000,0.0171800,0.0489000
xfoil,r2a-sm5,mid,325.000,216.923,2.750,3.000,0.7200,0.450,0.000,60.0,241000,10,-5.0,10.200000,0.9203000,0.0182000,0.0481000
xfoil,r2a-sm5,mid,325.000,216.923,2.750,3.000,0.7200,0.450,0.000,60.0,241000,10,-5.0,10.700000,0.9653000,0.0194200,0.0476000
xfoil,r2a-sm5,mid,325.000,216.923,2.750,3.000,0.7200,0.450,0.000,60.0,241000,10,-5.0,11.200000,1.0046000,0.0208600,0.0476000
xfoil,r2a-sm5,mid,325.000,216.923,2.750,3.000,0.7200,0.450,0.000,60.0,241000,10,-5.0,11.700000,1.0167000,0.0241400,0.0491000
xfoil,r2a-sm5,mid,325.000,216.923,2.750,3.000,0.7200,0.450,0.000,60.0,241000,10,-5.0,12.200000,1.0168000,0.0276600,0.0509000
xfoil,r2a-sm5,mid,325.000,216.923,2.750,3.000,0.7200,0.450,0.000,60.0,241000,10,-5.0,12.700000,1.0217000,0.0322900,0.0497000
xfoil,r2a-sm5,mid,325.000,216.923,2.750,3.000,0.7200,0.450,0.000,60.0,241000,10,-5.0,13.200000,1.0272000,0.0367200,0.0494000
xfoil,r2a-sm5,mid,325.000,216.923,2.750,3.000,0.7200,0.450,0.000,60.0,241000,10,0.0,-5.000000,-0.5381000,0.0160000,0.0170000
xfoil,r2a-sm5,mid,325.000,216.923,2.750,3.000,0.7200,0.450,0.000,60.0,241000,10,0.0,-4.500000,-0.4922000,0.0135200,0.0188000
xfoil,r2a-sm5,mid,325.000,216.923,2.750,3.000,0.7200,0.450,0.000,60.0,241000,10,0.0,-4.000000,-0.4415000,0.0126700,0.0197000
xfoil,r2a-sm5,mid,325.000,216.923,2.750,3.000,0.7200,0.450,0.000,60.0,241000,10,0.0,-3.500000,-0.3891000,0.0120200,0.0203000
xfoil,r2a-sm5,mid,325.000,216.923,2.750,3.000,0.7200,0.450,0.000,60.0,241000,10,0.0,-3.000000,-0.3382000,0.0113700,0.0215000
xfoil,r2a-sm5,mid,325.000,216.923,2.750,3.000,0.7200,0.450,0.000,60.0,241000,10,0.0,-2.500000,-0.2892000,0.0105200,0.0232000
xfoil,r2a-sm5,mid,325.000,216.923,2.750,3.000,0.7200,0.450,0.000,60.0,241000,10,0.0,-2.000000,-0.2460000,0.0098700,0.0276000
xfoil,r2a-sm5,mid,325.000,216.923,2.750,3.000,0.7200,0.450,0.000,60.0,241000,10,0.0,-1.500000,-0.1912000,0.0100400,0.0299000
xfoil,r2a-sm5,mid,325.000,216.923,2.750,3.000,0.7200,0.450,0.000,60.0,241000,10,0.0,-1.000000,-0.1122000,0.0104300,0.0269000
xfoil,r2a-sm5,mid,325.000,216.923,2.750,3.000,0.7200,0.450,0.000,60.0,241000,10,0.0,-0.500000,-0.0145000,0.0106900,0.0192000
xfoil,r2a-sm5,mid,325.000,216.923,2.750,3.000,0.7200,0.450,0.000,60.0,241000,10,0.0,-0.000000,0.0775000,0.0106100,0.0120000
xfoil,r2a-sm5,mid,325.000,216.923,2.750,3.000,0.7200,0.450,0.000,60.0,241000,10,0.0,0.500000,0.1298000,0.0103300,0.0125000
xfoil,r2a-sm5,mid,325.000,216.923,2.750,3.000,0.7200,0.450,0.000,60.0,241000,10,0.0,1.000000,0.1820000,0.0100800,0.0131000
xfoil,r2a-sm5,mid,325.000,216.923,2.750,3.000,0.7200,0.450,0.000,60.0,241000,10,0.0,1.500000,0.2337000,0.0099100,0.0138000
xfoil,r2a-sm5,mid,325.000,216.923,2.750,3.000,0.7200,0.450,0.000,60.0,241000,10,0.0,2.000000,0.2856000,0.0098200,0.0146000
xfoil,r2a-sm5,mid,325.000,216.923,2.750,3.000,0.7200,0.450,0.000,60.0,241000,10,0.0,2.500000,0.3378000,0.0098100,0.0152000
xfoil,r2a-sm5,mid,325.000,216.923,2.750,3.000,0.7200,0.450,0.000,60.0,241000,10,0.0,3.000000,0.3901000,0.0098900,0.0158000
xfoil,r2a-sm5,mid,325.000,216.923,2.750,3.000,0.7200,0.450,0.000,60.0,241000,10,0.0,3.500000,0.4428000,0.0100800,0.0164000
xfoil,r2a-sm5,mid,325.000,216.923,2.750,3.000,0.7200,0.450,0.000,60.0,241000,10,0.0,4.000000,0.4957000,0.0103600,0.0168000
xfoil,r2a-sm5,mid,325.000,216.923,2.750,3.000,0.7200,0.450,0.000,60.0,241000,10,0.0,4.500000,0.5488000,0.0107300,0.0171000
xfoil,r2a-sm5,mid,325.000,216.923,2.750,3.000,0.7200,0.450,0.000,60.0,241000,10,0.0,5.000000,0.6021000,0.0111700,0.0174000
xfoil,r2a-sm5,mid,325.000,216.923,2.750,3.000,0.7200,0.450,0.000,60.0,241000,10,0.0,5.500000,0.6554000,0.0116800,0.0175000
xfoil,r2a-sm5,mid,325.000,216.923,2.750,3.000,0.7200,0.450,0.000,60.0,241000,10,0.0,6.000000,0.7087000,0.0122600,0.0176000
xfoil,r2a-sm5,mid,325.000,216.923,2.750,3.000,0.7200,0.450,0.000,60.0,241000,10,0.0,6.500000,0.7617000,0.0129400,0.0176000
xfoil,r2a-sm5,mid,325.000,216.923,2.750,3.000,0.7200,0.450,0.000,60.0,241000,10,0.0,7.500000,0.8663000,0.0146200,0.0175000
xfoil,r2a-sm5,mid,325.000,216.923,2.750,3.000,0.7200,0.450,0.000,60.0,241000,10,0.0,8.000000,0.9173000,0.0156100,0.0174000
xfoil,r2a-sm5,mid,325.000,216.923,2.750,3.000,0.7200,0.450,0.000,60.0,241000,10,0.0,8.500000,0.9671000,0.0167000,0.0173000
xfoil,r2a-sm5,mid,325.000,216.923,2.750,3.000,0.7200,0.450,0.000,60.0,241000,10,0.0,9.000000,1.0155000,0.0178800,0.0171000
xfoil,r2a-sm5,mid,325.000,216.923,2.750,3.000,0.7200,0.450,0.000,60.0,241000,10,0.0,9.500000,1.0621000,0.0192100,0.0171000
xfoil,r2a-sm5,mid,325.000,216.923,2.750,3.000,0.7200,0.450,0.000,60.0,241000,10,0.0,10.000000,1.1064000,0.0207100,0.0171000
xfoil,r2a-sm5,mid,325.000,216.923,2.750,3.000,0.7200,0.450,0.000,60.0,241000,10,5.0,-8.200000,-0.4846000,0.0211600,-0.0524000
xfoil,r2a-sm5,mid,325.000,216.923,2.750,3.000,0.7200,0.450,0.000,60.0,241000,10,5.0,-7.700000,-0.4215000,0.0182800,-0.0544000
xfoil,r2a-sm5,mid,325.000,216.923,2.750,3.000,0.7200,0.450,0.000,60.0,241000,10,5.0,-7.200000,-0.3699000,0.0162900,-0.0535000
xfoil,r2a-sm5,mid,325.000,216.923,2.750,3.000,0.7200,0.450,0.000,60.0,241000,10,5.0,-6.700000,-0.3256000,0.0148400,-0.0511000
xfoil,r2a-sm5,mid,325.000,216.923,2.750,3.000,0.7200,0.450,0.000,60.0,241000,10,5.0,-6.200000,-0.2851000,0.0129400,-0.0482000
xfoil,r2a-sm5,mid,325.000,216.923,2.750,3.000,0.7200,0.450,0.000,60.0,241000,10,5.0,-5.700000,-0.2398000,0.0124500,-0.0459000
xfoil,r2a-sm5,mid,325.000,216.923,2.750,3.000,0.7200,0.450,0.000,60.0,241000,10,5.0,-5.200000,-0.1920000,0.0121000,-0.0439000
xfoil,r2a-sm5,mid,325.000,216.923,2.750,3.000,0.7200,0.450,0.000,60.0,241000,10,5.0,-4.700000,-0.1448000,0.0117500,-0.0415000
xfoil,r2a-sm5,mid,325.000,216.923,2.750,3.000,0.7200,0.450,0.000,60.0,241000,10,5.0,-4.200000,-0.0945000,0.0113700,-0.0399000
xfoil,r2a-sm5,mid,325.000,216.923,2.750,3.000,0.7200,0.450,0.000,60.0,241000,10,5.0,-3.700000,-0.0450000,0.0110100,-0.0379000
xfoil,r2a-sm5,mid,325.000,216.923,2.750,3.000,0.7200,0.450,0.000,60.0,241000,10,5.0,-3.200000,0.0052000,0.0106900,-0.0359000
xfoil,r2a-sm5,mid,325.000,216.923,2.750,3.000,0.7200,0.450,0.000,60.0,241000,10,5.0,-2.700000,0.0564000,0.0104500,-0.0340000
xfoil,r2a-sm5,mid,325.000,216.923,2.750,3.000,0.7200,0.450,0.000,60.0,241000,10,5.0,-2.200000,0.1064000,0.0100100,-0.0318000
xfoil,r2a-sm5,mid,325.000,216.923,2.750,3.000,0.7200,0.450,0.000,60.0,241000,10,5.0,-1.700000,0.1554000,0.0093500,-0.0290000
xfoil,r2a-sm5,mid,325.000,216.923,2.750,3.000,0.7200,0.450,0.000,60.0,241000,10,5.0,-1.200000,0.2419000,0.0090000,-0.0345000
xfoil,r2a-sm5,mid,325.000,216.923,2.750,3.000,0.7200,0.450,0.000,60.0,241000,10,5.0,-0.700000,0.2962000,0.0088900,-0.0339000
xfoil,r2a-sm5,mid,325.000,216.923,2.750,3.000,0.7200,0.450,0.000,60.0,241000,10,5.0,-0.200000,0.3514000,0.0088500,-0.0333000
xfoil,r2a-sm5,mid,325.000,216.923,2.750,3.000,0.7200,0.450,0.000,60.0,241000,10,5.0,0.300000,0.4063000,0.0089400,-0.0327000
xfoil,r2a-sm5,mid,325.000,216.923,2.750,3.000,0.7200,0.450,0.000,60.0,241000,10,5.0,0.800000,0.4616000,0.0091500,-0.0323000
xfoil,r2a-sm5,mid,325.000,216.923,2.750,3.000,0.7200,0.450,0.000,60.0,241000,10,5.0,1.300000,0.5174000,0.0093800,-0.0320000
xfoil,r2a-sm5,mid,325.000,216.923,2.750,3.000,0.7200,0.450,0.000,60.0,241000,10,5.0,1.800000,0.5731000,0.0096600,-0.0317000
xfoil,r2a-sm5,mid,325.000,216.923,2.750,3.000,0.7200,0.450,0.000,60.0,241000,10,5.0,2.300000,0.6287000,0.0100100,-0.0316000
xfoil,r2a-sm5,mid,325.000,216.923,2.750,3.000,0.7200,0.450,0.000,60.0,241000,10,5.0,2.800000,0.6840000,0.0104600,-0.0314000
xfoil,r2a-sm5,mid,325.000,216.923,2.750,3.000,0.7200,0.450,0.000,60.0,241000,10,5.0,3.300000,0.7388000,0.0109800,-0.0313000
xfoil,r2a-sm5,mid,325.000,216.923,2.750,3.000,0.7200,0.450,0.000,60.0,241000,10,5.0,3.800000,0.7931000,0.0115900,-0.0312000
xfoil,r2a-sm5,mid,325.000,216.923,2.750,3.000,0.7200,0.450,0.000,60.0,241000,10,5.0,4.300000,0.8467000,0.0122900,-0.0311000
xfoil,r2a-sm5,mid,325.000,216.923,2.750,3.000,0.7200,0.450,0.000,60.0,241000,10,5.0,4.800000,0.8997000,0.0130100,-0.0309000
xfoil,r2a-sm5,mid,325.000,216.923,2.750,3.000,0.7200,0.450,0.000,60.0,241000,10,5.0,5.300000,0.9515000,0.0138500,-0.0306000
xfoil,r2a-sm5,mid,325.000,216.923,2.750,3.000,0.7200,0.450,0.000,60.0,241000,10,5.0,5.800000,1.0021000,0.0147700,-0.0302000
xfoil,r2a-sm5,mid,325.000,216.923,2.750,3.000,0.7200,0.450,0.000,60.0,241000,10,5.0,6.300000,1.0512000,0.0158000,-0.0297000
xfoil,r2a-sm5,mid,325.000,216.923,2.750,3.000,0.7200,0.450,0.000,60.0,241000,10,5.0,6.800000,1.0984000,0.0169300,-0.0290000
xfoil,r2a-sm5,mid,325.000,216.923,2.750,3.000,0.7200,0.450,0.000,75.0,301000,6,-5.0,-1.800000,-0.5563000,0.0122000,0.0783000
xfoil,r2a-sm5,mid,325.000,216.923,2.750,3.000,0.7200,0.450,0.000,75.0,301000,6,-5.0,-1.300000,-0.5058000,0.0113100,0.0794000
xfoil,r2a-sm5,mid,325.000,216.923,2.750,3.000,0.7200,0.450,0.000,75.0,301000,6,-5.0,-0.800000,-0.4570000,0.0103200,0.0808000
xfoil,r2a-sm5,mid,325.000,216.923,2.750,3.000,0.7200,0.450,0.000,75.0,301000,6,-5.0,-0.300000,-0.4192000,0.0089700,0.0853000
xfoil,r2a-sm5,mid,325.000,216.923,2.750,3.000,0.7200,0.450,0.000,75.0,301000,6,-5.0,0.200000,-0.3651000,0.0089900,0.0865000
xfoil,r2a-sm5,mid,325.000,216.923,2.750,3.000,0.7200,0.450,0.000,75.0,301000,6,-5.0,0.700000,-0.3103000,0.0090300,0.0876000
xfoil,r2a-sm5,mid,325.000,216.923,2.750,3.000,0.7200,0.450,0.000,75.0,301000,6,-5.0,1.200000,-0.2546000,0.0090600,0.0884000
xfoil,r2a-sm5,mid,325.000,216.923,2.750,3.000,0.7200,0.450,0.000,75.0,301000,6,-5.0,1.700000,-0.1986000,0.0090900,0.0889000
xfoil,r2a-sm5,mid,325.000,216.923,2.750,3.000,0.7200,0.450,0.000,75.0,301000,6,-5.0,2.200000,-0.1422000,0.0091300,0.0893000
xfoil,r2a-sm5,mid,325.000,216.923,2.750,3.000,0.7200,0.450,0.000,75.0,301000,6,-5.0,2.700000,-0.0857000,0.0092000,0.0896000
xfoil,r2a-sm5,mid,325.000,216.923,2.750,3.000,0.7200,0.450,0.000,75.0,301000,6,-5.0,3.200000,-0.0296000,0.0093100,0.0900000
xfoil,r2a-sm5,mid,325.000,216.923,2.750,3.000,0.7200,0.450,0.000,75.0,301000,6,-5.0,3.700000,0.0262000,0.0094600,0.0905000
xfoil,r2a-sm5,mid,325.000,216.923,2.750,3.000,0.7200,0.450,0.000,75.0,301000,6,-5.0,4.200000,0.0847000,0.0095600,0.0899000
xfoil,r2a-sm5,mid,325.000,216.923,2.750,3.000,0.7200,0.450,0.000,75.0,301000,6,-5.0,4.700000,0.1443000,0.0097000,0.0888000
xfoil,r2a-sm5,mid,325.000,216.923,2.750,3.000,0.7200,0.450,0.000,75.0,301000,6,-5.0,5.200000,0.2039000,0.0098700,0.0877000
xfoil,r2a-sm5,mid,325.000,216.923,2.750,3.000,0.7200,0.450,0.000,75.0,301000,6,-5.0,5.700000,0.2634000,0.0101000,0.0865000
xfoil,r2a-sm5,mid,325.000,216.923,2.750,3.000,0.7200,0.450,0.000,75.0,301000,6,-5.0,6.200000,0.3228000,0.0103800,0.0853000
xfoil,r2a-sm5,mid,325.000,216.923,2.750,3.000,0.7200,0.450,0.000,75.0,301000,6,-5.0,6.700000,0.3822000,0.0107000,0.0841000
xfoil,r2a-sm5,mid,325.000,216.923,2.750,3.000,0.7200,0.450,0.000,75.0,301000,6,-5.0,7.200000,0.4415000,0.0111000,0.0827000
xfoil,r2a-sm5,mid,325.000,216.923,2.750,3.000,0.7200,0.450,0.000,75.0,301000,6,-5.0,7.700000,0.5006000,0.0115500,0.0814000
xfoil,r2a-sm5,mid,325.000,216.923,2.750,3.000,0.7200,0.450,0.000,75.0,301000,6,-5.0,8.200000,0.5592000,0.0120900,0.0800000
xfoil,r2a-sm5,mid,325.000,216.923,2.750,3.000,0.7200,0.450,0.000,75.0,301000,6,-5.0,8.700000,0.6174000,0.0127400,0.0784000
xfoil,r2a-sm5,mid,325.000,216.923,2.750,3.000,0.7200,0.450,0.000,75.0,301000,6,-5.0,9.200000,0.6756000,0.0134900,0.0768000
xfoil,r2a-sm5,mid,325.000,216.923,2.750,3.000,0.7200,0.450,0.000,75.0,301000,6,-5.0,9.700000,0.7338000,0.0144000,0.0748000
xfoil,r2a-sm5,mid,325.000,216.923,2.750,3.000,0.7200,0.450,0.000,75.0,301000,6,-5.0,10.200000,0.7918000,0.0154300,0.0726000
xfoil,r2a-sm5,mid,325.000,216.923,2.750,3.000,0.7200,0.450,0.000,75.0,301000,6,-5.0,10.700000,0.8505000,0.0166500,0.0698000
xfoil,r2a-sm5,mid,325.000,216.923,2.750,3.000,0.7200,0.450,0.000,75.0,301000,6,-5.0,11.200000,0.9103000,0.0181700,0.0663000
xfoil,r2a-sm5,mid,325.000,216.923,2.750,3.000,0.7200,0.450,0.000,75.0,301000,6,-5.0,11.700000,0.9687000,0.0205500,0.0614000
xfoil,r2a-sm5,mid,325.000,216.923,2.750,3.000,0.7200,0.450,0.000,75.0,301000,6,-5.0,12.200000,1.0253000,0.0238500,0.0549000
xfoil,r2a-sm5,mid,325.000,216.923,2.750,3.000,0.7200,0.450,0.000,75.0,301000,6,-5.0,12.700000,1.0595000,0.0277400,0.0498000
xfoil,r2a-sm5,mid,325.000,216.923,2.750,3.000,0.7200,0.450,0.000,75.0,301000,6,-5.0,13.200000,1.0678000,0.0322400,0.0478000
xfoil,r2a-sm5,mid,325.000,216.923,2.750,3.000,0.7200,0.450,0.000,75.0,301000,6,0.0,-5.000000,-0.5635000,0.0146000,0.0251000
xfoil,r2a-sm5,mid,325.000,216.923,2.750,3.000,0.7200,0.450,0.000,75.0,301000,6,0.0,-4.500000,-0.5105000,0.0134700,0.0257000
xfoil,r2a-sm5,mid,325.000,216.923,2.750,3.000,0.7200,0.450,0.000,75.0,301000,6,0.0,-4.000000,-0.4574000,0.0124200,0.0260000
xfoil,r2a-sm5,mid,325.000,216.923,2.750,3.000,0.7200,0.450,0.000,75.0,301000,6,0.0,-3.500000,-0.4037000,0.0115600,0.0262000
xfoil,r2a-sm5,mid,325.000,216.923,2.750,3.000,0.7200,0.450,0.000,75.0,301000,6,0.0,-3.000000,-0.3490000,0.0109200,0.0265000
xfoil,r2a-sm5,mid,325.000,216.923,2.750,3.000,0.7200,0.450,0.000,75.0,301000,6,0.0,-2.500000,-0.2941000,0.0103400,0.0267000
xfoil,r2a-sm5,mid,325.000,216.923,2.750,3.000,0.7200,0.450,0.000,75.0,301000,6,0.0,-2.000000,-0.2393000,0.0097600,0.0270000
xfoil,r2a-sm5,mid,325.000,216.923,2.750,3.000,0.7200,0.450,0.000,75.0,301000,6,0.0,-1.500000,-0.1854000,0.0091100,0.0276000
xfoil,r2a-sm5,mid,325.000,216.923,2.750,3.000,0.7200,0.450,0.000,75.0,301000,6,0.0,-1.000000,-0.1377000,0.0082400,0.0301000
xfoil,r2a-sm5,mid,325.000,216.923,2.750,3.000,0.7200,0.450,0.000,75.0,301000,6,0.0,-0.500000,-0.0838000,0.0080600,0.0314000
xfoil,r2a-sm5,mid,325.000,216.923,2.750,3.000,0.7200,0.450,0.000,75.0,301000,6,0.0,-0.000000,-0.0268000,0.0080100,0.0321000
xfoil,r2a-sm5,mid,325.000,216.923,2.750,3.000,0.7200,0.450,0.000,75.0,301000,6,0.0,0.500000,0.0376000,0.0080700,0.0310000
xfoil,r2a-sm5,mid,325.000,216.923,2.750,3.000,0.7200,0.450,0.000,75.0,301000,6,0.0,1.000000,0.1081000,0.0081900,0.0283000
xfoil,r2a-sm5,mid,325.000,216.923,2.750,3.000,0.7200,0.450,0.000,75.0,301000,6,0.0,1.500000,0.1807000,0.0083600,0.0251000
xfoil,r2a-sm5,mid,325.000,216.923,2.750,3.000,0.7200,0.450,0.000,75.0,301000,6,0.0,2.000000,0.2552000,0.0085600,0.0212000
xfoil,r2a-sm5,mid,325.000,216.923,2.750,3.000,0.7200,0.450,0.000,75.0,301000,6,0.0,2.500000,0.3319000,0.0087800,0.0167000
xfoil,r2a-sm5,mid,325.000,216.923,2.750,3.000,0.7200,0.450,0.000,75.0,301000,6,0.0,3.000000,0.3861000,0.0089700,0.0167000
xfoil,r2a-sm5,mid,325.000,216.923,2.750,3.000,0.7200,0.450,0.000,75.0,301000,6,0.0,3.500000,0.4393000,0.0092200,0.0169000
xfoil,r2a-sm5,mid,325.000,216.923,2.750,3.000,0.7200,0.450,0.000,75.0,301000,6,0.0,4.000000,0.4927000,0.0095400,0.0171000
xfoil,r2a-sm5,mid,325.000,216.923,2.750,3.000,0.7200,0.450,0.000,75.0,301000,6,0.0,4.500000,0.5462000,0.0099100,0.0172000
xfoil,r2a-sm5,mid,325.000,216.923,2.750,3.000,0.7200,0.450,0.000,75.0,301000,6,0.0,5.000000,0.5998000,0.0103400,0.0173000
xfoil,r2a-sm5,mid,325.000,216.923,2.750,3.000,0.7200,0.450,0.000,75.0,301000,6,0.0,5.500000,0.6534000,0.0108200,0.0174000
xfoil,r2a-sm5,mid,325.000,216.923,2.750,3.000,0.7200,0.450,0.000,75.0,301000,6,0.0,6.000000,0.7069000,0.0113600,0.0173000
xfoil,r2a-sm5,mid,325.000,216.923,2.750,3.000,0.7200,0.450,0.000,75.0,301000,6,0.0,6.500000,0.7603000,0.0119800,0.0173000
xfoil,r2a-sm5,mid,325.000,216.923,2.750,3.000,0.7200,0.450,0.000,75.0,301000,6,0.0,7.000000,0.8134000,0.0127000,0.0171000
xfoil,r2a-sm5,mid,325.000,216.923,2.750,3.000,0.7200,0.450,0.000,75.0,301000,6,0.0,7.500000,0.8659000,0.0135300,0.0169000
xfoil,r2a-sm5,mid,325.000,216.923,2.750,3.000,0.7200,0.450,0.000,75.0,301000,6,0.0,8.000000,0.9174000,0.0144900,0.0167000
xfoil,r2a-sm5,mid,325.000,216.923,2.750,3.000,0.7200,0.450,0.000,75.0,301000,6,0.0,8.500000,0.9679000,0.0155300,0.0165000
xfoil,r2a-sm5,mid,325.000,216.923,2.750,3.000,0.7200,0.450,0.000,75.0,301000,6,0.0,9.000000,1.0169000,0.0167200,0.0164000
xfoil,r2a-sm5,mid,325.000,216.923,2.750,3.000,0.7200,0.450,0.000,75.0,301000,6,0.0,9.500000,1.0641000,0.0180600,0.0163000
xfoil,r2a-sm5,mid,325.000,216.923,2.750,3.000,0.7200,0.450,0.000,75.0,301000,6,0.0,10.000000,1.1080000,0.0197400,0.0164000
xfoil,r2a-sm5,mid,325.000,216.923,2.750,3.000,0.7200,0.450,0.000,75.0,301000,6,5.0,-8.200000,-0.5536000,0.0175800,-0.0321000
xfoil,r2a-sm5,mid,325.000,216.923,2.750,3.000,0.7200,0.450,0.000,75.0,301000,6,5.0,-7.700000,-0.5022000,0.0162600,-0.0314000
xfoil,r2a-sm5,mid,325.000,216.923,2.750,3.000,0.7200,0.450,0.000,75.0,301000,6,5.0,-7.200000,-0.4503000,0.0150000,-0.0309000
xfoil,r2a-sm5,mid,325.000,216.923,2.750,3.000,0.7200,0.450,0.000,75.0,301000,6,5.0,-6.700000,-0.3971000,0.0139000,-0.0304000
xfoil,r2a-sm5,mid,325.000,216.923,2.750,3.000,0.7200,0.450,0.000,75.0,301000,6,5.0,-6.200000,-0.3436000,0.0128100,-0.0299000
xfoil,r2a-sm5,mid,325.000,216.923,2.750,3.000,0.7200,0.450,0.000,75.0,301000,6,5.0,-5.700000,-0.2902000,0.0117600,-0.0297000
xfoil,r2a-sm5,mid,325.000,216.923,2.750,3.000,0.7200,0.450,0.000,75.0,301000,6,5.0,-5.200000,-0.2360000,0.0109700,-0.0294000
xfoil,r2a-sm5,mid,325.000,216.923,2.750,3.000,0.7200,0.450,0.000,75.0,301000,6,5.0,-4.700000,-0.1802000,0.0104100,-0.0294000
xfoil,r2a-sm5,mid,325.000,216.923,2.750,3.000,0.7200,0.450,0.000,75.0,301000,6,5.0,-4.200000,-0.1242000,0.0099500,-0.0293000
xfoil,r2a-sm5,mid,325.000,216.923,2.750,3.000,0.7200,0.450,0.000,75.0,301000,6,5.0,-3.700000,-0.0682000,0.0095500,-0.0291000
xfoil,r2a-sm5,mid,325.000,216.923,2.750,3.000,0.7200,0.450,0.000,75.0,301000,6,5.0,-3.200000,-0.0118000,0.0091800,-0.0290000
xfoil,r2a-sm5,mid,325.000,216.923,2.750,3.000,0.7200,0.450,0.000,75.0,301000,6,5.0,-2.700000,0.0446000,0.0088600,-0.0288000
xfoil,r2a-sm5,mid,325.000,216.923,2.750,3.000,0.7200,0.450,0.000,75.0,301000,6,5.0,-2.200000,0.1005000,0.0085800,-0.0284000
xfoil,r2a-sm5,mid,325.000,216.923,2.750,3.000,0.7200,0.450,0.000,75.0,301000,6,5.0,-1.700000,0.1561000,0.0084300,-0.0280000
xfoil,r2a-sm5,mid,325.000,216.923,2.750,3.000,0.7200,0.450,0.000,75.0,301000,6,5.0,-1.200000,0.2120000,0.0083900,-0.0276000
xfoil,r2a-sm5,mid,325.000,216.923,2.750,3.000,0.7200,0.450,0.000,75.0,301000,6,5.0,-0.700000,0.2676000,0.0082700,-0.0272000
xfoil,r2a-sm5,mid,325.000,216.923,2.750,3.000,0.7200,0.450,0.000,75.0,301000,6,5.0,-0.200000,0.3232000,0.0078900,-0.0262000
xfoil,r2a-sm5,mid,325.000,216.923,2.750,3.000,0.7200,0.450,0.000,75.0,301000,6,5.0,0.300000,0.3987000,0.0080300,-0.0303000
xfoil,r2a-sm5,mid,325.000,216.923,2.750,3.000,0.7200,0.450,0.000,75.0,301000,6,5.0,0.800000,0.4554000,0.0083000,-0.0304000
xfoil,r2a-sm5,mid,325.000,216.923,2.750,3.000,0.7200,0.450,0.000,75.0,301000,6,5.0,1.300000,0.5119000,0.0086300,-0.0306000
xfoil,r2a-sm5,mid,325.000,216.923,2.750,3.000,0.7200,0.450,0.000,75.0,301000,6,5.0,1.800000,0.5682000,0.0090100,-0.0307000
xfoil,r2a-sm5,mid,325.000,216.923,2.750,3.000,0.7200,0.450,0.000,75.0,301000,6,5.0,2.300000,0.6242000,0.0094500,-0.0309000
xfoil,r2a-sm5,mid,325.000,216.923,2.750,3.000,0.7200,0.450,0.000,75.0,301000,6,5.0,2.800000,0.6799000,0.0099400,-0.0310000
xfoil,r2a-sm5,mid,325.000,216.923,2.750,3.000,0.7200,0.450,0.000,75.0,301000,6,5.0,3.300000,0.7351000,0.0104600,-0.0311000
xfoil,r2a-sm5,mid,325.000,216.923,2.750,3.000,0.7200,0.450,0.000,75.0,301000,6,5.0,3.800000,0.7899000,0.0110200,-0.0312000
xfoil,r2a-sm5,mid,325.000,216.923,2.750,3.000,0.7200,0.450,0.000,75.0,301000,6,5.0,4.300000,0.8441000,0.0116300,-0.0312000
xfoil,r2a-sm5,mid,325.000,216.923,2.750,3.000,0.7200,0.450,0.000,75.0,301000,6,5.0,4.800000,0.8975000,0.0123000,-0.0312000
xfoil,r2a-sm5,mid,325.000,216.923,2.750,3.000,0.7200,0.450,0.000,75.0,301000,6,5.0,5.300000,0.9501000,0.0130400,-0.0310000
xfoil,r2a-sm5,mid,325.000,216.923,2.750,3.000,0.7200,0.450,0.000,75.0,301000,6,5.0,5.800000,1.0015000,0.0138900,-0.0308000
xfoil,r2a-sm5,mid,325.000,216.923,2.750,3.000,0.7200,0.450,0.000,75.0,301000,6,5.0,6.300000,1.0513000,0.0148800,-0.0304000
xfoil,r2a-sm5,mid,325.000,216.923,2.750,3.000,0.7200,0.450,0.000,75.0,301000,6,5.0,6.800000,1.0997000,0.0159500,-0.0300000
xfoil,r2a-sm5,mid,325.000,216.923,2.750,3.000,0.7200,0.450,0.000,75.0,301000,10,-5.0,-1.800000,-0.5563000,0.0124100,0.0762000
xfoil,r2a-sm5,mid,325.000,216.923,2.750,3.000,0.7200,0.450,0.000,75.0,301000,10,-5.0,-1.300000,-0.5180000,0.0106000,0.0797000
xfoil,r2a-sm5,mid,325.000,216.923,2.750,3.000,0.7200,0.450,0.000,75.0,301000,10,-5.0,-0.300000,-0.4285000,0.0108100,0.0888000
xfoil,r2a-sm5,mid,325.000,216.923,2.750,3.000,0.7200,0.450,0.000,75.0,301000,10,-5.0,0.200000,-0.3765000,0.0110200,0.0917000
xfoil,r2a-sm5,mid,325.000,216.923,2.750,3.000,0.7200,0.450,0.000,75.0,301000,10,-5.0,0.700000,-0.3165000,0.0112800,0.0928000
xfoil,r2a-sm5,mid,325.000,216.923,2.750,3.000,0.7200,0.450,0.000,75.0,301000,10,-5.0,1.200000,-0.2479000,0.0115200,0.0918000
xfoil,r2a-sm5,mid,325.000,216.923,2.750,3.000,0.7200,0.450,0.000,75.0,301000,10,-5.0,1.700000,-0.1634000,0.0118500,0.0870000
xfoil,r2a-sm5,mid,325.000,216.923,2.750,3.000,0.7200,0.450,0.000,75.0,301000,10,-5.0,2.200000,-0.0839000,0.0119800,0.0829000
xfoil,r2a-sm5,mid,325.000,216.923,2.750,3.000,0.7200,0.450,0.000,75.0,301000,10,-5.0,2.700000,-0.0089000,0.0120300,0.0794000
xfoil,r2a-sm5,mid,325.000,216.923,2.750,3.000,0.7200,0.450,0.000,75.0,301000,10,-5.0,3.200000,0.0705000,0.0120900,0.0750000
xfoil,r2a-sm5,mid,325.000,216.923,2.750,3.000,0.7200,0.450,0.000,75.0,301000,10,-5.0,3.700000,0.1594000,0.0121200,0.0683000
xfoil,r2a-sm5,mid,325.000,216.923,2.750,3.000,0.7200,0.450,0.000,75.0,301000,10,-5.0,4.200000,0.2134000,0.0120100,0.0684000
xfoil,r2a-sm5,mid,325.000,216.923,2.750,3.000,0.7200,0.450,0.000,75.0,301000,10,-5.0,4.700000,0.2576000,0.0119500,0.0703000
xfoil,r2a-sm5,mid,325.000,216.923,2.750,3.000,0.7200,0.450,0.000,75.0,301000,10,-5.0,5.200000,0.3108000,0.0119300,0.0703000
xfoil,r2a-sm5,mid,325.000,216.923,2.750,3.000,0.7200,0.450,0.000,75.0,301000,10,-5.0,5.700000,0.3628000,0.0119800,0.0705000
xfoil,r2a-sm5,mid,325.000,216.923,2.750,3.000,0.7200,0.450,0.000,75.0,301000,10,-5.0,6.200000,0.4148000,0.0120800,0.0707000
xfoil,r2a-sm5,mid,325.000,216.923,2.750,3.000,0.7200,0.450,0.000,75.0,301000,10,-5.0,6.700000,0.4678000,0.0122400,0.0705000
xfoil,r2a-sm5,mid,325.000,216.923,2.750,3.000,0.7200,0.450,0.000,75.0,301000,10,-5.0,7.200000,0.5222000,0.0125000,0.0700000
xfoil,r2a-sm5,mid,325.000,216.923,2.750,3.000,0.7200,0.450,0.000,75.0,301000,10,-5.0,7.700000,0.5767000,0.0128500,0.0693000
xfoil,r2a-sm5,mid,325.000,216.923,2.750,3.000,0.7200,0.450,0.000,75.0,301000,10,-5.0,8.200000,0.6319000,0.0133000,0.0684000
xfoil,r2a-sm5,mid,325.000,216.923,2.750,3.000,0.7200,0.450,0.000,75.0,301000,10,-5.0,8.700000,0.6877000,0.0138800,0.0671000
xfoil,r2a-sm5,mid,325.000,216.923,2.750,3.000,0.7200,0.450,0.000,75.0,301000,10,-5.0,9.200000,0.7431000,0.0145600,0.0657000
xfoil,r2a-sm5,mid,325.000,216.923,2.750,3.000,0.7200,0.450,0.000,75.0,301000,10,-5.0,9.700000,0.8008000,0.0154000,0.0636000
xfoil,r2a-sm5,mid,325.000,216.923,2.750,3.000,0.7200,0.450,0.000,75.0,301000,10,-5.0,10.200000,0.8602000,0.0163800,0.0609000
xfoil,r2a-sm5,mid,325.000,216.923,2.750,3.000,0.7200,0.450,0.000,75.0,301000,10,-5.0,10.700000,0.9182000,0.0175500,0.0581000
xfoil,r2a-sm5,mid,325.000,216.923,2.750,3.000,0.7200,0.450,0.000,75.0,301000,10,-5.0,11.200000,0.9791000,0.0188700,0.0543000
xfoil,r2a-sm5,mid,325.000,216.923,2.750,3.000,0.7200,0.450,0.000,75.0,301000,10,-5.0,11.700000,1.0358000,0.0231400,0.0469000
xfoil,r2a-sm5,mid,325.000,216.923,2.750,3.000,0.7200,0.450,0.000,75.0,301000,10,-5.0,12.200000,1.0282000,0.0258600,0.0509000
xfoil,r2a-sm5,mid,325.000,216.923,2.750,3.000,0.7200,0.450,0.000,75.0,301000,10,-5.0,12.700000,1.0406000,0.0301300,0.0489000
xfoil,r2a-sm5,mid,325.000,216.923,2.750,3.000,0.7200,0.450,0.000,75.0,301000,10,-5.0,13.200000,1.0389000,0.0351100,0.0483000
xfoil,r2a-sm5,mid,325.000,216.923,2.750,3.000,0.7200,0.450,0.000,75.0,301000,10,0.0,-5.000000,-0.5526000,0.0152400,0.0212000
xfoil,r2a-sm5,mid,325.000,216.923,2.750,3.000,0.7200,0.450,0.000,75.0,301000,10,0.0,-4.500000,-0.5039000,0.0130500,0.0226000
xfoil,r2a-sm5,mid,325.000,216.923,2.750,3.000,0.7200,0.450,0.000,75.0,301000,10,0.0,-4.000000,-0.4520000,0.0119600,0.0231000
xfoil,r2a-sm5,mid,325.000,216.923,2.750,3.000,0.7200,0.450,0.000,75.0,301000,10,0.0,-3.500000,-0.3992000,0.0113000,0.0236000
xfoil,r2a-sm5,mid,325.000,216.923,2.750,3.000,0.7200,0.450,0.000,75.0,301000,10,0.0,-3.000000,-0.3467000,0.0107000,0.0244000
xfoil,r2a-sm5,mid,325.000,216.923,2.750,3.000,0.7200,0.450,0.000,75.0,301000,10,0.0,-2.500000,-0.2944000,0.0100200,0.0252000
xfoil,r2a-sm5,mid,325.000,216.923,2.750,3.000,0.7200,0.450,0.000,75.0,301000,10,0.0,-2.000000,-0.2496000,0.0089800,0.0284000
xfoil,r2a-sm5,mid,325.000,216.923,2.750,3.000,0.7200,0.450,0.000,75.0,301000,10,0.0,-1.500000,-0.2003000,0.0088700,0.0313000
xfoil,r2a-sm5,mid,325.000,216.923,2.750,3.000,0.7200,0.450,0.000,75.0,301000,10,0.0,-1.000000,-0.1413000,0.0089300,0.0323000
xfoil,r2a-sm5,mid,325.000,216.923,2.750,3.000,0.7200,0.450,0.000,75.0,301000,10,0.0,-0.500000,-0.0634000,0.0091200,0.0289000
xfoil,r2a-sm5,mid,325.000,216.923,2.750,3.000,0.7200,0.450,0.000,75.0,301000,10,0.0,-0.000000,0.0260000,0.0092200,0.0227000
xfoil,r2a-sm5,mid,325.000,216.923,2.750,3.000,0.7200,0.450,0.000,75.0,301000,10,0.0,0.500000,0.1156000,0.0091800,0.0161000
xfoil,r2a-sm5,mid,325.000,216.923,2.750,3.000,0.7200,0.450,0.000,75.0,301000,10,0.0,1.000000,0.1743000,0.0089900,0.0153000
xfoil,r2a-sm5,mid,325.000,216.923,2.750,3.000,0.7200,0.450,0.000,75.0,301000,10,0.0,1.500000,0.2281000,0.0088700,0.0155000
xfoil,r2a-sm5,mid,325.000,216.923,2.750,3.000,0.7200,0.450,0.000,75.0,301000,10,0.0,2.000000,0.2809000,0.0088100,0.0159000
xfoil,r2a-sm5,mid,325.000,216.923,2.750,3.000,0.7200,0.450,0.000,75.0,301000,10,0.0,2.500000,0.3339000,0.0088300,0.0163000
xfoil,r2a-sm5,mid,325.000,216.923,2.750,3.000,0.7200,0.450,0.000,75.0,301000,10,0.0,3.000000,0.3868000,0.0089400,0.0167000
xfoil,r2a-sm5,mid,325.000,216.923,2.750,3.000,0.7200,0.450,0.000,75.0,301000,10,0.0,3.500000,0.4399000,0.0091400,0.0170000
xfoil,r2a-sm5,mid,325.000,216.923,2.750,3.000,0.7200,0.450,0.000,75.0,301000,10,0.0,4.000000,0.4932000,0.0094300,0.0173000
xfoil,r2a-sm5,mid,325.000,216.923,2.750,3.000,0.7200,0.450,0.000,75.0,301000,10,0.0,4.500000,0.5467000,0.0097900,0.0176000
xfoil,r2a-sm5,mid,325.000,216.923,2.750,3.000,0.7200,0.450,0.000,75.0,301000,10,0.0,5.000000,0.6003000,0.0102200,0.0177000
xfoil,r2a-sm5,mid,325.000,216.923,2.750,3.000,0.7200,0.450,0.000,75.0,301000,10,0.0,5.500000,0.6540000,0.0107000,0.0178000
xfoil,r2a-sm5,mid,325.000,216.923,2.750,3.000,0.7200,0.450,0.000,75.0,301000,10,0.0,6.000000,0.7076000,0.0112500,0.0178000
xfoil,r2a-sm5,mid,325.000,216.923,2.750,3.000,0.7200,0.450,0.000,75.0,301000,10,0.0,6.500000,0.7612000,0.0118700,0.0177000
xfoil,r2a-sm5,mid,325.000,216.923,2.750,3.000,0.7200,0.450,0.000,75.0,301000,10,0.0,7.000000,0.8144000,0.0125900,0.0176000
xfoil,r2a-sm5,mid,325.000,216.923,2.750,3.000,0.7200,0.450,0.000,75.0,301000,10,0.0,7.500000,0.8668000,0.0134400,0.0174000
xfoil,r2a-sm5,mid,325.000,216.923,2.750,3.000,0.7200,0.450,0.000,75.0,301000,10,0.0,8.000000,0.9186000,0.0143500,0.0172000
xfoil,r2a-sm5,mid,325.000,216.923,2.750,3.000,0.7200,0.450,0.000,75.0,301000,10,0.0,8.500000,0.9693000,0.0153900,0.0170000
xfoil,r2a-sm5,mid,325.000,216.923,2.750,3.000,0.7200,0.450,0.000,75.0,301000,10,0.0,9.000000,1.0187000,0.0165200,0.0169000
xfoil,r2a-sm5,mid,325.000,216.923,2.750,3.000,0.7200,0.450,0.000,75.0,301000,10,0.0,9.500000,1.0668000,0.0177300,0.0168000
xfoil,r2a-sm5,mid,325.000,216.923,2.750,3.000,0.7200,0.450,0.000,75.0,301000,10,0.0,10.000000,1.1125000,0.0191800,0.0167000
xfoil,r2a-sm5,mid,325.000,216.923,2.750,3.000,0.7200,0.450,0.000,75.0,301000,10,5.0,-8.200000,-0.4921000,0.0196000,-0.0490000
xfoil,r2a-sm5,mid,325.000,216.923,2.750,3.000,0.7200,0.450,0.000,75.0,301000,10,5.0,-7.700000,-0.4483000,0.0173700,-0.0466000
xfoil,r2a-sm5,mid,325.000,216.923,2.750,3.000,0.7200,0.450,0.000,75.0,301000,10,5.0,-7.200000,-0.4048000,0.0160600,-0.0438000
xfoil,r2a-sm5,mid,325.000,216.923,2.750,3.000,0.7200,0.450,0.000,75.0,301000,10,5.0,-6.700000,-0.3592000,0.0144600,-0.0418000
xfoil,r2a-sm5,mid,325.000,216.923,2.750,3.000,0.7200,0.450,0.000,75.0,301000,10,5.0,-6.200000,-0.3143000,0.0125800,-0.0395000
xfoil,r2a-sm5,mid,325.000,216.923,2.750,3.000,0.7200,0.450,0.000,75.0,301000,10,5.0,-5.700000,-0.2655000,0.0116700,-0.0382000
xfoil,r2a-sm5,mid,325.000,216.923,2.750,3.000,0.7200,0.450,0.000,75.0,301000,10,5.0,-5.200000,-0.2147000,0.0111700,-0.0369000
xfoil,r2a-sm5,mid,325.000,216.923,2.750,3.000,0.7200,0.450,0.000,75.0,301000,10,5.0,-4.700000,-0.1639000,0.0107300,-0.0355000
xfoil,r2a-sm5,mid,325.000,216.923,2.750,3.000,0.7200,0.450,0.000,75.0,301000,10,5.0,-4.200000,-0.1107000,0.0103000,-0.0346000
xfoil,r2a-sm5,mid,325.000,216.923,2.750,3.000,0.7200,0.450,0.000,75.0,301000,10,5.0,-3.700000,-0.0587000,0.0098900,-0.0332000
xfoil,r2a-sm5,mid,325.000,216.923,2.750,3.000,0.7200,0.450,0.000,75.0,301000,10,5.0,-3.200000,-0.0051000,0.0095200,-0.0322000
xfoil,r2a-sm5,mid,325.000,216.923,2.750,3.000,0.7200,0.450,0.000,75.0,301000,10,5.0,-2.200000,0.1019000,0.0089600,-0.0298000
xfoil,r2a-sm5,mid,325.000,216.923,2.750,3.000,0.7200,0.450,0.000,75.0,301000,10,5.0,-1.700000,0.1544000,0.0084400,-0.0283000
xfoil,r2a-sm5,mid,325.000,216.923,2.750,3.000,0.7200,0.450,0.000,75.0,301000,10,5.0,-1.200000,0.2258000,0.0078000,-0.0302000
xfoil,r2a-sm5,mid,325.000,216.923,2.750,3.000,0.7200,0.450,0.000,75.0,301000,10,5.0,-0.700000,0.2900000,0.0077500,-0.0318000
xfoil,r2a-sm5,mid,325.000,216.923,2.750,3.000,0.7200,0.450,0.000,75.0,301000,10,5.0,-0.200000,0.3458000,0.0078300,-0.0315000
xfoil,r2a-sm5,mid,325.000,216.923,2.750,3.000,0.7200,0.450,0.000,75.0,301000,10,5.0,0.300000,0.4018000,0.0080200,-0.0312000
xfoil,r2a-sm5,mid,325.000,216.923,2.750,3.000,0.7200,0.450,0.000,75.0,301000,10,5.0,0.800000,0.4581000,0.0082300,-0.0311000
xfoil,r2a-sm5,mid,325.000,216.923,2.750,3.000,0.7200,0.450,0.000,75.0,301000,10,5.0,1.300000,0.5145000,0.0084700,-0.0311000
xfoil,r2a-sm5,mid,325.000,216.923,2.750,3.000,0.7200,0.450,0.000,75.0,301000,10,5.0,1.800000,0.5709000,0.0087600,-0.0310000
xfoil,r2a-sm5,mid,325.000,216.923,2.750,3.000,0.7200,0.450,0.000,75.0,301000,10,5.0,2.300000,0.6269000,0.0091400,-0.0311000
xfoil,r2a-sm5,mid,325.000,216.923,2.750,3.000,0.7200,0.450,0.000,75.0,301000,10,5.0,3.300000,0.7379000,0.0101200,-0.0311000
xfoil,r2a-sm5,mid,325.000,216.923,2.750,3.000,0.7200,0.450,0.000,75.0,301000,10,5.0,3.800000,0.7927000,0.0107000,-0.0312000
xfoil,r2a-sm5,mid,325.000,216.923,2.750,3.000,0.7200,0.450,0.000,75.0,301000,10,5.0,4.300000,0.8468000,0.0113400,-0.0311000
xfoil,r2a-sm5,mid,325.000,216.923,2.750,3.000,0.7200,0.450,0.000,75.0,301000,10,5.0,4.800000,0.9004000,0.0120200,-0.0310000
xfoil,r2a-sm5,mid,325.000,216.923,2.750,3.000,0.7200,0.450,0.000,75.0,301000,10,5.0,5.300000,0.9528000,0.0128100,-0.0309000
xfoil,r2a-sm5,mid,325.000,216.923,2.750,3.000,0.7200,0.450,0.000,75.0,301000,10,5.0,5.800000,1.0043000,0.0136500,-0.0306000
xfoil,r2a-sm5,mid,325.000,216.923,2.750,3.000,0.7200,0.450,0.000,75.0,301000,10,5.0,6.300000,1.0542000,0.0146200,-0.0302000
xfoil,r2a-sm5,mid,325.000,216.923,2.750,3.000,0.7200,0.450,0.000,75.0,301000,10,5.0,6.800000,1.1027000,0.0156700,-0.0297000
xfoil,r2a-sm5,mid,325.000,216.923,2.750,3.000,0.7200,0.450,0.000,95.0,382000,6,-5.0,-1.800000,-0.5613000,0.0115100,0.0799000
xfoil,r2a-sm5,mid,325.000,216.923,2.750,3.000,0.7200,0.450,0.000,95.0,382000,6,-5.0,-1.300000,-0.5099000,0.0106600,0.0808000
xfoil,r2a-sm5,mid,325.000,216.923,2.750,3.000,0.7200,0.450,0.000,95.0,382000,6,-5.0,-0.800000,-0.4586000,0.0098700,0.0818000
xfoil,r2a-sm5,mid,325.000,216.923,2.750,3.000,0.7200,0.450,0.000,95.0,382000,6,-5.0,-0.300000,-0.4108000,0.0087800,0.0833000
xfoil,r2a-sm5,mid,325.000,216.923,2.750,3.000,0.7200,0.450,0.000,95.0,382000,6,-5.0,0.200000,-0.3670000,0.0080200,0.0866000
xfoil,r2a-sm5,mid,325.000,216.923,2.750,3.000,0.7200,0.450,0.000,95.0,382000,6,-5.0,0.700000,-0.3111000,0.0080500,0.0873000
xfoil,r2a-sm5,mid,325.000,216.923,2.750,3.000,0.7200,0.450,0.000,95.0,382000,6,-5.0,1.200000,-0.2547000,0.0080900,0.0878000
xfoil,r2a-sm5,mid,325.000,216.923,2.750,3.000,0.7200,0.450,0.000,95.0,382000,6,-5.0,1.700000,-0.1978000,0.0081400,0.0880000
xfoil,r2a-sm5,mid,325.000,216.923,2.750,3.000,0.7200,0.450,0.000,95.0,382000,6,-5.0,2.200000,-0.1406000,0.0082000,0.0882000
xfoil,r2a-sm5,mid,325.000,216.923,2.750,3.000,0.7200,0.450,0.000,95.0,382000,6,-5.0,2.700000,-0.0832000,0.0082800,0.0882000
xfoil,r2a-sm5,mid,325.000,216.923,2.750,3.000,0.7200,0.450,0.000,95.0,382000,6,-5.0,3.200000,-0.0259000,0.0083900,0.0882000
xfoil,r2a-sm5,mid,325.000,216.923,2.750,3.000,0.7200,0.450,0.000,95.0,382000,6,-5.0,3.700000,0.0306000,0.0085400,0.0883000
xfoil,r2a-sm5,mid,325.000,216.923,2.750,3.000,0.7200,0.450,0.000,95.0,382000,6,-5.0,4.200000,0.0881000,0.0087000,0.0881000
xfoil,r2a-sm5,mid,325.000,216.923,2.750,3.000,0.7200,0.450,0.000,95.0,382000,6,-5.0,4.700000,0.1480000,0.0088700,0.0870000
xfoil,r2a-sm5,mid,325.000,216.923,2.750,3.000,0.7200,0.450,0.000,95.0,382000,6,-5.0,5.200000,0.2078000,0.0090700,0.0859000
xfoil,r2a-sm5,mid,325.000,216.923,2.750,3.000,0.7200,0.450,0.000,95.0,382000,6,-5.0,5.700000,0.2675000,0.0093200,0.0848000
xfoil,r2a-sm5,mid,325.000,216.923,2.750,3.000,0.7200,0.450,0.000,95.0,382000,6,-5.0,6.200000,0.3271000,0.0096000,0.0836000
xfoil,r2a-sm5,mid,325.000,216.923,2.750,3.000,0.7200,0.450,0.000,95.0,382000,6,-5.0,7.200000,0.4457000,0.0103100,0.0812000
xfoil,r2a-sm5,mid,325.000,216.923,2.750,3.000,0.7200,0.450,0.000,95.0,382000,6,-5.0,7.700000,0.5046000,0.0107700,0.0799000
xfoil,r2a-sm5,mid,325.000,216.923,2.750,3.000,0.7200,0.450,0.000,95.0,382000,6,-5.0,8.200000,0.5630000,0.0112800,0.0786000
xfoil,r2a-sm5,mid,325.000,216.923,2.750,3.000,0.7200,0.450,0.000,95.0,382000,6,-5.0,8.700000,0.6211000,0.0119000,0.0772000
xfoil,r2a-sm5,mid,325.000,216.923,2.750,3.000,0.7200,0.450,0.000,95.0,382000,6,-5.0,9.200000,0.6784000,0.0126400,0.0757000
xfoil,r2a-sm5,mid,325.000,216.923,2.750,3.000,0.7200,0.450,0.000,95.0,382000,6,-5.0,9.700000,0.7351000,0.0134900,0.0742000
xfoil,r2a-sm5,mid,325.000,216.923,2.750,3.000,0.7200,0.450,0.000,95.0,382000,6,-5.0,10.200000,0.7909000,0.0144300,0.0727000
xfoil,r2a-sm5,mid,325.000,216.923,2.750,3.000,0.7200,0.450,0.000,95.0,382000,6,-5.0,11.200000,0.8996000,0.0169000,0.0690000
xfoil,r2a-sm5,mid,325.000,216.923,2.750,3.000,0.7200,0.450,0.000,95.0,382000,6,-5.0,11.700000,0.9522000,0.0190800,0.0658000
xfoil,r2a-sm5,mid,325.000,216.923,2.750,3.000,0.7200,0.450,0.000,95.0,382000,6,-5.0,12.200000,1.0079000,0.0217900,0.0607000
xfoil,r2a-sm5,mid,325.000,216.923,2.750,3.000,0.7200,0.450,0.000,95.0,382000,6,-5.0,12.700000,1.0661000,0.0253800,0.0523000
xfoil,r2a-sm5,mid,325.000,216.923,2.750,3.000,0.7200,0.450,0.000,95.0,382000,6,-5.0,13.200000,1.0873000,0.0298800,0.0479000
xfoil,r2a-sm5,mid,325.000,216.923,2.750,3.000,0.7200,0.450,0.000,95.0,382000,6,0.0,-5.000000,-0.5694000,0.0137800,0.0266000
xfoil,r2a-sm5,mid,325.000,216.923,2.750,3.000,0.7200,0.450,0.000,95.0,382000,6,0.0,-4.500000,-0.5155000,0.0128100,0.0271000
xfoil,r2a-sm5,mid,325.000,216.923,2.750,3.000,0.7200,0.450,0.000,95.0,382000,6,0.0,-4.000000,-0.4619000,0.0118000,0.0274000
xfoil,r2a-sm5,mid,325.000,216.923,2.750,3.000,0.7200,0.450,0.000,95.0,382000,6,0.0,-3.500000,-0.4077000,0.0109500,0.0276000
xfoil,r2a-sm5,mid,325.000,216.923,2.750,3.000,0.7200,0.450,0.000,95.0,382000,6,0.0,-3.000000,-0.3528000,0.0102500,0.0277000
xfoil,r2a-sm5,mid,325.000,216.923,2.750,3.000,0.7200,0.450,0.000,95.0,382000,6,0.0,-2.500000,-0.2972000,0.0096800,0.0278000
xfoil,r2a-sm5,mid,325.000,216.923,2.750,3.000,0.7200,0.450,0.000,95.0,382000,6,0.0,-2.000000,-0.2417000,0.0091500,0.0280000
xfoil,r2a-sm5,mid,325.000,216.923,2.750,3.000,0.7200,0.450,0.000,95.0,382000,6,0.0,-1.500000,-0.1865000,0.0086300,0.0283000
xfoil,r2a-sm5,mid,325.000,216.923,2.750,3.000,0.7200,0.450,0.000,95.0,382000,6,0.0,-1.000000,-0.1329000,0.0079600,0.0289000
xfoil,r2a-sm5,mid,325.000,216.923,2.750,3.000,0.7200,0.450,0.000,95.0,382000,6,0.0,-0.500000,-0.0835000,0.0073600,0.0311000
xfoil,r2a-sm5,mid,325.000,216.923,2.750,3.000,0.7200,0.450,0.000,95.0,382000,6,0.0,-0.000000,-0.0286000,0.0072700,0.0320000
xfoil,r2a-sm5,mid,325.000,216.923,2.750,3.000,0.7200,0.450,0.000,95.0,382000,6,0.0,0.500000,0.0286000,0.0072600,0.0324000
xfoil,r2a-sm5,mid,325.000,216.923,2.750,3.000,0.7200,0.450,0.000,95.0,382000,6,0.0,1.000000,0.0914000,0.0073400,0.0314000
xfoil,r2a-sm5,mid,325.000,216.923,2.750,3.000,0.7200,0.450,0.000,95.0,382000,6,0.0,1.500000,0.1606000,0.0075100,0.0289000
xfoil,r2a-sm5,mid,325.000,216.923,2.750,3.000,0.7200,0.450,0.000,95.0,382000,6,0.0,2.000000,0.2317000,0.0077400,0.0258000
xfoil,r2a-sm5,mid,325.000,216.923,2.750,3.000,0.7200,0.450,0.000,95.0,382000,6,0.0,2.500000,0.3043000,0.0080000,0.0223000
xfoil,r2a-sm5,mid,325.000,216.923,2.750,3.000,0.7200,0.450,0.000,95.0,382000,6,0.0,3.000000,0.3791000,0.0082900,0.0181000
xfoil,r2a-sm5,mid,325.000,216.923,2.750,3.000,0.7200,0.450,0.000,95.0,382000,6,0.0,3.500000,0.4376000,0.0085500,0.0172000
xfoil,r2a-sm5,mid,325.000,216.923,2.750,3.000,0.7200,0.450,0.000,95.0,382000,6,0.0,4.000000,0.4910000,0.0088400,0.0173000
xfoil,r2a-sm5,mid,325.000,216.923,2.750,3.000,0.7200,0.450,0.000,95.0,382000,6,0.0,4.500000,0.5446000,0.0092000,0.0175000
xfoil,r2a-sm5,mid,325.000,216.923,2.750,3.000,0.7200,0.450,0.000,95.0,382000,6,0.0,5.000000,0.5984000,0.0096000,0.0175000
xfoil,r2a-sm5,mid,325.000,216.923,2.750,3.000,0.7200,0.450,0.000,95.0,382000,6,0.0,5.500000,0.6521000,0.0100500,0.0176000
xfoil,r2a-sm5,mid,325.000,216.923,2.750,3.000,0.7200,0.450,0.000,95.0,382000,6,0.0,6.000000,0.7059000,0.0105700,0.0176000
xfoil,r2a-sm5,mid,325.000,216.923,2.750,3.000,0.7200,0.450,0.000,95.0,382000,6,0.0,6.500000,0.7595000,0.0111700,0.0175000
xfoil,r2a-sm5,mid,325.000,216.923,2.750,3.000,0.7200,0.450,0.000,95.0,382000,6,0.0,7.000000,0.8129000,0.0118700,0.0173000
xfoil,r2a-sm5,mid,325.000,216.923,2.750,3.000,0.7200,0.450,0.000,95.0,382000,6,0.0,7.500000,0.8657000,0.0126700,0.0170000
xfoil,r2a-sm5,mid,325.000,216.923,2.750,3.000,0.7200,0.450,0.000,95.0,382000,6,0.0,8.000000,0.9178000,0.0135700,0.0168000
xfoil,r2a-sm5,mid,325.000,216.923,2.750,3.000,0.7200,0.450,0.000,95.0,382000,6,0.0,8.500000,0.9690000,0.0145700,0.0166000
xfoil,r2a-sm5,mid,325.000,216.923,2.750,3.000,0.7200,0.450,0.000,95.0,382000,6,0.0,9.000000,1.0188000,0.0156800,0.0164000
xfoil,r2a-sm5,mid,325.000,216.923,2.750,3.000,0.7200,0.450,0.000,95.0,382000,6,0.0,9.500000,1.0670000,0.0169600,0.0163000
xfoil,r2a-sm5,mid,325.000,216.923,2.750,3.000,0.7200,0.450,0.000,95.0,382000,6,0.0,10.000000,1.1105000,0.0188000,0.0163000
xfoil,r2a-sm5,mid,325.000,216.923,2.750,3.000,0.7200,0.450,0.000,95.0,382000,6,5.0,-8.200000,-0.5666000,0.0162900,-0.0289000
xfoil,r2a-sm5,mid,325.000,216.923,2.750,3.000,0.7200,0.450,0.000,95.0,382000,6,5.0,-7.700000,-0.5142000,0.0150400,-0.0284000
xfoil,r2a-sm5,mid,325.000,216.923,2.750,3.000,0.7200,0.450,0.000,95.0,382000,6,5.0,-7.200000,-0.4609000,0.0139700,-0.0281000
xfoil,r2a-sm5,mid,325.000,216.923,2.750,3.000,0.7200,0.450,0.000,95.0,382000,6,5.0,-6.700000,-0.4066000,0.0130100,-0.0278000
xfoil,r2a-sm5,mid,325.000,216.923,2.750,3.000,0.7200,0.450,0.000,95.0,382000,6,5.0,-6.200000,-0.3518000,0.0120600,-0.0275000
xfoil,r2a-sm5,mid,325.000,216.923,2.750,3.000,0.7200,0.450,0.000,95.0,382000,6,5.0,-5.700000,-0.2970000,0.0110900,-0.0275000
xfoil,r2a-sm5,mid,325.000,216.923,2.750,3.000,0.7200,0.450,0.000,95.0,382000,6,5.0,-5.200000,-0.2416000,0.0103000,-0.0275000
xfoil,r2a-sm5,mid,325.000,216.923,2.750,3.000,0.7200,0.450,0.000,95.0,382000,6,5.0,-4.700000,-0.1857000,0.0096800,-0.0276000
xfoil,r2a-sm5,mid,325.000,216.923,2.750,3.000,0.7200,0.450,0.000,95.0,382000,6,5.0,-4.200000,-0.1293000,0.0092300,-0.0276000
xfoil,r2a-sm5,mid,325.000,216.923,2.750,3.000,0.7200,0.450,0.000,95.0,382000,6,5.0,-3.700000,-0.0723000,0.0088300,-0.0277000
xfoil,r2a-sm5,mid,325.000,216.923,2.750,3.000,0.7200,0.450,0.000,95.0,382000,6,5.0,-3.200000,-0.0152000,0.0084800,-0.0277000
xfoil,r2a-sm5,mid,325.000,216.923,2.750,3.000,0.7200,0.450,0.000,95.0,382000,6,5.0,-2.700000,0.0416000,0.0081900,-0.0276000
xfoil,r2a-sm5,mid,325.000,216.923,2.750,3.000,0.7200,0.450,0.000,95.0,382000,6,5.0,-2.200000,0.0981000,0.0079800,-0.0275000
xfoil,r2a-sm5,mid,325.000,216.923,2.750,3.000,0.7200,0.450,0.000,95.0,382000,6,5.0,-1.700000,0.1546000,0.0078600,-0.0274000
xfoil,r2a-sm5,mid,325.000,216.923,2.750,3.000,0.7200,0.450,0.000,95.0,382000,6,5.0,-1.200000,0.2112000,0.0078200,-0.0272000
xfoil,r2a-sm5,mid,325.000,216.923,2.750,3.000,0.7200,0.450,0.000,95.0,382000,6,5.0,-0.700000,0.2683000,0.0078100,-0.0272000
xfoil,r2a-sm5,mid,325.000,216.923,2.750,3.000,0.7200,0.450,0.000,95.0,382000,6,5.0,-0.200000,0.3241000,0.0077100,-0.0269000
xfoil,r2a-sm5,mid,325.000,216.923,2.750,3.000,0.7200,0.450,0.000,95.0,382000,6,5.0,0.300000,0.3965000,0.0073800,-0.0298000
xfoil,r2a-sm5,mid,325.000,216.923,2.750,3.000,0.7200,0.450,0.000,95.0,382000,6,5.0,0.800000,0.4535000,0.0076700,-0.0301000
xfoil,r2a-sm5,mid,325.000,216.923,2.750,3.000,0.7200,0.450,0.000,95.0,382000,6,5.0,1.300000,0.5103000,0.0080100,-0.0303000
xfoil,r2a-sm5,mid,325.000,216.923,2.750,3.000,0.7200,0.450,0.000,95.0,382000,6,5.0,1.800000,0.5669000,0.0083900,-0.0305000
xfoil,r2a-sm5,mid,325.000,216.923,2.750,3.000,0.7200,0.450,0.000,95.0,382000,6,5.0,2.300000,0.6232000,0.0088200,-0.0308000
xfoil,r2a-sm5,mid,325.000,216.923,2.750,3.000,0.7200,0.450,0.000,95.0,382000,6,5.0,2.800000,0.6792000,0.0092800,-0.0310000
xfoil,r2a-sm5,mid,325.000,216.923,2.750,3.000,0.7200,0.450,0.000,95.0,382000,6,5.0,3.300000,0.7348000,0.0097700,-0.0311000
xfoil,r2a-sm5,mid,325.000,216.923,2.750,3.000,0.7200,0.450,0.000,95.0,382000,6,5.0,3.800000,0.7900000,0.0103000,-0.0312000
xfoil,r2a-sm5,mid,325.000,216.923,2.750,3.000,0.7200,0.450,0.000,95.0,382000,6,5.0,4.300000,0.8446000,0.0108800,-0.0313000
xfoil,r2a-sm5,mid,325.000,216.923,2.750,3.000,0.7200,0.450,0.000,95.0,382000,6,5.0,4.800000,0.8985000,0.0115100,-0.0313000
xfoil,r2a-sm5,mid,325.000,216.923,2.750,3.000,0.7200,0.450,0.000,95.0,382000,6,5.0,5.300000,0.9516000,0.0122200,-0.0313000
xfoil,r2a-sm5,mid,325.000,216.923,2.750,3.000,0.7200,0.450,0.000,95.0,382000,6,5.0,5.800000,1.0033000,0.0130700,-0.0311000
xfoil,r2a-sm5,mid,325.000,216.923,2.750,3.000,0.7200,0.450,0.000,95.0,382000,6,5.0,6.300000,1.0538000,0.0140200,-0.0308000
xfoil,r2a-sm5,mid,325.000,216.923,2.750,3.000,0.7200,0.450,0.000,95.0,382000,6,5.0,6.800000,1.1031000,0.0150300,-0.0304000
xfoil,r2a-sm5,mid,325.000,216.923,2.750,3.000,0.7200,0.450,0.000,95.0,382000,10,-5.0,-1.800000,-0.5622000,0.0116100,0.0785000
xfoil,r2a-sm5,mid,325.000,216.923,2.750,3.000,0.7200,0.450,0.000,95.0,382000,10,-5.0,-1.300000,-0.5159000,0.0103500,0.0804000
xfoil,r2a-sm5,mid,325.000,216.923,2.750,3.000,0.7200,0.450,0.000,95.0,382000,10,-5.0,-0.800000,-0.4809000,0.0089400,0.0856000
xfoil,r2a-sm5,mid,325.000,216.923,2.750,3.000,0.7200,0.450,0.000,95.0,382000,10,-5.0,-0.300000,-0.4303000,0.0090200,0.0883000
xfoil,r2a-sm5,mid,325.000,216.923,2.750,3.000,0.7200,0.450,0.000,95.0,382000,10,-5.0,0.200000,-0.3788000,0.0090700,0.0907000
xfoil,r2a-sm5,mid,325.000,216.923,2.750,3.000,0.7200,0.450,0.000,95.0,382000,10,-5.0,0.700000,-0.3268000,0.0091200,0.0928000
xfoil,r2a-sm5,mid,325.000,216.923,2.750,3.000,0.7200,0.450,0.000,95.0,382000,10,-5.0,1.200000,-0.2734000,0.0091700,0.0945000
xfoil,r2a-sm5,mid,325.000,216.923,2.750,3.000,0.7200,0.450,0.000,95.0,382000,10,-5.0,1.700000,-0.2184000,0.0092000,0.0956000
xfoil,r2a-sm5,mid,325.000,216.923,2.750,3.000,0.7200,0.450,0.000,95.0,382000,10,-5.0,2.200000,-0.1628000,0.0092000,0.0964000
xfoil,r2a-sm5,mid,325.000,216.923,2.750,3.000,0.7200,0.450,0.000,95.0,382000,10,-5.0,2.700000,-0.1033000,0.0092800,0.0963000
xfoil,r2a-sm5,mid,325.000,216.923,2.750,3.000,0.7200,0.450,0.000,95.0,382000,10,-5.0,3.700000,0.0271000,0.0096900,0.0936000
xfoil,r2a-sm5,mid,325.000,216.923,2.750,3.000,0.7200,0.450,0.000,95.0,382000,10,-5.0,4.200000,0.0997000,0.0099900,0.0904000
xfoil,r2a-sm5,mid,325.000,216.923,2.750,3.000,0.7200,0.450,0.000,95.0,382000,10,-5.0,4.700000,0.1477000,0.0098500,0.0916000
xfoil,r2a-sm5,mid,325.000,216.923,2.750,3.000,0.7200,0.450,0.000,95.0,382000,10,-5.0,5.200000,0.2026000,0.0098400,0.0913000
xfoil,r2a-sm5,mid,325.000,216.923,2.750,3.000,0.7200,0.450,0.000,95.0,382000,10,-5.0,5.700000,0.2587000,0.0099000,0.0907000
xfoil,r2a-sm5,mid,325.000,216.923,2.750,3.000,0.7200,0.450,0.000,95.0,382000,10,-5.0,6.200000,0.3165000,0.0100500,0.0897000
xfoil,r2a-sm5,mid,325.000,216.923,2.750,3.000,0.7200,0.450,0.000,95.0,382000,10,-5.0,6.700000,0.3753000,0.0102500,0.0884000
xfoil,r2a-sm5,mid,325.000,216.923,2.750,3.000,0.7200,0.450,0.000,95.0,382000,10,-5.0,7.200000,0.4350000,0.0105400,0.0869000
xfoil,r2a-sm5,mid,325.000,216.923,2.750,3.000,0.7200,0.450,0.000,95.0,382000,10,-5.0,7.700000,0.4950000,0.0109200,0.0852000
xfoil,r2a-sm5,mid,325.000,216.923,2.750,3.000,0.7200,0.450,0.000,95.0,382000,10,-5.0,8.200000,0.5553000,0.0113900,0.0834000
xfoil,r2a-sm5,mid,325.000,216.923,2.750,3.000,0.7200,0.450,0.000,95.0,382000,10,-5.0,8.700000,0.6151000,0.0119500,0.0815000
xfoil,r2a-sm5,mid,325.000,216.923,2.750,3.000,0.7200,0.450,0.000,95.0,382000,10,-5.0,9.200000,0.6753000,0.0126200,0.0793000
xfoil,r2a-sm5,mid,325.000,216.923,2.750,3.000,0.7200,0.450,0.000,95.0,382000,10,-5.0,9.700000,0.7384000,0.0134500,0.0763000
xfoil,r2a-sm5,mid,325.000,216.923,2.750,3.000,0.7200,0.450,0.000,95.0,382000,10,-5.0,10.200000,0.8004000,0.0144000,0.0732000
xfoil,r2a-sm5,mid,325.000,216.923,2.750,3.000,0.7200,0.450,0.000,95.0,382000,10,-5.0,10.700000,0.8631000,0.0155000,0.0698000
xfoil,r2a-sm5,mid,325.000,216.923,2.750,3.000,0.7200,0.450,0.000,95.0,382000,10,-5.0,11.200000,0.9266000,0.0167500,0.0658000
xfoil,r2a-sm5,mid,325.000,216.923,2.750,3.000,0.7200,0.450,0.000,95.0,382000,10,-5.0,11.700000,0.9878000,0.0199400,0.0594000
xfoil,r2a-sm5,mid,325.000,216.923,2.750,3.000,0.7200,0.450,0.000,95.0,382000,10,-5.0,12.200000,1.0500000,0.0238500,0.0507000
xfoil,r2a-sm5,mid,325.000,216.923,2.750,3.000,0.7200,0.450,0.000,95.0,382000,10,-5.0,12.700000,1.0584000,0.0276600,0.0493000
xfoil,r2a-sm5,mid,325.000,216.923,2.750,3.000,0.7200,0.450,0.000,95.0,382000,10,-5.0,13.200000,1.0631000,0.0323200,0.0480000
xfoil,r2a-sm5,mid,325.000,216.923,2.750,3.000,0.7200,0.450,0.000,95.0,382000,10,0.0,-5.000000,-0.5630000,0.0142900,0.0241000
xfoil,r2a-sm5,mid,325.000,216.923,2.750,3.000,0.7200,0.450,0.000,95.0,382000,10,0.0,-4.500000,-0.5114000,0.0127100,0.0251000
xfoil,r2a-sm5,mid,325.000,216.923,2.750,3.000,0.7200,0.450,0.000,95.0,382000,10,0.0,-4.000000,-0.4603000,0.0113200,0.0257000
xfoil,r2a-sm5,mid,325.000,216.923,2.750,3.000,0.7200,0.450,0.000,95.0,382000,10,0.0,-3.500000,-0.4064000,0.0106800,0.0261000
xfoil,r2a-sm5,mid,325.000,216.923,2.750,3.000,0.7200,0.450,0.000,95.0,382000,10,0.0,-3.000000,-0.3528000,0.0100700,0.0265000
xfoil,r2a-sm5,mid,325.000,216.923,2.750,3.000,0.7200,0.450,0.000,95.0,382000,10,0.0,-2.500000,-0.2989000,0.0094500,0.0270000
xfoil,r2a-sm5,mid,325.000,216.923,2.750,3.000,0.7200,0.450,0.000,95.0,382000,10,0.0,-2.000000,-0.2473000,0.0086200,0.0280000
xfoil,r2a-sm5,mid,325.000,216.923,2.750,3.000,0.7200,0.450,0.000,95.0,382000,10,0.0,-1.500000,-0.2013000,0.0078900,0.0313000
xfoil,r2a-sm5,mid,325.000,216.923,2.750,3.000,0.7200,0.450,0.000,95.0,382000,10,0.0,-1.000000,-0.1489000,0.0077300,0.0333000
xfoil,r2a-sm5,mid,325.000,216.923,2.750,3.000,0.7200,0.450,0.000,95.0,382000,10,0.0,-0.500000,-0.0897000,0.0076900,0.0338000
xfoil,r2a-sm5,mid,325.000,216.923,2.750,3.000,0.7200,0.450,0.000,95.0,382000,10,0.0,-0.000000,-0.0156000,0.0077800,0.0309000
xfoil,r2a-sm5,mid,325.000,216.923,2.750,3.000,0.7200,0.450,0.000,95.0,382000,10,0.0,0.500000,0.0665000,0.0079100,0.0260000
xfoil,r2a-sm5,mid,325.000,216.923,2.750,3.000,0.7200,0.450,0.000,95.0,382000,10,0.0,1.000000,0.1496000,0.0080000,0.0206000
xfoil,r2a-sm5,mid,325.000,216.923,2.750,3.000,0.7200,0.450,0.000,95.0,382000,10,0.0,1.500000,0.2230000,0.0080000,0.0168000
xfoil,r2a-sm5,mid,325.000,216.923,2.750,3.000,0.7200,0.450,0.000,95.0,382000,10,0.0,2.000000,0.2774000,0.0079700,0.0168000
xfoil,r2a-sm5,mid,325.000,216.923,2.750,3.000,0.7200,0.450,0.000,95.0,382000,10,0.0,2.500000,0.3309000,0.0080100,0.0170000
xfoil,r2a-sm5,mid,325.000,216.923,2.750,3.000,0.7200,0.450,0.000,95.0,382000,10,0.0,3.000000,0.3842000,0.0081300,0.0173000
xfoil,r2a-sm5,mid,325.000,216.923,2.750,3.000,0.7200,0.450,0.000,95.0,382000,10,0.0,3.500000,0.4375000,0.0083400,0.0175000
xfoil,r2a-sm5,mid,325.000,216.923,2.750,3.000,0.7200,0.450,0.000,95.0,382000,10,0.0,4.000000,0.4910000,0.0086200,0.0177000
xfoil,r2a-sm5,mid,325.000,216.923,2.750,3.000,0.7200,0.450,0.000,95.0,382000,10,0.0,4.500000,0.5448000,0.0089600,0.0179000
xfoil,r2a-sm5,mid,325.000,216.923,2.750,3.000,0.7200,0.450,0.000,95.0,382000,10,0.0,5.000000,0.5987000,0.0093500,0.0180000
xfoil,r2a-sm5,mid,325.000,216.923,2.750,3.000,0.7200,0.450,0.000,95.0,382000,10,0.0,5.500000,0.6527000,0.0098100,0.0180000
xfoil,r2a-sm5,mid,325.000,216.923,2.750,3.000,0.7200,0.450,0.000,95.0,382000,10,0.0,6.000000,0.7066000,0.0103200,0.0180000
xfoil,r2a-sm5,mid,325.000,216.923,2.750,3.000,0.7200,0.450,0.000,95.0,382000,10,0.0,6.500000,0.7605000,0.0109200,0.0179000
xfoil,r2a-sm5,mid,325.000,216.923,2.750,3.000,0.7200,0.450,0.000,95.0,382000,10,0.0,7.000000,0.8141000,0.0115900,0.0177000
xfoil,r2a-sm5,mid,325.000,216.923,2.750,3.000,0.7200,0.450,0.000,95.0,382000,10,0.0,7.500000,0.8672000,0.0123600,0.0174000
xfoil,r2a-sm5,mid,325.000,216.923,2.750,3.000,0.7200,0.450,0.000,95.0,382000,10,0.0,8.000000,0.9196000,0.0132500,0.0172000
xfoil,r2a-sm5,mid,325.000,216.923,2.750,3.000,0.7200,0.450,0.000,95.0,382000,10,0.0,8.500000,0.9711000,0.0142000,0.0170000
xfoil,r2a-sm5,mid,325.000,216.923,2.750,3.000,0.7200,0.450,0.000,95.0,382000,10,0.0,9.000000,1.0217000,0.0152300,0.0168000
xfoil,r2a-sm5,mid,325.000,216.923,2.750,3.000,0.7200,0.450,0.000,95.0,382000,10,0.0,9.500000,1.0708000,0.0163900,0.0166000
xfoil,r2a-sm5,mid,325.000,216.923,2.750,3.000,0.7200,0.450,0.000,95.0,382000,10,0.0,10.000000,1.1170000,0.0178900,0.0166000
xfoil,r2a-sm5,mid,325.000,216.923,2.750,3.000,0.7200,0.450,0.000,95.0,382000,10,5.0,-8.200000,-0.5296000,0.0186900,-0.0395000
xfoil,r2a-sm5,mid,325.000,216.923,2.750,3.000,0.7200,0.450,0.000,95.0,382000,10,5.0,-7.700000,-0.4816000,0.0167900,-0.0377000
xfoil,r2a-sm5,mid,325.000,216.923,2.750,3.000,0.7200,0.450,0.000,95.0,382000,10,5.0,-7.200000,-0.4342000,0.0150600,-0.0361000
xfoil,r2a-sm5,mid,325.000,216.923,2.750,3.000,0.7200,0.450,0.000,95.0,382000,10,5.0,-6.700000,-0.3850000,0.0137700,-0.0346000
xfoil,r2a-sm5,mid,325.000,216.923,2.750,3.000,0.7200,0.450,0.000,95.0,382000,10,5.0,-6.200000,-0.3351000,0.0123600,-0.0331000
xfoil,r2a-sm5,mid,325.000,216.923,2.750,3.000,0.7200,0.450,0.000,95.0,382000,10,5.0,-5.700000,-0.2838000,0.0108800,-0.0326000
xfoil,r2a-sm5,mid,325.000,216.923,2.750,3.000,0.7200,0.450,0.000,95.0,382000,10,5.0,-5.200000,-0.2305000,0.0102900,-0.0319000
xfoil,r2a-sm5,mid,325.000,216.923,2.750,3.000,0.7200,0.450,0.000,95.0,382000,10,5.0,-4.700000,-0.1771000,0.0097800,-0.0312000
xfoil,r2a-sm5,mid,325.000,216.923,2.750,3.000,0.7200,0.450,0.000,95.0,382000,10,5.0,-4.200000,-0.1224000,0.0093400,-0.0307000
xfoil,r2a-sm5,mid,325.000,216.923,2.750,3.000,0.7200,0.450,0.000,95.0,382000,10,5.0,-3.700000,-0.0675000,0.0089100,-0.0301000
xfoil,r2a-sm5,mid,325.000,216.923,2.750,3.000,0.7200,0.450,0.000,95.0,382000,10,5.0,-3.200000,-0.0128000,0.0085300,-0.0294000
xfoil,r2a-sm5,mid,325.000,216.923,2.750,3.000,0.7200,0.450,0.000,95.0,382000,10,5.0,-2.700000,0.0426000,0.0081900,-0.0289000
xfoil,r2a-sm5,mid,325.000,216.923,2.750,3.000,0.7200,0.450,0.000,95.0,382000,10,5.0,-2.200000,0.0981000,0.0079500,-0.0282000
xfoil,r2a-sm5,mid,325.000,216.923,2.750,3.000,0.7200,0.450,0.000,95.0,382000,10,5.0,-1.700000,0.1537000,0.0076700,-0.0276000
xfoil,r2a-sm5,mid,325.000,216.923,2.750,3.000,0.7200,0.450,0.000,95.0,382000,10,5.0,-1.200000,0.2065000,0.0071800,-0.0262000
xfoil,r2a-sm5,mid,325.000,216.923,2.750,3.000,0.7200,0.450,0.000,95.0,382000,10,5.0,-0.700000,0.2851000,0.0068700,-0.0303000
xfoil,r2a-sm5,mid,325.000,216.923,2.750,3.000,0.7200,0.450,0.000,95.0,382000,10,5.0,-0.200000,0.3415000,0.0070400,-0.0302000
xfoil,r2a-sm5,mid,325.000,216.923,2.750,3.000,0.7200,0.450,0.000,95.0,382000,10,5.0,0.300000,0.3984000,0.0072300,-0.0303000
xfoil,r2a-sm5,mid,325.000,216.923,2.750,3.000,0.7200,0.450,0.000,95.0,382000,10,5.0,0.800000,0.4553000,0.0074300,-0.0303000
xfoil,r2a-sm5,mid,325.000,216.923,2.750,3.000,0.7200,0.450,0.000,95.0,382000,10,5.0,1.300000,0.5122000,0.0076900,-0.0304000
xfoil,r2a-sm5,mid,325.000,216.923,2.750,3.000,0.7200,0.450,0.000,95.0,382000,10,5.0,1.800000,0.5690000,0.0080000,-0.0306000
xfoil,r2a-sm5,mid,325.000,216.923,2.750,3.000,0.7200,0.450,0.000,95.0,382000,10,5.0,2.300000,0.6255000,0.0083900,-0.0307000
xfoil,r2a-sm5,mid,325.000,216.923,2.750,3.000,0.7200,0.450,0.000,95.0,382000,10,5.0,2.800000,0.6816000,0.0088400,-0.0309000
xfoil,r2a-sm5,mid,325.000,216.923,2.750,3.000,0.7200,0.450,0.000,95.0,382000,10,5.0,3.300000,0.7372000,0.0093500,-0.0310000
xfoil,r2a-sm5,mid,325.000,216.923,2.750,3.000,0.7200,0.450,0.000,95.0,382000,10,5.0,3.800000,0.7926000,0.0098800,-0.0312000
xfoil,r2a-sm5,mid,325.000,216.923,2.750,3.000,0.7200,0.450,0.000,95.0,382000,10,5.0,4.300000,0.8472000,0.0104800,-0.0312000
xfoil,r2a-sm5,mid,325.000,216.923,2.750,3.000,0.7200,0.450,0.000,95.0,382000,10,5.0,4.800000,0.9013000,0.0111200,-0.0312000
xfoil,r2a-sm5,mid,325.000,216.923,2.750,3.000,0.7200,0.450,0.000,95.0,382000,10,5.0,5.300000,0.9545000,0.0118400,-0.0312000
xfoil,r2a-sm5,mid,325.000,216.923,2.750,3.000,0.7200,0.450,0.000,95.0,382000,10,5.0,5.800000,1.0065000,0.0126400,-0.0310000
xfoil,r2a-sm5,mid,325.000,216.923,2.750,3.000,0.7200,0.450,0.000,95.0,382000,10,5.0,6.300000,1.0572000,0.0135700,-0.0307000
xfoil,r2a-sm5,mid,325.000,216.923,2.750,3.000,0.7200,0.450,0.000,95.0,382000,10,5.0,6.800000,1.1069000,0.0145500,-0.0304000
xfoil,r2a-sm5,mid,325.000,216.923,2.750,3.000,0.7200,0.450,0.000,105.0,422000,6,-5.0,-1.800000,-0.5631000,0.0112700,0.0805000
xfoil,r2a-sm5,mid,325.000,216.923,2.750,3.000,0.7200,0.450,0.000,105.0,422000,6,-5.0,-1.300000,-0.5116000,0.0104200,0.0813000
xfoil,r2a-sm5,mid,325.000,216.923,2.750,3.000,0.7200,0.450,0.000,105.0,422000,6,-5.0,-0.800000,-0.4598000,0.0096700,0.0822000
xfoil,r2a-sm5,mid,325.000,216.923,2.750,3.000,0.7200,0.450,0.000,105.0,422000,6,-5.0,-0.300000,-0.4098000,0.0087800,0.0834000
xfoil,r2a-sm5,mid,325.000,216.923,2.750,3.000,0.7200,0.450,0.000,105.0,422000,6,-5.0,0.200000,-0.3676000,0.0076800,0.0867000
xfoil,r2a-sm5,mid,325.000,216.923,2.750,3.000,0.7200,0.450,0.000,105.0,422000,6,-5.0,0.700000,-0.3115000,0.0077100,0.0872000
xfoil,r2a-sm5,mid,325.000,216.923,2.750,3.000,0.7200,0.450,0.000,105.0,422000,6,-5.0,1.200000,-0.2548000,0.0077500,0.0876000
xfoil,r2a-sm5,mid,325.000,216.923,2.750,3.000,0.7200,0.450,0.000,105.0,422000,6,-5.0,1.700000,-0.1976000,0.0078100,0.0878000
xfoil,r2a-sm5,mid,325.000,216.923,2.750,3.000,0.7200,0.450,0.000,105.0,422000,6,-5.0,2.200000,-0.1400000,0.0078800,0.0878000
xfoil,r2a-sm5,mid,325.000,216.923,2.750,3.000,0.7200,0.450,0.000,105.0,422000,6,-5.0,2.700000,-0.0823000,0.0079700,0.0877000
xfoil,r2a-sm5,mid,325.000,216.923,2.750,3.000,0.7200,0.450,0.000,105.0,422000,6,-5.0,3.200000,-0.0247000,0.0080800,0.0876000
xfoil,r2a-sm5,mid,325.000,216.923,2.750,3.000,0.7200,0.450,0.000,105.0,422000,6,-5.0,3.700000,0.0325000,0.0082300,0.0875000
xfoil,r2a-sm5,mid,325.000,216.923,2.750,3.000,0.7200,0.450,0.000,105.0,422000,6,-5.0,4.200000,0.0899000,0.0084000,0.0874000
xfoil,r2a-sm5,mid,325.000,216.923,2.750,3.000,0.7200,0.450,0.000,105.0,422000,6,-5.0,4.700000,0.1496000,0.0085700,0.0864000
xfoil,r2a-sm5,mid,325.000,216.923,2.750,3.000,0.7200,0.450,0.000,105.0,422000,6,-5.0,5.200000,0.2094000,0.0087900,0.0853000
xfoil,r2a-sm5,mid,325.000,216.923,2.750,3.000,0.7200,0.450,0.000,105.0,422000,6,-5.0,5.700000,0.2692000,0.0090300,0.0842000
xfoil,r2a-sm5,mid,325.000,216.923,2.750,3.000,0.7200,0.450,0.000,105.0,422000,6,-5.0,6.200000,0.3288000,0.0093200,0.0830000
xfoil,r2a-sm5,mid,325.000,216.923,2.750,3.000,0.7200,0.450,0.000,105.0,422000,6,-5.0,6.700000,0.3882000,0.0096500,0.0819000
xfoil,r2a-sm5,mid,325.000,216.923,2.750,3.000,0.7200,0.450,0.000,105.0,422000,6,-5.0,7.200000,0.4473000,0.0100300,0.0806000
xfoil,r2a-sm5,mid,325.000,216.923,2.750,3.000,0.7200,0.450,0.000,105.0,422000,6,-5.0,7.700000,0.5062000,0.0104700,0.0794000
xfoil,r2a-sm5,mid,325.000,216.923,2.750,3.000,0.7200,0.450,0.000,105.0,422000,6,-5.0,8.200000,0.5648000,0.0109900,0.0781000
xfoil,r2a-sm5,mid,325.000,216.923,2.750,3.000,0.7200,0.450,0.000,105.0,422000,6,-5.0,8.700000,0.6228000,0.0116200,0.0767000
xfoil,r2a-sm5,mid,325.000,216.923,2.750,3.000,0.7200,0.450,0.000,105.0,422000,6,-5.0,9.200000,0.6803000,0.0123600,0.0752000
xfoil,r2a-sm5,mid,325.000,216.923,2.750,3.000,0.7200,0.450,0.000,105.0,422000,6,-5.0,9.700000,0.7371000,0.0131800,0.0737000
xfoil,r2a-sm5,mid,325.000,216.923,2.750,3.000,0.7200,0.450,0.000,105.0,422000,6,-5.0,10.200000,0.7930000,0.0140800,0.0723000
xfoil,r2a-sm5,mid,325.000,216.923,2.750,3.000,0.7200,0.450,0.000,105.0,422000,6,-5.0,10.700000,0.8476000,0.0151800,0.0707000
xfoil,r2a-sm5,mid,325.000,216.923,2.750,3.000,0.7200,0.450,0.000,105.0,422000,6,-5.0,11.200000,0.9007000,0.0165300,0.0689000
xfoil,r2a-sm5,mid,325.000,216.923,2.750,3.000,0.7200,0.450,0.000,105.0,422000,6,-5.0,11.700000,0.9505000,0.0186700,0.0664000
xfoil,r2a-sm5,mid,325.000,216.923,2.750,3.000,0.7200,0.450,0.000,105.0,422000,6,-5.0,12.200000,1.0011000,0.0211000,0.0628000
xfoil,r2a-sm5,mid,325.000,216.923,2.750,3.000,0.7200,0.450,0.000,105.0,422000,6,-5.0,12.700000,1.0591000,0.0243600,0.0553000
xfoil,r2a-sm5,mid,325.000,216.923,2.750,3.000,0.7200,0.450,0.000,105.0,422000,6,-5.0,13.200000,1.0977000,0.0286900,0.0482000
xfoil,r2a-sm5,mid,325.000,216.923,2.750,3.000,0.7200,0.450,0.000,105.0,422000,6,0.0,-5.000000,-0.5716000,0.0134200,0.0271000
xfoil,r2a-sm5,mid,325.000,216.923,2.750,3.000,0.7200,0.450,0.000,105.0,422000,6,0.0,-4.500000,-0.5173000,0.0125200,0.0276000
xfoil,r2a-sm5,mid,325.000,216.923,2.750,3.000,0.7200,0.450,0.000,105.0,422000,6,0.0,-4.000000,-0.4634000,0.0115400,0.0279000
xfoil,r2a-sm5,mid,325.000,216.923,2.750,3.000,0.7200,0.450,0.000,105.0,422000,6,0.0,-3.500000,-0.4089000,0.0107200,0.0280000
xfoil,r2a-sm5,mid,325.000,216.923,2.750,3.000,0.7200,0.450,0.000,105.0,422000,6,0.0,-3.000000,-0.3541000,0.0099900,0.0282000
xfoil,r2a-sm5,mid,325.000,216.923,2.750,3.000,0.7200,0.450,0.000,105.0,422000,6,0.0,-2.500000,-0.2985000,0.0094300,0.0283000
xfoil,r2a-sm5,mid,325.000,216.923,2.750,3.000,0.7200,0.450,0.000,105.0,422000,6,0.0,-2.000000,-0.2427000,0.0089200,0.0284000
xfoil,r2a-sm5,mid,325.000,216.923,2.750,3.000,0.7200,0.450,0.000,105.0,422000,6,0.0,-1.500000,-0.1871000,0.0084400,0.0286000
xfoil,r2a-sm5,mid,325.000,216.923,2.750,3.000,0.7200,0.450,0.000,105.0,422000,6,0.0,-1.000000,-0.1325000,0.0078800,0.0290000
xfoil,r2a-sm5,mid,325.000,216.923,2.750,3.000,0.7200,0.450,0.000,105.0,422000,6,0.0,-0.500000,-0.0831000,0.0071300,0.0309000
xfoil,r2a-sm5,mid,325.000,216.923,2.750,3.000,0.7200,0.450,0.000,105.0,422000,6,0.0,-0.000000,-0.0282000,0.0070200,0.0317000
xfoil,r2a-sm5,mid,325.000,216.923,2.750,3.000,0.7200,0.450,0.000,105.0,422000,6,0.0,0.500000,0.0280000,0.0070000,0.0323000
xfoil,r2a-sm5,mid,325.000,216.923,2.750,3.000,0.7200,0.450,0.000,105.0,422000,6,0.0,1.000000,0.0874000,0.0070500,0.0321000
xfoil,r2a-sm5,mid,325.000,216.923,2.750,3.000,0.7200,0.450,0.000,105.0,422000,6,0.0,1.500000,0.1536000,0.0072100,0.0302000
xfoil,r2a-sm5,mid,325.000,216.923,2.750,3.000,0.7200,0.450,0.000,105.0,422000,6,0.0,2.000000,0.2241000,0.0074400,0.0273000
xfoil,r2a-sm5,mid,325.000,216.923,2.750,3.000,0.7200,0.450,0.000,105.0,422000,6,0.0,2.500000,0.2956000,0.0077100,0.0240000
xfoil,r2a-sm5,mid,325.000,216.923,2.750,3.000,0.7200,0.450,0.000,105.0,422000,6,0.0,3.000000,0.3687000,0.0080000,0.0202000
xfoil,r2a-sm5,mid,325.000,216.923,2.750,3.000,0.7200,0.450,0.000,105.0,422000,6,0.0,3.500000,0.4371000,0.0083000,0.0172000
xfoil,r2a-sm5,mid,325.000,216.923,2.750,3.000,0.7200,0.450,0.000,105.0,422000,6,0.0,4.000000,0.4904000,0.0085900,0.0174000
xfoil,r2a-sm5,mid,325.000,216.923,2.750,3.000,0.7200,0.450,0.000,105.0,422000,6,0.0,4.500000,0.5440000,0.0089300,0.0176000
xfoil,r2a-sm5,mid,325.000,216.923,2.750,3.000,0.7200,0.450,0.000,105.0,422000,6,0.0,5.000000,0.5978000,0.0093200,0.0176000
xfoil,r2a-sm5,mid,325.000,216.923,2.750,3.000,0.7200,0.450,0.000,105.0,422000,6,0.0,5.500000,0.6516000,0.0097700,0.0177000
xfoil,r2a-sm5,mid,325.000,216.923,2.750,3.000,0.7200,0.450,0.000,105.0,422000,6,0.0,6.000000,0.7055000,0.0102800,0.0176000
xfoil,r2a-sm5,mid,325.000,216.923,2.750,3.000,0.7200,0.450,0.000,105.0,422000,6,0.0,6.500000,0.7593000,0.0108500,0.0175000
xfoil,r2a-sm5,mid,325.000,216.923,2.750,3.000,0.7200,0.450,0.000,105.0,422000,6,0.0,7.000000,0.8127000,0.0115500,0.0173000
xfoil,r2a-sm5,mid,325.000,216.923,2.750,3.000,0.7200,0.450,0.000,105.0,422000,6,0.0,7.500000,0.8656000,0.0123600,0.0171000
xfoil,r2a-sm5,mid,325.000,216.923,2.750,3.000,0.7200,0.450,0.000,105.0,422000,6,0.0,8.000000,0.9179000,0.0132300,0.0169000
xfoil,r2a-sm5,mid,325.000,216.923,2.750,3.000,0.7200,0.450,0.000,105.0,422000,6,0.0,8.500000,0.9694000,0.0141800,0.0167000
xfoil,r2a-sm5,mid,325.000,216.923,2.750,3.000,0.7200,0.450,0.000,105.0,422000,6,0.0,9.000000,1.0196000,0.0152700,0.0165000
xfoil,r2a-sm5,mid,325.000,216.923,2.750,3.000,0.7200,0.450,0.000,105.0,422000,6,0.0,9.500000,1.0679000,0.0165700,0.0163000
xfoil,r2a-sm5,mid,325.000,216.923,2.750,3.000,0.7200,0.450,0.000,105.0,422000,6,0.0,10.000000,1.1114000,0.0184500,0.0163000
xfoil,r2a-sm5,mid,325.000,216.923,2.750,3.000,0.7200,0.450,0.000,105.0,422000,6,5.0,-8.200000,-0.5714000,0.0157600,-0.0277000
xfoil,r2a-sm5,mid,325.000,216.923,2.750,3.000,0.7200,0.450,0.000,105.0,422000,6,5.0,-7.700000,-0.5183000,0.0145500,-0.0275000
xfoil,r2a-sm5,mid,325.000,216.923,2.750,3.000,0.7200,0.450,0.000,105.0,422000,6,5.0,-7.200000,-0.4643000,0.0135200,-0.0272000
xfoil,r2a-sm5,mid,325.000,216.923,2.750,3.000,0.7200,0.450,0.000,105.0,422000,6,5.0,-6.700000,-0.4094000,0.0126300,-0.0270000
xfoil,r2a-sm5,mid,325.000,216.923,2.750,3.000,0.7200,0.450,0.000,105.0,422000,6,5.0,-6.200000,-0.3543000,0.0117600,-0.0268000
xfoil,r2a-sm5,mid,325.000,216.923,2.750,3.000,0.7200,0.450,0.000,105.0,422000,6,5.0,-5.700000,-0.2993000,0.0108300,-0.0267000
xfoil,r2a-sm5,mid,325.000,216.923,2.750,3.000,0.7200,0.450,0.000,105.0,422000,6,5.0,-5.200000,-0.2438000,0.0100700,-0.0267000
xfoil,r2a-sm5,mid,325.000,216.923,2.750,3.000,0.7200,0.450,0.000,105.0,422000,6,5.0,-4.700000,-0.1877000,0.0094200,-0.0269000
xfoil,r2a-sm5,mid,325.000,216.923,2.750,3.000,0.7200,0.450,0.000,105.0,422000,6,5.0,-4.200000,-0.1308000,0.0089600,-0.0270000
xfoil,r2a-sm5,mid,325.000,216.923,2.750,3.000,0.7200,0.450,0.000,105.0,422000,6,5.0,-3.700000,-0.0737000,0.0085700,-0.0271000
xfoil,r2a-sm5,mid,325.000,216.923,2.750,3.000,0.7200,0.450,0.000,105.0,422000,6,5.0,-3.200000,-0.0165000,0.0082300,-0.0272000
xfoil,r2a-sm5,mid,325.000,216.923,2.750,3.000,0.7200,0.450,0.000,105.0,422000,6,5.0,-2.700000,0.0404000,0.0079700,-0.0272000
xfoil,r2a-sm5,mid,325.000,216.923,2.750,3.000,0.7200,0.450,0.000,105.0,422000,6,5.0,-2.200000,0.0973000,0.0077800,-0.0272000
xfoil,r2a-sm5,mid,325.000,216.923,2.750,3.000,0.7200,0.450,0.000,105.0,422000,6,5.0,-1.700000,0.1542000,0.0076600,-0.0272000
xfoil,r2a-sm5,mid,325.000,216.923,2.750,3.000,0.7200,0.450,0.000,105.0,422000,6,5.0,-1.200000,0.2111000,0.0076100,-0.0271000
xfoil,r2a-sm5,mid,325.000,216.923,2.750,3.000,0.7200,0.450,0.000,105.0,422000,6,5.0,-0.700000,0.2682000,0.0076100,-0.0271000
xfoil,r2a-sm5,mid,325.000,216.923,2.750,3.000,0.7200,0.450,0.000,105.0,422000,6,5.0,-0.200000,0.3250000,0.0075900,-0.0271000
xfoil,r2a-sm5,mid,325.000,216.923,2.750,3.000,0.7200,0.450,0.000,105.0,422000,6,5.0,0.300000,0.3771000,0.0072900,-0.0259000
xfoil,r2a-sm5,mid,325.000,216.923,2.750,3.000,0.7200,0.450,0.000,105.0,422000,6,5.0,0.800000,0.4528000,0.0074400,-0.0299000
xfoil,r2a-sm5,mid,325.000,216.923,2.750,3.000,0.7200,0.450,0.000,105.0,422000,6,5.0,1.300000,0.5097000,0.0077800,-0.0302000
xfoil,r2a-sm5,mid,325.000,216.923,2.750,3.000,0.7200,0.450,0.000,105.0,422000,6,5.0,1.800000,0.5664000,0.0081600,-0.0305000
xfoil,r2a-sm5,mid,325.000,216.923,2.750,3.000,0.7200,0.450,0.000,105.0,422000,6,5.0,2.300000,0.6229000,0.0085800,-0.0307000
xfoil,r2a-sm5,mid,325.000,216.923,2.750,3.000,0.7200,0.450,0.000,105.0,422000,6,5.0,2.800000,0.6790000,0.0090300,-0.0309000
xfoil,r2a-sm5,mid,325.000,216.923,2.750,3.000,0.7200,0.450,0.000,105.0,422000,6,5.0,3.300000,0.7347000,0.0095100,-0.0311000
xfoil,r2a-sm5,mid,325.000,216.923,2.750,3.000,0.7200,0.450,0.000,105.0,422000,6,5.0,3.800000,0.7900000,0.0100300,-0.0313000
xfoil,r2a-sm5,mid,325.000,216.923,2.750,3.000,0.7200,0.450,0.000,105.0,422000,6,5.0,4.300000,0.8448000,0.0105900,-0.0314000
xfoil,r2a-sm5,mid,325.000,216.923,2.750,3.000,0.7200,0.450,0.000,105.0,422000,6,5.0,4.800000,0.8989000,0.0112100,-0.0314000
xfoil,r2a-sm5,mid,325.000,216.923,2.750,3.000,0.7200,0.450,0.000,105.0,422000,6,5.0,5.300000,0.9521000,0.0119200,-0.0313000
xfoil,r2a-sm5,mid,325.000,216.923,2.750,3.000,0.7200,0.450,0.000,105.0,422000,6,5.0,5.800000,1.0040000,0.0127700,-0.0312000
xfoil,r2a-sm5,mid,325.000,216.923,2.750,3.000,0.7200,0.450,0.000,105.0,422000,6,5.0,6.300000,1.0548000,0.0136900,-0.0310000
xfoil,r2a-sm5,mid,325.000,216.923,2.750,3.000,0.7200,0.450,0.000,105.0,422000,6,5.0,6.800000,1.1045000,0.0146500,-0.0306000
xfoil,r2a-sm5,mid,325.000,216.923,2.750,3.000,0.7200,0.450,0.000,105.0,422000,10,-5.0,-1.800000,-0.5648000,0.0112600,0.0794000
xfoil,r2a-sm5,mid,325.000,216.923,2.750,3.000,0.7200,0.450,0.000,105.0,422000,10,-5.0,-0.800000,-0.4822000,0.0083800,0.0859000
xfoil,r2a-sm5,mid,325.000,216.923,2.750,3.000,0.7200,0.450,0.000,105.0,422000,10,-5.0,-0.300000,-0.4307000,0.0084200,0.0882000
xfoil,r2a-sm5,mid,325.000,216.923,2.750,3.000,0.7200,0.450,0.000,105.0,422000,10,-5.0,0.200000,-0.3785000,0.0084800,0.0902000
xfoil,r2a-sm5,mid,325.000,216.923,2.750,3.000,0.7200,0.450,0.000,105.0,422000,10,-5.0,0.700000,-0.3253000,0.0085300,0.0919000
xfoil,r2a-sm5,mid,325.000,216.923,2.750,3.000,0.7200,0.450,0.000,105.0,422000,10,-5.0,1.200000,-0.2716000,0.0085700,0.0935000
xfoil,r2a-sm5,mid,325.000,216.923,2.750,3.000,0.7200,0.450,0.000,105.0,422000,10,-5.0,1.700000,-0.2170000,0.0085800,0.0945000
xfoil,r2a-sm5,mid,325.000,216.923,2.750,3.000,0.7200,0.450,0.000,105.0,422000,10,-5.0,2.200000,-0.1619000,0.0085800,0.0953000
xfoil,r2a-sm5,mid,325.000,216.923,2.750,3.000,0.7200,0.450,0.000,105.0,422000,10,-5.0,2.700000,-0.1054000,0.0086200,0.0958000
xfoil,r2a-sm5,mid,325.000,216.923,2.750,3.000,0.7200,0.450,0.000,105.0,422000,10,-5.0,3.200000,-0.0484000,0.0086800,0.0961000
xfoil,r2a-sm5,mid,325.000,216.923,2.750,3.000,0.7200,0.450,0.000,105.0,422000,10,-5.0,3.700000,0.0086000,0.0087900,0.0963000
xfoil,r2a-sm5,mid,325.000,216.923,2.750,3.000,0.7200,0.450,0.000,105.0,422000,10,-5.0,4.200000,0.0676000,0.0090000,0.0960000
xfoil,r2a-sm5,mid,325.000,216.923,2.750,3.000,0.7200,0.450,0.000,105.0,422000,10,-5.0,4.700000,0.1279000,0.0090600,0.0949000
xfoil,r2a-sm5,mid,325.000,216.923,2.750,3.000,0.7200,0.450,0.000,105.0,422000,10,-5.0,5.200000,0.1860000,0.0091100,0.0940000
xfoil,r2a-sm5,mid,325.000,216.923,2.750,3.000,0.7200,0.450,0.000,105.0,422000,10,-5.0,5.700000,0.2451000,0.0092300,0.0928000
xfoil,r2a-sm5,mid,325.000,216.923,2.750,3.000,0.7200,0.450,0.000,105.0,422000,10,-5.0,6.200000,0.3047000,0.0094000,0.0915000
xfoil,r2a-sm5,mid,325.000,216.923,2.750,3.000,0.7200,0.450,0.000,105.0,422000,10,-5.0,6.700000,0.3647000,0.0096600,0.0900000
xfoil,r2a-sm5,mid,325.000,216.923,2.750,3.000,0.7200,0.450,0.000,105.0,422000,10,-5.0,7.200000,0.4249000,0.0099600,0.0885000
xfoil,r2a-sm5,mid,325.000,216.923,2.750,3.000,0.7200,0.450,0.000,105.0,422000,10,-5.0,7.700000,0.4851000,0.0103300,0.0868000
xfoil,r2a-sm5,mid,325.000,216.923,2.750,3.000,0.7200,0.450,0.000,105.0,422000,10,-5.0,8.200000,0.5451000,0.0107900,0.0851000
xfoil,r2a-sm5,mid,325.000,216.923,2.750,3.000,0.7200,0.450,0.000,105.0,422000,10,-5.0,8.700000,0.6045000,0.0113400,0.0833000
xfoil,r2a-sm5,mid,325.000,216.923,2.750,3.000,0.7200,0.450,0.000,105.0,422000,10,-5.0,9.200000,0.6652000,0.0120300,0.0811000
xfoil,r2a-sm5,mid,325.000,216.923,2.750,3.000,0.7200,0.450,0.000,105.0,422000,10,-5.0,9.700000,0.7268000,0.0128300,0.0785000
xfoil,r2a-sm5,mid,325.000,216.923,2.750,3.000,0.7200,0.450,0.000,105.0,422000,10,-5.0,10.200000,0.7873000,0.0137200,0.0759000
xfoil,r2a-sm5,mid,325.000,216.923,2.750,3.000,0.7200,0.450,0.000,105.0,422000,10,-5.0,10.700000,0.8507000,0.0147700,0.0725000
xfoil,r2a-sm5,mid,325.000,216.923,2.750,3.000,0.7200,0.450,0.000,105.0,422000,10,-5.0,11.200000,0.9133000,0.0159900,0.0688000
xfoil,r2a-sm5,mid,325.000,216.923,2.750,3.000,0.7200,0.450,0.000,105.0,422000,10,-5.0,11.700000,0.9745000,0.0190400,0.0627000
xfoil,r2a-sm5,mid,325.000,216.923,2.750,3.000,0.7200,0.450,0.000,105.0,422000,10,-5.0,12.200000,1.0374000,0.0224700,0.0549000
xfoil,r2a-sm5,mid,325.000,216.923,2.750,3.000,0.7200,0.450,0.000,105.0,422000,10,-5.0,12.700000,1.0664000,0.0264400,0.0501000
xfoil,r2a-sm5,mid,325.000,216.923,2.750,3.000,0.7200,0.450,0.000,105.0,422000,10,-5.0,13.200000,1.0753000,0.0309500,0.0480000
xfoil,r2a-sm5,mid,325.000,216.923,2.750,3.000,0.7200,0.450,0.000,105.0,422000,10,0.0,-5.000000,-0.5663000,0.0139900,0.0250000
xfoil,r2a-sm5,mid,325.000,216.923,2.750,3.000,0.7200,0.450,0.000,105.0,422000,10,0.0,-4.500000,-0.5141000,0.0125500,0.0260000
xfoil,r2a-sm5,mid,325.000,216.923,2.750,3.000,0.7200,0.450,0.000,105.0,422000,10,0.0,-4.000000,-0.4630000,0.0110800,0.0266000
xfoil,r2a-sm5,mid,325.000,216.923,2.750,3.000,0.7200,0.450,0.000,105.0,422000,10,0.0,-3.500000,-0.4087000,0.0104400,0.0268000
xfoil,r2a-sm5,mid,325.000,216.923,2.750,3.000,0.7200,0.450,0.000,105.0,422000,10,0.0,-3.000000,-0.3547000,0.0098100,0.0272000
xfoil,r2a-sm5,mid,325.000,216.923,2.750,3.000,0.7200,0.450,0.000,105.0,422000,10,0.0,-2.500000,-0.3007000,0.0092200,0.0277000
xfoil,r2a-sm5,mid,325.000,216.923,2.750,3.000,0.7200,0.450,0.000,105.0,422000,10,0.0,-2.000000,-0.2475000,0.0084600,0.0283000
xfoil,r2a-sm5,mid,325.000,216.923,2.750,3.000,0.7200,0.450,0.000,105.0,422000,10,0.0,-1.500000,-0.2009000,0.0075300,0.0311000
xfoil,r2a-sm5,mid,325.000,216.923,2.750,3.000,0.7200,0.450,0.000,105.0,422000,10,0.0,-1.000000,-0.1490000,0.0073300,0.0331000
xfoil,r2a-sm5,mid,325.000,216.923,2.750,3.000,0.7200,0.450,0.000,105.0,422000,10,0.0,-0.500000,-0.0930000,0.0072300,0.0343000
xfoil,r2a-sm5,mid,325.000,216.923,2.750,3.000,0.7200,0.450,0.000,105.0,422000,10,0.0,-0.000000,-0.0259000,0.0072900,0.0328000
xfoil,r2a-sm5,mid,325.000,216.923,2.750,3.000,0.7200,0.450,0.000,105.0,422000,10,0.0,0.500000,0.0512000,0.0074300,0.0290000
xfoil,r2a-sm5,mid,325.000,216.923,2.750,3.000,0.7200,0.450,0.000,105.0,422000,10,0.0,1.000000,0.1319000,0.0075600,0.0241000
xfoil,r2a-sm5,mid,325.000,216.923,2.750,3.000,0.7200,0.450,0.000,105.0,422000,10,0.0,1.500000,0.2136000,0.0076600,0.0188000
xfoil,r2a-sm5,mid,325.000,216.923,2.750,3.000,0.7200,0.450,0.000,105.0,422000,10,0.0,2.000000,0.2761000,0.0076700,0.0172000
xfoil,r2a-sm5,mid,325.000,216.923,2.750,3.000,0.7200,0.450,0.000,105.0,422000,10,0.0,2.500000,0.3299000,0.0077200,0.0173000
xfoil,r2a-sm5,mid,325.000,216.923,2.750,3.000,0.7200,0.450,0.000,105.0,422000,10,0.0,3.000000,0.3834000,0.0078400,0.0175000
xfoil,r2a-sm5,mid,325.000,216.923,2.750,3.000,0.7200,0.450,0.000,105.0,422000,10,0.0,3.500000,0.4367000,0.0080400,0.0177000
xfoil,r2a-sm5,mid,325.000,216.923,2.750,3.000,0.7200,0.450,0.000,105.0,422000,10,0.0,4.000000,0.4903000,0.0083100,0.0179000
xfoil,r2a-sm5,mid,325.000,216.923,2.750,3.000,0.7200,0.450,0.000,105.0,422000,10,0.0,4.500000,0.5441000,0.0086400,0.0180000
xfoil,r2a-sm5,mid,325.000,216.923,2.750,3.000,0.7200,0.450,0.000,105.0,422000,10,0.0,5.000000,0.5981000,0.0090300,0.0181000
xfoil,r2a-sm5,mid,325.000,216.923,2.750,3.000,0.7200,0.450,0.000,105.0,422000,10,0.0,5.500000,0.6522000,0.0094700,0.0181000
xfoil,r2a-sm5,mid,325.000,216.923,2.750,3.000,0.7200,0.450,0.000,105.0,422000,10,0.0,6.000000,0.7062000,0.0099700,0.0181000
xfoil,r2a-sm5,mid,325.000,216.923,2.750,3.000,0.7200,0.450,0.000,105.0,422000,10,0.0,6.500000,0.7602000,0.0105400,0.0180000
xfoil,r2a-sm5,mid,325.000,216.923,2.750,3.000,0.7200,0.450,0.000,105.0,422000,10,0.0,7.000000,0.8139000,0.0112300,0.0177000
xfoil,r2a-sm5,mid,325.000,216.923,2.750,3.000,0.7200,0.450,0.000,105.0,422000,10,0.0,7.500000,0.8673000,0.0119700,0.0175000
xfoil,r2a-sm5,mid,325.000,216.923,2.750,3.000,0.7200,0.450,0.000,105.0,422000,10,0.0,8.000000,0.9199000,0.0128200,0.0172000
xfoil,r2a-sm5,mid,325.000,216.923,2.750,3.000,0.7200,0.450,0.000,105.0,422000,10,0.0,8.500000,0.9717000,0.0137600,0.0170000
xfoil,r2a-sm5,mid,325.000,216.923,2.750,3.000,0.7200,0.450,0.000,105.0,422000,10,0.0,9.000000,1.0224000,0.0148000,0.0168000
xfoil,r2a-sm5,mid,325.000,216.923,2.750,3.000,0.7200,0.450,0.000,105.0,422000,10,0.0,9.500000,1.0721000,0.0159000,0.0166000
xfoil,r2a-sm5,mid,325.000,216.923,2.750,3.000,0.7200,0.450,0.000,105.0,422000,10,0.0,10.000000,1.1178000,0.0175300,0.0165000
xfoil,r2a-sm5,mid,325.000,216.923,2.750,3.000,0.7200,0.450,0.000,105.0,422000,10,5.0,-8.200000,-0.5400000,0.0183700,-0.0364000
xfoil,r2a-sm5,mid,325.000,216.923,2.750,3.000,0.7200,0.450,0.000,105.0,422000,10,5.0,-7.700000,-0.4926000,0.0161600,-0.0350000
xfoil,r2a-sm5,mid,325.000,216.923,2.750,3.000,0.7200,0.450,0.000,105.0,422000,10,5.0,-7.200000,-0.4423000,0.0148000,-0.0337000
xfoil,r2a-sm5,mid,325.000,216.923,2.750,3.000,0.7200,0.450,0.000,105.0,422000,10,5.0,-6.700000,-0.3923000,0.0133800,-0.0325000
xfoil,r2a-sm5,mid,325.000,216.923,2.750,3.000,0.7200,0.450,0.000,105.0,422000,10,5.0,-6.200000,-0.3408000,0.0121100,-0.0314000
xfoil,r2a-sm5,mid,325.000,216.923,2.750,3.000,0.7200,0.450,0.000,105.0,422000,10,5.0,-5.700000,-0.2900000,0.0105900,-0.0306000
xfoil,r2a-sm5,mid,325.000,216.923,2.750,3.000,0.7200,0.450,0.000,105.0,422000,10,5.0,-5.200000,-0.2354000,0.0099700,-0.0304000
xfoil,r2a-sm5,mid,325.000,216.923,2.750,3.000,0.7200,0.450,0.000,105.0,422000,10,5.0,-4.700000,-0.1808000,0.0094400,-0.0300000
xfoil,r2a-sm5,mid,325.000,216.923,2.750,3.000,0.7200,0.450,0.000,105.0,422000,10,5.0,-4.200000,-0.1261000,0.0089900,-0.0294000
xfoil,r2a-sm5,mid,325.000,216.923,2.750,3.000,0.7200,0.450,0.000,105.0,422000,10,5.0,-3.700000,-0.0704000,0.0085700,-0.0291000
xfoil,r2a-sm5,mid,325.000,216.923,2.750,3.000,0.7200,0.450,0.000,105.0,422000,10,5.0,-3.200000,-0.0149000,0.0081800,-0.0287000
xfoil,r2a-sm5,mid,325.000,216.923,2.750,3.000,0.7200,0.450,0.000,105.0,422000,10,5.0,-2.700000,0.0410000,0.0078400,-0.0282000
xfoil,r2a-sm5,mid,325.000,216.923,2.750,3.000,0.7200,0.450,0.000,105.0,422000,10,5.0,-2.200000,0.0968000,0.0075800,-0.0277000
xfoil,r2a-sm5,mid,325.000,216.923,2.750,3.000,0.7200,0.450,0.000,105.0,422000,10,5.0,-1.700000,0.1531000,0.0073800,-0.0273000
xfoil,r2a-sm5,mid,325.000,216.923,2.750,3.000,0.7200,0.450,0.000,105.0,422000,10,5.0,-1.200000,0.2076000,0.0070100,-0.0264000
xfoil,r2a-sm5,mid,325.000,216.923,2.750,3.000,0.7200,0.450,0.000,105.0,422000,10,5.0,-0.700000,0.2834000,0.0065800,-0.0298000
xfoil,r2a-sm5,mid,325.000,216.923,2.750,3.000,0.7200,0.450,0.000,105.0,422000,10,5.0,-0.200000,0.3402000,0.0067600,-0.0298000
xfoil,r2a-sm5,mid,325.000,216.923,2.750,3.000,0.7200,0.450,0.000,105.0,422000,10,5.0,0.300000,0.3973000,0.0069400,-0.0300000
xfoil,r2a-sm5,mid,325.000,216.923,2.750,3.000,0.7200,0.450,0.000,105.0,422000,10,5.0,0.800000,0.4544000,0.0071400,-0.0301000
xfoil,r2a-sm5,mid,325.000,216.923,2.750,3.000,0.7200,0.450,0.000,105.0,422000,10,5.0,1.300000,0.5114000,0.0074100,-0.0302000
xfoil,r2a-sm5,mid,325.000,216.923,2.750,3.000,0.7200,0.450,0.000,105.0,422000,10,5.0,1.800000,0.5683000,0.0077300,-0.0304000
xfoil,r2a-sm5,mid,325.000,216.923,2.750,3.000,0.7200,0.450,0.000,105.0,422000,10,5.0,2.300000,0.6249000,0.0081200,-0.0306000
xfoil,r2a-sm5,mid,325.000,216.923,2.750,3.000,0.7200,0.450,0.000,105.0,422000,10,5.0,2.800000,0.6812000,0.0085600,-0.0308000
xfoil,r2a-sm5,mid,325.000,216.923,2.750,3.000,0.7200,0.450,0.000,105.0,422000,10,5.0,3.300000,0.7370000,0.0090600,-0.0310000
xfoil,r2a-sm5,mid,325.000,216.923,2.750,3.000,0.7200,0.450,0.000,105.0,422000,10,5.0,3.800000,0.7925000,0.0095800,-0.0312000
xfoil,r2a-sm5,mid,325.000,216.923,2.750,3.000,0.7200,0.450,0.000,105.0,422000,10,5.0,4.300000,0.8474000,0.0101500,-0.0313000
xfoil,r2a-sm5,mid,325.000,216.923,2.750,3.000,0.7200,0.450,0.000,105.0,422000,10,5.0,4.800000,0.9016000,0.0108000,-0.0313000
xfoil,r2a-sm5,mid,325.000,216.923,2.750,3.000,0.7200,0.450,0.000,105.0,422000,10,5.0,5.300000,0.9551000,0.0114800,-0.0313000
xfoil,r2a-sm5,mid,325.000,216.923,2.750,3.000,0.7200,0.450,0.000,105.0,422000,10,5.0,5.800000,1.0074000,0.0122800,-0.0311000
xfoil,r2a-sm5,mid,325.000,216.923,2.750,3.000,0.7200,0.450,0.000,105.0,422000,10,5.0,6.300000,1.0584000,0.0131800,-0.0309000
xfoil,r2a-sm5,mid,325.000,216.923,2.750,3.000,0.7200,0.450,0.000,105.0,422000,10,5.0,6.800000,1.1082000,0.0141700,-0.0306000
xfoil,r2a-sm5,root,0.000,289.231,3.000,3.000,0.7200,0.450,0.000,45.0,241000,6,-5.0,-1.800000,-0.5565000,0.0129100,0.0778000
xfoil,r2a-sm5,root,0.000,289.231,3.000,3.000,0.7200,0.450,0.000,45.0,241000,6,-5.0,-1.300000,-0.5062000,0.0121700,0.0791000
xfoil,r2a-sm5,root,0.000,289.231,3.000,3.000,0.7200,0.450,0.000,45.0,241000,6,-5.0,-0.800000,-0.4577000,0.0113000,0.0807000
xfoil,r2a-sm5,root,0.000,289.231,3.000,3.000,0.7200,0.450,0.000,45.0,241000,6,-5.0,-0.300000,-0.4176000,0.0104900,0.0852000
xfoil,r2a-sm5,root,0.000,289.231,3.000,3.000,0.7200,0.450,0.000,45.0,241000,6,-5.0,0.200000,-0.3641000,0.0106100,0.0866000
xfoil,r2a-sm5,root,0.000,289.231,3.000,3.000,0.7200,0.450,0.000,45.0,241000,6,-5.0,0.700000,-0.3095000,0.0107300,0.0879000
xfoil,r2a-sm5,root,0.000,289.231,3.000,3.000,0.7200,0.450,0.000,45.0,241000,6,-5.0,1.200000,-0.2534000,0.0108700,0.0888000
xfoil,r2a-sm5,root,0.000,289.231,3.000,3.000,0.7200,0.450,0.000,45.0,241000,6,-5.0,1.700000,-0.1978000,0.0109700,0.0897000
xfoil,r2a-sm5,root,0.000,289.231,3.000,3.000,0.7200,0.450,0.000,45.0,241000,6,-5.0,2.200000,-0.1412000,0.0110800,0.0902000
xfoil,r2a-sm5,root,0.000,289.231,3.000,3.000,0.7200,0.450,0.000,45.0,241000,6,-5.0,2.700000,-0.0839000,0.0112000,0.0905000
xfoil,r2a-sm5,root,0.000,289.231,3.000,3.000,0.7200,0.450,0.000,45.0,241000,6,-5.0,3.200000,-0.0268000,0.0113300,0.0908000
xfoil,r2a-sm5,root,0.000,289.231,3.000,3.000,0.7200,0.450,0.000,45.0,241000,6,-5.0,3.700000,0.0299000,0.0114900,0.0910000
xfoil,r2a-sm5,root,0.000,289.231,3.000,3.000,0.7200,0.450,0.000,45.0,241000,6,-5.0,4.200000,0.0871000,0.0117100,0.0911000
xfoil,r2a-sm5,root,0.000,289.231,3.000,3.000,0.7200,0.450,0.000,45.0,241000,6,-5.0,4.700000,0.1490000,0.0119400,0.0901000
xfoil,r2a-sm5,root,0.000,289.231,3.000,3.000,0.7200,0.450,0.000,45.0,241000,6,-5.0,5.200000,0.2066000,0.0120200,0.0892000
xfoil,r2a-sm5,root,0.000,289.231,3.000,3.000,0.7200,0.450,0.000,45.0,241000,6,-5.0,5.700000,0.2645000,0.0121600,0.0883000
xfoil,r2a-sm5,root,0.000,289.231,3.000,3.000,0.7200,0.450,0.000,45.0,241000,6,-5.0,6.200000,0.3226000,0.0123600,0.0873000
xfoil,r2a-sm5,root,0.000,289.231,3.000,3.000,0.7200,0.450,0.000,45.0,241000,6,-5.0,6.700000,0.3809000,0.0126100,0.0861000
xfoil,r2a-sm5,root,0.000,289.231,3.000,3.000,0.7200,0.450,0.000,45.0,241000,6,-5.0,7.200000,0.4391000,0.0129300,0.0850000
xfoil,r2a-sm5,root,0.000,289.231,3.000,3.000,0.7200,0.450,0.000,45.0,241000,6,-5.0,7.700000,0.4971000,0.0133100,0.0837000
xfoil,r2a-sm5,root,0.000,289.231,3.000,3.000,0.7200,0.450,0.000,45.0,241000,6,-5.0,8.200000,0.5547000,0.0137600,0.0824000
xfoil,r2a-sm5,root,0.000,289.231,3.000,3.000,0.7200,0.450,0.000,45.0,241000,6,-5.0,8.700000,0.6118000,0.0143000,0.0811000
xfoil,r2a-sm5,root,0.000,289.231,3.000,3.000,0.7200,0.450,0.000,45.0,241000,6,-5.0,9.200000,0.6695000,0.0149400,0.0795000
xfoil,r2a-sm5,root,0.000,289.231,3.000,3.000,0.7200,0.450,0.000,45.0,241000,6,-5.0,9.700000,0.7267000,0.0156800,0.0778000
xfoil,r2a-sm5,root,0.000,289.231,3.000,3.000,0.7200,0.450,0.000,45.0,241000,6,-5.0,10.200000,0.7830000,0.0165200,0.0760000
xfoil,r2a-sm5,root,0.000,289.231,3.000,3.000,0.7200,0.450,0.000,45.0,241000,6,-5.0,10.700000,0.8377000,0.0175000,0.0742000
xfoil,r2a-sm5,root,0.000,289.231,3.000,3.000,0.7200,0.450,0.000,45.0,241000,6,-5.0,11.200000,0.8931000,0.0187100,0.0717000
xfoil,r2a-sm5,root,0.000,289.231,3.000,3.000,0.7200,0.450,0.000,45.0,241000,6,-5.0,11.700000,0.9467000,0.0201500,0.0689000
xfoil,r2a-sm5,root,0.000,289.231,3.000,3.000,0.7200,0.450,0.000,45.0,241000,6,-5.0,12.200000,1.0014000,0.0219400,0.0648000
xfoil,r2a-sm5,root,0.000,289.231,3.000,3.000,0.7200,0.450,0.000,45.0,241000,6,-5.0,12.700000,1.0567000,0.0245300,0.0583000
xfoil,r2a-sm5,root,0.000,289.231,3.000,3.000,0.7200,0.450,0.000,45.0,241000,6,-5.0,13.200000,1.1069000,0.0277300,0.0512000
xfoil,r2a-sm5,root,0.000,289.231,3.000,3.000,0.7200,0.450,0.000,45.0,241000,6,0.0,-5.000000,-0.5700000,0.0140400,0.0255000
xfoil,r2a-sm5,root,0.000,289.231,3.000,3.000,0.7200,0.450,0.000,45.0,241000,6,0.0,-4.500000,-0.5158000,0.0134600,0.0258000
xfoil,r2a-sm5,root,0.000,289.231,3.000,3.000,0.7200,0.450,0.000,45.0,241000,6,0.0,-4.000000,-0.4610000,0.0129600,0.0262000
xfoil,r2a-sm5,root,0.000,289.231,3.000,3.000,0.7200,0.450,0.000,45.0,241000,6,0.0,-3.500000,-0.4058000,0.0124600,0.0265000
xfoil,r2a-sm5,root,0.000,289.231,3.000,3.000,0.7200,0.450,0.000,45.0,241000,6,0.0,-3.000000,-0.3504000,0.0119600,0.0267000
xfoil,r2a-sm5,root,0.000,289.231,3.000,3.000,0.7200,0.450,0.000,45.0,241000,6,0.0,-2.500000,-0.2951000,0.0114800,0.0270000
xfoil,r2a-sm5,root,0.000,289.231,3.000,3.000,0.7200,0.450,0.000,45.0,241000,6,0.0,-2.000000,-0.2403000,0.0109900,0.0275000
xfoil,r2a-sm5,root,0.000,289.231,3.000,3.000,0.7200,0.450,0.000,45.0,241000,6,0.0,-1.500000,-0.1862000,0.0104700,0.0282000
xfoil,r2a-sm5,root,0.000,289.231,3.000,3.000,0.7200,0.450,0.000,45.0,241000,6,0.0,-1.000000,-0.1338000,0.0098400,0.0293000
xfoil,r2a-sm5,root,0.000,289.231,3.000,3.000,0.7200,0.450,0.000,45.0,241000,6,0.0,-0.500000,-0.0829000,0.0095600,0.0315000
xfoil,r2a-sm5,root,0.000,289.231,3.000,3.000,0.7200,0.450,0.000,45.0,241000,6,0.0,-0.000000,-0.0279000,0.0095200,0.0325000
xfoil,r2a-sm5,root,0.000,289.231,3.000,3.000,0.7200,0.450,0.000,45.0,241000,6,0.0,0.500000,0.0284000,0.0095500,0.0333000
xfoil,r2a-sm5,root,0.000,289.231,3.000,3.000,0.7200,0.450,0.000,45.0,241000,6,0.0,1.000000,0.0868000,0.0096200,0.0335000
xfoil,r2a-sm5,root,0.000,289.231,3.000,3.000,0.7200,0.450,0.000,45.0,241000,6,0.0,1.500000,0.1504000,0.0097700,0.0325000
xfoil,r2a-sm5,root,0.000,289.231,3.000,3.000,0.7200,0.450,0.000,45.0,241000,6,0.0,2.000000,0.2193000,0.0099800,0.0302000
xfoil,r2a-sm5,root,0.000,289.231,3.000,3.000,0.7200,0.450,0.000,45.0,241000,6,0.0,2.500000,0.2915000,0.0102400,0.0271000
xfoil,r2a-sm5,root,0.000,289.231,3.000,3.000,0.7200,0.450,0.000,45.0,241000,6,0.0,3.000000,0.3656000,0.0105200,0.0233000
xfoil,r2a-sm5,root,0.000,289.231,3.000,3.000,0.7200,0.450,0.000,45.0,241000,6,0.0,3.500000,0.4400000,0.0108300,0.0193000
xfoil,r2a-sm5,root,0.000,289.231,3.000,3.000,0.7200,0.450,0.000,45.0,241000,6,0.0,4.000000,0.5183000,0.0111500,0.0144000
xfoil,r2a-sm5,root,0.000,289.231,3.000,3.000,0.7200,0.450,0.000,45.0,241000,6,0.0,4.500000,0.5786000,0.0114600,0.0129000
xfoil,r2a-sm5,root,0.000,289.231,3.000,3.000,0.7200,0.450,0.000,45.0,241000,6,0.0,5.000000,0.6286000,0.0118100,0.0134000
xfoil,r2a-sm5,root,0.000,289.231,3.000,3.000,0.7200,0.450,0.000,45.0,241000,6,0.0,5.500000,0.6780000,0.0122300,0.0141000
xfoil,r2a-sm5,root,0.000,289.231,3.000,3.000,0.7200,0.450,0.000,45.0,241000,6,0.0,6.000000,0.7275000,0.0127100,0.0147000
xfoil,r2a-sm5,root,0.000,289.231,3.000,3.000,0.7200,0.450,0.000,45.0,241000,6,0.0,6.500000,0.7772000,0.0132700,0.0153000
xfoil,r2a-sm5,root,0.000,289.231,3.000,3.000,0.7200,0.450,0.000,45.0,241000,6,0.0,7.000000,0.8268000,0.0139000,0.0158000
xfoil,r2a-sm5,root,0.000,289.231,3.000,3.000,0.7200,0.450,0.000,45.0,241000,6,0.0,7.500000,0.8761000,0.0146100,0.0162000
xfoil,r2a-sm5,root,0.000,289.231,3.000,3.000,0.7200,0.450,0.000,45.0,241000,6,0.0,8.000000,0.9251000,0.0154000,0.0166000
xfoil,r2a-sm5,root,0.000,289.231,3.000,3.000,0.7200,0.450,0.000,45.0,241000,6,0.0,8.500000,0.9733000,0.0163100,0.0170000
xfoil,r2a-sm5,root,0.000,289.231,3.000,3.000,0.7200,0.450,0.000,45.0,241000,6,0.0,9.000000,1.0205000,0.0173200,0.0173000
xfoil,r2a-sm5,root,0.000,289.231,3.000,3.000,0.7200,0.450,0.000,45.0,241000,6,0.0,9.500000,1.0665000,0.0184200,0.0176000
xfoil,r2a-sm5,root,0.000,289.231,3.000,3.000,0.7200,0.450,0.000,45.0,241000,6,0.0,10.000000,1.1102000,0.0196900,0.0180000
xfoil,r2a-sm5,root,0.000,289.231,3.000,3.000,0.7200,0.450,0.000,45.0,241000,6,5.0,-8.200000,-0.5638000,0.0157300,-0.0305000
xfoil,r2a-sm5,root,0.000,289.231,3.000,3.000,0.7200,0.450,0.000,45.0,241000,6,5.0,-7.700000,-0.5124000,0.0147300,-0.0299000
xfoil,r2a-sm5,root,0.000,289.231,3.000,3.000,0.7200,0.450,0.000,45.0,241000,6,5.0,-7.200000,-0.4596000,0.0139700,-0.0295000
xfoil,r2a-sm5,root,0.000,289.231,3.000,3.000,0.7200,0.450,0.000,45.0,241000,6,5.0,-6.700000,-0.4057000,0.0133700,-0.0290000
xfoil,r2a-sm5,root,0.000,289.231,3.000,3.000,0.7200,0.450,0.000,45.0,241000,6,5.0,-6.200000,-0.3508000,0.0128100,-0.0288000
xfoil,r2a-sm5,root,0.000,289.231,3.000,3.000,0.7200,0.450,0.000,45.0,241000,6,5.0,-5.700000,-0.2956000,0.0123300,-0.0286000
xfoil,r2a-sm5,root,0.000,289.231,3.000,3.000,0.7200,0.450,0.000,45.0,241000,6,5.0,-5.200000,-0.2399000,0.0119000,-0.0284000
xfoil,r2a-sm5,root,0.000,289.231,3.000,3.000,0.7200,0.450,0.000,45.0,241000,6,5.0,-4.700000,-0.1842000,0.0114900,-0.0281000
xfoil,r2a-sm5,root,0.000,289.231,3.000,3.000,0.7200,0.450,0.000,45.0,241000,6,5.0,-4.200000,-0.1276000,0.0111200,-0.0280000
xfoil,r2a-sm5,root,0.000,289.231,3.000,3.000,0.7200,0.450,0.000,45.0,241000,6,5.0,-3.700000,-0.0715000,0.0107700,-0.0277000
xfoil,r2a-sm5,root,0.000,289.231,3.000,3.000,0.7200,0.450,0.000,45.0,241000,6,5.0,-3.200000,-0.0150000,0.0104700,-0.0275000
xfoil,r2a-sm5,root,0.000,289.231,3.000,3.000,0.7200,0.450,0.000,45.0,241000,6,5.0,-2.700000,0.0411000,0.0102200,-0.0272000
xfoil,r2a-sm5,root,0.000,289.231,3.000,3.000,0.7200,0.450,0.000,45.0,241000,6,5.0,-2.200000,0.0971000,0.0100500,-0.0268000
xfoil,r2a-sm5,root,0.000,289.231,3.000,3.000,0.7200,0.450,0.000,45.0,241000,6,5.0,-1.700000,0.1532000,0.0099600,-0.0264000
xfoil,r2a-sm5,root,0.000,289.231,3.000,3.000,0.7200,0.450,0.000,45.0,241000,6,5.0,-1.200000,0.2094000,0.0099200,-0.0261000
xfoil,r2a-sm5,root,0.000,289.231,3.000,3.000,0.7200,0.450,0.000,45.0,241000,6,5.0,-0.700000,0.2659000,0.0099200,-0.0258000
xfoil,r2a-sm5,root,0.000,289.231,3.000,3.000,0.7200,0.450,0.000,45.0,241000,6,5.0,-0.200000,0.3218000,0.0098700,-0.0255000
xfoil,r2a-sm5,root,0.000,289.231,3.000,3.000,0.7200,0.450,0.000,45.0,241000,6,5.0,0.300000,0.3758000,0.0097600,-0.0246000
xfoil,r2a-sm5,root,0.000,289.231,3.000,3.000,0.7200,0.450,0.000,45.0,241000,6,5.0,0.800000,0.4410000,0.0096700,-0.0257000
xfoil,r2a-sm5,root,0.000,289.231,3.000,3.000,0.7200,0.450,0.000,45.0,241000,6,5.0,1.300000,0.5170000,0.0099300,-0.0300000
xfoil,r2a-sm5,root,0.000,289.231,3.000,3.000,0.7200,0.450,0.000,45.0,241000,6,5.0,1.800000,0.5721000,0.0103100,-0.0300000
xfoil,r2a-sm5,root,0.000,289.231,3.000,3.000,0.7200,0.450,0.000,45.0,241000,6,5.0,2.300000,0.6272000,0.0107200,-0.0300000
xfoil,r2a-sm5,root,0.000,289.231,3.000,3.000,0.7200,0.450,0.000,45.0,241000,6,5.0,2.800000,0.6819000,0.0111900,-0.0299000
xfoil,r2a-sm5,root,0.000,289.231,3.000,3.000,0.7200,0.450,0.000,45.0,241000,6,5.0,3.300000,0.7364000,0.0116800,-0.0299000
xfoil,r2a-sm5,root,0.000,289.231,3.000,3.000,0.7200,0.450,0.000,45.0,241000,6,5.0,3.800000,0.7902000,0.0122400,-0.0297000
xfoil,r2a-sm5,root,0.000,289.231,3.000,3.000,0.7200,0.450,0.000,45.0,241000,6,5.0,4.300000,0.8436000,0.0128200,-0.0296000
xfoil,r2a-sm5,root,0.000,289.231,3.000,3.000,0.7200,0.450,0.000,45.0,241000,6,5.0,4.800000,0.8963000,0.0134500,-0.0294000
xfoil,r2a-sm5,root,0.000,289.231,3.000,3.000,0.7200,0.450,0.000,45.0,241000,6,5.0,5.300000,0.9481000,0.0141300,-0.0291000
xfoil,r2a-sm5,root,0.000,289.231,3.000,3.000,0.7200,0.450,0.000,45.0,241000,6,5.0,5.800000,0.9990000,0.0148800,-0.0287000
xfoil,r2a-sm5,root,0.000,289.231,3.000,3.000,0.7200,0.450,0.000,45.0,241000,6,5.0,6.300000,1.0486000,0.0157000,-0.0282000
xfoil,r2a-sm5,root,0.000,289.231,3.000,3.000,0.7200,0.450,0.000,45.0,241000,6,5.0,6.800000,1.0968000,0.0166000,-0.0275000
xfoil,r2a-sm5,root,0.000,289.231,3.000,3.000,0.7200,0.450,0.000,45.0,241000,6,10.0,-11.400000,-0.5413000,0.0205200,-0.0875000
xfoil,r2a-sm5,root,0.000,289.231,3.000,3.000,0.7200,0.450,0.000,45.0,241000,6,10.0,-10.900000,-0.4905000,0.0191600,-0.0880000
xfoil,r2a-sm5,root,0.000,289.231,3.000,3.000,0.7200,0.450,0.000,45.0,241000,6,10.0,-10.400000,-0.4362000,0.0179400,-0.0890000
xfoil,r2a-sm5,root,0.000,289.231,3.000,3.000,0.7200,0.450,0.000,45.0,241000,6,10.0,-9.900000,-0.3837000,0.0168400,-0.0892000
xfoil,r2a-sm5,root,0.000,289.231,3.000,3.000,0.7200,0.450,0.000,45.0,241000,6,10.0,-9.400000,-0.3309000,0.0159100,-0.0893000
xfoil,r2a-sm5,root,0.000,289.231,3.000,3.000,0.7200,0.450,0.000,45.0,241000,6,10.0,-8.900000,-0.2759000,0.0152300,-0.0897000
xfoil,r2a-sm5,root,0.000,289.231,3.000,3.000,0.7200,0.450,0.000,45.0,241000,6,10.0,-8.400000,-0.2227000,0.0147000,-0.0893000
xfoil,r2a-sm5,root,0.000,289.231,3.000,3.000,0.7200,0.450,0.000,45.0,241000,6,10.0,-7.900000,-0.1663000,0.0143100,-0.0898000
xfoil,r2a-sm5,root,0.000,289.231,3.000,3.000,0.7200,0.450,0.000,45.0,241000,6,10.0,-7.400000,-0.1128000,0.0139100,-0.0891000
xfoil,r2a-sm5,root,0.000,289.231,3.000,3.000,0.7200,0.450,0.000,45.0,241000,6,10.0,-6.900000,-0.0577000,0.0135700,-0.0889000
xfoil,r2a-sm5,root,0.000,289.231,3.000,3.000,0.7200,0.450,0.000,45.0,241000,6,10.0,-6.400000,-0.0028000,0.0132500,-0.0885000
xfoil,r2a-sm5,root,0.000,289.231,3.000,3.000,0.7200,0.450,0.000,45.0,241000,6,10.0,-5.900000,0.0518000,0.0129000,-0.0878000
xfoil,r2a-sm5,root,0.000,289.231,3.000,3.000,0.7200,0.450,0.000,45.0,241000,6,10.0,-5.400000,0.1060000,0.0125300,-0.0868000
xfoil,r2a-sm5,root,0.000,289.231,3.000,3.000,0.7200,0.450,0.000,45.0,241000,6,10.0,-4.900000,0.1614000,0.0121900,-0.0863000
xfoil,r2a-sm5,root,0.000,289.231,3.000,3.000,0.7200,0.450,0.000,45.0,241000,6,10.0,-4.400000,0.2169000,0.0118400,-0.0856000
xfoil,r2a-sm5,root,0.000,289.231,3.000,3.000,0.7200,0.450,0.000,45.0,241000,6,10.0,-3.900000,0.2728000,0.0115100,-0.0851000
xfoil,r2a-sm5,root,0.000,289.231,3.000,3.000,0.7200,0.450,0.000,45.0,241000,6,10.0,-3.400000,0.3293000,0.0112100,-0.0848000
xfoil,r2a-sm5,root,0.000,289.231,3.000,3.000,0.7200,0.450,0.000,45.0,241000,6,10.0,-2.900000,0.3861000,0.0109600,-0.0846000
xfoil,r2a-sm5,root,0.000,289.231,3.000,3.000,0.7200,0.450,0.000,45.0,241000,6,10.0,-2.400000,0.4427000,0.0106800,-0.0842000
xfoil,r2a-sm5,root,0.000,289.231,3.000,3.000,0.7200,0.450,0.000,45.0,241000,6,10.0,-1.900000,0.4960000,0.0102300,-0.0821000
xfoil,r2a-sm5,root,0.000,289.231,3.000,3.000,0.7200,0.450,0.000,45.0,241000,6,10.0,-1.400000,0.5499000,0.0104900,-0.0811000
xfoil,r2a-sm5,root,0.000,289.231,3.000,3.000,0.7200,0.450,0.000,45.0,241000,6,10.0,-0.900000,0.6047000,0.0108700,-0.0806000
xfoil,r2a-sm5,root,0.000,289.231,3.000,3.000,0.7200,0.450,0.000,45.0,241000,6,10.0,-0.400000,0.6592000,0.0112800,-0.0801000
xfoil,r2a-sm5,root,0.000,289.231,3.000,3.000,0.7200,0.450,0.000,45.0,241000,6,10.0,0.100000,0.7131000,0.0117200,-0.0796000
xfoil,r2a-sm5,root,0.000,289.231,3.000,3.000,0.7200,0.450,0.000,45.0,241000,6,10.0,0.600000,0.7662000,0.0121200,-0.0791000
xfoil,r2a-sm5,root,0.000,289.231,3.000,3.000,0.7200,0.450,0.000,45.0,241000,6,10.0,1.100000,0.8185000,0.0125000,-0.0785000
xfoil,r2a-sm5,root,0.000,289.231,3.000,3.000,0.7200,0.450,0.000,45.0,241000,6,10.0,1.600000,0.8699000,0.0128600,-0.0778000
xfoil,r2a-sm5,root,0.000,289.231,3.000,3.000,0.7200,0.450,0.000,45.0,241000,6,10.0,2.100000,0.9199000,0.0132100,-0.0768000
xfoil,r2a-sm5,root,0.000,289.231,3.000,3.000,0.7200,0.450,0.000,45.0,241000,6,10.0,2.600000,0.9742000,0.0133800,-0.0766000
xfoil,r2a-sm5,root,0.000,289.231,3.000,3.000,0.7200,0.450,0.000,45.0,241000,6,10.0,3.100000,1.0245000,0.0141000,-0.0759000
xfoil,r2a-sm5,root,0.000,289.231,3.000,3.000,0.7200,0.450,0.000,45.0,241000,6,10.0,3.600000,1.0734000,0.0148800,-0.0751000
xfoil,r2a-sm5,root,0.000,289.231,3.000,3.000,0.7200,0.450,0.000,45.0,241000,10,-5.0,-1.300000,-0.5203000,0.0124600,0.0806000
xfoil,r2a-sm5,root,0.000,289.231,3.000,3.000,0.7200,0.450,0.000,45.0,241000,10,-5.0,-0.800000,-0.4729000,0.0129800,0.0845000
xfoil,r2a-sm5,root,0.000,289.231,3.000,3.000,0.7200,0.450,0.000,45.0,241000,10,-5.0,-0.300000,-0.4189000,0.0136100,0.0878000
xfoil,r2a-sm5,root,0.000,289.231,3.000,3.000,0.7200,0.450,0.000,45.0,241000,10,-5.0,0.200000,-0.3533000,0.0142900,0.0889000
xfoil,r2a-sm5,root,0.000,289.231,3.000,3.000,0.7200,0.450,0.000,45.0,241000,10,-5.0,0.700000,-0.2669000,0.0149500,0.0855000
xfoil,r2a-sm5,root,0.000,289.231,3.000,3.000,0.7200,0.450,0.000,45.0,241000,10,-5.0,1.200000,-0.1748000,0.0153000,0.0800000
xfoil,r2a-sm5,root,0.000,289.231,3.000,3.000,0.7200,0.450,0.000,45.0,241000,10,-5.0,1.700000,-0.0918000,0.0153300,0.0756000
xfoil,r2a-sm5,root,0.000,289.231,3.000,3.000,0.7200,0.450,0.000,45.0,241000,10,-5.0,2.200000,-0.0079000,0.0152100,0.0706000
xfoil,r2a-sm5,root,0.000,289.231,3.000,3.000,0.7200,0.450,0.000,45.0,241000,10,-5.0,2.700000,0.0746000,0.0149800,0.0656000
xfoil,r2a-sm5,root,0.000,289.231,3.000,3.000,0.7200,0.450,0.000,45.0,241000,10,-5.0,3.200000,0.1614000,0.0146800,0.0594000
xfoil,r2a-sm5,root,0.000,289.231,3.000,3.000,0.7200,0.450,0.000,45.0,241000,10,-5.0,3.700000,0.2517000,0.0142600,0.0523000
xfoil,r2a-sm5,root,0.000,289.231,3.000,3.000,0.7200,0.450,0.000,45.0,241000,10,-5.0,4.200000,0.3066000,0.0141600,0.0521000
xfoil,r2a-sm5,root,0.000,289.231,3.000,3.000,0.7200,0.450,0.000,45.0,241000,10,-5.0,4.700000,0.3619000,0.0141300,0.0518000
xfoil,r2a-sm5,root,0.000,289.231,3.000,3.000,0.7200,0.450,0.000,45.0,241000,10,-5.0,5.200000,0.4173000,0.0141700,0.0513000
xfoil,r2a-sm5,root,0.000,289.231,3.000,3.000,0.7200,0.450,0.000,45.0,241000,10,-5.0,5.700000,0.4728000,0.0142600,0.0509000
xfoil,r2a-sm5,root,0.000,289.231,3.000,3.000,0.7200,0.450,0.000,45.0,241000,10,-5.0,6.200000,0.5283000,0.0144200,0.0503000
xfoil,r2a-sm5,root,0.000,289.231,3.000,3.000,0.7200,0.450,0.000,45.0,241000,10,-5.0,6.700000,0.5838000,0.0146400,0.0497000
xfoil,r2a-sm5,root,0.000,289.231,3.000,3.000,0.7200,0.450,0.000,45.0,241000,10,-5.0,7.200000,0.6390000,0.0149400,0.0490000
xfoil,r2a-sm5,root,0.000,289.231,3.000,3.000,0.7200,0.450,0.000,45.0,241000,10,-5.0,7.700000,0.6941000,0.0153100,0.0483000
xfoil,r2a-sm5,root,0.000,289.231,3.000,3.000,0.7200,0.450,0.000,45.0,241000,10,-5.0,8.200000,0.7487000,0.0157700,0.0475000
xfoil,r2a-sm5,root,0.000,289.231,3.000,3.000,0.7200,0.450,0.000,45.0,241000,10,-5.0,8.700000,0.8028000,0.0163300,0.0467000
xfoil,r2a-sm5,root,0.000,289.231,3.000,3.000,0.7200,0.450,0.000,45.0,241000,10,-5.0,9.200000,0.8538000,0.0169900,0.0464000
xfoil,r2a-sm5,root,0.000,289.231,3.000,3.000,0.7200,0.450,0.000,45.0,241000,10,-5.0,9.700000,0.8998000,0.0177500,0.0469000
xfoil,r2a-sm5,root,0.000,289.231,3.000,3.000,0.7200,0.450,0.000,45.0,241000,10,-5.0,10.200000,0.9468000,0.0186300,0.0469000
xfoil,r2a-sm5,root,0.000,289.231,3.000,3.000,0.7200,0.450,0.000,45.0,241000,10,-5.0,10.700000,0.9950000,0.0196400,0.0464000
xfoil,r2a-sm5,root,0.000,289.231,3.000,3.000,0.7200,0.450,0.000,45.0,241000,10,-5.0,11.200000,1.0416000,0.0207600,0.0457000
xfoil,r2a-sm5,root,0.000,289.231,3.000,3.000,0.7200,0.450,0.000,45.0,241000,10,-5.0,11.700000,1.0887000,0.0220500,0.0443000
xfoil,r2a-sm5,root,0.000,289.231,3.000,3.000,0.7200,0.450,0.000,45.0,241000,10,-5.0,12.200000,1.1290000,0.0235500,0.0434000
xfoil,r2a-sm5,root,0.000,289.231,3.000,3.000,0.7200,0.450,0.000,45.0,241000,10,-5.0,12.700000,1.1505000,0.0253400,0.0449000
xfoil,r2a-sm5,root,0.000,289.231,3.000,3.000,0.7200,0.450,0.000,45.0,241000,10,-5.0,13.200000,1.1307000,0.0271400,0.0514000
xfoil,r2a-sm5,root,0.000,289.231,3.000,3.000,0.7200,0.450,0.000,45.0,241000,10,0.0,-5.000000,-0.5577000,0.0143100,0.0207000
xfoil,r2a-sm5,root,0.000,289.231,3.000,3.000,0.7200,0.450,0.000,45.0,241000,10,0.0,-4.500000,-0.5047000,0.0138400,0.0213000
xfoil,r2a-sm5,root,0.000,289.231,3.000,3.000,0.7200,0.450,0.000,45.0,241000,10,0.0,-4.000000,-0.4512000,0.0133800,0.0219000
xfoil,r2a-sm5,root,0.000,289.231,3.000,3.000,0.7200,0.450,0.000,45.0,241000,10,0.0,-3.500000,-0.3982000,0.0129200,0.0227000
xfoil,r2a-sm5,root,0.000,289.231,3.000,3.000,0.7200,0.450,0.000,45.0,241000,10,0.0,-3.000000,-0.3460000,0.0124600,0.0238000
xfoil,r2a-sm5,root,0.000,289.231,3.000,3.000,0.7200,0.450,0.000,45.0,241000,10,0.0,-2.500000,-0.2935000,0.0119300,0.0247000
xfoil,r2a-sm5,root,0.000,289.231,3.000,3.000,0.7200,0.450,0.000,45.0,241000,10,0.0,-2.000000,-0.2434000,0.0112000,0.0264000
xfoil,r2a-sm5,root,0.000,289.231,3.000,3.000,0.7200,0.450,0.000,45.0,241000,10,0.0,-1.500000,-0.1967000,0.0108600,0.0300000
xfoil,r2a-sm5,root,0.000,289.231,3.000,3.000,0.7200,0.450,0.000,45.0,241000,10,0.0,-1.000000,-0.1454000,0.0108500,0.0326000
xfoil,r2a-sm5,root,0.000,289.231,3.000,3.000,0.7200,0.450,0.000,45.0,241000,10,0.0,-0.500000,-0.0901000,0.0108800,0.0347000
xfoil,r2a-sm5,root,0.000,289.231,3.000,3.000,0.7200,0.450,0.000,45.0,241000,10,0.0,-0.000000,-0.0192000,0.0110100,0.0332000
xfoil,r2a-sm5,root,0.000,289.231,3.000,3.000,0.7200,0.450,0.000,45.0,241000,10,0.0,0.500000,0.0704000,0.0111500,0.0276000
xfoil,r2a-sm5,root,0.000,289.231,3.000,3.000,0.7200,0.450,0.000,45.0,241000,10,0.0,1.000000,0.1620000,0.0111900,0.0210000
xfoil,r2a-sm5,root,0.000,289.231,3.000,3.000,0.7200,0.450,0.000,45.0,241000,10,0.0,1.500000,0.2547000,0.0111100,0.0137000
xfoil,r2a-sm5,root,0.000,289.231,3.000,3.000,0.7200,0.450,0.000,45.0,241000,10,0.0,2.000000,0.3166000,0.0110000,0.0121000
xfoil,r2a-sm5,root,0.000,289.231,3.000,3.000,0.7200,0.450,0.000,45.0,241000,10,0.0,2.500000,0.3702000,0.0109700,0.0122000
xfoil,r2a-sm5,root,0.000,289.231,3.000,3.000,0.7200,0.450,0.000,45.0,241000,10,0.0,3.000000,0.4242000,0.0110200,0.0121000
xfoil,r2a-sm5,root,0.000,289.231,3.000,3.000,0.7200,0.450,0.000,45.0,241000,10,0.0,3.500000,0.4771000,0.0111600,0.0123000
xfoil,r2a-sm5,root,0.000,289.231,3.000,3.000,0.7200,0.450,0.000,45.0,241000,10,0.0,4.000000,0.5290000,0.0113900,0.0126000
xfoil,r2a-sm5,root,0.000,289.231,3.000,3.000,0.7200,0.450,0.000,45.0,241000,10,0.0,4.500000,0.5801000,0.0116600,0.0130000
xfoil,r2a-sm5,root,0.000,289.231,3.000,3.000,0.7200,0.450,0.000,45.0,241000,10,0.0,5.000000,0.6300000,0.0120100,0.0136000
xfoil,r2a-sm5,root,0.000,289.231,3.000,3.000,0.7200,0.450,0.000,45.0,241000,10,0.0,5.500000,0.6794000,0.0124400,0.0144000
xfoil,r2a-sm5,root,0.000,289.231,3.000,3.000,0.7200,0.450,0.000,45.0,241000,10,0.0,6.000000,0.7287000,0.0129500,0.0151000
xfoil,r2a-sm5,root,0.000,289.231,3.000,3.000,0.7200,0.450,0.000,45.0,241000,10,0.0,6.500000,0.7783000,0.0135400,0.0157000
xfoil,r2a-sm5,root,0.000,289.231,3.000,3.000,0.7200,0.450,0.000,45.0,241000,10,0.0,7.000000,0.8280000,0.0141800,0.0163000
xfoil,r2a-sm5,root,0.000,289.231,3.000,3.000,0.7200,0.450,0.000,45.0,241000,10,0.0,7.500000,0.8774000,0.0149100,0.0169000
xfoil,r2a-sm5,root,0.000,289.231,3.000,3.000,0.7200,0.450,0.000,45.0,241000,10,0.0,8.000000,0.9264000,0.0157300,0.0173000
xfoil,r2a-sm5,root,0.000,289.231,3.000,3.000,0.7200,0.450,0.000,45.0,241000,10,0.0,8.500000,0.9748000,0.0166500,0.0178000
xfoil,r2a-sm5,root,0.000,289.231,3.000,3.000,0.7200,0.450,0.000,45.0,241000,10,0.0,9.000000,1.0221000,0.0176900,0.0182000
xfoil,r2a-sm5,root,0.000,289.231,3.000,3.000,0.7200,0.450,0.000,45.0,241000,10,0.0,9.500000,1.0680000,0.0188400,0.0187000
xfoil,r2a-sm5,root,0.000,289.231,3.000,3.000,0.7200,0.450,0.000,45.0,241000,10,0.0,10.000000,1.1119000,0.0201000,0.0191000
xfoil,r2a-sm5,root,0.000,289.231,3.000,3.000,0.7200,0.450,0.000,45.0,241000,10,5.0,-8.200000,-0.5109000,0.0157600,-0.0459000
xfoil,r2a-sm5,root,0.000,289.231,3.000,3.000,0.7200,0.450,0.000,45.0,241000,10,5.0,-7.700000,-0.4667000,0.0149400,-0.0438000
xfoil,r2a-sm5,root,0.000,289.231,3.000,3.000,0.7200,0.450,0.000,45.0,241000,10,5.0,-7.200000,-0.4203000,0.0144800,-0.0417000
xfoil,r2a-sm5,root,0.000,289.231,3.000,3.000,0.7200,0.450,0.000,45.0,241000,10,5.0,-6.700000,-0.3714000,0.0140700,-0.0401000
xfoil,r2a-sm5,root,0.000,289.231,3.000,3.000,0.7200,0.450,0.000,45.0,241000,10,5.0,-6.200000,-0.3230000,0.0137200,-0.0382000
xfoil,r2a-sm5,root,0.000,289.231,3.000,3.000,0.7200,0.450,0.000,45.0,241000,10,5.0,-5.700000,-0.2712000,0.0133500,-0.0371000
xfoil,r2a-sm5,root,0.000,289.231,3.000,3.000,0.7200,0.450,0.000,45.0,241000,10,5.0,-5.200000,-0.2197000,0.0129300,-0.0358000
xfoil,r2a-sm5,root,0.000,289.231,3.000,3.000,0.7200,0.450,0.000,45.0,241000,10,5.0,-4.700000,-0.1684000,0.0125200,-0.0343000
xfoil,r2a-sm5,root,0.000,289.231,3.000,3.000,0.7200,0.450,0.000,45.0,241000,10,5.0,-4.200000,-0.1148000,0.0121400,-0.0334000
xfoil,r2a-sm5,root,0.000,289.231,3.000,3.000,0.7200,0.450,0.000,45.0,241000,10,5.0,-3.700000,-0.0618000,0.0117300,-0.0322000
xfoil,r2a-sm5,root,0.000,289.231,3.000,3.000,0.7200,0.450,0.000,45.0,241000,10,5.0,-3.200000,-0.0089000,0.0113500,-0.0308000
xfoil,r2a-sm5,root,0.000,289.231,3.000,3.000,0.7200,0.450,0.000,45.0,241000,10,5.0,-2.700000,0.0455000,0.0110400,-0.0298000
xfoil,r2a-sm5,root,0.000,289.231,3.000,3.000,0.7200,0.450,0.000,45.0,241000,10,5.0,-2.200000,0.0994000,0.0107800,-0.0285000
xfoil,r2a-sm5,root,0.000,289.231,3.000,3.000,0.7200,0.450,0.000,45.0,241000,10,5.0,-1.700000,0.1533000,0.0105000,-0.0272000
xfoil,r2a-sm5,root,0.000,289.231,3.000,3.000,0.7200,0.450,0.000,45.0,241000,10,5.0,-1.200000,0.2066000,0.0101100,-0.0259000
xfoil,r2a-sm5,root,0.000,289.231,3.000,3.000,0.7200,0.450,0.000,45.0,241000,10,5.0,-0.700000,0.2582000,0.0097800,-0.0240000
xfoil,r2a-sm5,root,0.000,289.231,3.000,3.000,0.7200,0.450,0.000,45.0,241000,10,5.0,-0.200000,0.3245000,0.0095800,-0.0248000
xfoil,r2a-sm5,root,0.000,289.231,3.000,3.000,0.7200,0.450,0.000,45.0,241000,10,5.0,0.300000,0.4109000,0.0096400,-0.0312000
xfoil,r2a-sm5,root,0.000,289.231,3.000,3.000,0.7200,0.450,0.000,45.0,241000,10,5.0,0.800000,0.4653000,0.0098100,-0.0310000
xfoil,r2a-sm5,root,0.000,289.231,3.000,3.000,0.7200,0.450,0.000,45.0,241000,10,5.0,1.300000,0.5204000,0.0100400,-0.0308000
xfoil,r2a-sm5,root,0.000,289.231,3.000,3.000,0.7200,0.450,0.000,45.0,241000,10,5.0,1.800000,0.5757000,0.0103500,-0.0306000
xfoil,r2a-sm5,root,0.000,289.231,3.000,3.000,0.7200,0.450,0.000,45.0,241000,10,5.0,2.300000,0.6308000,0.0107200,-0.0304000
xfoil,r2a-sm5,root,0.000,289.231,3.000,3.000,0.7200,0.450,0.000,45.0,241000,10,5.0,2.800000,0.6856000,0.0111800,-0.0303000
xfoil,r2a-sm5,root,0.000,289.231,3.000,3.000,0.7200,0.450,0.000,45.0,241000,10,5.0,3.300000,0.7401000,0.0116800,-0.0301000
xfoil,r2a-sm5,root,0.000,289.231,3.000,3.000,0.7200,0.450,0.000,45.0,241000,10,5.0,3.800000,0.7941000,0.0122400,-0.0300000
xfoil,r2a-sm5,root,0.000,289.231,3.000,3.000,0.7200,0.450,0.000,45.0,241000,10,5.0,4.300000,0.8475000,0.0128600,-0.0297000
xfoil,r2a-sm5,root,0.000,289.231,3.000,3.000,0.7200,0.450,0.000,45.0,241000,10,5.0,4.800000,0.9004000,0.0135100,-0.0295000
xfoil,r2a-sm5,root,0.000,289.231,3.000,3.000,0.7200,0.450,0.000,45.0,241000,10,5.0,5.300000,0.9523000,0.0142300,-0.0291000
xfoil,r2a-sm5,root,0.000,289.231,3.000,3.000,0.7200,0.450,0.000,45.0,241000,10,5.0,5.800000,1.0031000,0.0150400,-0.0286000
xfoil,r2a-sm5,root,0.000,289.231,3.000,3.000,0.7200,0.450,0.000,45.0,241000,10,5.0,6.300000,1.0529000,0.0158800,-0.0281000
xfoil,r2a-sm5,root,0.000,289.231,3.000,3.000,0.7200,0.450,0.000,45.0,241000,10,5.0,6.800000,1.1012000,0.0168200,-0.0274000
xfoil,r2a-sm5,root,0.000,289.231,3.000,3.000,0.7200,0.450,0.000,45.0,241000,10,10.0,-11.400000,-0.5655000,0.0237400,-0.0902000
xfoil,r2a-sm5,root,0.000,289.231,3.000,3.000,0.7200,0.450,0.000,45.0,241000,10,10.0,-10.900000,-0.5074000,0.0218200,-0.0919000
xfoil,r2a-sm5,root,0.000,289.231,3.000,3.000,0.7200,0.450,0.000,45.0,241000,10,10.0,-10.400000,-0.4613000,0.0201700,-0.0915000
xfoil,r2a-sm5,root,0.000,289.231,3.000,3.000,0.7200,0.450,0.000,45.0,241000,10,10.0,-9.900000,-0.4036000,0.0187700,-0.0931000
xfoil,r2a-sm5,root,0.000,289.231,3.000,3.000,0.7200,0.450,0.000,45.0,241000,10,10.0,-9.400000,-0.3385000,0.0173300,-0.0961000
xfoil,r2a-sm5,root,0.000,289.231,3.000,3.000,0.7200,0.450,0.000,45.0,241000,10,10.0,-8.900000,-0.2797000,0.0167200,-0.0975000
xfoil,r2a-sm5,root,0.000,289.231,3.000,3.000,0.7200,0.450,0.000,45.0,241000,10,10.0,-8.400000,-0.2134000,0.0164000,-0.1000000
xfoil,r2a-sm5,root,0.000,289.231,3.000,3.000,0.7200,0.450,0.000,45.0,241000,10,10.0,-7.900000,-0.1481000,0.0162000,-0.1020000
xfoil,r2a-sm5,root,0.000,289.231,3.000,3.000,0.7200,0.450,0.000,45.0,241000,10,10.0,-7.400000,-0.0872000,0.0160500,-0.1028000
xfoil,r2a-sm5,root,0.000,289.231,3.000,3.000,0.7200,0.450,0.000,45.0,241000,10,10.0,-6.900000,-0.0300000,0.0158400,-0.1026000
xfoil,r2a-sm5,root,0.000,289.231,3.000,3.000,0.7200,0.450,0.000,45.0,241000,10,10.0,-6.400000,0.0254000,0.0156400,-0.1019000
xfoil,r2a-sm5,root,0.000,289.231,3.000,3.000,0.7200,0.450,0.000,45.0,241000,10,10.0,-5.900000,0.0794000,0.0154300,-0.1005000
xfoil,r2a-sm5,root,0.000,289.231,3.000,3.000,0.7200,0.450,0.000,45.0,241000,10,10.0,-5.400000,0.1317000,0.0151500,-0.0987000
xfoil,r2a-sm5,root,0.000,289.231,3.000,3.000,0.7200,0.450,0.000,45.0,241000,10,10.0,-4.900000,0.1827000,0.0148800,-0.0966000
xfoil,r2a-sm5,root,0.000,289.231,3.000,3.000,0.7200,0.450,0.000,45.0,241000,10,10.0,-4.400000,0.2338000,0.0145600,-0.0945000
xfoil,r2a-sm5,root,0.000,289.231,3.000,3.000,0.7200,0.450,0.000,45.0,241000,10,10.0,-3.900000,0.2855000,0.0141700,-0.0922000
xfoil,r2a-sm5,root,0.000,289.231,3.000,3.000,0.7200,0.450,0.000,45.0,241000,10,10.0,-3.400000,0.3376000,0.0137500,-0.0899000
xfoil,r2a-sm5,root,0.000,289.231,3.000,3.000,0.7200,0.450,0.000,45.0,241000,10,10.0,-2.900000,0.3903000,0.0133900,-0.0879000
xfoil,r2a-sm5,root,0.000,289.231,3.000,3.000,0.7200,0.450,0.000,45.0,241000,10,10.0,-2.400000,0.4439000,0.0129600,-0.0860000
xfoil,r2a-sm5,root,0.000,289.231,3.000,3.000,0.7200,0.450,0.000,45.0,241000,10,10.0,-1.900000,0.4983000,0.0125200,-0.0844000
xfoil,r2a-sm5,root,0.000,289.231,3.000,3.000,0.7200,0.450,0.000,45.0,241000,10,10.0,-1.400000,0.5535000,0.0119800,-0.0834000
xfoil,r2a-sm5,root,0.000,289.231,3.000,3.000,0.7200,0.450,0.000,45.0,241000,10,10.0,-0.900000,0.6082000,0.0111000,-0.0818000
xfoil,r2a-sm5,root,0.000,289.231,3.000,3.000,0.7200,0.450,0.000,45.0,241000,10,10.0,-0.400000,0.6604000,0.0107000,-0.0799000
xfoil,r2a-sm5,root,0.000,289.231,3.000,3.000,0.7200,0.450,0.000,45.0,241000,10,10.0,0.100000,0.7122000,0.0108200,-0.0788000
xfoil,r2a-sm5,root,0.000,289.231,3.000,3.000,0.7200,0.450,0.000,45.0,241000,10,10.0,0.600000,0.7631000,0.0108900,-0.0774000
xfoil,r2a-sm5,root,0.000,289.231,3.000,3.000,0.7200,0.450,0.000,45.0,241000,10,10.0,1.100000,0.8249000,0.0110500,-0.0785000
xfoil,r2a-sm5,root,0.000,289.231,3.000,3.000,0.7200,0.450,0.000,45.0,241000,10,10.0,1.600000,0.8794000,0.0116800,-0.0785000
xfoil,r2a-sm5,root,0.000,289.231,3.000,3.000,0.7200,0.450,0.000,45.0,241000,10,10.0,2.100000,0.9325000,0.0123500,-0.0783000
xfoil,r2a-sm5,root,0.000,289.231,3.000,3.000,0.7200,0.450,0.000,45.0,241000,10,10.0,2.600000,0.9841000,0.0130800,-0.0777000
xfoil,r2a-sm5,root,0.000,289.231,3.000,3.000,0.7200,0.450,0.000,45.0,241000,10,10.0,3.100000,1.0346000,0.0138600,-0.0770000
xfoil,r2a-sm5,root,0.000,289.231,3.000,3.000,0.7200,0.450,0.000,45.0,241000,10,10.0,3.600000,1.0839000,0.0146600,-0.0761000
xfoil,r2a-sm5,root,0.000,289.231,3.000,3.000,0.7200,0.450,0.000,60.0,321000,6,-5.0,-1.800000,-0.5639000,0.0118100,0.0800000
xfoil,r2a-sm5,root,0.000,289.231,3.000,3.000,0.7200,0.450,0.000,60.0,321000,6,-5.0,-1.300000,-0.5117000,0.0111900,0.0809000
xfoil,r2a-sm5,root,0.000,289.231,3.000,3.000,0.7200,0.450,0.000,60.0,321000,6,-5.0,-0.800000,-0.4601000,0.0105500,0.0819000
xfoil,r2a-sm5,root,0.000,289.231,3.000,3.000,0.7200,0.450,0.000,60.0,321000,6,-5.0,-0.300000,-0.4111000,0.0097200,0.0834000
xfoil,r2a-sm5,root,0.000,289.231,3.000,3.000,0.7200,0.450,0.000,60.0,321000,6,-5.0,0.200000,-0.3691000,0.0090600,0.0872000
xfoil,r2a-sm5,root,0.000,289.231,3.000,3.000,0.7200,0.450,0.000,60.0,321000,6,-5.0,0.700000,-0.3131000,0.0091600,0.0879000
xfoil,r2a-sm5,root,0.000,289.231,3.000,3.000,0.7200,0.450,0.000,60.0,321000,6,-5.0,1.200000,-0.2567000,0.0092700,0.0885000
xfoil,r2a-sm5,root,0.000,289.231,3.000,3.000,0.7200,0.450,0.000,60.0,321000,6,-5.0,1.700000,-0.1997000,0.0093800,0.0889000
xfoil,r2a-sm5,root,0.000,289.231,3.000,3.000,0.7200,0.450,0.000,60.0,321000,6,-5.0,2.200000,-0.1425000,0.0095000,0.0891000
xfoil,r2a-sm5,root,0.000,289.231,3.000,3.000,0.7200,0.450,0.000,60.0,321000,6,-5.0,2.700000,-0.0851000,0.0096200,0.0892000
xfoil,r2a-sm5,root,0.000,289.231,3.000,3.000,0.7200,0.450,0.000,60.0,321000,6,-5.0,3.200000,-0.0277000,0.0097500,0.0892000
xfoil,r2a-sm5,root,0.000,289.231,3.000,3.000,0.7200,0.450,0.000,60.0,321000,6,-5.0,3.700000,0.0298000,0.0099200,0.0892000
xfoil,r2a-sm5,root,0.000,289.231,3.000,3.000,0.7200,0.450,0.000,60.0,321000,6,-5.0,4.200000,0.0871000,0.0101100,0.0892000
xfoil,r2a-sm5,root,0.000,289.231,3.000,3.000,0.7200,0.450,0.000,60.0,321000,6,-5.0,4.700000,0.1438000,0.0103200,0.0892000
xfoil,r2a-sm5,root,0.000,289.231,3.000,3.000,0.7200,0.450,0.000,60.0,321000,6,-5.0,5.200000,0.2030000,0.0105000,0.0883000
xfoil,r2a-sm5,root,0.000,289.231,3.000,3.000,0.7200,0.450,0.000,60.0,321000,6,-5.0,5.700000,0.2629000,0.0106900,0.0871000
xfoil,r2a-sm5,root,0.000,289.231,3.000,3.000,0.7200,0.450,0.000,60.0,321000,6,-5.0,6.200000,0.3226000,0.0109400,0.0858000
xfoil,r2a-sm5,root,0.000,289.231,3.000,3.000,0.7200,0.450,0.000,60.0,321000,6,-5.0,6.700000,0.3822000,0.0112300,0.0846000
xfoil,r2a-sm5,root,0.000,289.231,3.000,3.000,0.7200,0.450,0.000,60.0,321000,6,-5.0,7.200000,0.4415000,0.0115700,0.0833000
xfoil,r2a-sm5,root,0.000,289.231,3.000,3.000,0.7200,0.450,0.000,60.0,321000,6,-5.0,7.700000,0.5005000,0.0119700,0.0819000
xfoil,r2a-sm5,root,0.000,289.231,3.000,3.000,0.7200,0.450,0.000,60.0,321000,6,-5.0,8.200000,0.5592000,0.0124200,0.0805000
xfoil,r2a-sm5,root,0.000,289.231,3.000,3.000,0.7200,0.450,0.000,60.0,321000,6,-5.0,8.700000,0.6174000,0.0129400,0.0791000
xfoil,r2a-sm5,root,0.000,289.231,3.000,3.000,0.7200,0.450,0.000,60.0,321000,6,-5.0,9.200000,0.6751000,0.0135300,0.0777000
xfoil,r2a-sm5,root,0.000,289.231,3.000,3.000,0.7200,0.450,0.000,60.0,321000,6,-5.0,9.700000,0.7321000,0.0142200,0.0762000
xfoil,r2a-sm5,root,0.000,289.231,3.000,3.000,0.7200,0.450,0.000,60.0,321000,6,-5.0,10.200000,0.7881000,0.0150400,0.0746000
xfoil,r2a-sm5,root,0.000,289.231,3.000,3.000,0.7200,0.450,0.000,60.0,321000,6,-5.0,10.700000,0.8431000,0.0159500,0.0730000
xfoil,r2a-sm5,root,0.000,289.231,3.000,3.000,0.7200,0.450,0.000,60.0,321000,6,-5.0,11.200000,0.8967000,0.0170100,0.0713000
xfoil,r2a-sm5,root,0.000,289.231,3.000,3.000,0.7200,0.450,0.000,60.0,321000,6,-5.0,11.700000,0.9487000,0.0182500,0.0693000
xfoil,r2a-sm5,root,0.000,289.231,3.000,3.000,0.7200,0.450,0.000,60.0,321000,6,-5.0,12.200000,0.9987000,0.0197900,0.0669000
xfoil,r2a-sm5,root,0.000,289.231,3.000,3.000,0.7200,0.450,0.000,60.0,321000,6,-5.0,13.200000,1.0922000,0.0247700,0.0579000
xfoil,r2a-sm5,root,0.000,289.231,3.000,3.000,0.7200,0.450,0.000,60.0,321000,6,0.0,-5.000000,-0.5778000,0.0129400,0.0277000
xfoil,r2a-sm5,root,0.000,289.231,3.000,3.000,0.7200,0.450,0.000,60.0,321000,6,0.0,-4.500000,-0.5228000,0.0123600,0.0279000
xfoil,r2a-sm5,root,0.000,289.231,3.000,3.000,0.7200,0.450,0.000,60.0,321000,6,0.0,-4.000000,-0.4676000,0.0118200,0.0281000
xfoil,r2a-sm5,root,0.000,289.231,3.000,3.000,0.7200,0.450,0.000,60.0,321000,6,0.0,-3.500000,-0.4118000,0.0113300,0.0283000
xfoil,r2a-sm5,root,0.000,289.231,3.000,3.000,0.7200,0.450,0.000,60.0,321000,6,0.0,-3.000000,-0.3559000,0.0108700,0.0285000
xfoil,r2a-sm5,root,0.000,289.231,3.000,3.000,0.7200,0.450,0.000,60.0,321000,6,0.0,-2.500000,-0.3000000,0.0104400,0.0287000
xfoil,r2a-sm5,root,0.000,289.231,3.000,3.000,0.7200,0.450,0.000,60.0,321000,6,0.0,-2.000000,-0.2440000,0.0100200,0.0289000
xfoil,r2a-sm5,root,0.000,289.231,3.000,3.000,0.7200,0.450,0.000,60.0,321000,6,0.0,-1.500000,-0.1883000,0.0096100,0.0291000
xfoil,r2a-sm5,root,0.000,289.231,3.000,3.000,0.7200,0.450,0.000,60.0,321000,6,0.0,-1.000000,-0.1334000,0.0091700,0.0296000
xfoil,r2a-sm5,root,0.000,289.231,3.000,3.000,0.7200,0.450,0.000,60.0,321000,6,0.0,-0.500000,-0.0815000,0.0085600,0.0308000
xfoil,r2a-sm5,root,0.000,289.231,3.000,3.000,0.7200,0.450,0.000,60.0,321000,6,0.0,-0.000000,-0.0283000,0.0084200,0.0322000
xfoil,r2a-sm5,root,0.000,289.231,3.000,3.000,0.7200,0.450,0.000,60.0,321000,6,0.0,0.500000,0.0276000,0.0084200,0.0328000
xfoil,r2a-sm5,root,0.000,289.231,3.000,3.000,0.7200,0.450,0.000,60.0,321000,6,0.0,1.000000,0.0840000,0.0084800,0.0333000
xfoil,r2a-sm5,root,0.000,289.231,3.000,3.000,0.7200,0.450,0.000,60.0,321000,6,0.0,1.500000,0.1414000,0.0085900,0.0335000
xfoil,r2a-sm5,root,0.000,289.231,3.000,3.000,0.7200,0.450,0.000,60.0,321000,6,0.0,2.000000,0.2015000,0.0087600,0.0331000
xfoil,r2a-sm5,root,0.000,289.231,3.000,3.000,0.7200,0.450,0.000,60.0,321000,6,0.0,2.500000,0.2653000,0.0090000,0.0318000
xfoil,r2a-sm5,root,0.000,289.231,3.000,3.000,0.7200,0.450,0.000,60.0,321000,6,0.0,3.000000,0.3340000,0.0092800,0.0292000
xfoil,r2a-sm5,root,0.000,289.231,3.000,3.000,0.7200,0.450,0.000,60.0,321000,6,0.0,3.500000,0.4036000,0.0096000,0.0263000
xfoil,r2a-sm5,root,0.000,289.231,3.000,3.000,0.7200,0.450,0.000,60.0,321000,6,0.0,4.000000,0.4762000,0.0099600,0.0227000
xfoil,r2a-sm5,root,0.000,289.231,3.000,3.000,0.7200,0.450,0.000,60.0,321000,6,0.0,4.500000,0.5531000,0.0103600,0.0181000
xfoil,r2a-sm5,root,0.000,289.231,3.000,3.000,0.7200,0.450,0.000,60.0,321000,6,0.0,5.000000,0.6273000,0.0107500,0.0138000
xfoil,r2a-sm5,root,0.000,289.231,3.000,3.000,0.7200,0.450,0.000,60.0,321000,6,0.0,5.500000,0.6791000,0.0111200,0.0139000
xfoil,r2a-sm5,root,0.000,289.231,3.000,3.000,0.7200,0.450,0.000,60.0,321000,6,0.0,6.000000,0.7283000,0.0115500,0.0146000
xfoil,r2a-sm5,root,0.000,289.231,3.000,3.000,0.7200,0.450,0.000,60.0,321000,6,0.0,6.500000,0.7780000,0.0120600,0.0152000
xfoil,r2a-sm5,root,0.000,289.231,3.000,3.000,0.7200,0.450,0.000,60.0,321000,6,0.0,7.000000,0.8281000,0.0126500,0.0157000
xfoil,r2a-sm5,root,0.000,289.231,3.000,3.000,0.7200,0.450,0.000,60.0,321000,6,0.0,7.500000,0.8779000,0.0133100,0.0161000
xfoil,r2a-sm5,root,0.000,289.231,3.000,3.000,0.7200,0.450,0.000,60.0,321000,6,0.0,8.000000,0.9277000,0.0140300,0.0165000
xfoil,r2a-sm5,root,0.000,289.231,3.000,3.000,0.7200,0.450,0.000,60.0,321000,6,0.0,8.500000,0.9770000,0.0148300,0.0168000
xfoil,r2a-sm5,root,0.000,289.231,3.000,3.000,0.7200,0.450,0.000,60.0,321000,6,0.0,9.000000,1.0255000,0.0157500,0.0170000
xfoil,r2a-sm5,root,0.000,289.231,3.000,3.000,0.7200,0.450,0.000,60.0,321000,6,0.0,9.500000,1.0726000,0.0168000,0.0172000
xfoil,r2a-sm5,root,0.000,289.231,3.000,3.000,0.7200,0.450,0.000,60.0,321000,6,0.0,10.000000,1.1179000,0.0179800,0.0174000
xfoil,r2a-sm5,root,0.000,289.231,3.000,3.000,0.7200,0.450,0.000,60.0,321000,6,5.0,-8.200000,-0.5780000,0.0145300,-0.0267000
xfoil,r2a-sm5,root,0.000,289.231,3.000,3.000,0.7200,0.450,0.000,60.0,321000,6,5.0,-7.700000,-0.5250000,0.0135700,-0.0264000
xfoil,r2a-sm5,root,0.000,289.231,3.000,3.000,0.7200,0.450,0.000,60.0,321000,6,5.0,-7.200000,-0.4709000,0.0127900,-0.0262000
xfoil,r2a-sm5,root,0.000,289.231,3.000,3.000,0.7200,0.450,0.000,60.0,321000,6,5.0,-6.700000,-0.4160000,0.0121700,-0.0260000
xfoil,r2a-sm5,root,0.000,289.231,3.000,3.000,0.7200,0.450,0.000,60.0,321000,6,5.0,-6.200000,-0.3603000,0.0116400,-0.0259000
xfoil,r2a-sm5,root,0.000,289.231,3.000,3.000,0.7200,0.450,0.000,60.0,321000,6,5.0,-5.700000,-0.3045000,0.0111400,-0.0258000
xfoil,r2a-sm5,root,0.000,289.231,3.000,3.000,0.7200,0.450,0.000,60.0,321000,6,5.0,-5.200000,-0.2475000,0.0107200,-0.0259000
xfoil,r2a-sm5,root,0.000,289.231,3.000,3.000,0.7200,0.450,0.000,60.0,321000,6,5.0,-4.700000,-0.1906000,0.0103400,-0.0259000
xfoil,r2a-sm5,root,0.000,289.231,3.000,3.000,0.7200,0.450,0.000,60.0,321000,6,5.0,-4.200000,-0.1335000,0.0100000,-0.0259000
xfoil,r2a-sm5,root,0.000,289.231,3.000,3.000,0.7200,0.450,0.000,60.0,321000,6,5.0,-3.700000,-0.0765000,0.0097000,-0.0259000
xfoil,r2a-sm5,root,0.000,289.231,3.000,3.000,0.7200,0.450,0.000,60.0,321000,6,5.0,-3.200000,-0.0195000,0.0094600,-0.0259000
xfoil,r2a-sm5,root,0.000,289.231,3.000,3.000,0.7200,0.450,0.000,60.0,321000,6,5.0,-2.700000,0.0377000,0.0092800,-0.0259000
xfoil,r2a-sm5,root,0.000,289.231,3.000,3.000,0.7200,0.450,0.000,60.0,321000,6,5.0,-2.200000,0.0948000,0.0091400,-0.0258000
xfoil,r2a-sm5,root,0.000,289.231,3.000,3.000,0.7200,0.450,0.000,60.0,321000,6,5.0,-1.700000,0.1519000,0.0090300,-0.0258000
xfoil,r2a-sm5,root,0.000,289.231,3.000,3.000,0.7200,0.450,0.000,60.0,321000,6,5.0,-1.200000,0.2090000,0.0089800,-0.0258000
xfoil,r2a-sm5,root,0.000,289.231,3.000,3.000,0.7200,0.450,0.000,60.0,321000,6,5.0,-0.700000,0.2660000,0.0089800,-0.0257000
xfoil,r2a-sm5,root,0.000,289.231,3.000,3.000,0.7200,0.450,0.000,60.0,321000,6,5.0,-0.200000,0.3230000,0.0090500,-0.0256000
xfoil,r2a-sm5,root,0.000,289.231,3.000,3.000,0.7200,0.450,0.000,60.0,321000,6,5.0,0.300000,0.3796000,0.0090900,-0.0256000
xfoil,r2a-sm5,root,0.000,289.231,3.000,3.000,0.7200,0.450,0.000,60.0,321000,6,5.0,0.800000,0.4341000,0.0090700,-0.0250000
xfoil,r2a-sm5,root,0.000,289.231,3.000,3.000,0.7200,0.450,0.000,60.0,321000,6,5.0,1.300000,0.5005000,0.0090100,-0.0266000
xfoil,r2a-sm5,root,0.000,289.231,3.000,3.000,0.7200,0.450,0.000,60.0,321000,6,5.0,1.800000,0.5711000,0.0093500,-0.0298000
xfoil,r2a-sm5,root,0.000,289.231,3.000,3.000,0.7200,0.450,0.000,60.0,321000,6,5.0,2.300000,0.6265000,0.0097700,-0.0299000
xfoil,r2a-sm5,root,0.000,289.231,3.000,3.000,0.7200,0.450,0.000,60.0,321000,6,5.0,2.800000,0.6818000,0.0101900,-0.0299000
xfoil,r2a-sm5,root,0.000,289.231,3.000,3.000,0.7200,0.450,0.000,60.0,321000,6,5.0,3.300000,0.7367000,0.0106600,-0.0299000
xfoil,r2a-sm5,root,0.000,289.231,3.000,3.000,0.7200,0.450,0.000,60.0,321000,6,5.0,3.800000,0.7911000,0.0111700,-0.0299000
xfoil,r2a-sm5,root,0.000,289.231,3.000,3.000,0.7200,0.450,0.000,60.0,321000,6,5.0,4.300000,0.8451000,0.0117100,-0.0298000
xfoil,r2a-sm5,root,0.000,289.231,3.000,3.000,0.7200,0.450,0.000,60.0,321000,6,5.0,4.800000,0.8985000,0.0122900,-0.0297000
xfoil,r2a-sm5,root,0.000,289.231,3.000,3.000,0.7200,0.450,0.000,60.0,321000,6,5.0,5.300000,0.9512000,0.0129200,-0.0295000
xfoil,r2a-sm5,root,0.000,289.231,3.000,3.000,0.7200,0.450,0.000,60.0,321000,6,5.0,5.800000,1.0029000,0.0136100,-0.0292000
xfoil,r2a-sm5,root,0.000,289.231,3.000,3.000,0.7200,0.450,0.000,60.0,321000,6,5.0,6.300000,1.0536000,0.0143700,-0.0289000
xfoil,r2a-sm5,root,0.000,289.231,3.000,3.000,0.7200,0.450,0.000,60.0,321000,6,5.0,6.800000,1.1029000,0.0152100,-0.0283000
xfoil,r2a-sm5,root,0.000,289.231,3.000,3.000,0.7200,0.450,0.000,60.0,321000,10,-5.0,-1.800000,-0.5658000,0.0121300,0.0785000
xfoil,r2a-sm5,root,0.000,289.231,3.000,3.000,0.7200,0.450,0.000,60.0,321000,10,-5.0,-1.300000,-0.5207000,0.0109700,0.0809000
xfoil,r2a-sm5,root,0.000,289.231,3.000,3.000,0.7200,0.450,0.000,60.0,321000,10,-5.0,-0.800000,-0.4833000,0.0102300,0.0862000
xfoil,r2a-sm5,root,0.000,289.231,3.000,3.000,0.7200,0.450,0.000,60.0,321000,10,-5.0,-0.300000,-0.4319000,0.0104900,0.0889000
xfoil,r2a-sm5,root,0.000,289.231,3.000,3.000,0.7200,0.450,0.000,60.0,321000,10,-5.0,0.200000,-0.3798000,0.0107700,0.0916000
xfoil,r2a-sm5,root,0.000,289.231,3.000,3.000,0.7200,0.450,0.000,60.0,321000,10,-5.0,0.700000,-0.3257000,0.0110500,0.0938000
xfoil,r2a-sm5,root,0.000,289.231,3.000,3.000,0.7200,0.450,0.000,60.0,321000,10,-5.0,1.200000,-0.2706000,0.0112500,0.0954000
xfoil,r2a-sm5,root,0.000,289.231,3.000,3.000,0.7200,0.450,0.000,60.0,321000,10,-5.0,1.700000,-0.2127000,0.0114100,0.0963000
xfoil,r2a-sm5,root,0.000,289.231,3.000,3.000,0.7200,0.450,0.000,60.0,321000,10,-5.0,2.200000,-0.1454000,0.0117000,0.0952000
xfoil,r2a-sm5,root,0.000,289.231,3.000,3.000,0.7200,0.450,0.000,60.0,321000,10,-5.0,2.700000,-0.0642000,0.0121000,0.0911000
xfoil,r2a-sm5,root,0.000,289.231,3.000,3.000,0.7200,0.450,0.000,60.0,321000,10,-5.0,3.700000,0.0856000,0.0125000,0.0842000
xfoil,r2a-sm5,root,0.000,289.231,3.000,3.000,0.7200,0.450,0.000,60.0,321000,10,-5.0,4.200000,0.1614000,0.0127200,0.0804000
xfoil,r2a-sm5,root,0.000,289.231,3.000,3.000,0.7200,0.450,0.000,60.0,321000,10,-5.0,4.700000,0.2481000,0.0129900,0.0744000
xfoil,r2a-sm5,root,0.000,289.231,3.000,3.000,0.7200,0.450,0.000,60.0,321000,10,-5.0,5.200000,0.3140000,0.0130300,0.0719000
xfoil,r2a-sm5,root,0.000,289.231,3.000,3.000,0.7200,0.450,0.000,60.0,321000,10,-5.0,5.700000,0.3549000,0.0130000,0.0743000
xfoil,r2a-sm5,root,0.000,289.231,3.000,3.000,0.7200,0.450,0.000,60.0,321000,10,-5.0,6.200000,0.4057000,0.0130200,0.0746000
xfoil,r2a-sm5,root,0.000,289.231,3.000,3.000,0.7200,0.450,0.000,60.0,321000,10,-5.0,6.700000,0.4579000,0.0131000,0.0746000
xfoil,r2a-sm5,root,0.000,289.231,3.000,3.000,0.7200,0.450,0.000,60.0,321000,10,-5.0,7.200000,0.5070000,0.0132300,0.0751000
xfoil,r2a-sm5,root,0.000,289.231,3.000,3.000,0.7200,0.450,0.000,60.0,321000,10,-5.0,7.700000,0.5552000,0.0134100,0.0757000
xfoil,r2a-sm5,root,0.000,289.231,3.000,3.000,0.7200,0.450,0.000,60.0,321000,10,-5.0,8.200000,0.6037000,0.0136700,0.0762000
xfoil,r2a-sm5,root,0.000,289.231,3.000,3.000,0.7200,0.450,0.000,60.0,321000,10,-5.0,8.700000,0.6529000,0.0140300,0.0764000
xfoil,r2a-sm5,root,0.000,289.231,3.000,3.000,0.7200,0.450,0.000,60.0,321000,10,-5.0,9.200000,0.7008000,0.0144700,0.0767000
xfoil,r2a-sm5,root,0.000,289.231,3.000,3.000,0.7200,0.450,0.000,60.0,321000,10,-5.0,9.700000,0.7457000,0.0149900,0.0774000
xfoil,r2a-sm5,root,0.000,289.231,3.000,3.000,0.7200,0.450,0.000,60.0,321000,10,-5.0,10.200000,0.8030000,0.0157500,0.0754000
xfoil,r2a-sm5,root,0.000,289.231,3.000,3.000,0.7200,0.450,0.000,60.0,321000,10,-5.0,10.700000,0.8601000,0.0166400,0.0732000
xfoil,r2a-sm5,root,0.000,289.231,3.000,3.000,0.7200,0.450,0.000,60.0,321000,10,-5.0,11.200000,0.9155000,0.0176000,0.0709000
xfoil,r2a-sm5,root,0.000,289.231,3.000,3.000,0.7200,0.450,0.000,60.0,321000,10,-5.0,11.700000,0.9719000,0.0187600,0.0680000
xfoil,r2a-sm5,root,0.000,289.231,3.000,3.000,0.7200,0.450,0.000,60.0,321000,10,-5.0,12.200000,1.0298000,0.0202100,0.0640000
xfoil,r2a-sm5,root,0.000,289.231,3.000,3.000,0.7200,0.450,0.000,60.0,321000,10,-5.0,12.700000,1.0877000,0.0221300,0.0587000
xfoil,r2a-sm5,root,0.000,289.231,3.000,3.000,0.7200,0.450,0.000,60.0,321000,10,-5.0,13.200000,1.1457000,0.0250000,0.0507000
xfoil,r2a-sm5,root,0.000,289.231,3.000,3.000,0.7200,0.450,0.000,60.0,321000,10,0.0,-5.000000,-0.5726000,0.0129900,0.0250000
xfoil,r2a-sm5,root,0.000,289.231,3.000,3.000,0.7200,0.450,0.000,60.0,321000,10,0.0,-4.500000,-0.5183000,0.0125400,0.0255000
xfoil,r2a-sm5,root,0.000,289.231,3.000,3.000,0.7200,0.450,0.000,60.0,321000,10,0.0,-4.000000,-0.4640000,0.0121200,0.0259000
xfoil,r2a-sm5,root,0.000,289.231,3.000,3.000,0.7200,0.450,0.000,60.0,321000,10,0.0,-3.500000,-0.4098000,0.0116700,0.0265000
xfoil,r2a-sm5,root,0.000,289.231,3.000,3.000,0.7200,0.450,0.000,60.0,321000,10,0.0,-3.000000,-0.3553000,0.0111900,0.0269000
xfoil,r2a-sm5,root,0.000,289.231,3.000,3.000,0.7200,0.450,0.000,60.0,321000,10,0.0,-2.500000,-0.3010000,0.0106700,0.0275000
xfoil,r2a-sm5,root,0.000,289.231,3.000,3.000,0.7200,0.450,0.000,60.0,321000,10,0.0,-2.000000,-0.2478000,0.0100500,0.0284000
xfoil,r2a-sm5,root,0.000,289.231,3.000,3.000,0.7200,0.450,0.000,60.0,321000,10,0.0,-1.500000,-0.1992000,0.0091800,0.0307000
xfoil,r2a-sm5,root,0.000,289.231,3.000,3.000,0.7200,0.450,0.000,60.0,321000,10,0.0,-1.000000,-0.1479000,0.0090100,0.0329000
xfoil,r2a-sm5,root,0.000,289.231,3.000,3.000,0.7200,0.450,0.000,60.0,321000,10,0.0,-0.500000,-0.0953000,0.0089300,0.0349000
xfoil,r2a-sm5,root,0.000,289.231,3.000,3.000,0.7200,0.450,0.000,60.0,321000,10,0.0,-0.000000,-0.0411000,0.0089300,0.0366000
xfoil,r2a-sm5,root,0.000,289.231,3.000,3.000,0.7200,0.450,0.000,60.0,321000,10,0.0,0.500000,0.0198000,0.0090200,0.0368000
xfoil,r2a-sm5,root,0.000,289.231,3.000,3.000,0.7200,0.450,0.000,60.0,321000,10,0.0,1.000000,0.0935000,0.0092000,0.0340000
xfoil,r2a-sm5,root,0.000,289.231,3.000,3.000,0.7200,0.450,0.000,60.0,321000,10,0.0,1.500000,0.1793000,0.0094100,0.0284000
xfoil,r2a-sm5,root,0.000,289.231,3.000,3.000,0.7200,0.450,0.000,60.0,321000,10,0.0,2.000000,0.2619000,0.0095700,0.0232000
xfoil,r2a-sm5,root,0.000,289.231,3.000,3.000,0.7200,0.450,0.000,60.0,321000,10,0.0,2.500000,0.3466000,0.0097300,0.0172000
xfoil,r2a-sm5,root,0.000,289.231,3.000,3.000,0.7200,0.450,0.000,60.0,321000,10,0.0,3.000000,0.4199000,0.0098300,0.0133000
xfoil,r2a-sm5,root,0.000,289.231,3.000,3.000,0.7200,0.450,0.000,60.0,321000,10,0.0,3.500000,0.4745000,0.0099700,0.0131000
xfoil,r2a-sm5,root,0.000,289.231,3.000,3.000,0.7200,0.450,0.000,60.0,321000,10,0.0,4.000000,0.5280000,0.0101600,0.0130000
xfoil,r2a-sm5,root,0.000,289.231,3.000,3.000,0.7200,0.450,0.000,60.0,321000,10,0.0,4.500000,0.5799000,0.0104000,0.0132000
xfoil,r2a-sm5,root,0.000,289.231,3.000,3.000,0.7200,0.450,0.000,60.0,321000,10,0.0,5.000000,0.6305000,0.0107000,0.0136000
xfoil,r2a-sm5,root,0.000,289.231,3.000,3.000,0.7200,0.450,0.000,60.0,321000,10,0.0,5.500000,0.6799000,0.0110800,0.0143000
xfoil,r2a-sm5,root,0.000,289.231,3.000,3.000,0.7200,0.450,0.000,60.0,321000,10,0.0,6.000000,0.7292000,0.0115200,0.0150000
xfoil,r2a-sm5,root,0.000,289.231,3.000,3.000,0.7200,0.450,0.000,60.0,321000,10,0.0,6.500000,0.7789000,0.0120400,0.0156000
xfoil,r2a-sm5,root,0.000,289.231,3.000,3.000,0.7200,0.450,0.000,60.0,321000,10,0.0,7.000000,0.8290000,0.0126500,0.0161000
xfoil,r2a-sm5,root,0.000,289.231,3.000,3.000,0.7200,0.450,0.000,60.0,321000,10,0.0,7.500000,0.8789000,0.0133300,0.0166000
xfoil,r2a-sm5,root,0.000,289.231,3.000,3.000,0.7200,0.450,0.000,60.0,321000,10,0.0,8.000000,0.9285000,0.0140900,0.0170000
xfoil,r2a-sm5,root,0.000,289.231,3.000,3.000,0.7200,0.450,0.000,60.0,321000,10,0.0,8.500000,0.9776000,0.0149400,0.0173000
xfoil,r2a-sm5,root,0.000,289.231,3.000,3.000,0.7200,0.450,0.000,60.0,321000,10,0.0,9.000000,1.0258000,0.0158900,0.0176000
xfoil,r2a-sm5,root,0.000,289.231,3.000,3.000,0.7200,0.450,0.000,60.0,321000,10,0.0,9.500000,1.0728000,0.0169400,0.0179000
xfoil,r2a-sm5,root,0.000,289.231,3.000,3.000,0.7200,0.450,0.000,60.0,321000,10,0.0,10.000000,1.1186000,0.0180400,0.0181000
xfoil,r2a-sm5,root,0.000,289.231,3.000,3.000,0.7200,0.450,0.000,60.0,321000,10,5.0,-8.200000,-0.5507000,0.0148000,-0.0352000
xfoil,r2a-sm5,root,0.000,289.231,3.000,3.000,0.7200,0.450,0.000,60.0,321000,10,5.0,-7.700000,-0.5027000,0.0136800,-0.0338000
xfoil,r2a-sm5,root,0.000,289.231,3.000,3.000,0.7200,0.450,0.000,60.0,321000,10,5.0,-7.200000,-0.4523000,0.0130500,-0.0327000
xfoil,r2a-sm5,root,0.000,289.231,3.000,3.000,0.7200,0.450,0.000,60.0,321000,10,5.0,-6.700000,-0.4005000,0.0125700,-0.0316000
xfoil,r2a-sm5,root,0.000,289.231,3.000,3.000,0.7200,0.450,0.000,60.0,321000,10,5.0,-6.200000,-0.3464000,0.0121100,-0.0311000
xfoil,r2a-sm5,root,0.000,289.231,3.000,3.000,0.7200,0.450,0.000,60.0,321000,10,5.0,-5.700000,-0.2924000,0.0116900,-0.0305000
xfoil,r2a-sm5,root,0.000,289.231,3.000,3.000,0.7200,0.450,0.000,60.0,321000,10,5.0,-5.200000,-0.2381000,0.0112900,-0.0298000
xfoil,r2a-sm5,root,0.000,289.231,3.000,3.000,0.7200,0.450,0.000,60.0,321000,10,5.0,-4.700000,-0.1837000,0.0108600,-0.0291000
xfoil,r2a-sm5,root,0.000,289.231,3.000,3.000,0.7200,0.450,0.000,60.0,321000,10,5.0,-4.200000,-0.1280000,0.0104700,-0.0287000
xfoil,r2a-sm5,root,0.000,289.231,3.000,3.000,0.7200,0.450,0.000,60.0,321000,10,5.0,-3.700000,-0.0724000,0.0100700,-0.0282000
xfoil,r2a-sm5,root,0.000,289.231,3.000,3.000,0.7200,0.450,0.000,60.0,321000,10,5.0,-3.200000,-0.0171000,0.0097100,-0.0276000
xfoil,r2a-sm5,root,0.000,289.231,3.000,3.000,0.7200,0.450,0.000,60.0,321000,10,5.0,-2.700000,0.0392000,0.0093900,-0.0272000
xfoil,r2a-sm5,root,0.000,289.231,3.000,3.000,0.7200,0.450,0.000,60.0,321000,10,5.0,-2.200000,0.0950000,0.0091400,-0.0266000
xfoil,r2a-sm5,root,0.000,289.231,3.000,3.000,0.7200,0.450,0.000,60.0,321000,10,5.0,-1.700000,0.1508000,0.0090300,-0.0259000
xfoil,r2a-sm5,root,0.000,289.231,3.000,3.000,0.7200,0.450,0.000,60.0,321000,10,5.0,-1.200000,0.2066000,0.0089500,-0.0253000
xfoil,r2a-sm5,root,0.000,289.231,3.000,3.000,0.7200,0.450,0.000,60.0,321000,10,5.0,-0.700000,0.2615000,0.0087700,-0.0246000
xfoil,r2a-sm5,root,0.000,289.231,3.000,3.000,0.7200,0.450,0.000,60.0,321000,10,5.0,-0.200000,0.3147000,0.0085300,-0.0233000
xfoil,r2a-sm5,root,0.000,289.231,3.000,3.000,0.7200,0.450,0.000,60.0,321000,10,5.0,0.300000,0.3939000,0.0083800,-0.0273000
xfoil,r2a-sm5,root,0.000,289.231,3.000,3.000,0.7200,0.450,0.000,60.0,321000,10,5.0,0.800000,0.4623000,0.0085600,-0.0301000
xfoil,r2a-sm5,root,0.000,289.231,3.000,3.000,0.7200,0.450,0.000,60.0,321000,10,5.0,1.300000,0.5180000,0.0088300,-0.0300000
xfoil,r2a-sm5,root,0.000,289.231,3.000,3.000,0.7200,0.450,0.000,60.0,321000,10,5.0,1.800000,0.5736000,0.0091600,-0.0300000
xfoil,r2a-sm5,root,0.000,289.231,3.000,3.000,0.7200,0.450,0.000,60.0,321000,10,5.0,2.300000,0.6293000,0.0095300,-0.0300000
xfoil,r2a-sm5,root,0.000,289.231,3.000,3.000,0.7200,0.450,0.000,60.0,321000,10,5.0,2.800000,0.6846000,0.0099600,-0.0300000
xfoil,r2a-sm5,root,0.000,289.231,3.000,3.000,0.7200,0.450,0.000,60.0,321000,10,5.0,3.300000,0.7395000,0.0104600,-0.0300000
xfoil,r2a-sm5,root,0.000,289.231,3.000,3.000,0.7200,0.450,0.000,60.0,321000,10,5.0,3.800000,0.7942000,0.0109600,-0.0300000
xfoil,r2a-sm5,root,0.000,289.231,3.000,3.000,0.7200,0.450,0.000,60.0,321000,10,5.0,4.800000,0.9016000,0.0121300,-0.0297000
xfoil,r2a-sm5,root,0.000,289.231,3.000,3.000,0.7200,0.450,0.000,60.0,321000,10,5.0,5.300000,0.9542000,0.0127800,-0.0295000
xfoil,r2a-sm5,root,0.000,289.231,3.000,3.000,0.7200,0.450,0.000,60.0,321000,10,5.0,5.800000,1.0058000,0.0135200,-0.0291000
xfoil,r2a-sm5,root,0.000,289.231,3.000,3.000,0.7200,0.450,0.000,60.0,321000,10,5.0,6.300000,1.0563000,0.0143000,-0.0287000
xfoil,r2a-sm5,root,0.000,289.231,3.000,3.000,0.7200,0.450,0.000,60.0,321000,10,5.0,6.800000,1.1057000,0.0151500,-0.0282000
xfoil,r2a-sm5,root,0.000,289.231,3.000,3.000,0.7200,0.450,0.000,75.0,402000,6,-5.0,-1.800000,-0.5693000,0.0110900,0.0815000
xfoil,r2a-sm5,root,0.000,289.231,3.000,3.000,0.7200,0.450,0.000,75.0,402000,6,-5.0,-1.300000,-0.5160000,0.0105500,0.0822000
xfoil,r2a-sm5,root,0.000,289.231,3.000,3.000,0.7200,0.450,0.000,75.0,402000,6,-5.0,-0.800000,-0.4630000,0.0100100,0.0829000
xfoil,r2a-sm5,root,0.000,289.231,3.000,3.000,0.7200,0.450,0.000,75.0,402000,6,-5.0,-0.300000,-0.4109000,0.0094100,0.0838000
xfoil,r2a-sm5,root,0.000,289.231,3.000,3.000,0.7200,0.450,0.000,75.0,402000,6,-5.0,0.200000,-0.3648000,0.0083100,0.0858000
xfoil,r2a-sm5,root,0.000,289.231,3.000,3.000,0.7200,0.450,0.000,75.0,402000,6,-5.0,0.700000,-0.3152000,0.0082300,0.0880000
xfoil,r2a-sm5,root,0.000,289.231,3.000,3.000,0.7200,0.450,0.000,75.0,402000,6,-5.0,1.200000,-0.2580000,0.0083300,0.0883000
xfoil,r2a-sm5,root,0.000,289.231,3.000,3.000,0.7200,0.450,0.000,75.0,402000,6,-5.0,1.700000,-0.2005000,0.0084500,0.0884000
xfoil,r2a-sm5,root,0.000,289.231,3.000,3.000,0.7200,0.450,0.000,75.0,402000,6,-5.0,2.200000,-0.1425000,0.0085800,0.0884000
xfoil,r2a-sm5,root,0.000,289.231,3.000,3.000,0.7200,0.450,0.000,75.0,402000,6,-5.0,2.700000,-0.0843000,0.0087100,0.0883000
xfoil,r2a-sm5,root,0.000,289.231,3.000,3.000,0.7200,0.450,0.000,75.0,402000,6,-5.0,3.200000,-0.0259000,0.0088500,0.0881000
xfoil,r2a-sm5,root,0.000,289.231,3.000,3.000,0.7200,0.450,0.000,75.0,402000,6,-5.0,3.700000,0.0324000,0.0090200,0.0878000
xfoil,r2a-sm5,root,0.000,289.231,3.000,3.000,0.7200,0.450,0.000,75.0,402000,6,-5.0,4.200000,0.0905000,0.0092100,0.0875000
xfoil,r2a-sm5,root,0.000,289.231,3.000,3.000,0.7200,0.450,0.000,75.0,402000,6,-5.0,4.700000,0.1481000,0.0094200,0.0873000
xfoil,r2a-sm5,root,0.000,289.231,3.000,3.000,0.7200,0.450,0.000,75.0,402000,6,-5.0,5.200000,0.2066000,0.0096500,0.0867000
xfoil,r2a-sm5,root,0.000,289.231,3.000,3.000,0.7200,0.450,0.000,75.0,402000,6,-5.0,5.700000,0.2667000,0.0098700,0.0855000
xfoil,r2a-sm5,root,0.000,289.231,3.000,3.000,0.7200,0.450,0.000,75.0,402000,6,-5.0,6.200000,0.3267000,0.0101200,0.0843000
xfoil,r2a-sm5,root,0.000,289.231,3.000,3.000,0.7200,0.450,0.000,75.0,402000,6,-5.0,6.700000,0.3864000,0.0104100,0.0830000
xfoil,r2a-sm5,root,0.000,289.231,3.000,3.000,0.7200,0.450,0.000,75.0,402000,6,-5.0,7.200000,0.4460000,0.0107500,0.0817000
xfoil,r2a-sm5,root,0.000,289.231,3.000,3.000,0.7200,0.450,0.000,75.0,402000,6,-5.0,7.700000,0.5052000,0.0111400,0.0804000
xfoil,r2a-sm5,root,0.000,289.231,3.000,3.000,0.7200,0.450,0.000,75.0,402000,6,-5.0,8.200000,0.5642000,0.0116000,0.0791000
xfoil,r2a-sm5,root,0.000,289.231,3.000,3.000,0.7200,0.450,0.000,75.0,402000,6,-5.0,8.700000,0.6227000,0.0121000,0.0777000
xfoil,r2a-sm5,root,0.000,289.231,3.000,3.000,0.7200,0.450,0.000,75.0,402000,6,-5.0,9.200000,0.6807000,0.0126700,0.0763000
xfoil,r2a-sm5,root,0.000,289.231,3.000,3.000,0.7200,0.450,0.000,75.0,402000,6,-5.0,9.700000,0.7381000,0.0133200,0.0749000
xfoil,r2a-sm5,root,0.000,289.231,3.000,3.000,0.7200,0.450,0.000,75.0,402000,6,-5.0,10.200000,0.7946000,0.0140900,0.0733000
xfoil,r2a-sm5,root,0.000,289.231,3.000,3.000,0.7200,0.450,0.000,75.0,402000,6,-5.0,10.700000,0.8501000,0.0149800,0.0717000
xfoil,r2a-sm5,root,0.000,289.231,3.000,3.000,0.7200,0.450,0.000,75.0,402000,6,-5.0,11.200000,0.9044000,0.0160100,0.0700000
xfoil,r2a-sm5,root,0.000,289.231,3.000,3.000,0.7200,0.450,0.000,75.0,402000,6,-5.0,11.700000,0.9575000,0.0171300,0.0682000
xfoil,r2a-sm5,root,0.000,289.231,3.000,3.000,0.7200,0.450,0.000,75.0,402000,6,-5.0,12.200000,1.0086000,0.0185200,0.0660000
xfoil,r2a-sm5,root,0.000,289.231,3.000,3.000,0.7200,0.450,0.000,75.0,402000,6,-5.0,12.700000,1.0575000,0.0203700,0.0630000
xfoil,r2a-sm5,root,0.000,289.231,3.000,3.000,0.7200,0.450,0.000,75.0,402000,6,-5.0,13.200000,1.1016000,0.0230400,0.0585000
xfoil,r2a-sm5,root,0.000,289.231,3.000,3.000,0.7200,0.450,0.000,75.0,402000,6,0.0,-5.000000,-0.5831000,0.0121600,0.0290000
xfoil,r2a-sm5,root,0.000,289.231,3.000,3.000,0.7200,0.450,0.000,75.0,402000,6,0.0,-4.500000,-0.5276000,0.0116000,0.0292000
xfoil,r2a-sm5,root,0.000,289.231,3.000,3.000,0.7200,0.450,0.000,75.0,402000,6,0.0,-4.000000,-0.4721000,0.0110500,0.0294000
xfoil,r2a-sm5,root,0.000,289.231,3.000,3.000,0.7200,0.450,0.000,75.0,402000,6,0.0,-3.500000,-0.4160000,0.0105800,0.0295000
xfoil,r2a-sm5,root,0.000,289.231,3.000,3.000,0.7200,0.450,0.000,75.0,402000,6,0.0,-3.000000,-0.3597000,0.0101600,0.0297000
xfoil,r2a-sm5,root,0.000,289.231,3.000,3.000,0.7200,0.450,0.000,75.0,402000,6,0.0,-2.500000,-0.3032000,0.0097600,0.0297000
xfoil,r2a-sm5,root,0.000,289.231,3.000,3.000,0.7200,0.450,0.000,75.0,402000,6,0.0,-2.000000,-0.2466000,0.0094000,0.0298000
xfoil,r2a-sm5,root,0.000,289.231,3.000,3.000,0.7200,0.450,0.000,75.0,402000,6,0.0,-1.500000,-0.1902000,0.0090500,0.0299000
xfoil,r2a-sm5,root,0.000,289.231,3.000,3.000,0.7200,0.450,0.000,75.0,402000,6,0.0,-1.000000,-0.1341000,0.0086800,0.0300000
xfoil,r2a-sm5,root,0.000,289.231,3.000,3.000,0.7200,0.450,0.000,75.0,402000,6,0.0,-0.500000,-0.0790000,0.0082700,0.0303000
xfoil,r2a-sm5,root,0.000,289.231,3.000,3.000,0.7200,0.450,0.000,75.0,402000,6,0.0,-0.000000,-0.0279000,0.0077600,0.0319000
xfoil,r2a-sm5,root,0.000,289.231,3.000,3.000,0.7200,0.450,0.000,75.0,402000,6,0.0,0.500000,0.0283000,0.0077700,0.0323000
xfoil,r2a-sm5,root,0.000,289.231,3.000,3.000,0.7200,0.450,0.000,75.0,402000,6,0.0,1.000000,0.0850000,0.0078300,0.0327000
xfoil,r2a-sm5,root,0.000,289.231,3.000,3.000,0.7200,0.450,0.000,75.0,402000,6,0.0,1.500000,0.1418000,0.0079200,0.0329000
xfoil,r2a-sm5,root,0.000,289.231,3.000,3.000,0.7200,0.450,0.000,75.0,402000,6,0.0,2.000000,0.1991000,0.0080600,0.0330000
xfoil,r2a-sm5,root,0.000,289.231,3.000,3.000,0.7200,0.450,0.000,75.0,402000,6,0.0,2.500000,0.2578000,0.0082500,0.0327000
xfoil,r2a-sm5,root,0.000,289.231,3.000,3.000,0.7200,0.450,0.000,75.0,402000,6,0.0,3.000000,0.3198000,0.0084900,0.0317000
xfoil,r2a-sm5,root,0.000,289.231,3.000,3.000,0.7200,0.450,0.000,75.0,402000,6,0.0,3.500000,0.3865000,0.0088000,0.0295000
xfoil,r2a-sm5,root,0.000,289.231,3.000,3.000,0.7200,0.450,0.000,75.0,402000,6,0.0,4.000000,0.4549000,0.0091400,0.0267000
xfoil,r2a-sm5,root,0.000,289.231,3.000,3.000,0.7200,0.450,0.000,75.0,402000,6,0.0,4.500000,0.5266000,0.0095100,0.0233000
xfoil,r2a-sm5,root,0.000,289.231,3.000,3.000,0.7200,0.450,0.000,75.0,402000,6,0.0,5.000000,0.6015000,0.0099300,0.0190000
xfoil,r2a-sm5,root,0.000,289.231,3.000,3.000,0.7200,0.450,0.000,75.0,402000,6,0.0,5.500000,0.6708000,0.0103500,0.0157000
xfoil,r2a-sm5,root,0.000,289.231,3.000,3.000,0.7200,0.450,0.000,75.0,402000,6,0.0,6.000000,0.7293000,0.0107800,0.0145000
xfoil,r2a-sm5,root,0.000,289.231,3.000,3.000,0.7200,0.450,0.000,75.0,402000,6,0.0,6.500000,0.7788000,0.0112400,0.0152000
xfoil,r2a-sm5,root,0.000,289.231,3.000,3.000,0.7200,0.450,0.000,75.0,402000,6,0.0,7.000000,0.8290000,0.0117900,0.0156000
xfoil,r2a-sm5,root,0.000,289.231,3.000,3.000,0.7200,0.450,0.000,75.0,402000,6,0.0,7.500000,0.8794000,0.0124100,0.0160000
xfoil,r2a-sm5,root,0.000,289.231,3.000,3.000,0.7200,0.450,0.000,75.0,402000,6,0.0,8.000000,0.9295000,0.0131000,0.0164000
xfoil,r2a-sm5,root,0.000,289.231,3.000,3.000,0.7200,0.450,0.000,75.0,402000,6,0.0,8.500000,0.9794000,0.0138600,0.0167000
xfoil,r2a-sm5,root,0.000,289.231,3.000,3.000,0.7200,0.450,0.000,75.0,402000,6,0.0,9.000000,1.0284000,0.0147500,0.0168000
xfoil,r2a-sm5,root,0.000,289.231,3.000,3.000,0.7200,0.450,0.000,75.0,402000,6,0.0,9.500000,1.0765000,0.0157200,0.0170000
xfoil,r2a-sm5,root,0.000,289.231,3.000,3.000,0.7200,0.450,0.000,75.0,402000,6,0.0,10.000000,1.1233000,0.0168000,0.0172000
xfoil,r2a-sm5,root,0.000,289.231,3.000,3.000,0.7200,0.450,0.000,75.0,402000,6,5.0,-8.200000,-0.5863000,0.0136800,-0.0246000
xfoil,r2a-sm5,root,0.000,289.231,3.000,3.000,0.7200,0.450,0.000,75.0,402000,6,5.0,-7.700000,-0.5324000,0.0127800,-0.0244000
xfoil,r2a-sm5,root,0.000,289.231,3.000,3.000,0.7200,0.450,0.000,75.0,402000,6,5.0,-7.200000,-0.4777000,0.0120100,-0.0243000
xfoil,r2a-sm5,root,0.000,289.231,3.000,3.000,0.7200,0.450,0.000,75.0,402000,6,5.0,-6.700000,-0.4221000,0.0113900,-0.0243000
xfoil,r2a-sm5,root,0.000,289.231,3.000,3.000,0.7200,0.450,0.000,75.0,402000,6,5.0,-6.200000,-0.3659000,0.0108600,-0.0243000
xfoil,r2a-sm5,root,0.000,289.231,3.000,3.000,0.7200,0.450,0.000,75.0,402000,6,5.0,-5.700000,-0.3091000,0.0103800,-0.0244000
xfoil,r2a-sm5,root,0.000,289.231,3.000,3.000,0.7200,0.450,0.000,75.0,402000,6,5.0,-5.200000,-0.2520000,0.0099600,-0.0245000
xfoil,r2a-sm5,root,0.000,289.231,3.000,3.000,0.7200,0.450,0.000,75.0,402000,6,5.0,-4.700000,-0.1946000,0.0096100,-0.0246000
xfoil,r2a-sm5,root,0.000,289.231,3.000,3.000,0.7200,0.450,0.000,75.0,402000,6,5.0,-4.200000,-0.1373000,0.0093000,-0.0247000
xfoil,r2a-sm5,root,0.000,289.231,3.000,3.000,0.7200,0.450,0.000,75.0,402000,6,5.0,-3.700000,-0.0797000,0.0090500,-0.0248000
xfoil,r2a-sm5,root,0.000,289.231,3.000,3.000,0.7200,0.450,0.000,75.0,402000,6,5.0,-3.200000,-0.0221000,0.0088600,-0.0249000
xfoil,r2a-sm5,root,0.000,289.231,3.000,3.000,0.7200,0.450,0.000,75.0,402000,6,5.0,-2.700000,0.0356000,0.0087100,-0.0251000
xfoil,r2a-sm5,root,0.000,289.231,3.000,3.000,0.7200,0.450,0.000,75.0,402000,6,5.0,-2.200000,0.0934000,0.0085700,-0.0253000
xfoil,r2a-sm5,root,0.000,289.231,3.000,3.000,0.7200,0.450,0.000,75.0,402000,6,5.0,-1.700000,0.1511000,0.0084600,-0.0254000
xfoil,r2a-sm5,root,0.000,289.231,3.000,3.000,0.7200,0.450,0.000,75.0,402000,6,5.0,-1.200000,0.2086000,0.0084000,-0.0255000
xfoil,r2a-sm5,root,0.000,289.231,3.000,3.000,0.7200,0.450,0.000,75.0,402000,6,5.0,-0.700000,0.2661000,0.0084000,-0.0256000
xfoil,r2a-sm5,root,0.000,289.231,3.000,3.000,0.7200,0.450,0.000,75.0,402000,6,5.0,-0.200000,0.3234000,0.0084800,-0.0257000
xfoil,r2a-sm5,root,0.000,289.231,3.000,3.000,0.7200,0.450,0.000,75.0,402000,6,5.0,0.300000,0.3807000,0.0086000,-0.0258000
xfoil,r2a-sm5,root,0.000,289.231,3.000,3.000,0.7200,0.450,0.000,75.0,402000,6,5.0,0.800000,0.4372000,0.0087000,-0.0258000
xfoil,r2a-sm5,root,0.000,289.231,3.000,3.000,0.7200,0.450,0.000,75.0,402000,6,5.0,1.300000,0.4915000,0.0087000,-0.0253000
xfoil,r2a-sm5,root,0.000,289.231,3.000,3.000,0.7200,0.450,0.000,75.0,402000,6,5.0,1.800000,0.5688000,0.0087200,-0.0294000
xfoil,r2a-sm5,root,0.000,289.231,3.000,3.000,0.7200,0.450,0.000,75.0,402000,6,5.0,2.300000,0.6262000,0.0091100,-0.0299000
xfoil,r2a-sm5,root,0.000,289.231,3.000,3.000,0.7200,0.450,0.000,75.0,402000,6,5.0,2.800000,0.6817000,0.0095300,-0.0300000
xfoil,r2a-sm5,root,0.000,289.231,3.000,3.000,0.7200,0.450,0.000,75.0,402000,6,5.0,3.300000,0.7370000,0.0099600,-0.0300000
xfoil,r2a-sm5,root,0.000,289.231,3.000,3.000,0.7200,0.450,0.000,75.0,402000,6,5.0,3.800000,0.7919000,0.0104400,-0.0300000
xfoil,r2a-sm5,root,0.000,289.231,3.000,3.000,0.7200,0.450,0.000,75.0,402000,6,5.0,4.300000,0.8464000,0.0109500,-0.0300000
xfoil,r2a-sm5,root,0.000,289.231,3.000,3.000,0.7200,0.450,0.000,75.0,402000,6,5.0,4.800000,0.9003000,0.0115000,-0.0300000
xfoil,r2a-sm5,root,0.000,289.231,3.000,3.000,0.7200,0.450,0.000,75.0,402000,6,5.0,5.300000,0.9534000,0.0121000,-0.0298000
xfoil,r2a-sm5,root,0.000,289.231,3.000,3.000,0.7200,0.450,0.000,75.0,402000,6,5.0,5.800000,1.0058000,0.0127500,-0.0296000
xfoil,r2a-sm5,root,0.000,289.231,3.000,3.000,0.7200,0.450,0.000,75.0,402000,6,5.0,6.300000,1.0572000,0.0134600,-0.0293000
xfoil,r2a-sm5,root,0.000,289.231,3.000,3.000,0.7200,0.450,0.000,75.0,402000,6,5.0,6.800000,1.1074000,0.0142400,-0.0289000
xfoil,r2a-sm5,root,0.000,289.231,3.000,3.000,0.7200,0.450,0.000,75.0,402000,10,-5.0,-1.800000,-0.5725000,0.0110900,0.0808000
xfoil,r2a-sm5,root,0.000,289.231,3.000,3.000,0.7200,0.450,0.000,75.0,402000,10,-5.0,-1.300000,-0.5236000,0.0101900,0.0824000
xfoil,r2a-sm5,root,0.000,289.231,3.000,3.000,0.7200,0.450,0.000,75.0,402000,10,-5.0,-0.800000,-0.4871000,0.0086800,0.0870000
xfoil,r2a-sm5,root,0.000,289.231,3.000,3.000,0.7200,0.450,0.000,75.0,402000,10,-5.0,-0.300000,-0.4353000,0.0089000,0.0890000
xfoil,r2a-sm5,root,0.000,289.231,3.000,3.000,0.7200,0.450,0.000,75.0,402000,10,-5.0,0.200000,-0.3814000,0.0091200,0.0908000
xfoil,r2a-sm5,root,0.000,289.231,3.000,3.000,0.7200,0.450,0.000,75.0,402000,10,-5.0,0.700000,-0.3271000,0.0093100,0.0924000
xfoil,r2a-sm5,root,0.000,289.231,3.000,3.000,0.7200,0.450,0.000,75.0,402000,10,-5.0,1.200000,-0.2726000,0.0094400,0.0938000
xfoil,r2a-sm5,root,0.000,289.231,3.000,3.000,0.7200,0.450,0.000,75.0,402000,10,-5.0,1.700000,-0.2177000,0.0095500,0.0950000
xfoil,r2a-sm5,root,0.000,289.231,3.000,3.000,0.7200,0.450,0.000,75.0,402000,10,-5.0,2.200000,-0.1616000,0.0096700,0.0959000
xfoil,r2a-sm5,root,0.000,289.231,3.000,3.000,0.7200,0.450,0.000,75.0,402000,10,-5.0,2.700000,-0.1046000,0.0097800,0.0964000
xfoil,r2a-sm5,root,0.000,289.231,3.000,3.000,0.7200,0.450,0.000,75.0,402000,10,-5.0,3.200000,-0.0484000,0.0098400,0.0967000
xfoil,r2a-sm5,root,0.000,289.231,3.000,3.000,0.7200,0.450,0.000,75.0,402000,10,-5.0,3.700000,0.0105000,0.0100100,0.0966000
xfoil,r2a-sm5,root,0.000,289.231,3.000,3.000,0.7200,0.450,0.000,75.0,402000,10,-5.0,4.200000,0.0697000,0.0101700,0.0963000
xfoil,r2a-sm5,root,0.000,289.231,3.000,3.000,0.7200,0.450,0.000,75.0,402000,10,-5.0,4.700000,0.1268000,0.0103500,0.0963000
xfoil,r2a-sm5,root,0.000,289.231,3.000,3.000,0.7200,0.450,0.000,75.0,402000,10,-5.0,5.200000,0.1994000,0.0107700,0.0932000
xfoil,r2a-sm5,root,0.000,289.231,3.000,3.000,0.7200,0.450,0.000,75.0,402000,10,-5.0,5.700000,0.2525000,0.0107500,0.0932000
xfoil,r2a-sm5,root,0.000,289.231,3.000,3.000,0.7200,0.450,0.000,75.0,402000,10,-5.0,6.200000,0.3070000,0.0107900,0.0928000
xfoil,r2a-sm5,root,0.000,289.231,3.000,3.000,0.7200,0.450,0.000,75.0,402000,10,-5.0,6.700000,0.3634000,0.0109200,0.0920000
xfoil,r2a-sm5,root,0.000,289.231,3.000,3.000,0.7200,0.450,0.000,75.0,402000,10,-5.0,7.200000,0.4208000,0.0111200,0.0909000
xfoil,r2a-sm5,root,0.000,289.231,3.000,3.000,0.7200,0.450,0.000,75.0,402000,10,-5.0,7.700000,0.4789000,0.0113800,0.0896000
xfoil,r2a-sm5,root,0.000,289.231,3.000,3.000,0.7200,0.450,0.000,75.0,402000,10,-5.0,8.200000,0.5373000,0.0117100,0.0882000
xfoil,r2a-sm5,root,0.000,289.231,3.000,3.000,0.7200,0.450,0.000,75.0,402000,10,-5.0,8.700000,0.5957000,0.0121200,0.0867000
xfoil,r2a-sm5,root,0.000,289.231,3.000,3.000,0.7200,0.450,0.000,75.0,402000,10,-5.0,9.200000,0.6540000,0.0126200,0.0851000
xfoil,r2a-sm5,root,0.000,289.231,3.000,3.000,0.7200,0.450,0.000,75.0,402000,10,-5.0,9.700000,0.7116000,0.0132100,0.0834000
xfoil,r2a-sm5,root,0.000,289.231,3.000,3.000,0.7200,0.450,0.000,75.0,402000,10,-5.0,10.200000,0.7688000,0.0139000,0.0817000
xfoil,r2a-sm5,root,0.000,289.231,3.000,3.000,0.7200,0.450,0.000,75.0,402000,10,-5.0,10.700000,0.8265000,0.0147200,0.0795000
xfoil,r2a-sm5,root,0.000,289.231,3.000,3.000,0.7200,0.450,0.000,75.0,402000,10,-5.0,11.200000,0.8834000,0.0156600,0.0773000
xfoil,r2a-sm5,root,0.000,289.231,3.000,3.000,0.7200,0.450,0.000,75.0,402000,10,-5.0,11.700000,0.9385000,0.0167600,0.0749000
xfoil,r2a-sm5,root,0.000,289.231,3.000,3.000,0.7200,0.450,0.000,75.0,402000,10,-5.0,12.200000,0.9961000,0.0181600,0.0713000
xfoil,r2a-sm5,root,0.000,289.231,3.000,3.000,0.7200,0.450,0.000,75.0,402000,10,-5.0,12.700000,1.0543000,0.0198300,0.0668000
xfoil,r2a-sm5,root,0.000,289.231,3.000,3.000,0.7200,0.450,0.000,75.0,402000,10,-5.0,13.200000,1.1152000,0.0222200,0.0597000
xfoil,r2a-sm5,root,0.000,289.231,3.000,3.000,0.7200,0.450,0.000,75.0,402000,10,0.0,-5.000000,-0.5811000,0.0121600,0.0275000
xfoil,r2a-sm5,root,0.000,289.231,3.000,3.000,0.7200,0.450,0.000,75.0,402000,10,0.0,-4.500000,-0.5261000,0.0116900,0.0278000
xfoil,r2a-sm5,root,0.000,289.231,3.000,3.000,0.7200,0.450,0.000,75.0,402000,10,0.0,-4.000000,-0.4710000,0.0112400,0.0280000
xfoil,r2a-sm5,root,0.000,289.231,3.000,3.000,0.7200,0.450,0.000,75.0,402000,10,0.0,-3.500000,-0.4157000,0.0107800,0.0284000
xfoil,r2a-sm5,root,0.000,289.231,3.000,3.000,0.7200,0.450,0.000,75.0,402000,10,0.0,-2.500000,-0.3054000,0.0097700,0.0291000
xfoil,r2a-sm5,root,0.000,289.231,3.000,3.000,0.7200,0.450,0.000,75.0,402000,10,0.0,-2.000000,-0.2508000,0.0092200,0.0297000
xfoil,r2a-sm5,root,0.000,289.231,3.000,3.000,0.7200,0.450,0.000,75.0,402000,10,0.0,-1.500000,-0.1974000,0.0085300,0.0305000
xfoil,r2a-sm5,root,0.000,289.231,3.000,3.000,0.7200,0.450,0.000,75.0,402000,10,0.0,-0.500000,-0.0944000,0.0078900,0.0343000
xfoil,r2a-sm5,root,0.000,289.231,3.000,3.000,0.7200,0.450,0.000,75.0,402000,10,0.0,-0.000000,-0.0403000,0.0078500,0.0357000
xfoil,r2a-sm5,root,0.000,289.231,3.000,3.000,0.7200,0.450,0.000,75.0,402000,10,0.0,0.500000,0.0144000,0.0078800,0.0369000
xfoil,r2a-sm5,root,0.000,289.231,3.000,3.000,0.7200,0.450,0.000,75.0,402000,10,0.0,1.000000,0.0725000,0.0079600,0.0373000
xfoil,r2a-sm5,root,0.000,289.231,3.000,3.000,0.7200,0.450,0.000,75.0,402000,10,0.0,1.500000,0.1408000,0.0081400,0.0354000
xfoil,r2a-sm5,root,0.000,289.231,3.000,3.000,0.7200,0.450,0.000,75.0,402000,10,0.0,2.000000,0.2152000,0.0083900,0.0320000
xfoil,r2a-sm5,root,0.000,289.231,3.000,3.000,0.7200,0.450,0.000,75.0,402000,10,0.0,2.500000,0.2960000,0.0086600,0.0270000
xfoil,r2a-sm5,root,0.000,289.231,3.000,3.000,0.7200,0.450,0.000,75.0,402000,10,0.0,3.000000,0.3759000,0.0089100,0.0221000
xfoil,r2a-sm5,root,0.000,289.231,3.000,3.000,0.7200,0.450,0.000,75.0,402000,10,0.0,3.500000,0.4550000,0.0091700,0.0171000
xfoil,r2a-sm5,root,0.000,289.231,3.000,3.000,0.7200,0.450,0.000,75.0,402000,10,0.0,4.000000,0.5274000,0.0094000,0.0133000
xfoil,r2a-sm5,root,0.000,289.231,3.000,3.000,0.7200,0.450,0.000,75.0,402000,10,0.0,4.500000,0.5803000,0.0096300,0.0132000
xfoil,r2a-sm5,root,0.000,289.231,3.000,3.000,0.7200,0.450,0.000,75.0,402000,10,0.0,5.000000,0.6315000,0.0099000,0.0135000
xfoil,r2a-sm5,root,0.000,289.231,3.000,3.000,0.7200,0.450,0.000,75.0,402000,10,0.0,5.500000,0.6811000,0.0102300,0.0141000
xfoil,r2a-sm5,root,0.000,289.231,3.000,3.000,0.7200,0.450,0.000,75.0,402000,10,0.0,6.000000,0.7301000,0.0106200,0.0149000
xfoil,r2a-sm5,root,0.000,289.231,3.000,3.000,0.7200,0.450,0.000,75.0,402000,10,0.0,6.500000,0.7797000,0.0110900,0.0155000
xfoil,r2a-sm5,root,0.000,289.231,3.000,3.000,0.7200,0.450,0.000,75.0,402000,10,0.0,7.000000,0.8301000,0.0116300,0.0160000
xfoil,r2a-sm5,root,0.000,289.231,3.000,3.000,0.7200,0.450,0.000,75.0,402000,10,0.0,7.500000,0.8806000,0.0122500,0.0164000
xfoil,r2a-sm5,root,0.000,289.231,3.000,3.000,0.7200,0.450,0.000,75.0,402000,10,0.0,8.000000,0.9309000,0.0129500,0.0167000
xfoil,r2a-sm5,root,0.000,289.231,3.000,3.000,0.7200,0.450,0.000,75.0,402000,10,0.0,8.500000,0.9807000,0.0137400,0.0170000
xfoil,r2a-sm5,root,0.000,289.231,3.000,3.000,0.7200,0.450,0.000,75.0,402000,10,0.0,9.000000,1.0300000,0.0145900,0.0172000
xfoil,r2a-sm5,root,0.000,289.231,3.000,3.000,0.7200,0.450,0.000,75.0,402000,10,0.0,9.500000,1.0783000,0.0155600,0.0174000
xfoil,r2a-sm5,root,0.000,289.231,3.000,3.000,0.7200,0.450,0.000,75.0,402000,10,0.0,10.000000,1.1249000,0.0166600,0.0175000
xfoil,r2a-sm5,root,0.000,289.231,3.000,3.000,0.7200,0.450,0.000,75.0,402000,10,5.0,-8.200000,-0.5706000,0.0139500,-0.0298000
xfoil,r2a-sm5,root,0.000,289.231,3.000,3.000,0.7200,0.450,0.000,75.0,402000,10,5.0,-7.700000,-0.5201000,0.0127700,-0.0290000
xfoil,r2a-sm5,root,0.000,289.231,3.000,3.000,0.7200,0.450,0.000,75.0,402000,10,5.0,-7.200000,-0.4673000,0.0120700,-0.0284000
xfoil,r2a-sm5,root,0.000,289.231,3.000,3.000,0.7200,0.450,0.000,75.0,402000,10,5.0,-6.700000,-0.4133000,0.0115300,-0.0278000
xfoil,r2a-sm5,root,0.000,289.231,3.000,3.000,0.7200,0.450,0.000,75.0,402000,10,5.0,-6.200000,-0.3585000,0.0110700,-0.0274000
xfoil,r2a-sm5,root,0.000,289.231,3.000,3.000,0.7200,0.450,0.000,75.0,402000,10,5.0,-5.700000,-0.3035000,0.0106400,-0.0270000
xfoil,r2a-sm5,root,0.000,289.231,3.000,3.000,0.7200,0.450,0.000,75.0,402000,10,5.0,-5.200000,-0.2476000,0.0102400,-0.0267000
xfoil,r2a-sm5,root,0.000,289.231,3.000,3.000,0.7200,0.450,0.000,75.0,402000,10,5.0,-4.700000,-0.1910000,0.0098300,-0.0266000
xfoil,r2a-sm5,root,0.000,289.231,3.000,3.000,0.7200,0.450,0.000,75.0,402000,10,5.0,-4.200000,-0.1345000,0.0094400,-0.0264000
xfoil,r2a-sm5,root,0.000,289.231,3.000,3.000,0.7200,0.450,0.000,75.0,402000,10,5.0,-3.700000,-0.0781000,0.0090800,-0.0261000
xfoil,r2a-sm5,root,0.000,289.231,3.000,3.000,0.7200,0.450,0.000,75.0,402000,10,5.0,-3.200000,-0.0209000,0.0087400,-0.0261000
xfoil,r2a-sm5,root,0.000,289.231,3.000,3.000,0.7200,0.450,0.000,75.0,402000,10,5.0,-2.700000,0.0359000,0.0084600,-0.0258000
xfoil,r2a-sm5,root,0.000,289.231,3.000,3.000,0.7200,0.450,0.000,75.0,402000,10,5.0,-2.200000,0.0925000,0.0082700,-0.0255000
xfoil,r2a-sm5,root,0.000,289.231,3.000,3.000,0.7200,0.450,0.000,75.0,402000,10,5.0,-1.700000,0.1492000,0.0082000,-0.0252000
xfoil,r2a-sm5,root,0.000,289.231,3.000,3.000,0.7200,0.450,0.000,75.0,402000,10,5.0,-1.200000,0.2062000,0.0082100,-0.0250000
xfoil,r2a-sm5,root,0.000,289.231,3.000,3.000,0.7200,0.450,0.000,75.0,402000,10,5.0,-0.700000,0.2630000,0.0081500,-0.0248000
xfoil,r2a-sm5,root,0.000,289.231,3.000,3.000,0.7200,0.450,0.000,75.0,402000,10,5.0,-0.200000,0.3185000,0.0079800,-0.0243000
xfoil,r2a-sm5,root,0.000,289.231,3.000,3.000,0.7200,0.450,0.000,75.0,402000,10,5.0,0.300000,0.3716000,0.0077300,-0.0230000
xfoil,r2a-sm5,root,0.000,289.231,3.000,3.000,0.7200,0.450,0.000,75.0,402000,10,5.0,0.800000,0.4606000,0.0078000,-0.0297000
xfoil,r2a-sm5,root,0.000,289.231,3.000,3.000,0.7200,0.450,0.000,75.0,402000,10,5.0,1.300000,0.5166000,0.0080800,-0.0297000
xfoil,r2a-sm5,root,0.000,289.231,3.000,3.000,0.7200,0.450,0.000,75.0,402000,10,5.0,1.800000,0.5726000,0.0084100,-0.0298000
xfoil,r2a-sm5,root,0.000,289.231,3.000,3.000,0.7200,0.450,0.000,75.0,402000,10,5.0,2.300000,0.6286000,0.0087800,-0.0299000
xfoil,r2a-sm5,root,0.000,289.231,3.000,3.000,0.7200,0.450,0.000,75.0,402000,10,5.0,2.800000,0.6842000,0.0092000,-0.0300000
xfoil,r2a-sm5,root,0.000,289.231,3.000,3.000,0.7200,0.450,0.000,75.0,402000,10,5.0,3.300000,0.7395000,0.0096600,-0.0300000
xfoil,r2a-sm5,root,0.000,289.231,3.000,3.000,0.7200,0.450,0.000,75.0,402000,10,5.0,3.800000,0.7945000,0.0101400,-0.0300000
xfoil,r2a-sm5,root,0.000,289.231,3.000,3.000,0.7200,0.450,0.000,75.0,402000,10,5.0,4.300000,0.8491000,0.0106600,-0.0300000
xfoil,r2a-sm5,root,0.000,289.231,3.000,3.000,0.7200,0.450,0.000,75.0,402000,10,5.0,4.800000,0.9030000,0.0112400,-0.0299000
xfoil,r2a-sm5,root,0.000,289.231,3.000,3.000,0.7200,0.450,0.000,75.0,402000,10,5.0,5.300000,0.9561000,0.0118600,-0.0298000
xfoil,r2a-sm5,root,0.000,289.231,3.000,3.000,0.7200,0.450,0.000,75.0,402000,10,5.0,5.800000,1.0087000,0.0125000,-0.0296000
xfoil,r2a-sm5,root,0.000,289.231,3.000,3.000,0.7200,0.450,0.000,75.0,402000,10,5.0,6.300000,1.0602000,0.0132200,-0.0293000
xfoil,r2a-sm5,root,0.000,289.231,3.000,3.000,0.7200,0.450,0.000,75.0,402000,10,5.0,6.800000,1.1103000,0.0140300,-0.0288000
xfoil,r2a-sm5,root,0.000,289.231,3.000,3.000,0.7200,0.450,0.000,95.0,509000,6,-5.0,-1.800000,-0.5744000,0.0104500,0.0828000
xfoil,r2a-sm5,root,0.000,289.231,3.000,3.000,0.7200,0.450,0.000,95.0,509000,6,-5.0,-1.300000,-0.5203000,0.0099700,0.0833000
xfoil,r2a-sm5,root,0.000,289.231,3.000,3.000,0.7200,0.450,0.000,95.0,509000,6,-5.0,-0.800000,-0.4663000,0.0094900,0.0839000
xfoil,r2a-sm5,root,0.000,289.231,3.000,3.000,0.7200,0.450,0.000,95.0,509000,6,-5.0,-0.300000,-0.4124000,0.0090100,0.0844000
xfoil,r2a-sm5,root,0.000,289.231,3.000,3.000,0.7200,0.450,0.000,95.0,509000,6,-5.0,0.200000,-0.3600000,0.0084200,0.0852000
xfoil,r2a-sm5,root,0.000,289.231,3.000,3.000,0.7200,0.450,0.000,95.0,509000,6,-5.0,0.700000,-0.3171000,0.0074500,0.0882000
xfoil,r2a-sm5,root,0.000,289.231,3.000,3.000,0.7200,0.450,0.000,95.0,509000,6,-5.0,1.200000,-0.2592000,0.0075600,0.0882000
xfoil,r2a-sm5,root,0.000,289.231,3.000,3.000,0.7200,0.450,0.000,95.0,509000,6,-5.0,1.700000,-0.2011000,0.0076700,0.0882000
xfoil,r2a-sm5,root,0.000,289.231,3.000,3.000,0.7200,0.450,0.000,95.0,509000,6,-5.0,2.200000,-0.1426000,0.0077900,0.0880000
xfoil,r2a-sm5,root,0.000,289.231,3.000,3.000,0.7200,0.450,0.000,95.0,509000,6,-5.0,2.700000,-0.0839000,0.0079400,0.0877000
xfoil,r2a-sm5,root,0.000,289.231,3.000,3.000,0.7200,0.450,0.000,95.0,509000,6,-5.0,3.200000,-0.0249000,0.0081100,0.0873000
xfoil,r2a-sm5,root,0.000,289.231,3.000,3.000,0.7200,0.450,0.000,95.0,509000,6,-5.0,3.700000,0.0340000,0.0082700,0.0869000
xfoil,r2a-sm5,root,0.000,289.231,3.000,3.000,0.7200,0.450,0.000,95.0,509000,6,-5.0,4.200000,0.0929000,0.0084600,0.0863000
xfoil,r2a-sm5,root,0.000,289.231,3.000,3.000,0.7200,0.450,0.000,95.0,509000,6,-5.0,4.700000,0.1515000,0.0086700,0.0859000
xfoil,r2a-sm5,root,0.000,289.231,3.000,3.000,0.7200,0.450,0.000,95.0,509000,6,-5.0,5.200000,0.2098000,0.0089000,0.0854000
xfoil,r2a-sm5,root,0.000,289.231,3.000,3.000,0.7200,0.450,0.000,95.0,509000,6,-5.0,5.700000,0.2695000,0.0091300,0.0844000
xfoil,r2a-sm5,root,0.000,289.231,3.000,3.000,0.7200,0.450,0.000,95.0,509000,6,-5.0,6.200000,0.3296000,0.0094000,0.0832000
xfoil,r2a-sm5,root,0.000,289.231,3.000,3.000,0.7200,0.450,0.000,95.0,509000,6,-5.0,6.700000,0.3894000,0.0096900,0.0820000
xfoil,r2a-sm5,root,0.000,289.231,3.000,3.000,0.7200,0.450,0.000,95.0,509000,6,-5.0,7.200000,0.4491000,0.0100200,0.0808000
xfoil,r2a-sm5,root,0.000,289.231,3.000,3.000,0.7200,0.450,0.000,95.0,509000,6,-5.0,7.700000,0.5084000,0.0103900,0.0795000
xfoil,r2a-sm5,root,0.000,289.231,3.000,3.000,0.7200,0.450,0.000,95.0,509000,6,-5.0,8.200000,0.5675000,0.0108300,0.0782000
xfoil,r2a-sm5,root,0.000,289.231,3.000,3.000,0.7200,0.450,0.000,95.0,509000,6,-5.0,8.700000,0.6262000,0.0113300,0.0769000
xfoil,r2a-sm5,root,0.000,289.231,3.000,3.000,0.7200,0.450,0.000,95.0,509000,6,-5.0,9.200000,0.6844000,0.0118600,0.0755000
xfoil,r2a-sm5,root,0.000,289.231,3.000,3.000,0.7200,0.450,0.000,95.0,509000,6,-5.0,9.700000,0.7421000,0.0124800,0.0741000
xfoil,r2a-sm5,root,0.000,289.231,3.000,3.000,0.7200,0.450,0.000,95.0,509000,6,-5.0,10.200000,0.7991000,0.0132200,0.0726000
xfoil,r2a-sm5,root,0.000,289.231,3.000,3.000,0.7200,0.450,0.000,95.0,509000,6,-5.0,10.700000,0.8552000,0.0140600,0.0711000
xfoil,r2a-sm5,root,0.000,289.231,3.000,3.000,0.7200,0.450,0.000,95.0,509000,6,-5.0,11.200000,0.9103000,0.0150100,0.0694000
xfoil,r2a-sm5,root,0.000,289.231,3.000,3.000,0.7200,0.450,0.000,95.0,509000,6,-5.0,11.700000,0.9642000,0.0160900,0.0676000
xfoil,r2a-sm5,root,0.000,289.231,3.000,3.000,0.7200,0.450,0.000,95.0,509000,6,-5.0,12.200000,1.0165000,0.0173900,0.0656000
xfoil,r2a-sm5,root,0.000,289.231,3.000,3.000,0.7200,0.450,0.000,95.0,509000,6,-5.0,12.700000,1.0666000,0.0190000,0.0631000
xfoil,r2a-sm5,root,0.000,289.231,3.000,3.000,0.7200,0.450,0.000,95.0,509000,6,-5.0,13.200000,1.1141000,0.0214900,0.0585000
xfoil,r2a-sm5,root,0.000,289.231,3.000,3.000,0.7200,0.450,0.000,95.0,509000,6,0.0,-5.000000,-0.5877000,0.0114300,0.0302000
xfoil,r2a-sm5,root,0.000,289.231,3.000,3.000,0.7200,0.450,0.000,95.0,509000,6,0.0,-4.500000,-0.5320000,0.0108900,0.0304000
xfoil,r2a-sm5,root,0.000,289.231,3.000,3.000,0.7200,0.450,0.000,95.0,509000,6,0.0,-4.000000,-0.4761000,0.0103700,0.0305000
xfoil,r2a-sm5,root,0.000,289.231,3.000,3.000,0.7200,0.450,0.000,95.0,509000,6,0.0,-3.000000,-0.3631000,0.0095300,0.0306000
xfoil,r2a-sm5,root,0.000,289.231,3.000,3.000,0.7200,0.450,0.000,95.0,509000,6,0.0,-2.500000,-0.3062000,0.0091700,0.0306000
xfoil,r2a-sm5,root,0.000,289.231,3.000,3.000,0.7200,0.450,0.000,95.0,509000,6,0.0,-2.000000,-0.2492000,0.0088500,0.0306000
xfoil,r2a-sm5,root,0.000,289.231,3.000,3.000,0.7200,0.450,0.000,95.0,509000,6,0.0,-1.500000,-0.1922000,0.0085400,0.0305000
xfoil,r2a-sm5,root,0.000,289.231,3.000,3.000,0.7200,0.450,0.000,95.0,509000,6,0.0,-1.000000,-0.1353000,0.0082500,0.0305000
xfoil,r2a-sm5,root,0.000,289.231,3.000,3.000,0.7200,0.450,0.000,95.0,509000,6,0.0,-0.500000,-0.0788000,0.0079300,0.0305000
xfoil,r2a-sm5,root,0.000,289.231,3.000,3.000,0.7200,0.450,0.000,95.0,509000,6,0.0,0.500000,0.0290000,0.0072100,0.0320000
xfoil,r2a-sm5,root,0.000,289.231,3.000,3.000,0.7200,0.450,0.000,95.0,509000,6,0.0,1.000000,0.0861000,0.0072600,0.0321000
xfoil,r2a-sm5,root,0.000,289.231,3.000,3.000,0.7200,0.450,0.000,95.0,509000,6,0.0,1.500000,0.1435000,0.0073700,0.0322000
xfoil,r2a-sm5,root,0.000,289.231,3.000,3.000,0.7200,0.450,0.000,95.0,509000,6,0.0,2.000000,0.2008000,0.0075100,0.0321000
xfoil,r2a-sm5,root,0.000,289.231,3.000,3.000,0.7200,0.450,0.000,95.0,509000,6,0.0,2.500000,0.2582000,0.0076700,0.0321000
xfoil,r2a-sm5,root,0.000,289.231,3.000,3.000,0.7200,0.450,0.000,95.0,509000,6,0.0,3.000000,0.3162000,0.0078600,0.0319000
xfoil,r2a-sm5,root,0.000,289.231,3.000,3.000,0.7200,0.450,0.000,95.0,509000,6,0.0,3.500000,0.3762000,0.0081000,0.0312000
xfoil,r2a-sm5,root,0.000,289.231,3.000,3.000,0.7200,0.450,0.000,95.0,509000,6,0.0,4.000000,0.4405000,0.0084000,0.0294000
xfoil,r2a-sm5,root,0.000,289.231,3.000,3.000,0.7200,0.450,0.000,95.0,509000,6,0.0,4.500000,0.5089000,0.0087500,0.0267000
xfoil,r2a-sm5,root,0.000,289.231,3.000,3.000,0.7200,0.450,0.000,95.0,509000,6,0.0,5.000000,0.5804000,0.0091600,0.0232000
xfoil,r2a-sm5,root,0.000,289.231,3.000,3.000,0.7200,0.450,0.000,95.0,509000,6,0.0,5.500000,0.6510000,0.0095900,0.0198000
xfoil,r2a-sm5,root,0.000,289.231,3.000,3.000,0.7200,0.450,0.000,95.0,509000,6,0.0,6.000000,0.7191000,0.0100300,0.0167000
xfoil,r2a-sm5,root,0.000,289.231,3.000,3.000,0.7200,0.450,0.000,95.0,509000,6,0.0,6.500000,0.7796000,0.0105000,0.0151000
xfoil,r2a-sm5,root,0.000,289.231,3.000,3.000,0.7200,0.450,0.000,95.0,509000,6,0.0,7.000000,0.8298000,0.0110000,0.0156000
xfoil,r2a-sm5,root,0.000,289.231,3.000,3.000,0.7200,0.450,0.000,95.0,509000,6,0.0,7.500000,0.8806000,0.0115700,0.0160000
xfoil,r2a-sm5,root,0.000,289.231,3.000,3.000,0.7200,0.450,0.000,95.0,509000,6,0.0,8.000000,0.9311000,0.0122300,0.0163000
xfoil,r2a-sm5,root,0.000,289.231,3.000,3.000,0.7200,0.450,0.000,95.0,509000,6,0.0,8.500000,0.9812000,0.0129800,0.0166000
xfoil,r2a-sm5,root,0.000,289.231,3.000,3.000,0.7200,0.450,0.000,95.0,509000,6,0.0,9.000000,1.0308000,0.0138300,0.0168000
xfoil,r2a-sm5,root,0.000,289.231,3.000,3.000,0.7200,0.450,0.000,95.0,509000,6,0.0,9.500000,1.0797000,0.0147500,0.0169000
xfoil,r2a-sm5,root,0.000,289.231,3.000,3.000,0.7200,0.450,0.000,95.0,509000,6,0.0,10.000000,1.1278000,0.0157200,0.0170000
xfoil,r2a-sm5,root,0.000,289.231,3.000,3.000,0.7200,0.450,0.000,95.0,509000,6,5.0,-8.200000,-0.5930000,0.0128800,-0.0229000
xfoil,r2a-sm5,root,0.000,289.231,3.000,3.000,0.7200,0.450,0.000,95.0,509000,6,5.0,-7.700000,-0.5382000,0.0120700,-0.0228000
xfoil,r2a-sm5,root,0.000,289.231,3.000,3.000,0.7200,0.450,0.000,95.0,509000,6,5.0,-7.200000,-0.4830000,0.0113200,-0.0228000
xfoil,r2a-sm5,root,0.000,289.231,3.000,3.000,0.7200,0.450,0.000,95.0,509000,6,5.0,-6.700000,-0.4270000,0.0106800,-0.0229000
xfoil,r2a-sm5,root,0.000,289.231,3.000,3.000,0.7200,0.450,0.000,95.0,509000,6,5.0,-5.700000,-0.3130000,0.0097200,-0.0232000
xfoil,r2a-sm5,root,0.000,289.231,3.000,3.000,0.7200,0.450,0.000,95.0,509000,6,5.0,-5.200000,-0.2558000,0.0092900,-0.0233000
xfoil,r2a-sm5,root,0.000,289.231,3.000,3.000,0.7200,0.450,0.000,95.0,509000,6,5.0,-4.700000,-0.1981000,0.0089900,-0.0235000
xfoil,r2a-sm5,root,0.000,289.231,3.000,3.000,0.7200,0.450,0.000,95.0,509000,6,5.0,-4.200000,-0.1404000,0.0087200,-0.0237000
xfoil,r2a-sm5,root,0.000,289.231,3.000,3.000,0.7200,0.450,0.000,95.0,509000,6,5.0,-3.700000,-0.0824000,0.0085100,-0.0239000
xfoil,r2a-sm5,root,0.000,289.231,3.000,3.000,0.7200,0.450,0.000,95.0,509000,6,5.0,-3.200000,-0.0244000,0.0083500,-0.0242000
xfoil,r2a-sm5,root,0.000,289.231,3.000,3.000,0.7200,0.450,0.000,95.0,509000,6,5.0,-2.700000,0.0339000,0.0081900,-0.0245000
xfoil,r2a-sm5,root,0.000,289.231,3.000,3.000,0.7200,0.450,0.000,95.0,509000,6,5.0,-2.200000,0.0921000,0.0080600,-0.0248000
xfoil,r2a-sm5,root,0.000,289.231,3.000,3.000,0.7200,0.450,0.000,95.0,509000,6,5.0,-1.700000,0.1502000,0.0079600,-0.0251000
xfoil,r2a-sm5,root,0.000,289.231,3.000,3.000,0.7200,0.450,0.000,95.0,509000,6,5.0,-1.200000,0.2082000,0.0079100,-0.0253000
xfoil,r2a-sm5,root,0.000,289.231,3.000,3.000,0.7200,0.450,0.000,95.0,509000,6,5.0,-0.700000,0.2660000,0.0079100,-0.0255000
xfoil,r2a-sm5,root,0.000,289.231,3.000,3.000,0.7200,0.450,0.000,95.0,509000,6,5.0,-0.200000,0.3236000,0.0079800,-0.0257000
xfoil,r2a-sm5,root,0.000,289.231,3.000,3.000,0.7200,0.450,0.000,95.0,509000,6,5.0,0.300000,0.3812000,0.0081100,-0.0259000
xfoil,r2a-sm5,root,0.000,289.231,3.000,3.000,0.7200,0.450,0.000,95.0,509000,6,5.0,0.800000,0.4386000,0.0082900,-0.0262000
xfoil,r2a-sm5,root,0.000,289.231,3.000,3.000,0.7200,0.450,0.000,95.0,509000,6,5.0,1.300000,0.4953000,0.0084200,-0.0262000
xfoil,r2a-sm5,root,0.000,289.231,3.000,3.000,0.7200,0.450,0.000,95.0,509000,6,5.0,1.800000,0.5490000,0.0084200,-0.0256000
xfoil,r2a-sm5,root,0.000,289.231,3.000,3.000,0.7200,0.450,0.000,95.0,509000,6,5.0,2.300000,0.6259000,0.0085100,-0.0299000
xfoil,r2a-sm5,root,0.000,289.231,3.000,3.000,0.7200,0.450,0.000,95.0,509000,6,5.0,2.800000,0.6817000,0.0089100,-0.0300000
xfoil,r2a-sm5,root,0.000,289.231,3.000,3.000,0.7200,0.450,0.000,95.0,509000,6,5.0,3.300000,0.7373000,0.0093300,-0.0301000
xfoil,r2a-sm5,root,0.000,289.231,3.000,3.000,0.7200,0.450,0.000,95.0,509000,6,5.0,4.300000,0.8474000,0.0102600,-0.0302000
xfoil,r2a-sm5,root,0.000,289.231,3.000,3.000,0.7200,0.450,0.000,95.0,509000,6,5.0,4.800000,0.9017000,0.0107800,-0.0302000
xfoil,r2a-sm5,root,0.000,289.231,3.000,3.000,0.7200,0.450,0.000,95.0,509000,6,5.0,5.300000,0.9554000,0.0113500,-0.0301000
xfoil,r2a-sm5,root,0.000,289.231,3.000,3.000,0.7200,0.450,0.000,95.0,509000,6,5.0,5.800000,1.0084000,0.0119600,-0.0299000
xfoil,r2a-sm5,root,0.000,289.231,3.000,3.000,0.7200,0.450,0.000,95.0,509000,6,5.0,6.300000,1.0605000,0.0126300,-0.0297000
xfoil,r2a-sm5,root,0.000,289.231,3.000,3.000,0.7200,0.450,0.000,95.0,509000,6,5.0,6.800000,1.1114000,0.0133800,-0.0294000
xfoil,r2a-sm5,root,0.000,289.231,3.000,3.000,0.7200,0.450,0.000,95.0,509000,10,-5.0,-1.800000,-0.5786000,0.0101900,0.0827000
xfoil,r2a-sm5,root,0.000,289.231,3.000,3.000,0.7200,0.450,0.000,95.0,509000,10,-5.0,-1.300000,-0.5270000,0.0095000,0.0838000
xfoil,r2a-sm5,root,0.000,289.231,3.000,3.000,0.7200,0.450,0.000,95.0,509000,10,-5.0,-0.800000,-0.4782000,0.0086100,0.0854000
xfoil,r2a-sm5,root,0.000,289.231,3.000,3.000,0.7200,0.450,0.000,95.0,509000,10,-5.0,-0.300000,-0.4371000,0.0077400,0.0891000
xfoil,r2a-sm5,root,0.000,289.231,3.000,3.000,0.7200,0.450,0.000,95.0,509000,10,-5.0,0.200000,-0.3820000,0.0078900,0.0903000
xfoil,r2a-sm5,root,0.000,289.231,3.000,3.000,0.7200,0.450,0.000,95.0,509000,10,-5.0,0.700000,-0.3261000,0.0080300,0.0912000
xfoil,r2a-sm5,root,0.000,289.231,3.000,3.000,0.7200,0.450,0.000,95.0,509000,10,-5.0,1.200000,-0.2701000,0.0081600,0.0921000
xfoil,r2a-sm5,root,0.000,289.231,3.000,3.000,0.7200,0.450,0.000,95.0,509000,10,-5.0,1.700000,-0.2136000,0.0082700,0.0927000
xfoil,r2a-sm5,root,0.000,289.231,3.000,3.000,0.7200,0.450,0.000,95.0,509000,10,-5.0,2.200000,-0.1567000,0.0083700,0.0932000
xfoil,r2a-sm5,root,0.000,289.231,3.000,3.000,0.7200,0.450,0.000,95.0,509000,10,-5.0,2.700000,-0.0997000,0.0084700,0.0934000
xfoil,r2a-sm5,root,0.000,289.231,3.000,3.000,0.7200,0.450,0.000,95.0,509000,10,-5.0,3.200000,-0.0422000,0.0085900,0.0934000
xfoil,r2a-sm5,root,0.000,289.231,3.000,3.000,0.7200,0.450,0.000,95.0,509000,10,-5.0,3.700000,0.0152000,0.0087000,0.0935000
xfoil,r2a-sm5,root,0.000,289.231,3.000,3.000,0.7200,0.450,0.000,95.0,509000,10,-5.0,4.200000,0.0728000,0.0088300,0.0933000
xfoil,r2a-sm5,root,0.000,289.231,3.000,3.000,0.7200,0.450,0.000,95.0,509000,10,-5.0,4.700000,0.1296000,0.0090100,0.0934000
xfoil,r2a-sm5,root,0.000,289.231,3.000,3.000,0.7200,0.450,0.000,95.0,509000,10,-5.0,5.200000,0.1859000,0.0091900,0.0935000
xfoil,r2a-sm5,root,0.000,289.231,3.000,3.000,0.7200,0.450,0.000,95.0,509000,10,-5.0,5.700000,0.2449000,0.0093600,0.0927000
xfoil,r2a-sm5,root,0.000,289.231,3.000,3.000,0.7200,0.450,0.000,95.0,509000,10,-5.0,6.200000,0.3056000,0.0095300,0.0912000
xfoil,r2a-sm5,root,0.000,289.231,3.000,3.000,0.7200,0.450,0.000,95.0,509000,10,-5.0,6.700000,0.3663000,0.0097400,0.0897000
xfoil,r2a-sm5,root,0.000,289.231,3.000,3.000,0.7200,0.450,0.000,95.0,509000,10,-5.0,7.200000,0.4268000,0.0100000,0.0881000
xfoil,r2a-sm5,root,0.000,289.231,3.000,3.000,0.7200,0.450,0.000,95.0,509000,10,-5.0,7.700000,0.4871000,0.0103100,0.0865000
xfoil,r2a-sm5,root,0.000,289.231,3.000,3.000,0.7200,0.450,0.000,95.0,509000,10,-5.0,8.200000,0.5470000,0.0106900,0.0849000
xfoil,r2a-sm5,root,0.000,289.231,3.000,3.000,0.7200,0.450,0.000,95.0,509000,10,-5.0,8.700000,0.6065000,0.0111300,0.0833000
xfoil,r2a-sm5,root,0.000,289.231,3.000,3.000,0.7200,0.450,0.000,95.0,509000,10,-5.0,9.200000,0.6654000,0.0116400,0.0817000
xfoil,r2a-sm5,root,0.000,289.231,3.000,3.000,0.7200,0.450,0.000,95.0,509000,10,-5.0,9.700000,0.7238000,0.0122400,0.0800000
xfoil,r2a-sm5,root,0.000,289.231,3.000,3.000,0.7200,0.450,0.000,95.0,509000,10,-5.0,10.200000,0.7815000,0.0129200,0.0783000
xfoil,r2a-sm5,root,0.000,289.231,3.000,3.000,0.7200,0.450,0.000,95.0,509000,10,-5.0,10.700000,0.8383000,0.0136900,0.0766000
xfoil,r2a-sm5,root,0.000,289.231,3.000,3.000,0.7200,0.450,0.000,95.0,509000,10,-5.0,11.200000,0.8943000,0.0145200,0.0748000
xfoil,r2a-sm5,root,0.000,289.231,3.000,3.000,0.7200,0.450,0.000,95.0,509000,10,-5.0,11.700000,0.9491000,0.0154900,0.0729000
xfoil,r2a-sm5,root,0.000,289.231,3.000,3.000,0.7200,0.450,0.000,95.0,509000,10,-5.0,12.200000,1.0021000,0.0166400,0.0709000
xfoil,r2a-sm5,root,0.000,289.231,3.000,3.000,0.7200,0.450,0.000,95.0,509000,10,-5.0,12.700000,1.0533000,0.0180200,0.0686000
xfoil,r2a-sm5,root,0.000,289.231,3.000,3.000,0.7200,0.450,0.000,95.0,509000,10,-5.0,13.200000,1.1044000,0.0198600,0.0649000
xfoil,r2a-sm5,root,0.000,289.231,3.000,3.000,0.7200,0.450,0.000,95.0,509000,10,0.0,-5.000000,-0.5881000,0.0113800,0.0294000
xfoil,r2a-sm5,root,0.000,289.231,3.000,3.000,0.7200,0.450,0.000,95.0,509000,10,0.0,-4.500000,-0.5326000,0.0108900,0.0296000
xfoil,r2a-sm5,root,0.000,289.231,3.000,3.000,0.7200,0.450,0.000,95.0,509000,10,0.0,-4.000000,-0.4768000,0.0104200,0.0298000
xfoil,r2a-sm5,root,0.000,289.231,3.000,3.000,0.7200,0.450,0.000,95.0,509000,10,0.0,-3.000000,-0.3650000,0.0094600,0.0302000
xfoil,r2a-sm5,root,0.000,289.231,3.000,3.000,0.7200,0.450,0.000,95.0,509000,10,0.0,-2.500000,-0.3089000,0.0089800,0.0304000
xfoil,r2a-sm5,root,0.000,289.231,3.000,3.000,0.7200,0.450,0.000,95.0,509000,10,0.0,-2.000000,-0.2530000,0.0084900,0.0307000
xfoil,r2a-sm5,root,0.000,289.231,3.000,3.000,0.7200,0.450,0.000,95.0,509000,10,0.0,-1.500000,-0.1978000,0.0079700,0.0311000
xfoil,r2a-sm5,root,0.000,289.231,3.000,3.000,0.7200,0.450,0.000,95.0,509000,10,0.0,-1.000000,-0.1466000,0.0072300,0.0324000
xfoil,r2a-sm5,root,0.000,289.231,3.000,3.000,0.7200,0.450,0.000,95.0,509000,10,0.0,-0.500000,-0.0930000,0.0070800,0.0337000
xfoil,r2a-sm5,root,0.000,289.231,3.000,3.000,0.7200,0.450,0.000,95.0,509000,10,0.0,-0.000000,-0.0378000,0.0070500,0.0347000
xfoil,r2a-sm5,root,0.000,289.231,3.000,3.000,0.7200,0.450,0.000,95.0,509000,10,0.0,0.500000,0.0177000,0.0070400,0.0355000
xfoil,r2a-sm5,root,0.000,289.231,3.000,3.000,0.7200,0.450,0.000,95.0,509000,10,0.0,1.000000,0.0733000,0.0070900,0.0363000
xfoil,r2a-sm5,root,0.000,289.231,3.000,3.000,0.7200,0.450,0.000,95.0,509000,10,0.0,1.500000,0.1305000,0.0071900,0.0366000
xfoil,r2a-sm5,root,0.000,289.231,3.000,3.000,0.7200,0.450,0.000,95.0,509000,10,0.0,2.000000,0.1923000,0.0073700,0.0359000
xfoil,r2a-sm5,root,0.000,289.231,3.000,3.000,0.7200,0.450,0.000,95.0,509000,10,0.0,2.500000,0.2609000,0.0076200,0.0336000
xfoil,r2a-sm5,root,0.000,289.231,3.000,3.000,0.7200,0.450,0.000,95.0,509000,10,0.0,3.000000,0.3341000,0.0079200,0.0301000
xfoil,r2a-sm5,root,0.000,289.231,3.000,3.000,0.7200,0.450,0.000,95.0,509000,10,0.0,3.500000,0.4101000,0.0082300,0.0258000
xfoil,r2a-sm5,root,0.000,289.231,3.000,3.000,0.7200,0.450,0.000,95.0,509000,10,0.0,4.000000,0.4857000,0.0085500,0.0215000
xfoil,r2a-sm5,root,0.000,289.231,3.000,3.000,0.7200,0.450,0.000,95.0,509000,10,0.0,4.500000,0.5622000,0.0088700,0.0170000
xfoil,r2a-sm5,root,0.000,289.231,3.000,3.000,0.7200,0.450,0.000,95.0,509000,10,0.0,5.000000,0.6330000,0.0091700,0.0134000
xfoil,r2a-sm5,root,0.000,289.231,3.000,3.000,0.7200,0.450,0.000,95.0,509000,10,0.0,5.500000,0.6830000,0.0094600,0.0139000
xfoil,r2a-sm5,root,0.000,289.231,3.000,3.000,0.7200,0.450,0.000,95.0,509000,10,0.0,6.000000,0.7315000,0.0098000,0.0147000
xfoil,r2a-sm5,root,0.000,289.231,3.000,3.000,0.7200,0.450,0.000,95.0,509000,10,0.0,6.500000,0.7807000,0.0102200,0.0154000
xfoil,r2a-sm5,root,0.000,289.231,3.000,3.000,0.7200,0.450,0.000,95.0,509000,10,0.0,7.000000,0.8311000,0.0107300,0.0159000
xfoil,r2a-sm5,root,0.000,289.231,3.000,3.000,0.7200,0.450,0.000,95.0,509000,10,0.0,7.500000,0.8821000,0.0113000,0.0163000
xfoil,r2a-sm5,root,0.000,289.231,3.000,3.000,0.7200,0.450,0.000,95.0,509000,10,0.0,8.000000,0.9329000,0.0119500,0.0166000
xfoil,r2a-sm5,root,0.000,289.231,3.000,3.000,0.7200,0.450,0.000,95.0,509000,10,0.0,8.500000,0.9834000,0.0126700,0.0168000
xfoil,r2a-sm5,root,0.000,289.231,3.000,3.000,0.7200,0.450,0.000,95.0,509000,10,0.0,9.000000,1.0334000,0.0134800,0.0170000
xfoil,r2a-sm5,root,0.000,289.231,3.000,3.000,0.7200,0.450,0.000,95.0,509000,10,0.0,9.500000,1.0828000,0.0143700,0.0171000
xfoil,r2a-sm5,root,0.000,289.231,3.000,3.000,0.7200,0.450,0.000,95.0,509000,10,0.0,10.000000,1.1310000,0.0153500,0.0172000
xfoil,r2a-sm5,root,0.000,289.231,3.000,3.000,0.7200,0.450,0.000,95.0,509000,10,5.0,-8.200000,-0.5845000,0.0130900,-0.0260000
xfoil,r2a-sm5,root,0.000,289.231,3.000,3.000,0.7200,0.450,0.000,95.0,509000,10,5.0,-7.700000,-0.5326000,0.0119400,-0.0254000
xfoil,r2a-sm5,root,0.000,289.231,3.000,3.000,0.7200,0.450,0.000,95.0,509000,10,5.0,-7.200000,-0.4786000,0.0112000,-0.0251000
xfoil,r2a-sm5,root,0.000,289.231,3.000,3.000,0.7200,0.450,0.000,95.0,509000,10,5.0,-6.700000,-0.4233000,0.0106400,-0.0249000
xfoil,r2a-sm5,root,0.000,289.231,3.000,3.000,0.7200,0.450,0.000,95.0,509000,10,5.0,-6.200000,-0.3671000,0.0101700,-0.0248000
xfoil,r2a-sm5,root,0.000,289.231,3.000,3.000,0.7200,0.450,0.000,95.0,509000,10,5.0,-5.700000,-0.3105000,0.0097400,-0.0247000
xfoil,r2a-sm5,root,0.000,289.231,3.000,3.000,0.7200,0.450,0.000,95.0,509000,10,5.0,-5.200000,-0.2538000,0.0093200,-0.0247000
xfoil,r2a-sm5,root,0.000,289.231,3.000,3.000,0.7200,0.450,0.000,95.0,509000,10,5.0,-4.700000,-0.1967000,0.0089500,-0.0247000
xfoil,r2a-sm5,root,0.000,289.231,3.000,3.000,0.7200,0.450,0.000,95.0,509000,10,5.0,-4.200000,-0.1395000,0.0085900,-0.0247000
xfoil,r2a-sm5,root,0.000,289.231,3.000,3.000,0.7200,0.450,0.000,95.0,509000,10,5.0,-3.700000,-0.0817000,0.0082600,-0.0248000
xfoil,r2a-sm5,root,0.000,289.231,3.000,3.000,0.7200,0.450,0.000,95.0,509000,10,5.0,-3.200000,-0.0242000,0.0079800,-0.0248000
xfoil,r2a-sm5,root,0.000,289.231,3.000,3.000,0.7200,0.450,0.000,95.0,509000,10,5.0,-2.700000,0.0332000,0.0077700,-0.0248000
xfoil,r2a-sm5,root,0.000,289.231,3.000,3.000,0.7200,0.450,0.000,95.0,509000,10,5.0,-2.200000,0.0907000,0.0076200,-0.0248000
xfoil,r2a-sm5,root,0.000,289.231,3.000,3.000,0.7200,0.450,0.000,95.0,509000,10,5.0,-1.700000,0.1482000,0.0075400,-0.0248000
xfoil,r2a-sm5,root,0.000,289.231,3.000,3.000,0.7200,0.450,0.000,95.0,509000,10,5.0,-1.200000,0.2058000,0.0075100,-0.0248000
xfoil,r2a-sm5,root,0.000,289.231,3.000,3.000,0.7200,0.450,0.000,95.0,509000,10,5.0,-0.700000,0.2636000,0.0075400,-0.0248000
xfoil,r2a-sm5,root,0.000,289.231,3.000,3.000,0.7200,0.450,0.000,95.0,509000,10,5.0,-0.200000,0.3208000,0.0075000,-0.0248000
xfoil,r2a-sm5,root,0.000,289.231,3.000,3.000,0.7200,0.450,0.000,95.0,509000,10,5.0,0.300000,0.3765000,0.0073800,-0.0244000
xfoil,r2a-sm5,root,0.000,289.231,3.000,3.000,0.7200,0.450,0.000,95.0,509000,10,5.0,0.800000,0.4367000,0.0071800,-0.0246000
xfoil,r2a-sm5,root,0.000,289.231,3.000,3.000,0.7200,0.450,0.000,95.0,509000,10,5.0,1.300000,0.5154000,0.0074400,-0.0295000
xfoil,r2a-sm5,root,0.000,289.231,3.000,3.000,0.7200,0.450,0.000,95.0,509000,10,5.0,1.800000,0.5718000,0.0077600,-0.0297000
xfoil,r2a-sm5,root,0.000,289.231,3.000,3.000,0.7200,0.450,0.000,95.0,509000,10,5.0,2.300000,0.6280000,0.0081200,-0.0298000
xfoil,r2a-sm5,root,0.000,289.231,3.000,3.000,0.7200,0.450,0.000,95.0,509000,10,5.0,2.800000,0.6839000,0.0085400,-0.0299000
xfoil,r2a-sm5,root,0.000,289.231,3.000,3.000,0.7200,0.450,0.000,95.0,509000,10,5.0,3.300000,0.7397000,0.0089400,-0.0300000
xfoil,r2a-sm5,root,0.000,289.231,3.000,3.000,0.7200,0.450,0.000,95.0,509000,10,5.0,3.800000,0.7951000,0.0094000,-0.0301000
xfoil,r2a-sm5,root,0.000,289.231,3.000,3.000,0.7200,0.450,0.000,95.0,509000,10,5.0,4.300000,0.8500000,0.0099000,-0.0302000
xfoil,r2a-sm5,root,0.000,289.231,3.000,3.000,0.7200,0.450,0.000,95.0,509000,10,5.0,4.800000,0.9046000,0.0104100,-0.0302000
xfoil,r2a-sm5,root,0.000,289.231,3.000,3.000,0.7200,0.450,0.000,95.0,509000,10,5.0,5.300000,0.9585000,0.0109700,-0.0301000
xfoil,r2a-sm5,root,0.000,289.231,3.000,3.000,0.7200,0.450,0.000,95.0,509000,10,5.0,5.800000,1.0116000,0.0115900,-0.0300000
xfoil,r2a-sm5,root,0.000,289.231,3.000,3.000,0.7200,0.450,0.000,95.0,509000,10,5.0,6.300000,1.0638000,0.0122700,-0.0297000
xfoil,r2a-sm5,root,0.000,289.231,3.000,3.000,0.7200,0.450,0.000,95.0,509000,10,5.0,6.800000,1.1146000,0.0130500,-0.0294000
xfoil,r2a-sm5,root,0.000,289.231,3.000,3.000,0.7200,0.450,0.000,105.0,562000,6,-5.0,-1.800000,-0.5765000,0.0102100,0.0833000
xfoil,r2a-sm5,root,0.000,289.231,3.000,3.000,0.7200,0.450,0.000,105.0,562000,6,-5.0,-1.300000,-0.5220000,0.0097600,0.0838000
xfoil,r2a-sm5,root,0.000,289.231,3.000,3.000,0.7200,0.450,0.000,105.0,562000,6,-5.0,-0.800000,-0.4676000,0.0093000,0.0842000
xfoil,r2a-sm5,root,0.000,289.231,3.000,3.000,0.7200,0.450,0.000,105.0,562000,6,-5.0,-0.300000,-0.4134000,0.0088500,0.0847000
xfoil,r2a-sm5,root,0.000,289.231,3.000,3.000,0.7200,0.450,0.000,105.0,562000,6,-5.0,0.200000,-0.3599000,0.0083400,0.0853000
xfoil,r2a-sm5,root,0.000,289.231,3.000,3.000,0.7200,0.450,0.000,105.0,562000,6,-5.0,0.700000,-0.3150000,0.0071500,0.0875000
xfoil,r2a-sm5,root,0.000,289.231,3.000,3.000,0.7200,0.450,0.000,105.0,562000,6,-5.0,1.200000,-0.2598000,0.0072800,0.0883000
xfoil,r2a-sm5,root,0.000,289.231,3.000,3.000,0.7200,0.450,0.000,105.0,562000,6,-5.0,1.700000,-0.2014000,0.0074000,0.0881000
xfoil,r2a-sm5,root,0.000,289.231,3.000,3.000,0.7200,0.450,0.000,105.0,562000,6,-5.0,2.200000,-0.1427000,0.0075300,0.0879000
xfoil,r2a-sm5,root,0.000,289.231,3.000,3.000,0.7200,0.450,0.000,105.0,562000,6,-5.0,2.700000,-0.0838000,0.0076600,0.0875000
xfoil,r2a-sm5,root,0.000,289.231,3.000,3.000,0.7200,0.450,0.000,105.0,562000,6,-5.0,3.200000,-0.0248000,0.0078100,0.0871000
xfoil,r2a-sm5,root,0.000,289.231,3.000,3.000,0.7200,0.450,0.000,105.0,562000,6,-5.0,3.700000,0.0344000,0.0080000,0.0866000
xfoil,r2a-sm5,root,0.000,289.231,3.000,3.000,0.7200,0.450,0.000,105.0,562000,6,-5.0,4.200000,0.0934000,0.0081700,0.0860000
xfoil,r2a-sm5,root,0.000,289.231,3.000,3.000,0.7200,0.450,0.000,105.0,562000,6,-5.0,4.700000,0.1524000,0.0083900,0.0854000
xfoil,r2a-sm5,root,0.000,289.231,3.000,3.000,0.7200,0.450,0.000,105.0,562000,6,-5.0,5.200000,0.2109000,0.0086300,0.0849000
xfoil,r2a-sm5,root,0.000,289.231,3.000,3.000,0.7200,0.450,0.000,105.0,562000,6,-5.0,5.700000,0.2705000,0.0088800,0.0840000
xfoil,r2a-sm5,root,0.000,289.231,3.000,3.000,0.7200,0.450,0.000,105.0,562000,6,-5.0,6.200000,0.3305000,0.0091300,0.0828000
xfoil,r2a-sm5,root,0.000,289.231,3.000,3.000,0.7200,0.450,0.000,105.0,562000,6,-5.0,6.700000,0.3904000,0.0094200,0.0817000
xfoil,r2a-sm5,root,0.000,289.231,3.000,3.000,0.7200,0.450,0.000,105.0,562000,6,-5.0,7.200000,0.4500000,0.0097500,0.0805000
xfoil,r2a-sm5,root,0.000,289.231,3.000,3.000,0.7200,0.450,0.000,105.0,562000,6,-5.0,8.200000,0.5686000,0.0105500,0.0780000
xfoil,r2a-sm5,root,0.000,289.231,3.000,3.000,0.7200,0.450,0.000,105.0,562000,6,-5.0,8.700000,0.6273000,0.0110200,0.0767000
xfoil,r2a-sm5,root,0.000,289.231,3.000,3.000,0.7200,0.450,0.000,105.0,562000,6,-5.0,9.200000,0.6857000,0.0115700,0.0753000
xfoil,r2a-sm5,root,0.000,289.231,3.000,3.000,0.7200,0.450,0.000,105.0,562000,6,-5.0,9.700000,0.7434000,0.0122000,0.0739000
xfoil,r2a-sm5,root,0.000,289.231,3.000,3.000,0.7200,0.450,0.000,105.0,562000,6,-5.0,10.200000,0.8005000,0.0129400,0.0724000
xfoil,r2a-sm5,root,0.000,289.231,3.000,3.000,0.7200,0.450,0.000,105.0,562000,6,-5.0,11.200000,0.9123000,0.0146300,0.0693000
xfoil,r2a-sm5,root,0.000,289.231,3.000,3.000,0.7200,0.450,0.000,105.0,562000,6,-5.0,11.700000,0.9664000,0.0156600,0.0676000
xfoil,r2a-sm5,root,0.000,289.231,3.000,3.000,0.7200,0.450,0.000,105.0,562000,6,-5.0,12.200000,1.0189000,0.0169300,0.0656000
xfoil,r2a-sm5,root,0.000,289.231,3.000,3.000,0.7200,0.450,0.000,105.0,562000,6,-5.0,12.700000,1.0694000,0.0184900,0.0632000
xfoil,r2a-sm5,root,0.000,289.231,3.000,3.000,0.7200,0.450,0.000,105.0,562000,6,-5.0,13.200000,1.1177000,0.0209000,0.0589000
xfoil,r2a-sm5,root,0.000,289.231,3.000,3.000,0.7200,0.450,0.000,105.0,562000,6,0.0,-5.000000,-0.5893000,0.0111600,0.0306000
xfoil,r2a-sm5,root,0.000,289.231,3.000,3.000,0.7200,0.450,0.000,105.0,562000,6,0.0,-4.500000,-0.5336000,0.0106100,0.0308000
xfoil,r2a-sm5,root,0.000,289.231,3.000,3.000,0.7200,0.450,0.000,105.0,562000,6,0.0,-4.000000,-0.4775000,0.0101200,0.0309000
xfoil,r2a-sm5,root,0.000,289.231,3.000,3.000,0.7200,0.450,0.000,105.0,562000,6,0.0,-3.500000,-0.4213000,0.0096600,0.0310000
xfoil,r2a-sm5,root,0.000,289.231,3.000,3.000,0.7200,0.450,0.000,105.0,562000,6,0.0,-3.000000,-0.3644000,0.0092900,0.0310000
xfoil,r2a-sm5,root,0.000,289.231,3.000,3.000,0.7200,0.450,0.000,105.0,562000,6,0.0,-2.500000,-0.3074000,0.0089600,0.0310000
xfoil,r2a-sm5,root,0.000,289.231,3.000,3.000,0.7200,0.450,0.000,105.0,562000,6,0.0,-2.000000,-0.2502000,0.0086400,0.0309000
xfoil,r2a-sm5,root,0.000,289.231,3.000,3.000,0.7200,0.450,0.000,105.0,562000,6,0.0,-1.500000,-0.1930000,0.0083500,0.0308000
xfoil,r2a-sm5,root,0.000,289.231,3.000,3.000,0.7200,0.450,0.000,105.0,562000,6,0.0,-1.000000,-0.1358000,0.0080800,0.0307000
xfoil,r2a-sm5,root,0.000,289.231,3.000,3.000,0.7200,0.450,0.000,105.0,562000,6,0.0,-0.500000,-0.0790000,0.0078000,0.0306000
xfoil,r2a-sm5,root,0.000,289.231,3.000,3.000,0.7200,0.450,0.000,105.0,562000,6,0.0,-0.000000,-0.0229000,0.0074600,0.0307000
xfoil,r2a-sm5,root,0.000,289.231,3.000,3.000,0.7200,0.450,0.000,105.0,562000,6,0.0,0.500000,0.0293000,0.0070200,0.0318000
xfoil,r2a-sm5,root,0.000,289.231,3.000,3.000,0.7200,0.450,0.000,105.0,562000,6,0.0,1.000000,0.0865000,0.0070600,0.0319000
xfoil,r2a-sm5,root,0.000,289.231,3.000,3.000,0.7200,0.450,0.000,105.0,562000,6,0.0,1.500000,0.1441000,0.0071700,0.0319000
xfoil,r2a-sm5,root,0.000,289.231,3.000,3.000,0.7200,0.450,0.000,105.0,562000,6,0.0,2.000000,0.2016000,0.0073000,0.0318000
xfoil,r2a-sm5,root,0.000,289.231,3.000,3.000,0.7200,0.450,0.000,105.0,562000,6,0.0,2.500000,0.2591000,0.0074600,0.0317000
xfoil,r2a-sm5,root,0.000,289.231,3.000,3.000,0.7200,0.450,0.000,105.0,562000,6,0.0,3.000000,0.3167000,0.0076500,0.0316000
xfoil,r2a-sm5,root,0.000,289.231,3.000,3.000,0.7200,0.450,0.000,105.0,562000,6,0.0,3.500000,0.3751000,0.0078700,0.0312000
xfoil,r2a-sm5,root,0.000,289.231,3.000,3.000,0.7200,0.450,0.000,105.0,562000,6,0.0,4.000000,0.4366000,0.0081500,0.0301000
xfoil,r2a-sm5,root,0.000,289.231,3.000,3.000,0.7200,0.450,0.000,105.0,562000,6,0.0,4.500000,0.5027000,0.0084800,0.0279000
xfoil,r2a-sm5,root,0.000,289.231,3.000,3.000,0.7200,0.450,0.000,105.0,562000,6,0.0,5.000000,0.5731000,0.0088700,0.0247000
xfoil,r2a-sm5,root,0.000,289.231,3.000,3.000,0.7200,0.450,0.000,105.0,562000,6,0.0,5.500000,0.6445000,0.0092900,0.0211000
xfoil,r2a-sm5,root,0.000,289.231,3.000,3.000,0.7200,0.450,0.000,105.0,562000,6,0.0,6.000000,0.7122000,0.0097300,0.0182000
xfoil,r2a-sm5,root,0.000,289.231,3.000,3.000,0.7200,0.450,0.000,105.0,562000,6,0.0,6.500000,0.7800000,0.0102100,0.0151000
xfoil,r2a-sm5,root,0.000,289.231,3.000,3.000,0.7200,0.450,0.000,105.0,562000,6,0.0,7.000000,0.8301000,0.0107100,0.0156000
xfoil,r2a-sm5,root,0.000,289.231,3.000,3.000,0.7200,0.450,0.000,105.0,562000,6,0.0,7.500000,0.8810000,0.0112600,0.0160000
xfoil,r2a-sm5,root,0.000,289.231,3.000,3.000,0.7200,0.450,0.000,105.0,562000,6,0.0,8.000000,0.9317000,0.0118900,0.0163000
xfoil,r2a-sm5,root,0.000,289.231,3.000,3.000,0.7200,0.450,0.000,105.0,562000,6,0.0,8.500000,0.9820000,0.0126400,0.0166000
xfoil,r2a-sm5,root,0.000,289.231,3.000,3.000,0.7200,0.450,0.000,105.0,562000,6,0.0,9.000000,1.0318000,0.0134600,0.0168000
xfoil,r2a-sm5,root,0.000,289.231,3.000,3.000,0.7200,0.450,0.000,105.0,562000,6,0.0,9.500000,1.0812000,0.0143300,0.0169000
xfoil,r2a-sm5,root,0.000,289.231,3.000,3.000,0.7200,0.450,0.000,105.0,562000,6,0.0,10.000000,1.1293000,0.0153300,0.0170000
xfoil,r2a-sm5,root,0.000,289.231,3.000,3.000,0.7200,0.450,0.000,105.0,562000,6,5.0,-8.200000,-0.5950000,0.0125500,-0.0225000
xfoil,r2a-sm5,root,0.000,289.231,3.000,3.000,0.7200,0.450,0.000,105.0,562000,6,5.0,-7.700000,-0.5400000,0.0117800,-0.0224000
xfoil,r2a-sm5,root,0.000,289.231,3.000,3.000,0.7200,0.450,0.000,105.0,562000,6,5.0,-7.200000,-0.4846000,0.0110400,-0.0224000
xfoil,r2a-sm5,root,0.000,289.231,3.000,3.000,0.7200,0.450,0.000,105.0,562000,6,5.0,-6.700000,-0.4285000,0.0104200,-0.0225000
xfoil,r2a-sm5,root,0.000,289.231,3.000,3.000,0.7200,0.450,0.000,105.0,562000,6,5.0,-6.200000,-0.3717000,0.0099000,-0.0226000
xfoil,r2a-sm5,root,0.000,289.231,3.000,3.000,0.7200,0.450,0.000,105.0,562000,6,5.0,-5.700000,-0.3145000,0.0094700,-0.0227000
xfoil,r2a-sm5,root,0.000,289.231,3.000,3.000,0.7200,0.450,0.000,105.0,562000,6,5.0,-5.200000,-0.2572000,0.0090500,-0.0229000
xfoil,r2a-sm5,root,0.000,289.231,3.000,3.000,0.7200,0.450,0.000,105.0,562000,6,5.0,-4.700000,-0.1994000,0.0087500,-0.0231000
xfoil,r2a-sm5,root,0.000,289.231,3.000,3.000,0.7200,0.450,0.000,105.0,562000,6,5.0,-4.200000,-0.1415000,0.0085100,-0.0234000
xfoil,r2a-sm5,root,0.000,289.231,3.000,3.000,0.7200,0.450,0.000,105.0,562000,6,5.0,-3.700000,-0.0834000,0.0083200,-0.0236000
xfoil,r2a-sm5,root,0.000,289.231,3.000,3.000,0.7200,0.450,0.000,105.0,562000,6,5.0,-3.200000,-0.0251000,0.0081500,-0.0240000
xfoil,r2a-sm5,root,0.000,289.231,3.000,3.000,0.7200,0.450,0.000,105.0,562000,6,5.0,-2.700000,0.0333000,0.0080000,-0.0243000
xfoil,r2a-sm5,root,0.000,289.231,3.000,3.000,0.7200,0.450,0.000,105.0,562000,6,5.0,-2.200000,0.0916000,0.0078700,-0.0246000
xfoil,r2a-sm5,root,0.000,289.231,3.000,3.000,0.7200,0.450,0.000,105.0,562000,6,5.0,-1.700000,0.1499000,0.0077800,-0.0249000
xfoil,r2a-sm5,root,0.000,289.231,3.000,3.000,0.7200,0.450,0.000,105.0,562000,6,5.0,-1.200000,0.2080000,0.0077300,-0.0252000
xfoil,r2a-sm5,root,0.000,289.231,3.000,3.000,0.7200,0.450,0.000,105.0,562000,6,5.0,-0.700000,0.2660000,0.0077400,-0.0255000
xfoil,r2a-sm5,root,0.000,289.231,3.000,3.000,0.7200,0.450,0.000,105.0,562000,6,5.0,-0.200000,0.3237000,0.0078000,-0.0257000
xfoil,r2a-sm5,root,0.000,289.231,3.000,3.000,0.7200,0.450,0.000,105.0,562000,6,5.0,0.300000,0.3813000,0.0079300,-0.0260000
xfoil,r2a-sm5,root,0.000,289.231,3.000,3.000,0.7200,0.450,0.000,105.0,562000,6,5.0,0.800000,0.4390000,0.0081200,-0.0262000
xfoil,r2a-sm5,root,0.000,289.231,3.000,3.000,0.7200,0.450,0.000,105.0,562000,6,5.0,1.300000,0.4961000,0.0082800,-0.0264000
xfoil,r2a-sm5,root,0.000,289.231,3.000,3.000,0.7200,0.450,0.000,105.0,562000,6,5.0,1.800000,0.5515000,0.0083600,-0.0263000
xfoil,r2a-sm5,root,0.000,289.231,3.000,3.000,0.7200,0.450,0.000,105.0,562000,6,5.0,2.300000,0.6215000,0.0082800,-0.0289000
xfoil,r2a-sm5,root,0.000,289.231,3.000,3.000,0.7200,0.450,0.000,105.0,562000,6,5.0,2.800000,0.6817000,0.0086700,-0.0300000
xfoil,r2a-sm5,root,0.000,289.231,3.000,3.000,0.7200,0.450,0.000,105.0,562000,6,5.0,3.300000,0.7374000,0.0090700,-0.0301000
xfoil,r2a-sm5,root,0.000,289.231,3.000,3.000,0.7200,0.450,0.000,105.0,562000,6,5.0,3.800000,0.7929000,0.0095100,-0.0302000
xfoil,r2a-sm5,root,0.000,289.231,3.000,3.000,0.7200,0.450,0.000,105.0,562000,6,5.0,4.300000,0.8479000,0.0099800,-0.0302000
xfoil,r2a-sm5,root,0.000,289.231,3.000,3.000,0.7200,0.450,0.000,105.0,562000,6,5.0,4.800000,0.9024000,0.0104900,-0.0302000
xfoil,r2a-sm5,root,0.000,289.231,3.000,3.000,0.7200,0.450,0.000,105.0,562000,6,5.0,5.300000,0.9564000,0.0110300,-0.0302000
xfoil,r2a-sm5,root,0.000,289.231,3.000,3.000,0.7200,0.450,0.000,105.0,562000,6,5.0,5.800000,1.0096000,0.0116300,-0.0301000
xfoil,r2a-sm5,root,0.000,289.231,3.000,3.000,0.7200,0.450,0.000,105.0,562000,6,5.0,6.300000,1.0619000,0.0122900,-0.0299000
xfoil,r2a-sm5,root,0.000,289.231,3.000,3.000,0.7200,0.450,0.000,105.0,562000,6,5.0,6.800000,1.1130000,0.0130400,-0.0296000
xfoil,r2a-sm5,root,0.000,289.231,3.000,3.000,0.7200,0.450,0.000,105.0,562000,10,-5.0,-1.800000,-0.5809000,0.0098800,0.0834000
xfoil,r2a-sm5,root,0.000,289.231,3.000,3.000,0.7200,0.450,0.000,105.0,562000,10,-5.0,-1.300000,-0.5286000,0.0092600,0.0843000
xfoil,r2a-sm5,root,0.000,289.231,3.000,3.000,0.7200,0.450,0.000,105.0,562000,10,-5.0,-0.800000,-0.4780000,0.0084900,0.0856000
xfoil,r2a-sm5,root,0.000,289.231,3.000,3.000,0.7200,0.450,0.000,105.0,562000,10,-5.0,-0.300000,-0.4378000,0.0073500,0.0892000
xfoil,r2a-sm5,root,0.000,289.231,3.000,3.000,0.7200,0.450,0.000,105.0,562000,10,-5.0,0.200000,-0.3821000,0.0074600,0.0901000
xfoil,r2a-sm5,root,0.000,289.231,3.000,3.000,0.7200,0.450,0.000,105.0,562000,10,-5.0,1.200000,-0.2693000,0.0077300,0.0915000
xfoil,r2a-sm5,root,0.000,289.231,3.000,3.000,0.7200,0.450,0.000,105.0,562000,10,-5.0,1.700000,-0.2122000,0.0078400,0.0920000
xfoil,r2a-sm5,root,0.000,289.231,3.000,3.000,0.7200,0.450,0.000,105.0,562000,10,-5.0,2.200000,-0.1549000,0.0079600,0.0922000
xfoil,r2a-sm5,root,0.000,289.231,3.000,3.000,0.7200,0.450,0.000,105.0,562000,10,-5.0,2.700000,-0.0973000,0.0080600,0.0924000
xfoil,r2a-sm5,root,0.000,289.231,3.000,3.000,0.7200,0.450,0.000,105.0,562000,10,-5.0,3.200000,-0.0393000,0.0081600,0.0923000
xfoil,r2a-sm5,root,0.000,289.231,3.000,3.000,0.7200,0.450,0.000,105.0,562000,10,-5.0,3.700000,0.0186000,0.0083000,0.0922000
xfoil,r2a-sm5,root,0.000,289.231,3.000,3.000,0.7200,0.450,0.000,105.0,562000,10,-5.0,4.200000,0.0767000,0.0084300,0.0919000
xfoil,r2a-sm5,root,0.000,289.231,3.000,3.000,0.7200,0.450,0.000,105.0,562000,10,-5.0,4.700000,0.1342000,0.0086100,0.0918000
xfoil,r2a-sm5,root,0.000,289.231,3.000,3.000,0.7200,0.450,0.000,105.0,562000,10,-5.0,5.200000,0.1910000,0.0088000,0.0917000
xfoil,r2a-sm5,root,0.000,289.231,3.000,3.000,0.7200,0.450,0.000,105.0,562000,10,-5.0,5.700000,0.2494000,0.0090000,0.0911000
xfoil,r2a-sm5,root,0.000,289.231,3.000,3.000,0.7200,0.450,0.000,105.0,562000,10,-5.0,6.200000,0.3102000,0.0091800,0.0896000
xfoil,r2a-sm5,root,0.000,289.231,3.000,3.000,0.7200,0.450,0.000,105.0,562000,10,-5.0,6.700000,0.3709000,0.0094200,0.0882000
xfoil,r2a-sm5,root,0.000,289.231,3.000,3.000,0.7200,0.450,0.000,105.0,562000,10,-5.0,7.200000,0.4314000,0.0096800,0.0866000
xfoil,r2a-sm5,root,0.000,289.231,3.000,3.000,0.7200,0.450,0.000,105.0,562000,10,-5.0,7.700000,0.4917000,0.0099900,0.0851000
xfoil,r2a-sm5,root,0.000,289.231,3.000,3.000,0.7200,0.450,0.000,105.0,562000,10,-5.0,8.200000,0.5516000,0.0103500,0.0836000
xfoil,r2a-sm5,root,0.000,289.231,3.000,3.000,0.7200,0.450,0.000,105.0,562000,10,-5.0,8.700000,0.6111000,0.0107700,0.0821000
xfoil,r2a-sm5,root,0.000,289.231,3.000,3.000,0.7200,0.450,0.000,105.0,562000,10,-5.0,9.200000,0.6701000,0.0112600,0.0805000
xfoil,r2a-sm5,root,0.000,289.231,3.000,3.000,0.7200,0.450,0.000,105.0,562000,10,-5.0,9.700000,0.7286000,0.0118400,0.0789000
xfoil,r2a-sm5,root,0.000,289.231,3.000,3.000,0.7200,0.450,0.000,105.0,562000,10,-5.0,10.200000,0.7864000,0.0125000,0.0773000
xfoil,r2a-sm5,root,0.000,289.231,3.000,3.000,0.7200,0.450,0.000,105.0,562000,10,-5.0,10.700000,0.8434000,0.0132500,0.0756000
xfoil,r2a-sm5,root,0.000,289.231,3.000,3.000,0.7200,0.450,0.000,105.0,562000,10,-5.0,11.200000,0.8994000,0.0141000,0.0738000
xfoil,r2a-sm5,root,0.000,289.231,3.000,3.000,0.7200,0.450,0.000,105.0,562000,10,-5.0,11.700000,0.9543000,0.0151200,0.0719000
xfoil,r2a-sm5,root,0.000,289.231,3.000,3.000,0.7200,0.450,0.000,105.0,562000,10,-5.0,12.200000,1.0080000,0.0161400,0.0701000
xfoil,r2a-sm5,root,0.000,289.231,3.000,3.000,0.7200,0.450,0.000,105.0,562000,10,-5.0,12.700000,1.0598000,0.0174200,0.0679000
xfoil,r2a-sm5,root,0.000,289.231,3.000,3.000,0.7200,0.450,0.000,105.0,562000,10,-5.0,13.200000,1.1097000,0.0192200,0.0647000
xfoil,r2a-sm5,root,0.000,289.231,3.000,3.000,0.7200,0.450,0.000,105.0,562000,10,0.0,-5.000000,-0.5902000,0.0110500,0.0300000
xfoil,r2a-sm5,root,0.000,289.231,3.000,3.000,0.7200,0.450,0.000,105.0,562000,10,0.0,-4.500000,-0.5345000,0.0105800,0.0302000
xfoil,r2a-sm5,root,0.000,289.231,3.000,3.000,0.7200,0.450,0.000,105.0,562000,10,0.0,-4.000000,-0.4786000,0.0100900,0.0304000
xfoil,r2a-sm5,root,0.000,289.231,3.000,3.000,0.7200,0.450,0.000,105.0,562000,10,0.0,-3.500000,-0.4226000,0.0096000,0.0305000
xfoil,r2a-sm5,root,0.000,289.231,3.000,3.000,0.7200,0.450,0.000,105.0,562000,10,0.0,-3.000000,-0.3663000,0.0091400,0.0307000
xfoil,r2a-sm5,root,0.000,289.231,3.000,3.000,0.7200,0.450,0.000,105.0,562000,10,0.0,-2.500000,-0.3101000,0.0086800,0.0308000
xfoil,r2a-sm5,root,0.000,289.231,3.000,3.000,0.7200,0.450,0.000,105.0,562000,10,0.0,-2.000000,-0.2539000,0.0082300,0.0310000
xfoil,r2a-sm5,root,0.000,289.231,3.000,3.000,0.7200,0.450,0.000,105.0,562000,10,0.0,-1.500000,-0.1983000,0.0077700,0.0313000
xfoil,r2a-sm5,root,0.000,289.231,3.000,3.000,0.7200,0.450,0.000,105.0,562000,10,0.0,-1.000000,-0.1443000,0.0071600,0.0320000
xfoil,r2a-sm5,root,0.000,289.231,3.000,3.000,0.7200,0.450,0.000,105.0,562000,10,0.0,-0.500000,-0.0927000,0.0068100,0.0336000
xfoil,r2a-sm5,root,0.000,289.231,3.000,3.000,0.7200,0.450,0.000,105.0,562000,10,0.0,-0.000000,-0.0368000,0.0067600,0.0343000
xfoil,r2a-sm5,root,0.000,289.231,3.000,3.000,0.7200,0.450,0.000,105.0,562000,10,0.0,0.500000,0.0192000,0.0067600,0.0350000
xfoil,r2a-sm5,root,0.000,289.231,3.000,3.000,0.7200,0.450,0.000,105.0,562000,10,0.0,1.000000,0.0751000,0.0068000,0.0356000
xfoil,r2a-sm5,root,0.000,289.231,3.000,3.000,0.7200,0.450,0.000,105.0,562000,10,0.0,1.500000,0.1314000,0.0068900,0.0361000
xfoil,r2a-sm5,root,0.000,289.231,3.000,3.000,0.7200,0.450,0.000,105.0,562000,10,0.0,2.000000,0.1898000,0.0070400,0.0360000
xfoil,r2a-sm5,root,0.000,289.231,3.000,3.000,0.7200,0.450,0.000,105.0,562000,10,0.0,2.500000,0.2530000,0.0072600,0.0349000
xfoil,r2a-sm5,root,0.000,289.231,3.000,3.000,0.7200,0.450,0.000,105.0,562000,10,0.0,3.000000,0.3226000,0.0075400,0.0322000
xfoil,r2a-sm5,root,0.000,289.231,3.000,3.000,0.7200,0.450,0.000,105.0,562000,10,0.0,3.500000,0.3965000,0.0078700,0.0284000
xfoil,r2a-sm5,root,0.000,289.231,3.000,3.000,0.7200,0.450,0.000,105.0,562000,10,0.0,4.000000,0.4714000,0.0081900,0.0243000
xfoil,r2a-sm5,root,0.000,289.231,3.000,3.000,0.7200,0.450,0.000,105.0,562000,10,0.0,4.500000,0.5462000,0.0085200,0.0201000
xfoil,r2a-sm5,root,0.000,289.231,3.000,3.000,0.7200,0.450,0.000,105.0,562000,10,0.0,5.500000,0.6840000,0.0091900,0.0138000
xfoil,r2a-sm5,root,0.000,289.231,3.000,3.000,0.7200,0.450,0.000,105.0,562000,10,0.0,6.000000,0.7323000,0.0095200,0.0146000
xfoil,r2a-sm5,root,0.000,289.231,3.000,3.000,0.7200,0.450,0.000,105.0,562000,10,0.0,6.500000,0.7810000,0.0099300,0.0154000
xfoil,r2a-sm5,root,0.000,289.231,3.000,3.000,0.7200,0.450,0.000,105.0,562000,10,0.0,7.000000,0.8314000,0.0104200,0.0159000
xfoil,r2a-sm5,root,0.000,289.231,3.000,3.000,0.7200,0.450,0.000,105.0,562000,10,0.0,7.500000,0.8825000,0.0109700,0.0163000
xfoil,r2a-sm5,root,0.000,289.231,3.000,3.000,0.7200,0.450,0.000,105.0,562000,10,0.0,8.000000,0.9334000,0.0116100,0.0166000
xfoil,r2a-sm5,root,0.000,289.231,3.000,3.000,0.7200,0.450,0.000,105.0,562000,10,0.0,8.500000,0.9841000,0.0123100,0.0168000
xfoil,r2a-sm5,root,0.000,289.231,3.000,3.000,0.7200,0.450,0.000,105.0,562000,10,0.0,9.000000,1.0344000,0.0130900,0.0169000
xfoil,r2a-sm5,root,0.000,289.231,3.000,3.000,0.7200,0.450,0.000,105.0,562000,10,0.0,9.500000,1.0839000,0.0139800,0.0170000
xfoil,r2a-sm5,root,0.000,289.231,3.000,3.000,0.7200,0.450,0.000,105.0,562000,10,0.0,10.000000,1.1329000,0.0148800,0.0171000
xfoil,r2a-sm5,root,0.000,289.231,3.000,3.000,0.7200,0.450,0.000,105.0,562000,10,5.0,-8.200000,-0.5884000,0.0126900,-0.0250000
xfoil,r2a-sm5,root,0.000,289.231,3.000,3.000,0.7200,0.450,0.000,105.0,562000,10,5.0,-7.700000,-0.5357000,0.0116100,-0.0245000
xfoil,r2a-sm5,root,0.000,289.231,3.000,3.000,0.7200,0.450,0.000,105.0,562000,10,5.0,-7.200000,-0.4814000,0.0108600,-0.0243000
xfoil,r2a-sm5,root,0.000,289.231,3.000,3.000,0.7200,0.450,0.000,105.0,562000,10,5.0,-6.700000,-0.4259000,0.0103000,-0.0241000
xfoil,r2a-sm5,root,0.000,289.231,3.000,3.000,0.7200,0.450,0.000,105.0,562000,10,5.0,-6.200000,-0.3697000,0.0098200,-0.0240000
xfoil,r2a-sm5,root,0.000,289.231,3.000,3.000,0.7200,0.450,0.000,105.0,562000,10,5.0,-5.700000,-0.3130000,0.0094100,-0.0239000
xfoil,r2a-sm5,root,0.000,289.231,3.000,3.000,0.7200,0.450,0.000,105.0,562000,10,5.0,-5.200000,-0.2562000,0.0090100,-0.0239000
xfoil,r2a-sm5,root,0.000,289.231,3.000,3.000,0.7200,0.450,0.000,105.0,562000,10,5.0,-4.700000,-0.1985000,0.0086400,-0.0241000
xfoil,r2a-sm5,root,0.000,289.231,3.000,3.000,0.7200,0.450,0.000,105.0,562000,10,5.0,-4.200000,-0.1408000,0.0082900,-0.0242000
xfoil,r2a-sm5,root,0.000,289.231,3.000,3.000,0.7200,0.450,0.000,105.0,562000,10,5.0,-3.200000,-0.0254000,0.0077300,-0.0244000
xfoil,r2a-sm5,root,0.000,289.231,3.000,3.000,0.7200,0.450,0.000,105.0,562000,10,5.0,-2.700000,0.0324000,0.0075300,-0.0245000
xfoil,r2a-sm5,root,0.000,289.231,3.000,3.000,0.7200,0.450,0.000,105.0,562000,10,5.0,-2.200000,0.0901000,0.0074000,-0.0246000
xfoil,r2a-sm5,root,0.000,289.231,3.000,3.000,0.7200,0.450,0.000,105.0,562000,10,5.0,-1.700000,0.1479000,0.0073100,-0.0247000
xfoil,r2a-sm5,root,0.000,289.231,3.000,3.000,0.7200,0.450,0.000,105.0,562000,10,5.0,-1.200000,0.2056000,0.0072700,-0.0247000
xfoil,r2a-sm5,root,0.000,289.231,3.000,3.000,0.7200,0.450,0.000,105.0,562000,10,5.0,-0.700000,0.2637000,0.0072900,-0.0248000
xfoil,r2a-sm5,root,0.000,289.231,3.000,3.000,0.7200,0.450,0.000,105.0,562000,10,5.0,-0.200000,0.3213000,0.0073000,-0.0249000
xfoil,r2a-sm5,root,0.000,289.231,3.000,3.000,0.7200,0.450,0.000,105.0,562000,10,5.0,0.800000,0.4307000,0.0070600,-0.0236000
xfoil,r2a-sm5,root,0.000,289.231,3.000,3.000,0.7200,0.450,0.000,105.0,562000,10,5.0,1.300000,0.5151000,0.0072000,-0.0295000
xfoil,r2a-sm5,root,0.000,289.231,3.000,3.000,0.7200,0.450,0.000,105.0,562000,10,5.0,1.800000,0.5714000,0.0075200,-0.0296000
xfoil,r2a-sm5,root,0.000,289.231,3.000,3.000,0.7200,0.450,0.000,105.0,562000,10,5.0,2.300000,0.6277000,0.0078800,-0.0298000
xfoil,r2a-sm5,root,0.000,289.231,3.000,3.000,0.7200,0.450,0.000,105.0,562000,10,5.0,2.800000,0.6839000,0.0082700,-0.0299000
xfoil,r2a-sm5,root,0.000,289.231,3.000,3.000,0.7200,0.450,0.000,105.0,562000,10,5.0,3.300000,0.7397000,0.0086900,-0.0300000
xfoil,r2a-sm5,root,0.000,289.231,3.000,3.000,0.7200,0.450,0.000,105.0,562000,10,5.0,3.800000,0.7954000,0.0091200,-0.0301000
xfoil,r2a-sm5,root,0.000,289.231,3.000,3.000,0.7200,0.450,0.000,105.0,562000,10,5.0,4.300000,0.8505000,0.0095900,-0.0302000
xfoil,r2a-sm5,root,0.000,289.231,3.000,3.000,0.7200,0.450,0.000,105.0,562000,10,5.0,4.800000,0.9051000,0.0101100,-0.0302000
xfoil,r2a-sm5,root,0.000,289.231,3.000,3.000,0.7200,0.450,0.000,105.0,562000,10,5.0,5.300000,0.9592000,0.0106700,-0.0302000
xfoil,r2a-sm5,root,0.000,289.231,3.000,3.000,0.7200,0.450,0.000,105.0,562000,10,5.0,5.800000,1.0126000,0.0112600,-0.0301000
xfoil,r2a-sm5,root,0.000,289.231,3.000,3.000,0.7200,0.450,0.000,105.0,562000,10,5.0,6.300000,1.0652000,0.0119100,-0.0299000
xfoil,r2a-sm5,root,0.000,289.231,3.000,3.000,0.7200,0.450,0.000,105.0,562000,10,5.0,6.800000,1.1166000,0.0126300,-0.0296000
xfoil,r2a-sm5,tip,650.000,144.615,2.500,3.000,0.7200,0.450,0.000,45.0,121000,6,-5.0,-1.800000,-0.5052000,0.0195900,0.0653000
xfoil,r2a-sm5,tip,650.000,144.615,2.500,3.000,0.7200,0.450,0.000,45.0,121000,6,-5.0,-1.300000,-0.4537000,0.0183700,0.0666000
xfoil,r2a-sm5,tip,650.000,144.615,2.500,3.000,0.7200,0.450,0.000,45.0,121000,6,-5.0,-0.800000,-0.4134000,0.0152800,0.0692000
xfoil,r2a-sm5,tip,650.000,144.615,2.500,3.000,0.7200,0.450,0.000,45.0,121000,6,-5.0,-0.300000,-0.3516000,0.0153900,0.0745000
xfoil,r2a-sm5,tip,650.000,144.615,2.500,3.000,0.7200,0.450,0.000,45.0,121000,6,-5.0,0.200000,-0.2505000,0.0161700,0.0671000
xfoil,r2a-sm5,tip,650.000,144.615,2.500,3.000,0.7200,0.450,0.000,45.0,121000,6,-5.0,0.700000,-0.1651000,0.0162800,0.0616000
xfoil,r2a-sm5,tip,650.000,144.615,2.500,3.000,0.7200,0.450,0.000,45.0,121000,6,-5.0,1.200000,-0.0679000,0.0161100,0.0534000
xfoil,r2a-sm5,tip,650.000,144.615,2.500,3.000,0.7200,0.450,0.000,45.0,121000,6,-5.0,1.700000,-0.0092000,0.0157400,0.0528000
xfoil,r2a-sm5,tip,650.000,144.615,2.500,3.000,0.7200,0.450,0.000,45.0,121000,6,-5.0,2.200000,0.0419000,0.0154200,0.0536000
xfoil,r2a-sm5,tip,650.000,144.615,2.500,3.000,0.7200,0.450,0.000,45.0,121000,6,-5.0,2.700000,0.0931000,0.0151100,0.0545000
xfoil,r2a-sm5,tip,650.000,144.615,2.500,3.000,0.7200,0.450,0.000,45.0,121000,6,-5.0,3.200000,0.1451000,0.0148600,0.0551000
xfoil,r2a-sm5,tip,650.000,144.615,2.500,3.000,0.7200,0.450,0.000,45.0,121000,6,-5.0,3.700000,0.1965000,0.0146400,0.0559000
xfoil,r2a-sm5,tip,650.000,144.615,2.500,3.000,0.7200,0.450,0.000,45.0,121000,6,-5.0,4.200000,0.2486000,0.0144900,0.0565000
xfoil,r2a-sm5,tip,650.000,144.615,2.500,3.000,0.7200,0.450,0.000,45.0,121000,6,-5.0,4.700000,0.3015000,0.0144400,0.0568000
xfoil,r2a-sm5,tip,650.000,144.615,2.500,3.000,0.7200,0.450,0.000,45.0,121000,6,-5.0,5.200000,0.3545000,0.0144900,0.0570000
xfoil,r2a-sm5,tip,650.000,144.615,2.500,3.000,0.7200,0.450,0.000,45.0,121000,6,-5.0,5.700000,0.4082000,0.0146500,0.0569000
xfoil,r2a-sm5,tip,650.000,144.615,2.500,3.000,0.7200,0.450,0.000,45.0,121000,6,-5.0,6.200000,0.4614000,0.0149300,0.0568000
xfoil,r2a-sm5,tip,650.000,144.615,2.500,3.000,0.7200,0.450,0.000,45.0,121000,6,-5.0,6.700000,0.5144000,0.0153400,0.0566000
xfoil,r2a-sm5,tip,650.000,144.615,2.500,3.000,0.7200,0.450,0.000,45.0,121000,6,-5.0,7.200000,0.5666000,0.0159000,0.0563000
xfoil,r2a-sm5,tip,650.000,144.615,2.500,3.000,0.7200,0.450,0.000,45.0,121000,6,-5.0,7.700000,0.6178000,0.0166400,0.0559000
xfoil,r2a-sm5,tip,650.000,144.615,2.500,3.000,0.7200,0.450,0.000,45.0,121000,6,-5.0,8.200000,0.6674000,0.0175800,0.0556000
xfoil,r2a-sm5,tip,650.000,144.615,2.500,3.000,0.7200,0.450,0.000,45.0,121000,6,-5.0,8.700000,0.7148000,0.0187600,0.0551000
xfoil,r2a-sm5,tip,650.000,144.615,2.500,3.000,0.7200,0.450,0.000,45.0,121000,6,-5.0,9.200000,0.7600000,0.0202500,0.0547000
xfoil,r2a-sm5,tip,650.000,144.615,2.500,3.000,0.7200,0.450,0.000,45.0,121000,6,-5.0,9.700000,0.8024000,0.0229700,0.0537000
xfoil,r2a-sm5,tip,650.000,144.615,2.500,3.000,0.7200,0.450,0.000,45.0,121000,6,-5.0,10.200000,0.8399000,0.0263300,0.0528000
xfoil,r2a-sm5,tip,650.000,144.615,2.500,3.000,0.7200,0.450,0.000,45.0,121000,6,-5.0,10.700000,0.8726000,0.0297100,0.0525000
xfoil,r2a-sm5,tip,650.000,144.615,2.500,3.000,0.7200,0.450,0.000,45.0,121000,6,-5.0,11.200000,0.9007000,0.0333800,0.0523000
xfoil,r2a-sm5,tip,650.000,144.615,2.500,3.000,0.7200,0.450,0.000,45.0,121000,6,-5.0,11.700000,0.9271000,0.0374300,0.0527000
xfoil,r2a-sm5,tip,650.000,144.615,2.500,3.000,0.7200,0.450,0.000,45.0,121000,6,-5.0,12.200000,0.9466000,0.0424000,0.0515000
xfoil,r2a-sm5,tip,650.000,144.615,2.500,3.000,0.7200,0.450,0.000,45.0,121000,6,-5.0,12.700000,0.9524000,0.0477000,0.0502000
xfoil,r2a-sm5,tip,650.000,144.615,2.500,3.000,0.7200,0.450,0.000,45.0,121000,6,-5.0,13.200000,0.9479000,0.0545600,0.0480000
xfoil,r2a-sm5,tip,650.000,144.615,2.500,3.000,0.7200,0.450,0.000,45.0,121000,6,0.0,-5.000000,-0.4913000,0.0245500,0.0041000
xfoil,r2a-sm5,tip,650.000,144.615,2.500,3.000,0.7200,0.450,0.000,45.0,121000,6,0.0,-4.500000,-0.4439000,0.0216900,0.0066000
xfoil,r2a-sm5,tip,650.000,144.615,2.500,3.000,0.7200,0.450,0.000,45.0,121000,6,0.0,-4.000000,-0.3955000,0.0194400,0.0088000
xfoil,r2a-sm5,tip,650.000,144.615,2.500,3.000,0.7200,0.450,0.000,45.0,121000,6,0.0,-3.500000,-0.3469000,0.0177700,0.0106000
xfoil,r2a-sm5,tip,650.000,144.615,2.500,3.000,0.7200,0.450,0.000,45.0,121000,6,0.0,-3.000000,-0.2964000,0.0164700,0.0122000
xfoil,r2a-sm5,tip,650.000,144.615,2.500,3.000,0.7200,0.450,0.000,45.0,121000,6,0.0,-2.500000,-0.2497000,0.0140900,0.0138000
xfoil,r2a-sm5,tip,650.000,144.615,2.500,3.000,0.7200,0.450,0.000,45.0,121000,6,0.0,-2.000000,-0.2045000,0.0116200,0.0183000
xfoil,r2a-sm5,tip,650.000,144.615,2.500,3.000,0.7200,0.450,0.000,45.0,121000,6,0.0,-1.500000,-0.0961000,0.0119600,0.0094000
xfoil,r2a-sm5,tip,650.000,144.615,2.500,3.000,0.7200,0.450,0.000,45.0,121000,6,0.0,-1.000000,-0.0340000,0.0119800,0.0079000
xfoil,r2a-sm5,tip,650.000,144.615,2.500,3.000,0.7200,0.450,0.000,45.0,121000,6,0.0,-0.500000,0.0166000,0.0120100,0.0089000
xfoil,r2a-sm5,tip,650.000,144.615,2.500,3.000,0.7200,0.450,0.000,45.0,121000,6,0.0,-0.000000,0.0677000,0.0120800,0.0098000
xfoil,r2a-sm5,tip,650.000,144.615,2.500,3.000,0.7200,0.450,0.000,45.0,121000,6,0.0,0.500000,0.1192000,0.0121400,0.0107000
xfoil,r2a-sm5,tip,650.000,144.615,2.500,3.000,0.7200,0.450,0.000,45.0,121000,6,0.0,1.000000,0.1714000,0.0121700,0.0115000
xfoil,r2a-sm5,tip,650.000,144.615,2.500,3.000,0.7200,0.450,0.000,45.0,121000,6,0.0,1.500000,0.2234000,0.0121800,0.0124000
xfoil,r2a-sm5,tip,650.000,144.615,2.500,3.000,0.7200,0.450,0.000,45.0,121000,6,0.0,2.000000,0.2755000,0.0122000,0.0134000
xfoil,r2a-sm5,tip,650.000,144.615,2.500,3.000,0.7200,0.450,0.000,45.0,121000,6,0.0,2.500000,0.3279000,0.0122600,0.0143000
xfoil,r2a-sm5,tip,650.000,144.615,2.500,3.000,0.7200,0.450,0.000,45.0,121000,6,0.0,3.000000,0.3808000,0.0123700,0.0151000
xfoil,r2a-sm5,tip,650.000,144.615,2.500,3.000,0.7200,0.450,0.000,45.0,121000,6,0.0,3.500000,0.4340000,0.0125700,0.0158000
xfoil,r2a-sm5,tip,650.000,144.615,2.500,3.000,0.7200,0.450,0.000,45.0,121000,6,0.0,4.000000,0.4876000,0.0128800,0.0163000
xfoil,r2a-sm5,tip,650.000,144.615,2.500,3.000,0.7200,0.450,0.000,45.0,121000,6,0.0,4.500000,0.5413000,0.0133200,0.0167000
xfoil,r2a-sm5,tip,650.000,144.615,2.500,3.000,0.7200,0.450,0.000,45.0,121000,6,0.0,5.000000,0.5953000,0.0138800,0.0168000
xfoil,r2a-sm5,tip,650.000,144.615,2.500,3.000,0.7200,0.450,0.000,45.0,121000,6,0.0,5.500000,0.6492000,0.0145700,0.0168000
xfoil,r2a-sm5,tip,650.000,144.615,2.500,3.000,0.7200,0.450,0.000,45.0,121000,6,0.0,6.000000,0.7027000,0.0154100,0.0166000
xfoil,r2a-sm5,tip,650.000,144.615,2.500,3.000,0.7200,0.450,0.000,45.0,121000,6,0.0,6.500000,0.7556000,0.0164400,0.0164000
xfoil,r2a-sm5,tip,650.000,144.615,2.500,3.000,0.7200,0.450,0.000,45.0,121000,6,0.0,7.000000,0.8073000,0.0176800,0.0161000
xfoil,r2a-sm5,tip,650.000,144.615,2.500,3.000,0.7200,0.450,0.000,45.0,121000,6,0.0,7.500000,0.8573000,0.0191600,0.0155000
xfoil,r2a-sm5,tip,650.000,144.615,2.500,3.000,0.7200,0.450,0.000,45.0,121000,6,0.0,8.000000,0.9051000,0.0210000,0.0151000
xfoil,r2a-sm5,tip,650.000,144.615,2.500,3.000,0.7200,0.450,0.000,45.0,121000,6,0.0,8.500000,0.9462000,0.0241700,0.0149000
xfoil,r2a-sm5,tip,650.000,144.615,2.500,3.000,0.7200,0.450,0.000,45.0,121000,6,0.0,9.000000,0.9824000,0.0275300,0.0152000
xfoil,r2a-sm5,tip,650.000,144.615,2.500,3.000,0.7200,0.450,0.000,45.0,121000,6,0.0,9.500000,1.0149000,0.0308500,0.0159000
xfoil,r2a-sm5,tip,650.000,144.615,2.500,3.000,0.7200,0.450,0.000,45.0,121000,6,0.0,10.000000,1.0417000,0.0347000,0.0171000
xfoil,r2a-sm5,tip,650.000,144.615,2.500,3.000,0.7200,0.450,0.000,45.0,121000,6,5.0,-8.200000,-0.4842000,0.0446900,-0.0440000
xfoil,r2a-sm5,tip,650.000,144.615,2.500,3.000,0.7200,0.450,0.000,45.0,121000,6,5.0,-7.700000,-0.4505000,0.0375200,-0.0455000
xfoil,r2a-sm5,tip,650.000,144.615,2.500,3.000,0.7200,0.450,0.000,45.0,121000,6,5.0,-7.200000,-0.4202000,0.0313500,-0.0442000
xfoil,r2a-sm5,tip,650.000,144.615,2.500,3.000,0.7200,0.450,0.000,45.0,121000,6,5.0,-6.700000,-0.3526000,0.0254300,-0.0478000
xfoil,r2a-sm5,tip,650.000,144.615,2.500,3.000,0.7200,0.450,0.000,45.0,121000,6,5.0,-6.200000,-0.2843000,0.0214000,-0.0503000
xfoil,r2a-sm5,tip,650.000,144.615,2.500,3.000,0.7200,0.450,0.000,45.0,121000,6,5.0,-5.700000,-0.2184000,0.0188400,-0.0522000
xfoil,r2a-sm5,tip,650.000,144.615,2.500,3.000,0.7200,0.450,0.000,45.0,121000,6,5.0,-5.200000,-0.1585000,0.0170300,-0.0532000
xfoil,r2a-sm5,tip,650.000,144.615,2.500,3.000,0.7200,0.450,0.000,45.0,121000,6,5.0,-4.700000,-0.1022000,0.0158200,-0.0530000
xfoil,r2a-sm5,tip,650.000,144.615,2.500,3.000,0.7200,0.450,0.000,45.0,121000,6,5.0,-4.200000,-0.0535000,0.0135800,-0.0521000
xfoil,r2a-sm5,tip,650.000,144.615,2.500,3.000,0.7200,0.450,0.000,45.0,121000,6,5.0,-3.700000,-0.0095000,0.0126200,-0.0492000
xfoil,r2a-sm5,tip,650.000,144.615,2.500,3.000,0.7200,0.450,0.000,45.0,121000,6,5.0,-3.200000,0.0367000,0.0123400,-0.0460000
xfoil,r2a-sm5,tip,650.000,144.615,2.500,3.000,0.7200,0.450,0.000,45.0,121000,6,5.0,-2.700000,0.0855000,0.0117900,-0.0430000
xfoil,r2a-sm5,tip,650.000,144.615,2.500,3.000,0.7200,0.450,0.000,45.0,121000,6,5.0,-2.200000,0.1600000,0.0115800,-0.0460000
xfoil,r2a-sm5,tip,650.000,144.615,2.500,3.000,0.7200,0.450,0.000,45.0,121000,6,5.0,-1.700000,0.2102000,0.0116700,-0.0444000
xfoil,r2a-sm5,tip,650.000,144.615,2.500,3.000,0.7200,0.450,0.000,45.0,121000,6,5.0,-1.200000,0.2617000,0.0117400,-0.0430000
xfoil,r2a-sm5,tip,650.000,144.615,2.500,3.000,0.7200,0.450,0.000,45.0,121000,6,5.0,-0.700000,0.3139000,0.0117900,-0.0417000
xfoil,r2a-sm5,tip,650.000,144.615,2.500,3.000,0.7200,0.450,0.000,45.0,121000,6,5.0,-0.200000,0.3665000,0.0118000,-0.0405000
xfoil,r2a-sm5,tip,650.000,144.615,2.500,3.000,0.7200,0.450,0.000,45.0,121000,6,5.0,0.300000,0.4200000,0.0118000,-0.0395000
xfoil,r2a-sm5,tip,650.000,144.615,2.500,3.000,0.7200,0.450,0.000,45.0,121000,6,5.0,0.800000,0.4726000,0.0117900,-0.0381000
xfoil,r2a-sm5,tip,650.000,144.615,2.500,3.000,0.7200,0.450,0.000,45.0,121000,6,5.0,1.300000,0.5251000,0.0119200,-0.0367000
xfoil,r2a-sm5,tip,650.000,144.615,2.500,3.000,0.7200,0.450,0.000,45.0,121000,6,5.0,1.800000,0.5783000,0.0122000,-0.0357000
xfoil,r2a-sm5,tip,650.000,144.615,2.500,3.000,0.7200,0.450,0.000,45.0,121000,6,5.0,2.300000,0.6319000,0.0125700,-0.0348000
xfoil,r2a-sm5,tip,650.000,144.615,2.500,3.000,0.7200,0.450,0.000,45.0,121000,6,5.0,2.800000,0.6853000,0.0130600,-0.0342000
xfoil,r2a-sm5,tip,650.000,144.615,2.500,3.000,0.7200,0.450,0.000,45.0,121000,6,5.0,3.300000,0.7383000,0.0137000,-0.0336000
xfoil,r2a-sm5,tip,650.000,144.615,2.500,3.000,0.7200,0.450,0.000,45.0,121000,6,5.0,3.800000,0.7908000,0.0144900,-0.0331000
xfoil,r2a-sm5,tip,650.000,144.615,2.500,3.000,0.7200,0.450,0.000,45.0,121000,6,5.0,4.300000,0.8425000,0.0154100,-0.0327000
xfoil,r2a-sm5,tip,650.000,144.615,2.500,3.000,0.7200,0.450,0.000,45.0,121000,6,5.0,4.800000,0.8931000,0.0164800,-0.0322000
xfoil,r2a-sm5,tip,650.000,144.615,2.500,3.000,0.7200,0.450,0.000,45.0,121000,6,5.0,5.300000,0.9422000,0.0177300,-0.0317000
xfoil,r2a-sm5,tip,650.000,144.615,2.500,3.000,0.7200,0.450,0.000,45.0,121000,6,5.0,5.800000,0.9889000,0.0192300,-0.0312000
xfoil,r2a-sm5,tip,650.000,144.615,2.500,3.000,0.7200,0.450,0.000,45.0,121000,6,5.0,6.300000,1.0332000,0.0210000,-0.0305000
xfoil,r2a-sm5,tip,650.000,144.615,2.500,3.000,0.7200,0.450,0.000,45.0,121000,6,5.0,6.800000,1.0736000,0.0233600,-0.0294000
xfoil,r2a-sm5,tip,650.000,144.615,2.500,3.000,0.7200,0.450,0.000,45.0,121000,6,10.0,-10.900000,-0.3687000,0.0882300,-0.0459000
xfoil,r2a-sm5,tip,650.000,144.615,2.500,3.000,0.7200,0.450,0.000,45.0,121000,6,10.0,-9.400000,-0.3152000,0.0430500,-0.0910000
xfoil,r2a-sm5,tip,650.000,144.615,2.500,3.000,0.7200,0.450,0.000,45.0,121000,6,10.0,-8.900000,-0.2720000,0.0354000,-0.0957000
xfoil,r2a-sm5,tip,650.000,144.615,2.500,3.000,0.7200,0.450,0.000,45.0,121000,6,10.0,-8.400000,-0.2273000,0.0297600,-0.0968000
xfoil,r2a-sm5,tip,650.000,144.615,2.500,3.000,0.7200,0.450,0.000,45.0,121000,6,10.0,-7.900000,-0.1711000,0.0253800,-0.0980000
xfoil,r2a-sm5,tip,650.000,144.615,2.500,3.000,0.7200,0.450,0.000,45.0,121000,6,10.0,-7.400000,-0.1104000,0.0223600,-0.0992000
xfoil,r2a-sm5,tip,650.000,144.615,2.500,3.000,0.7200,0.450,0.000,45.0,121000,6,10.0,-6.900000,-0.0591000,0.0205400,-0.0988000
xfoil,r2a-sm5,tip,650.000,144.615,2.500,3.000,0.7200,0.450,0.000,45.0,121000,6,10.0,-6.400000,0.0081000,0.0189600,-0.1014000
xfoil,r2a-sm5,tip,650.000,144.615,2.500,3.000,0.7200,0.450,0.000,45.0,121000,6,10.0,-5.400000,0.1310000,0.0160500,-0.1051000
xfoil,r2a-sm5,tip,650.000,144.615,2.500,3.000,0.7200,0.450,0.000,45.0,121000,6,10.0,-4.900000,0.1871000,0.0160500,-0.1049000
xfoil,r2a-sm5,tip,650.000,144.615,2.500,3.000,0.7200,0.450,0.000,45.0,121000,6,10.0,-4.400000,0.2443000,0.0162200,-0.1047000
xfoil,r2a-sm5,tip,650.000,144.615,2.500,3.000,0.7200,0.450,0.000,45.0,121000,6,10.0,-3.900000,0.3026000,0.0164200,-0.1044000
xfoil,r2a-sm5,tip,650.000,144.615,2.500,3.000,0.7200,0.450,0.000,45.0,121000,6,10.0,-3.400000,0.3570000,0.0165900,-0.1035000
xfoil,r2a-sm5,tip,650.000,144.615,2.500,3.000,0.7200,0.450,0.000,45.0,121000,6,10.0,-2.900000,0.4114000,0.0164800,-0.1024000
xfoil,r2a-sm5,tip,650.000,144.615,2.500,3.000,0.7200,0.450,0.000,45.0,121000,6,10.0,-2.400000,0.4673000,0.0160000,-0.1012000
xfoil,r2a-sm5,tip,650.000,144.615,2.500,3.000,0.7200,0.450,0.000,45.0,121000,6,10.0,-1.900000,0.5230000,0.0153400,-0.1000000
xfoil,r2a-sm5,tip,650.000,144.615,2.500,3.000,0.7200,0.450,0.000,45.0,121000,6,10.0,-1.400000,0.5768000,0.0152900,-0.0987000
xfoil,r2a-sm5,tip,650.000,144.615,2.500,3.000,0.7200,0.450,0.000,45.0,121000,6,10.0,-0.900000,0.6295000,0.0151000,-0.0969000
xfoil,r2a-sm5,tip,650.000,144.615,2.500,3.000,0.7200,0.450,0.000,45.0,121000,6,10.0,-0.400000,0.6817000,0.0147600,-0.0949000
xfoil,r2a-sm5,tip,650.000,144.615,2.500,3.000,0.7200,0.450,0.000,45.0,121000,6,10.0,0.100000,0.7323000,0.0144800,-0.0931000
xfoil,r2a-sm5,tip,650.000,144.615,2.500,3.000,0.7200,0.450,0.000,45.0,121000,6,10.0,0.600000,0.7817000,0.0141800,-0.0914000
xfoil,r2a-sm5,tip,650.000,144.615,2.500,3.000,0.7200,0.450,0.000,45.0,121000,6,10.0,1.100000,0.8361000,0.0131300,-0.0876000
xfoil,r2a-sm5,tip,650.000,144.615,2.500,3.000,0.7200,0.450,0.000,45.0,121000,6,10.0,1.600000,0.8858000,0.0136900,-0.0854000
xfoil,r2a-sm5,tip,650.000,144.615,2.500,3.000,0.7200,0.450,0.000,45.0,121000,6,10.0,2.100000,0.9345000,0.0145800,-0.0838000
xfoil,r2a-sm5,tip,650.000,144.615,2.500,3.000,0.7200,0.450,0.000,45.0,121000,6,10.0,2.600000,0.9818000,0.0156500,-0.0822000
xfoil,r2a-sm5,tip,650.000,144.615,2.500,3.000,0.7200,0.450,0.000,45.0,121000,6,10.0,3.100000,1.0278000,0.0168600,-0.0807000
xfoil,r2a-sm5,tip,650.000,144.615,2.500,3.000,0.7200,0.450,0.000,45.0,121000,6,10.0,3.600000,1.0721000,0.0181800,-0.0790000
xfoil,r2a-sm5,tip,650.000,144.615,2.500,3.000,0.7200,0.450,0.000,45.0,121000,10,-5.0,-1.800000,-0.4575000,0.0189400,0.0501000
xfoil,r2a-sm5,tip,650.000,144.615,2.500,3.000,0.7200,0.450,0.000,45.0,121000,10,-5.0,-0.800000,-0.2342000,0.0170600,0.0393000
xfoil,r2a-sm5,tip,650.000,144.615,2.500,3.000,0.7200,0.450,0.000,45.0,121000,10,-5.0,-0.300000,-0.1811000,0.0171300,0.0394000
xfoil,r2a-sm5,tip,650.000,144.615,2.500,3.000,0.7200,0.450,0.000,45.0,121000,10,-5.0,0.200000,-0.1286000,0.0173200,0.0397000
xfoil,r2a-sm5,tip,650.000,144.615,2.500,3.000,0.7200,0.450,0.000,45.0,121000,10,-5.0,0.700000,-0.0759000,0.0176100,0.0400000
xfoil,r2a-sm5,tip,650.000,144.615,2.500,3.000,0.7200,0.450,0.000,45.0,121000,10,-5.0,1.200000,-0.0229000,0.0179500,0.0402000
xfoil,r2a-sm5,tip,650.000,144.615,2.500,3.000,0.7200,0.450,0.000,45.0,121000,10,-5.0,1.700000,0.0300000,0.0182000,0.0404000
xfoil,r2a-sm5,tip,650.000,144.615,2.500,3.000,0.7200,0.450,0.000,45.0,121000,10,-5.0,2.200000,0.0821000,0.0182400,0.0409000
xfoil,r2a-sm5,tip,650.000,144.615,2.500,3.000,0.7200,0.450,0.000,45.0,121000,10,-5.0,2.700000,0.1321000,0.0180900,0.0421000
xfoil,r2a-sm5,tip,650.000,144.615,2.500,3.000,0.7200,0.450,0.000,45.0,121000,10,-5.0,3.200000,0.1789000,0.0177300,0.0443000
xfoil,r2a-sm5,tip,650.000,144.615,2.500,3.000,0.7200,0.450,0.000,45.0,121000,10,-5.0,3.700000,0.2242000,0.0172400,0.0470000
xfoil,r2a-sm5,tip,650.000,144.615,2.500,3.000,0.7200,0.450,0.000,45.0,121000,10,-5.0,4.200000,0.2721000,0.0168100,0.0490000
xfoil,r2a-sm5,tip,650.000,144.615,2.500,3.000,0.7200,0.450,0.000,45.0,121000,10,-5.0,4.700000,0.3195000,0.0163800,0.0512000
xfoil,r2a-sm5,tip,650.000,144.615,2.500,3.000,0.7200,0.450,0.000,45.0,121000,10,-5.0,5.200000,0.3673000,0.0160600,0.0532000
xfoil,r2a-sm5,tip,650.000,144.615,2.500,3.000,0.7200,0.450,0.000,45.0,121000,10,-5.0,5.700000,0.4173000,0.0159700,0.0545000
xfoil,r2a-sm5,tip,650.000,144.615,2.500,3.000,0.7200,0.450,0.000,45.0,121000,10,-5.0,6.200000,0.4672000,0.0160600,0.0556000
xfoil,r2a-sm5,tip,650.000,144.615,2.500,3.000,0.7200,0.450,0.000,45.0,121000,10,-5.0,6.700000,0.5183000,0.0163800,0.0562000
xfoil,r2a-sm5,tip,650.000,144.615,2.500,3.000,0.7200,0.450,0.000,45.0,121000,10,-5.0,7.200000,0.5691000,0.0169000,0.0566000
xfoil,r2a-sm5,tip,650.000,144.615,2.500,3.000,0.7200,0.450,0.000,45.0,121000,10,-5.0,7.700000,0.6193000,0.0176500,0.0569000
xfoil,r2a-sm5,tip,650.000,144.615,2.500,3.000,0.7200,0.450,0.000,45.0,121000,10,-5.0,8.200000,0.6680000,0.0186500,0.0571000
xfoil,r2a-sm5,tip,650.000,144.615,2.500,3.000,0.7200,0.450,0.000,45.0,121000,10,-5.0,8.700000,0.7141000,0.0195700,0.0571000
xfoil,r2a-sm5,tip,650.000,144.615,2.500,3.000,0.7200,0.450,0.000,45.0,121000,10,-5.0,9.200000,0.7594000,0.0209100,0.0564000
xfoil,r2a-sm5,tip,650.000,144.615,2.500,3.000,0.7200,0.450,0.000,45.0,121000,10,-5.0,9.700000,0.7990000,0.0249000,0.0552000
xfoil,r2a-sm5,tip,650.000,144.615,2.500,3.000,0.7200,0.450,0.000,45.0,121000,10,-5.0,10.200000,0.8368000,0.0285500,0.0572000
xfoil,r2a-sm5,tip,650.000,144.615,2.500,3.000,0.7200,0.450,0.000,45.0,121000,10,-5.0,10.700000,0.8742000,0.0328100,0.0588000
xfoil,r2a-sm5,tip,650.000,144.615,2.500,3.000,0.7200,0.450,0.000,45.0,121000,10,-5.0,11.200000,0.9084000,0.0384300,0.0597000
xfoil,r2a-sm5,tip,650.000,144.615,2.500,3.000,0.7200,0.450,0.000,45.0,121000,10,-5.0,11.700000,0.9311000,0.0456000,0.0594000
xfoil,r2a-sm5,tip,650.000,144.615,2.500,3.000,0.7200,0.450,0.000,45.0,121000,10,-5.0,12.200000,0.8437000,0.0507500,0.0549000
xfoil,r2a-sm5,tip,650.000,144.615,2.500,3.000,0.7200,0.450,0.000,45.0,121000,10,-5.0,12.700000,0.7967000,0.0623800,0.0497000
xfoil,r2a-sm5,tip,650.000,144.615,2.500,3.000,0.7200,0.450,0.000,45.0,121000,10,-5.0,13.200000,0.7547000,0.0764100,0.0427000
xfoil,r2a-sm5,tip,650.000,144.615,2.500,3.000,0.7200,0.450,0.000,45.0,121000,10,0.0,-5.000000,-0.4882000,0.0297700,-0.0030000
xfoil,r2a-sm5,tip,650.000,144.615,2.500,3.000,0.7200,0.450,0.000,45.0,121000,10,0.0,-4.500000,-0.4240000,0.0234200,-0.0043000
xfoil,r2a-sm5,tip,650.000,144.615,2.500,3.000,0.7200,0.450,0.000,45.0,121000,10,0.0,-4.000000,-0.3704000,0.0198400,-0.0039000
xfoil,r2a-sm5,tip,650.000,144.615,2.500,3.000,0.7200,0.450,0.000,45.0,121000,10,0.0,-3.500000,-0.2863000,0.0168900,-0.0091000
xfoil,r2a-sm5,tip,650.000,144.615,2.500,3.000,0.7200,0.450,0.000,45.0,121000,10,0.0,-3.000000,-0.2237000,0.0146500,-0.0101000
xfoil,r2a-sm5,tip,650.000,144.615,2.500,3.000,0.7200,0.450,0.000,45.0,121000,10,0.0,-2.500000,-0.1038000,0.0120400,-0.0168000
xfoil,r2a-sm5,tip,650.000,144.615,2.500,3.000,0.7200,0.450,0.000,45.0,121000,10,0.0,-2.000000,-0.0631000,0.0122600,-0.0142000
xfoil,r2a-sm5,tip,650.000,144.615,2.500,3.000,0.7200,0.450,0.000,45.0,121000,10,0.0,-1.500000,-0.0216000,0.0124900,-0.0115000
xfoil,r2a-sm5,tip,650.000,144.615,2.500,3.000,0.7200,0.450,0.000,45.0,121000,10,0.0,-1.000000,0.0220000,0.0127300,-0.0092000
xfoil,r2a-sm5,tip,650.000,144.615,2.500,3.000,0.7200,0.450,0.000,45.0,121000,10,0.0,-0.500000,0.0652000,0.0130100,-0.0065000
xfoil,r2a-sm5,tip,650.000,144.615,2.500,3.000,0.7200,0.450,0.000,45.0,121000,10,0.0,-0.000000,0.1100000,0.0132900,-0.0041000
xfoil,r2a-sm5,tip,650.000,144.615,2.500,3.000,0.7200,0.450,0.000,45.0,121000,10,0.0,0.500000,0.1556000,0.0136000,-0.0017000
xfoil,r2a-sm5,tip,650.000,144.615,2.500,3.000,0.7200,0.450,0.000,45.0,121000,10,0.0,1.000000,0.2002000,0.0139100,0.0011000
xfoil,r2a-sm5,tip,650.000,144.615,2.500,3.000,0.7200,0.450,0.000,45.0,121000,10,0.0,1.500000,0.2473000,0.0142200,0.0033000
xfoil,r2a-sm5,tip,650.000,144.615,2.500,3.000,0.7200,0.450,0.000,45.0,121000,10,0.0,2.000000,0.2950000,0.0144500,0.0056000
xfoil,r2a-sm5,tip,650.000,144.615,2.500,3.000,0.7200,0.450,0.000,45.0,121000,10,0.0,2.500000,0.3436000,0.0145000,0.0077000
xfoil,r2a-sm5,tip,650.000,144.615,2.500,3.000,0.7200,0.450,0.000,45.0,121000,10,0.0,3.000000,0.3933000,0.0144100,0.0097000
xfoil,r2a-sm5,tip,650.000,144.615,2.500,3.000,0.7200,0.450,0.000,45.0,121000,10,0.0,3.500000,0.4433000,0.0142800,0.0118000
xfoil,r2a-sm5,tip,650.000,144.615,2.500,3.000,0.7200,0.450,0.000,45.0,121000,10,0.0,4.000000,0.4944000,0.0142500,0.0136000
xfoil,r2a-sm5,tip,650.000,144.615,2.500,3.000,0.7200,0.450,0.000,45.0,121000,10,0.0,4.500000,0.5461000,0.0143700,0.0150000
xfoil,r2a-sm5,tip,650.000,144.615,2.500,3.000,0.7200,0.450,0.000,45.0,121000,10,0.0,5.500000,0.6516000,0.0153200,0.0168000
xfoil,r2a-sm5,tip,650.000,144.615,2.500,3.000,0.7200,0.450,0.000,45.0,121000,10,0.0,6.000000,0.7046000,0.0161500,0.0171000
xfoil,r2a-sm5,tip,650.000,144.615,2.500,3.000,0.7200,0.450,0.000,45.0,121000,10,0.0,6.500000,0.7569000,0.0172300,0.0173000
xfoil,r2a-sm5,tip,650.000,144.615,2.500,3.000,0.7200,0.450,0.000,45.0,121000,10,0.0,7.000000,0.8083000,0.0185400,0.0174000
xfoil,r2a-sm5,tip,650.000,144.615,2.500,3.000,0.7200,0.450,0.000,45.0,121000,10,0.0,7.500000,0.8579000,0.0197600,0.0170000
xfoil,r2a-sm5,tip,650.000,144.615,2.500,3.000,0.7200,0.450,0.000,45.0,121000,10,0.0,8.000000,0.9044000,0.0216600,0.0164000
xfoil,r2a-sm5,tip,650.000,144.615,2.500,3.000,0.7200,0.450,0.000,45.0,121000,10,0.0,8.500000,0.9406000,0.0262400,0.0171000
xfoil,r2a-sm5,tip,650.000,144.615,2.500,3.000,0.7200,0.450,0.000,45.0,121000,10,0.0,9.000000,0.9816000,0.0300100,0.0185000
xfoil,r2a-sm5,tip,650.000,144.615,2.500,3.000,0.7200,0.450,0.000,45.0,121000,10,0.0,9.500000,1.0238000,0.0350000,0.0203000
xfoil,r2a-sm5,tip,650.000,144.615,2.500,3.000,0.7200,0.450,0.000,45.0,121000,10,0.0,10.000000,1.0610000,0.0405900,0.0214000
xfoil,r2a-sm5,tip,650.000,144.615,2.500,3.000,0.7200,0.450,0.000,45.0,121000,10,5.0,-6.200000,-0.3679000,0.0300400,-0.0401000
xfoil,r2a-sm5,tip,650.000,144.615,2.500,3.000,0.7200,0.450,0.000,45.0,121000,10,5.0,-5.700000,-0.3213000,0.0243700,-0.0374000
xfoil,r2a-sm5,tip,650.000,144.615,2.500,3.000,0.7200,0.450,0.000,45.0,121000,10,5.0,-5.200000,-0.2730000,0.0207500,-0.0359000
xfoil,r2a-sm5,tip,650.000,144.615,2.500,3.000,0.7200,0.450,0.000,45.0,121000,10,5.0,-4.700000,-0.2230000,0.0185700,-0.0348000
xfoil,r2a-sm5,tip,650.000,144.615,2.500,3.000,0.7200,0.450,0.000,45.0,121000,10,5.0,-4.200000,-0.1663000,0.0167100,-0.0356000
xfoil,r2a-sm5,tip,650.000,144.615,2.500,3.000,0.7200,0.450,0.000,45.0,121000,10,5.0,-3.700000,-0.0827000,0.0133400,-0.0415000
xfoil,r2a-sm5,tip,650.000,144.615,2.500,3.000,0.7200,0.450,0.000,45.0,121000,10,5.0,-3.200000,0.0150000,0.0124800,-0.0478000
xfoil,r2a-sm5,tip,650.000,144.615,2.500,3.000,0.7200,0.450,0.000,45.0,121000,10,5.0,-2.700000,0.1192000,0.0127400,-0.0586000
xfoil,r2a-sm5,tip,650.000,144.615,2.500,3.000,0.7200,0.450,0.000,45.0,121000,10,5.0,-2.200000,0.2057000,0.0130600,-0.0648000
xfoil,r2a-sm5,tip,650.000,144.615,2.500,3.000,0.7200,0.450,0.000,45.0,121000,10,5.0,-1.700000,0.2679000,0.0135000,-0.0655000
xfoil,r2a-sm5,tip,650.000,144.615,2.500,3.000,0.7200,0.450,0.000,45.0,121000,10,5.0,-1.200000,0.3167000,0.0139400,-0.0631000
xfoil,r2a-sm5,tip,650.000,144.615,2.500,3.000,0.7200,0.450,0.000,45.0,121000,10,5.0,-0.700000,0.3615000,0.0142900,-0.0597000
xfoil,r2a-sm5,tip,650.000,144.615,2.500,3.000,0.7200,0.450,0.000,45.0,121000,10,5.0,-0.200000,0.4056000,0.0144800,-0.0559000
xfoil,r2a-sm5,tip,650.000,144.615,2.500,3.000,0.7200,0.450,0.000,45.0,121000,10,5.0,0.300000,0.4505000,0.0145000,-0.0521000
xfoil,r2a-sm5,tip,650.000,144.615,2.500,3.000,0.7200,0.450,0.000,45.0,121000,10,5.0,0.800000,0.4966000,0.0143500,-0.0485000
xfoil,r2a-sm5,tip,650.000,144.615,2.500,3.000,0.7200,0.450,0.000,45.0,121000,10,5.0,1.300000,0.5442000,0.0140200,-0.0451000
xfoil,r2a-sm5,tip,650.000,144.615,2.500,3.000,0.7200,0.450,0.000,45.0,121000,10,5.0,1.800000,0.5932000,0.0136300,-0.0420000
xfoil,r2a-sm5,tip,650.000,144.615,2.500,3.000,0.7200,0.450,0.000,45.0,121000,10,5.0,2.300000,0.6426000,0.0134900,-0.0390000
xfoil,r2a-sm5,tip,650.000,144.615,2.500,3.000,0.7200,0.450,0.000,45.0,121000,10,5.0,2.800000,0.6938000,0.0137600,-0.0370000
xfoil,r2a-sm5,tip,650.000,144.615,2.500,3.000,0.7200,0.450,0.000,45.0,121000,10,5.0,3.300000,0.7455000,0.0141700,-0.0354000
xfoil,r2a-sm5,tip,650.000,144.615,2.500,3.000,0.7200,0.450,0.000,45.0,121000,10,5.0,3.800000,0.7973000,0.0148100,-0.0342000
xfoil,r2a-sm5,tip,650.000,144.615,2.500,3.000,0.7200,0.450,0.000,45.0,121000,10,5.0,4.300000,0.8485000,0.0157000,-0.0332000
xfoil,r2a-sm5,tip,650.000,144.615,2.500,3.000,0.7200,0.450,0.000,45.0,121000,10,5.0,4.800000,0.8985000,0.0168500,-0.0322000
xfoil,r2a-sm5,tip,650.000,144.615,2.500,3.000,0.7200,0.450,0.000,45.0,121000,10,5.0,5.300000,0.9467000,0.0182600,-0.0313000
xfoil,r2a-sm5,tip,650.000,144.615,2.500,3.000,0.7200,0.450,0.000,45.0,121000,10,5.0,5.800000,0.9925000,0.0197300,-0.0304000
xfoil,r2a-sm5,tip,650.000,144.615,2.500,3.000,0.7200,0.450,0.000,45.0,121000,10,5.0,6.300000,1.0353000,0.0213000,-0.0296000
xfoil,r2a-sm5,tip,650.000,144.615,2.500,3.000,0.7200,0.450,0.000,45.0,121000,10,5.0,6.800000,1.0673000,0.0247700,-0.0276000
xfoil,r2a-sm5,tip,650.000,144.615,2.500,3.000,0.7200,0.450,0.000,45.0,121000,10,10.0,-6.900000,-0.2399000,0.0279200,-0.0692000
xfoil,r2a-sm5,tip,650.000,144.615,2.500,3.000,0.7200,0.450,0.000,45.0,121000,10,10.0,-6.400000,-0.1751000,0.0236200,-0.0699000
xfoil,r2a-sm5,tip,650.000,144.615,2.500,3.000,0.7200,0.450,0.000,45.0,121000,10,10.0,-5.900000,-0.1153000,0.0209800,-0.0704000
xfoil,r2a-sm5,tip,650.000,144.615,2.500,3.000,0.7200,0.450,0.000,45.0,121000,10,10.0,-5.400000,-0.0551000,0.0192800,-0.0713000
xfoil,r2a-sm5,tip,650.000,144.615,2.500,3.000,0.7200,0.450,0.000,45.0,121000,10,10.0,-4.900000,0.0162000,0.0169100,-0.0752000
xfoil,r2a-sm5,tip,650.000,144.615,2.500,3.000,0.7200,0.450,0.000,45.0,121000,10,10.0,-4.400000,0.0571000,0.0177200,-0.0721000
xfoil,r2a-sm5,tip,650.000,144.615,2.500,3.000,0.7200,0.450,0.000,45.0,121000,10,10.0,-3.900000,0.1003000,0.0185100,-0.0701000
xfoil,r2a-sm5,tip,650.000,144.615,2.500,3.000,0.7200,0.450,0.000,45.0,121000,10,10.0,-3.400000,0.1908000,0.0183900,-0.0775000
xfoil,r2a-sm5,tip,650.000,144.615,2.500,3.000,0.7200,0.450,0.000,45.0,121000,10,10.0,-2.900000,0.2772000,0.0182800,-0.0840000
xfoil,r2a-sm5,tip,650.000,144.615,2.500,3.000,0.7200,0.450,0.000,45.0,121000,10,10.0,-2.400000,0.3701000,0.0191500,-0.0923000
xfoil,r2a-sm5,tip,650.000,144.615,2.500,3.000,0.7200,0.450,0.000,45.0,121000,10,10.0,-1.900000,0.4583000,0.0197500,-0.0987000
xfoil,r2a-sm5,tip,650.000,144.615,2.500,3.000,0.7200,0.450,0.000,45.0,121000,10,10.0,-1.400000,0.5414000,0.0200800,-0.1034000
xfoil,r2a-sm5,tip,650.000,144.615,2.500,3.000,0.7200,0.450,0.000,45.0,121000,10,10.0,-0.900000,0.6203000,0.0200100,-0.1063000
xfoil,r2a-sm5,tip,650.000,144.615,2.500,3.000,0.7200,0.450,0.000,45.0,121000,10,10.0,-0.400000,0.6837000,0.0196800,-0.1055000
xfoil,r2a-sm5,tip,650.000,144.615,2.500,3.000,0.7200,0.450,0.000,45.0,121000,10,10.0,0.100000,0.7418000,0.0188900,-0.1030000
xfoil,r2a-sm5,tip,650.000,144.615,2.500,3.000,0.7200,0.450,0.000,45.0,121000,10,10.0,0.600000,0.7950000,0.0177100,-0.0993000
xfoil,r2a-sm5,tip,650.000,144.615,2.500,3.000,0.7200,0.450,0.000,45.0,121000,10,10.0,1.100000,0.8452000,0.0163100,-0.0954000
xfoil,r2a-sm5,tip,650.000,144.615,2.500,3.000,0.7200,0.450,0.000,45.0,121000,10,10.0,1.600000,0.8978000,0.0145600,-0.0915000
xfoil,r2a-sm5,tip,650.000,144.615,2.500,3.000,0.7200,0.450,0.000,45.0,121000,10,10.0,2.100000,0.9495000,0.0141300,-0.0872000
xfoil,r2a-sm5,tip,650.000,144.615,2.500,3.000,0.7200,0.450,0.000,45.0,121000,10,10.0,2.600000,0.9963000,0.0152100,-0.0847000
xfoil,r2a-sm5,tip,650.000,144.615,2.500,3.000,0.7200,0.450,0.000,45.0,121000,10,10.0,3.100000,1.0413000,0.0165400,-0.0824000
xfoil,r2a-sm5,tip,650.000,144.615,2.500,3.000,0.7200,0.450,0.000,45.0,121000,10,10.0,3.600000,1.0839000,0.0181000,-0.0801000
xfoil,r2a-sm5,tip,650.000,144.615,2.500,3.000,0.7200,0.450,0.000,60.0,161000,6,-5.0,-1.800000,-0.5199000,0.0184300,0.0694000
xfoil,r2a-sm5,tip,650.000,144.615,2.500,3.000,0.7200,0.450,0.000,60.0,161000,6,-5.0,-1.300000,-0.4669000,0.0172000,0.0704000
xfoil,r2a-sm5,tip,650.000,144.615,2.500,3.000,0.7200,0.450,0.000,60.0,161000,6,-5.0,-0.800000,-0.4156000,0.0158100,0.0717000
xfoil,r2a-sm5,tip,650.000,144.615,2.500,3.000,0.7200,0.450,0.000,60.0,161000,6,-5.0,-0.300000,-0.3945000,0.0120500,0.0790000
xfoil,r2a-sm5,tip,650.000,144.615,2.500,3.000,0.7200,0.450,0.000,60.0,161000,6,-5.0,0.200000,-0.3370000,0.0128100,0.0827000
xfoil,r2a-sm5,tip,650.000,144.615,2.500,3.000,0.7200,0.450,0.000,60.0,161000,6,-5.0,0.700000,-0.2671000,0.0131200,0.0814000
xfoil,r2a-sm5,tip,650.000,144.615,2.500,3.000,0.7200,0.450,0.000,60.0,161000,6,-5.0,1.200000,-0.1865000,0.0133300,0.0772000
xfoil,r2a-sm5,tip,650.000,144.615,2.500,3.000,0.7200,0.450,0.000,60.0,161000,6,-5.0,1.700000,-0.1046000,0.0134800,0.0727000
xfoil,r2a-sm5,tip,650.000,144.615,2.500,3.000,0.7200,0.450,0.000,60.0,161000,6,-5.0,2.200000,-0.0259000,0.0134800,0.0683000
xfoil,r2a-sm5,tip,650.000,144.615,2.500,3.000,0.7200,0.450,0.000,60.0,161000,6,-5.0,2.700000,0.0274000,0.0131900,0.0687000
xfoil,r2a-sm5,tip,650.000,144.615,2.500,3.000,0.7200,0.450,0.000,60.0,161000,6,-5.0,3.200000,0.0808000,0.0129500,0.0691000
xfoil,r2a-sm5,tip,650.000,144.615,2.500,3.000,0.7200,0.450,0.000,60.0,161000,6,-5.0,3.700000,0.1354000,0.0127800,0.0691000
xfoil,r2a-sm5,tip,650.000,144.615,2.500,3.000,0.7200,0.450,0.000,60.0,161000,6,-5.0,4.200000,0.1907000,0.0126800,0.0689000
xfoil,r2a-sm5,tip,650.000,144.615,2.500,3.000,0.7200,0.450,0.000,60.0,161000,6,-5.0,4.700000,0.2466000,0.0126800,0.0685000
xfoil,r2a-sm5,tip,650.000,144.615,2.500,3.000,0.7200,0.450,0.000,60.0,161000,6,-5.0,5.200000,0.3029000,0.0127700,0.0680000
xfoil,r2a-sm5,tip,650.000,144.615,2.500,3.000,0.7200,0.450,0.000,60.0,161000,6,-5.0,5.700000,0.3611000,0.0129500,0.0670000
xfoil,r2a-sm5,tip,650.000,144.615,2.500,3.000,0.7200,0.450,0.000,60.0,161000,6,-5.0,6.200000,0.4207000,0.0132400,0.0655000
xfoil,r2a-sm5,tip,650.000,144.615,2.500,3.000,0.7200,0.450,0.000,60.0,161000,6,-5.0,6.700000,0.4804000,0.0136600,0.0639000
xfoil,r2a-sm5,tip,650.000,144.615,2.500,3.000,0.7200,0.450,0.000,60.0,161000,6,-5.0,7.200000,0.5413000,0.0142000,0.0618000
xfoil,r2a-sm5,tip,650.000,144.615,2.500,3.000,0.7200,0.450,0.000,60.0,161000,6,-5.0,7.700000,0.6029000,0.0149300,0.0594000
xfoil,r2a-sm5,tip,650.000,144.615,2.500,3.000,0.7200,0.450,0.000,60.0,161000,6,-5.0,8.200000,0.6652000,0.0159200,0.0563000
xfoil,r2a-sm5,tip,650.000,144.615,2.500,3.000,0.7200,0.450,0.000,60.0,161000,6,-5.0,8.700000,0.7175000,0.0170500,0.0550000
xfoil,r2a-sm5,tip,650.000,144.615,2.500,3.000,0.7200,0.450,0.000,60.0,161000,6,-5.0,9.200000,0.7624000,0.0184400,0.0548000
xfoil,r2a-sm5,tip,650.000,144.615,2.500,3.000,0.7200,0.450,0.000,60.0,161000,6,-5.0,9.700000,0.8040000,0.0210200,0.0542000
xfoil,r2a-sm5,tip,650.000,144.615,2.500,3.000,0.7200,0.450,0.000,60.0,161000,6,-5.0,10.200000,0.8430000,0.0237800,0.0536000
xfoil,r2a-sm5,tip,650.000,144.615,2.500,3.000,0.7200,0.450,0.000,60.0,161000,6,-5.0,10.700000,0.8801000,0.0265300,0.0532000
xfoil,r2a-sm5,tip,650.000,144.615,2.500,3.000,0.7200,0.450,0.000,60.0,161000,6,-5.0,11.200000,0.9110000,0.0300300,0.0526000
xfoil,r2a-sm5,tip,650.000,144.615,2.500,3.000,0.7200,0.450,0.000,60.0,161000,6,-5.0,11.700000,0.9397000,0.0336900,0.0523000
xfoil,r2a-sm5,tip,650.000,144.615,2.500,3.000,0.7200,0.450,0.000,60.0,161000,6,-5.0,12.200000,0.9628000,0.0379700,0.0503000
xfoil,r2a-sm5,tip,650.000,144.615,2.500,3.000,0.7200,0.450,0.000,60.0,161000,6,-5.0,12.700000,0.9742000,0.0428200,0.0500000
xfoil,r2a-sm5,tip,650.000,144.615,2.500,3.000,0.7200,0.450,0.000,60.0,161000,6,-5.0,13.200000,0.9742000,0.0490100,0.0484000
xfoil,r2a-sm5,tip,650.000,144.615,2.500,3.000,0.7200,0.450,0.000,60.0,161000,6,0.0,-5.000000,-0.5200000,0.0235900,0.0121000
xfoil,r2a-sm5,tip,650.000,144.615,2.500,3.000,0.7200,0.450,0.000,60.0,161000,6,0.0,-4.500000,-0.4694000,0.0207200,0.0140000
xfoil,r2a-sm5,tip,650.000,144.615,2.500,3.000,0.7200,0.450,0.000,60.0,161000,6,0.0,-4.000000,-0.4190000,0.0183900,0.0155000
xfoil,r2a-sm5,tip,650.000,144.615,2.500,3.000,0.7200,0.450,0.000,60.0,161000,6,0.0,-3.500000,-0.3678000,0.0166500,0.0168000
xfoil,r2a-sm5,tip,650.000,144.615,2.500,3.000,0.7200,0.450,0.000,60.0,161000,6,0.0,-3.000000,-0.3159000,0.0154500,0.0180000
xfoil,r2a-sm5,tip,650.000,144.615,2.500,3.000,0.7200,0.450,0.000,60.0,161000,6,0.0,-2.500000,-0.2622000,0.0144000,0.0189000
xfoil,r2a-sm5,tip,650.000,144.615,2.500,3.000,0.7200,0.450,0.000,60.0,161000,6,0.0,-2.000000,-0.2190000,0.0115900,0.0204000
xfoil,r2a-sm5,tip,650.000,144.615,2.500,3.000,0.7200,0.450,0.000,60.0,161000,6,0.0,-1.500000,-0.1519000,0.0103500,0.0211000
xfoil,r2a-sm5,tip,650.000,144.615,2.500,3.000,0.7200,0.450,0.000,60.0,161000,6,0.0,-1.000000,-0.0614000,0.0105800,0.0145000
xfoil,r2a-sm5,tip,650.000,144.615,2.500,3.000,0.7200,0.450,0.000,60.0,161000,6,0.0,-0.500000,0.0025000,0.0105800,0.0128000
xfoil,r2a-sm5,tip,650.000,144.615,2.500,3.000,0.7200,0.450,0.000,60.0,161000,6,0.0,-0.000000,0.0551000,0.0105400,0.0133000
xfoil,r2a-sm5,tip,650.000,144.615,2.500,3.000,0.7200,0.450,0.000,60.0,161000,6,0.0,0.500000,0.1077000,0.0104900,0.0140000
xfoil,r2a-sm5,tip,650.000,144.615,2.500,3.000,0.7200,0.450,0.000,60.0,161000,6,0.0,1.000000,0.1603000,0.0104500,0.0147000
xfoil,r2a-sm5,tip,650.000,144.615,2.500,3.000,0.7200,0.450,0.000,60.0,161000,6,0.0,1.500000,0.2129000,0.0104400,0.0155000
xfoil,r2a-sm5,tip,650.000,144.615,2.500,3.000,0.7200,0.450,0.000,60.0,161000,6,0.0,2.000000,0.2659000,0.0104800,0.0162000
xfoil,r2a-sm5,tip,650.000,144.615,2.500,3.000,0.7200,0.450,0.000,60.0,161000,6,0.0,2.500000,0.3192000,0.0105700,0.0169000
xfoil,r2a-sm5,tip,650.000,144.615,2.500,3.000,0.7200,0.450,0.000,60.0,161000,6,0.0,3.000000,0.3730000,0.0107300,0.0174000
xfoil,r2a-sm5,tip,650.000,144.615,2.500,3.000,0.7200,0.450,0.000,60.0,161000,6,0.0,3.500000,0.4271000,0.0109900,0.0177000
xfoil,r2a-sm5,tip,650.000,144.615,2.500,3.000,0.7200,0.450,0.000,60.0,161000,6,0.0,4.000000,0.4815000,0.0113500,0.0179000
xfoil,r2a-sm5,tip,650.000,144.615,2.500,3.000,0.7200,0.450,0.000,60.0,161000,6,0.0,4.500000,0.5362000,0.0118100,0.0180000
xfoil,r2a-sm5,tip,650.000,144.615,2.500,3.000,0.7200,0.450,0.000,60.0,161000,6,0.0,5.000000,0.5909000,0.0123700,0.0178000
xfoil,r2a-sm5,tip,650.000,144.615,2.500,3.000,0.7200,0.450,0.000,60.0,161000,6,0.0,5.500000,0.6456000,0.0130300,0.0176000
xfoil,r2a-sm5,tip,650.000,144.615,2.500,3.000,0.7200,0.450,0.000,60.0,161000,6,0.0,6.000000,0.6999000,0.0138300,0.0173000
xfoil,r2a-sm5,tip,650.000,144.615,2.500,3.000,0.7200,0.450,0.000,60.0,161000,6,0.0,6.500000,0.7536000,0.0147800,0.0168000
xfoil,r2a-sm5,tip,650.000,144.615,2.500,3.000,0.7200,0.450,0.000,60.0,161000,6,0.0,7.000000,0.8060000,0.0160000,0.0162000
xfoil,r2a-sm5,tip,650.000,144.615,2.500,3.000,0.7200,0.450,0.000,60.0,161000,6,0.0,7.500000,0.8570000,0.0174100,0.0157000
xfoil,r2a-sm5,tip,650.000,144.615,2.500,3.000,0.7200,0.450,0.000,60.0,161000,6,0.0,8.000000,0.9058000,0.0192200,0.0152000
xfoil,r2a-sm5,tip,650.000,144.615,2.500,3.000,0.7200,0.450,0.000,60.0,161000,6,0.0,8.500000,0.9490000,0.0221800,0.0150000
xfoil,r2a-sm5,tip,650.000,144.615,2.500,3.000,0.7200,0.450,0.000,60.0,161000,6,0.0,9.000000,0.9899000,0.0248800,0.0151000
xfoil,r2a-sm5,tip,650.000,144.615,2.500,3.000,0.7200,0.450,0.000,60.0,161000,6,0.0,9.500000,1.0256000,0.0278600,0.0155000
xfoil,r2a-sm5,tip,650.000,144.615,2.500,3.000,0.7200,0.450,0.000,60.0,161000,6,0.0,10.000000,1.0554000,0.0312800,0.0164000
xfoil,r2a-sm5,tip,650.000,144.615,2.500,3.000,0.7200,0.450,0.000,60.0,161000,6,5.0,-8.200000,-0.4821000,0.0446100,-0.0439000
xfoil,r2a-sm5,tip,650.000,144.615,2.500,3.000,0.7200,0.450,0.000,60.0,161000,6,5.0,-7.700000,-0.4401000,0.0340800,-0.0481000
xfoil,r2a-sm5,tip,650.000,144.615,2.500,3.000,0.7200,0.450,0.000,60.0,161000,6,5.0,-7.200000,-0.3826000,0.0260600,-0.0503000
xfoil,r2a-sm5,tip,650.000,144.615,2.500,3.000,0.7200,0.450,0.000,60.0,161000,6,5.0,-6.700000,-0.3273000,0.0223800,-0.0512000
xfoil,r2a-sm5,tip,650.000,144.615,2.500,3.000,0.7200,0.450,0.000,60.0,161000,6,5.0,-6.200000,-0.2739000,0.0194800,-0.0503000
xfoil,r2a-sm5,tip,650.000,144.615,2.500,3.000,0.7200,0.450,0.000,60.0,161000,6,5.0,-5.700000,-0.2236000,0.0173700,-0.0488000
xfoil,r2a-sm5,tip,650.000,144.615,2.500,3.000,0.7200,0.450,0.000,60.0,161000,6,5.0,-5.200000,-0.1742000,0.0158500,-0.0472000
xfoil,r2a-sm5,tip,650.000,144.615,2.500,3.000,0.7200,0.450,0.000,60.0,161000,6,5.0,-4.700000,-0.1243000,0.0148200,-0.0456000
xfoil,r2a-sm5,tip,650.000,144.615,2.500,3.000,0.7200,0.450,0.000,60.0,161000,6,5.0,-4.200000,-0.0736000,0.0137900,-0.0441000
xfoil,r2a-sm5,tip,650.000,144.615,2.500,3.000,0.7200,0.450,0.000,60.0,161000,6,5.0,-3.700000,-0.0274000,0.0117800,-0.0429000
xfoil,r2a-sm5,tip,650.000,144.615,2.500,3.000,0.7200,0.450,0.000,60.0,161000,6,5.0,-3.200000,0.0182000,0.0110500,-0.0400000
xfoil,r2a-sm5,tip,650.000,144.615,2.500,3.000,0.7200,0.450,0.000,60.0,161000,6,5.0,-2.700000,0.0684000,0.0107000,-0.0380000
xfoil,r2a-sm5,tip,650.000,144.615,2.500,3.000,0.7200,0.450,0.000,60.0,161000,6,5.0,-2.200000,0.1297000,0.0099500,-0.0376000
xfoil,r2a-sm5,tip,650.000,144.615,2.500,3.000,0.7200,0.450,0.000,60.0,161000,6,5.0,-1.700000,0.1926000,0.0099100,-0.0387000
xfoil,r2a-sm5,tip,650.000,144.615,2.500,3.000,0.7200,0.450,0.000,60.0,161000,6,5.0,-1.200000,0.2465000,0.0099200,-0.0379000
xfoil,r2a-sm5,tip,650.000,144.615,2.500,3.000,0.7200,0.450,0.000,60.0,161000,6,5.0,-0.700000,0.3006000,0.0099300,-0.0371000
xfoil,r2a-sm5,tip,650.000,144.615,2.500,3.000,0.7200,0.450,0.000,60.0,161000,6,5.0,-0.200000,0.3556000,0.0099300,-0.0366000
xfoil,r2a-sm5,tip,650.000,144.615,2.500,3.000,0.7200,0.450,0.000,60.0,161000,6,5.0,0.300000,0.4099000,0.0099500,-0.0357000
xfoil,r2a-sm5,tip,650.000,144.615,2.500,3.000,0.7200,0.450,0.000,60.0,161000,6,5.0,0.800000,0.4635000,0.0100800,-0.0347000
xfoil,r2a-sm5,tip,650.000,144.615,2.500,3.000,0.7200,0.450,0.000,60.0,161000,6,5.0,1.300000,0.5181000,0.0103500,-0.0341000
xfoil,r2a-sm5,tip,650.000,144.615,2.500,3.000,0.7200,0.450,0.000,60.0,161000,6,5.0,1.800000,0.5730000,0.0106900,-0.0337000
xfoil,r2a-sm5,tip,650.000,144.615,2.500,3.000,0.7200,0.450,0.000,60.0,161000,6,5.0,2.300000,0.6276000,0.0111200,-0.0333000
xfoil,r2a-sm5,tip,650.000,144.615,2.500,3.000,0.7200,0.450,0.000,60.0,161000,6,5.0,2.800000,0.6821000,0.0116600,-0.0331000
xfoil,r2a-sm5,tip,650.000,144.615,2.500,3.000,0.7200,0.450,0.000,60.0,161000,6,5.0,3.300000,0.7360000,0.0123200,-0.0329000
xfoil,r2a-sm5,tip,650.000,144.615,2.500,3.000,0.7200,0.450,0.000,60.0,161000,6,5.0,3.800000,0.7895000,0.0130900,-0.0328000
xfoil,r2a-sm5,tip,650.000,144.615,2.500,3.000,0.7200,0.450,0.000,60.0,161000,6,5.0,4.300000,0.8422000,0.0139500,-0.0326000
xfoil,r2a-sm5,tip,650.000,144.615,2.500,3.000,0.7200,0.450,0.000,60.0,161000,6,5.0,4.800000,0.8937000,0.0149700,-0.0324000
xfoil,r2a-sm5,tip,650.000,144.615,2.500,3.000,0.7200,0.450,0.000,60.0,161000,6,5.0,5.300000,0.9433000,0.0162000,-0.0321000
xfoil,r2a-sm5,tip,650.000,144.615,2.500,3.000,0.7200,0.450,0.000,60.0,161000,6,5.0,5.800000,0.9911000,0.0176600,-0.0318000
xfoil,r2a-sm5,tip,650.000,144.615,2.500,3.000,0.7200,0.450,0.000,60.0,161000,6,5.0,6.300000,1.0370000,0.0193100,-0.0312000
xfoil,r2a-sm5,tip,650.000,144.615,2.500,3.000,0.7200,0.450,0.000,60.0,161000,6,5.0,6.800000,1.0772000,0.0218300,-0.0300000
xfoil,r2a-sm5,tip,650.000,144.615,2.500,3.000,0.7200,0.450,0.000,60.0,161000,10,-5.0,-1.800000,-0.4938000,0.0188600,0.0603000
xfoil,r2a-sm5,tip,650.000,144.615,2.500,3.000,0.7200,0.450,0.000,60.0,161000,10,-5.0,-1.300000,-0.4444000,0.0171800,0.0623000
xfoil,r2a-sm5,tip,650.000,144.615,2.500,3.000,0.7200,0.450,0.000,60.0,161000,10,-5.0,-0.800000,-0.4112000,0.0135200,0.0665000
xfoil,r2a-sm5,tip,650.000,144.615,2.500,3.000,0.7200,0.450,0.000,60.0,161000,10,-5.0,-0.300000,-0.2088000,0.0162900,0.0475000
xfoil,r2a-sm5,tip,650.000,144.615,2.500,3.000,0.7200,0.450,0.000,60.0,161000,10,-5.0,0.200000,-0.1536000,0.0163300,0.0472000
xfoil,r2a-sm5,tip,650.000,144.615,2.500,3.000,0.7200,0.450,0.000,60.0,161000,10,-5.0,0.700000,-0.0997000,0.0163700,0.0473000
xfoil,r2a-sm5,tip,650.000,144.615,2.500,3.000,0.7200,0.450,0.000,60.0,161000,10,-5.0,1.200000,-0.0468000,0.0163000,0.0476000
xfoil,r2a-sm5,tip,650.000,144.615,2.500,3.000,0.7200,0.450,0.000,60.0,161000,10,-5.0,1.700000,0.0051000,0.0160700,0.0482000
xfoil,r2a-sm5,tip,650.000,144.615,2.500,3.000,0.7200,0.450,0.000,60.0,161000,10,-5.0,2.200000,0.0546000,0.0157200,0.0496000
xfoil,r2a-sm5,tip,650.000,144.615,2.500,3.000,0.7200,0.450,0.000,60.0,161000,10,-5.0,2.700000,0.1031000,0.0152800,0.0512000
xfoil,r2a-sm5,tip,650.000,144.615,2.500,3.000,0.7200,0.450,0.000,60.0,161000,10,-5.0,3.200000,0.1514000,0.0148200,0.0530000
xfoil,r2a-sm5,tip,650.000,144.615,2.500,3.000,0.7200,0.450,0.000,60.0,161000,10,-5.0,3.700000,0.1996000,0.0143800,0.0548000
xfoil,r2a-sm5,tip,650.000,144.615,2.500,3.000,0.7200,0.450,0.000,60.0,161000,10,-5.0,4.200000,0.2498000,0.0140500,0.0560000
xfoil,r2a-sm5,tip,650.000,144.615,2.500,3.000,0.7200,0.450,0.000,60.0,161000,10,-5.0,4.700000,0.3004000,0.0138100,0.0572000
xfoil,r2a-sm5,tip,650.000,144.615,2.500,3.000,0.7200,0.450,0.000,60.0,161000,10,-5.0,5.200000,0.3528000,0.0137300,0.0577000
xfoil,r2a-sm5,tip,650.000,144.615,2.500,3.000,0.7200,0.450,0.000,60.0,161000,10,-5.0,5.700000,0.4057000,0.0137800,0.0580000
xfoil,r2a-sm5,tip,650.000,144.615,2.500,3.000,0.7200,0.450,0.000,60.0,161000,10,-5.0,6.200000,0.4593000,0.0139700,0.0581000
xfoil,r2a-sm5,tip,650.000,144.615,2.500,3.000,0.7200,0.450,0.000,60.0,161000,10,-5.0,6.700000,0.5132000,0.0143000,0.0579000
xfoil,r2a-sm5,tip,650.000,144.615,2.500,3.000,0.7200,0.450,0.000,60.0,161000,10,-5.0,7.200000,0.5663000,0.0148000,0.0576000
xfoil,r2a-sm5,tip,650.000,144.615,2.500,3.000,0.7200,0.450,0.000,60.0,161000,10,-5.0,7.700000,0.6189000,0.0154900,0.0571000
xfoil,r2a-sm5,tip,650.000,144.615,2.500,3.000,0.7200,0.450,0.000,60.0,161000,10,-5.0,8.200000,0.6696000,0.0162500,0.0565000
xfoil,r2a-sm5,tip,650.000,144.615,2.500,3.000,0.7200,0.450,0.000,60.0,161000,10,-5.0,8.700000,0.7180000,0.0172100,0.0560000
xfoil,r2a-sm5,tip,650.000,144.615,2.500,3.000,0.7200,0.450,0.000,60.0,161000,10,-5.0,9.200000,0.7637000,0.0185500,0.0555000
xfoil,r2a-sm5,tip,650.000,144.615,2.500,3.000,0.7200,0.450,0.000,60.0,161000,10,-5.0,9.700000,0.8033000,0.0226000,0.0543000
xfoil,r2a-sm5,tip,650.000,144.615,2.500,3.000,0.7200,0.450,0.000,60.0,161000,10,-5.0,10.200000,0.8391000,0.0255800,0.0558000
xfoil,r2a-sm5,tip,650.000,144.615,2.500,3.000,0.7200,0.450,0.000,60.0,161000,10,-5.0,10.700000,0.8749000,0.0293300,0.0580000
xfoil,r2a-sm5,tip,650.000,144.615,2.500,3.000,0.7200,0.450,0.000,60.0,161000,10,-5.0,11.200000,0.9111000,0.0338700,0.0592000
xfoil,r2a-sm5,tip,650.000,144.615,2.500,3.000,0.7200,0.450,0.000,60.0,161000,10,-5.0,11.700000,0.9373000,0.0399900,0.0592000
xfoil,r2a-sm5,tip,650.000,144.615,2.500,3.000,0.7200,0.450,0.000,60.0,161000,10,-5.0,12.200000,0.9425000,0.0484700,0.0574000
xfoil,r2a-sm5,tip,650.000,144.615,2.500,3.000,0.7200,0.450,0.000,60.0,161000,10,-5.0,12.700000,0.9238000,0.0577300,0.0525000
xfoil,r2a-sm5,tip,650.000,144.615,2.500,3.000,0.7200,0.450,0.000,60.0,161000,10,0.0,-4.500000,-0.4135000,0.0215600,-0.0050000
xfoil,r2a-sm5,tip,650.000,144.615,2.500,3.000,0.7200,0.450,0.000,60.0,161000,10,0.0,-4.000000,-0.3620000,0.0191200,-0.0021000
xfoil,r2a-sm5,tip,650.000,144.615,2.500,3.000,0.7200,0.450,0.000,60.0,161000,10,0.0,-3.500000,-0.3172000,0.0167700,0.0011000
xfoil,r2a-sm5,tip,650.000,144.615,2.500,3.000,0.7200,0.450,0.000,60.0,161000,10,0.0,-3.000000,-0.2730000,0.0154300,0.0043000
xfoil,r2a-sm5,tip,650.000,144.615,2.500,3.000,0.7200,0.450,0.000,60.0,161000,10,0.0,-2.500000,-0.2340000,0.0123400,0.0075000
xfoil,r2a-sm5,tip,650.000,144.615,2.500,3.000,0.7200,0.450,0.000,60.0,161000,10,0.0,-2.000000,-0.1189000,0.0112100,0.0006000
xfoil,r2a-sm5,tip,650.000,144.615,2.500,3.000,0.7200,0.450,0.000,60.0,161000,10,0.0,-1.500000,-0.0706000,0.0112000,0.0019000
xfoil,r2a-sm5,tip,650.000,144.615,2.500,3.000,0.7200,0.450,0.000,60.0,161000,10,0.0,-1.000000,-0.0215000,0.0112400,0.0031000
xfoil,r2a-sm5,tip,650.000,144.615,2.500,3.000,0.7200,0.450,0.000,60.0,161000,10,0.0,-0.500000,0.0278000,0.0113300,0.0044000
xfoil,r2a-sm5,tip,650.000,144.615,2.500,3.000,0.7200,0.450,0.000,60.0,161000,10,0.0,-0.000000,0.0766000,0.0114600,0.0060000
xfoil,r2a-sm5,tip,650.000,144.615,2.500,3.000,0.7200,0.450,0.000,60.0,161000,10,0.0,0.500000,0.1252000,0.0116300,0.0077000
xfoil,r2a-sm5,tip,650.000,144.615,2.500,3.000,0.7200,0.450,0.000,60.0,161000,10,0.0,1.000000,0.1754000,0.0118100,0.0090000
xfoil,r2a-sm5,tip,650.000,144.615,2.500,3.000,0.7200,0.450,0.000,60.0,161000,10,0.0,1.500000,0.2252000,0.0119200,0.0106000
xfoil,r2a-sm5,tip,650.000,144.615,2.500,3.000,0.7200,0.450,0.000,60.0,161000,10,0.0,2.000000,0.2760000,0.0119000,0.0120000
xfoil,r2a-sm5,tip,650.000,144.615,2.500,3.000,0.7200,0.450,0.000,60.0,161000,10,0.0,2.500000,0.3272000,0.0117900,0.0135000
xfoil,r2a-sm5,tip,650.000,144.615,2.500,3.000,0.7200,0.450,0.000,60.0,161000,10,0.0,3.000000,0.3787000,0.0117100,0.0150000
xfoil,r2a-sm5,tip,650.000,144.615,2.500,3.000,0.7200,0.450,0.000,60.0,161000,10,0.0,3.500000,0.4313000,0.0117300,0.0161000
xfoil,r2a-sm5,tip,650.000,144.615,2.500,3.000,0.7200,0.450,0.000,60.0,161000,10,0.0,4.000000,0.4846000,0.0118700,0.0169000
xfoil,r2a-sm5,tip,650.000,144.615,2.500,3.000,0.7200,0.450,0.000,60.0,161000,10,0.0,4.500000,0.5383000,0.0121700,0.0176000
xfoil,r2a-sm5,tip,650.000,144.615,2.500,3.000,0.7200,0.450,0.000,60.0,161000,10,0.0,5.000000,0.5925000,0.0126300,0.0179000
xfoil,r2a-sm5,tip,650.000,144.615,2.500,3.000,0.7200,0.450,0.000,60.0,161000,10,0.0,5.500000,0.6467000,0.0132700,0.0180000
xfoil,r2a-sm5,tip,650.000,144.615,2.500,3.000,0.7200,0.450,0.000,60.0,161000,10,0.0,6.000000,0.7009000,0.0140600,0.0179000
xfoil,r2a-sm5,tip,650.000,144.615,2.500,3.000,0.7200,0.450,0.000,60.0,161000,10,0.0,6.500000,0.7544000,0.0150400,0.0176000
xfoil,r2a-sm5,tip,650.000,144.615,2.500,3.000,0.7200,0.450,0.000,60.0,161000,10,0.0,7.000000,0.8069000,0.0161200,0.0171000
xfoil,r2a-sm5,tip,650.000,144.615,2.500,3.000,0.7200,0.450,0.000,60.0,161000,10,0.0,7.500000,0.8583000,0.0173800,0.0165000
xfoil,r2a-sm5,tip,650.000,144.615,2.500,3.000,0.7200,0.450,0.000,60.0,161000,10,0.0,8.000000,0.9064000,0.0194600,0.0158000
xfoil,r2a-sm5,tip,650.000,144.615,2.500,3.000,0.7200,0.450,0.000,60.0,161000,10,0.0,8.500000,0.9448000,0.0236300,0.0161000
xfoil,r2a-sm5,tip,650.000,144.615,2.500,3.000,0.7200,0.450,0.000,60.0,161000,10,0.0,9.000000,0.9842000,0.0271000,0.0175000
xfoil,r2a-sm5,tip,650.000,144.615,2.500,3.000,0.7200,0.450,0.000,60.0,161000,10,0.0,9.500000,1.0249000,0.0314200,0.0191000
xfoil,r2a-sm5,tip,650.000,144.615,2.500,3.000,0.7200,0.450,0.000,60.0,161000,10,0.0,10.000000,1.0626000,0.0361200,0.0205000
xfoil,r2a-sm5,tip,650.000,144.615,2.500,3.000,0.7200,0.450,0.000,60.0,161000,10,5.0,-5.700000,-0.3136000,0.0228900,-0.0384000
xfoil,r2a-sm5,tip,650.000,144.615,2.500,3.000,0.7200,0.450,0.000,60.0,161000,10,5.0,-5.200000,-0.2311000,0.0182700,-0.0428000
xfoil,r2a-sm5,tip,650.000,144.615,2.500,3.000,0.7200,0.450,0.000,60.0,161000,10,5.0,-4.700000,-0.1451000,0.0159100,-0.0484000
xfoil,r2a-sm5,tip,650.000,144.615,2.500,3.000,0.7200,0.450,0.000,60.0,161000,10,5.0,-4.200000,-0.0626000,0.0126900,-0.0544000
xfoil,r2a-sm5,tip,650.000,144.615,2.500,3.000,0.7200,0.450,0.000,60.0,161000,10,5.0,-3.700000,0.0069000,0.0114900,-0.0568000
xfoil,r2a-sm5,tip,650.000,144.615,2.500,3.000,0.7200,0.450,0.000,60.0,161000,10,5.0,-3.200000,0.0639000,0.0108700,-0.0548000
xfoil,r2a-sm5,tip,650.000,144.615,2.500,3.000,0.7200,0.450,0.000,60.0,161000,10,5.0,-2.700000,0.1516000,0.0108300,-0.0606000
xfoil,r2a-sm5,tip,650.000,144.615,2.500,3.000,0.7200,0.450,0.000,60.0,161000,10,5.0,-2.200000,0.1957000,0.0111900,-0.0577000
xfoil,r2a-sm5,tip,650.000,144.615,2.500,3.000,0.7200,0.450,0.000,60.0,161000,10,5.0,-1.700000,0.2385000,0.0114500,-0.0540000
xfoil,r2a-sm5,tip,650.000,144.615,2.500,3.000,0.7200,0.450,0.000,60.0,161000,10,5.0,-1.200000,0.2842000,0.0116400,-0.0512000
xfoil,r2a-sm5,tip,650.000,144.615,2.500,3.000,0.7200,0.450,0.000,60.0,161000,10,5.0,-0.700000,0.3299000,0.0117000,-0.0479000
xfoil,r2a-sm5,tip,650.000,144.615,2.500,3.000,0.7200,0.450,0.000,60.0,161000,10,5.0,-0.200000,0.3782000,0.0117000,-0.0454000
xfoil,r2a-sm5,tip,650.000,144.615,2.500,3.000,0.7200,0.450,0.000,60.0,161000,10,5.0,0.300000,0.4267000,0.0115600,-0.0426000
xfoil,r2a-sm5,tip,650.000,144.615,2.500,3.000,0.7200,0.450,0.000,60.0,161000,10,5.0,0.800000,0.4775000,0.0113700,-0.0405000
xfoil,r2a-sm5,tip,650.000,144.615,2.500,3.000,0.7200,0.450,0.000,60.0,161000,10,5.0,1.300000,0.5296000,0.0111500,-0.0387000
xfoil,r2a-sm5,tip,650.000,144.615,2.500,3.000,0.7200,0.450,0.000,60.0,161000,10,5.0,1.800000,0.5812000,0.0110900,-0.0367000
xfoil,r2a-sm5,tip,650.000,144.615,2.500,3.000,0.7200,0.450,0.000,60.0,161000,10,5.0,2.300000,0.6340000,0.0113700,-0.0354000
xfoil,r2a-sm5,tip,650.000,144.615,2.500,3.000,0.7200,0.450,0.000,60.0,161000,10,5.0,2.800000,0.6874000,0.0117400,-0.0344000
xfoil,r2a-sm5,tip,650.000,144.615,2.500,3.000,0.7200,0.450,0.000,60.0,161000,10,5.0,3.300000,0.7409000,0.0122500,-0.0337000
xfoil,r2a-sm5,tip,650.000,144.615,2.500,3.000,0.7200,0.450,0.000,60.0,161000,10,5.0,3.800000,0.7940000,0.0129600,-0.0331000
xfoil,r2a-sm5,tip,650.000,144.615,2.500,3.000,0.7200,0.450,0.000,60.0,161000,10,5.0,4.300000,0.8462000,0.0138600,-0.0326000
xfoil,r2a-sm5,tip,650.000,144.615,2.500,3.000,0.7200,0.450,0.000,60.0,161000,10,5.0,4.800000,0.8973000,0.0149100,-0.0322000
xfoil,r2a-sm5,tip,650.000,144.615,2.500,3.000,0.7200,0.450,0.000,60.0,161000,10,5.0,5.300000,0.9465000,0.0161200,-0.0317000
xfoil,r2a-sm5,tip,650.000,144.615,2.500,3.000,0.7200,0.450,0.000,60.0,161000,10,5.0,5.800000,0.9942000,0.0174800,-0.0312000
xfoil,r2a-sm5,tip,650.000,144.615,2.500,3.000,0.7200,0.450,0.000,60.0,161000,10,5.0,6.300000,1.0400000,0.0190400,-0.0306000
xfoil,r2a-sm5,tip,650.000,144.615,2.500,3.000,0.7200,0.450,0.000,60.0,161000,10,5.0,6.800000,1.0723000,0.0229200,-0.0287000
xfoil,r2a-sm5,tip,650.000,144.615,2.500,3.000,0.7200,0.450,0.000,75.0,201000,6,-5.0,-1.800000,-0.5282000,0.0174200,0.0717000
xfoil,r2a-sm5,tip,650.000,144.615,2.500,3.000,0.7200,0.450,0.000,75.0,201000,6,-5.0,-1.300000,-0.4752000,0.0162000,0.0728000
xfoil,r2a-sm5,tip,650.000,144.615,2.500,3.000,0.7200,0.450,0.000,75.0,201000,6,-5.0,-0.800000,-0.4219000,0.0151700,0.0737000
xfoil,r2a-sm5,tip,650.000,144.615,2.500,3.000,0.7200,0.450,0.000,75.0,201000,6,-5.0,-0.300000,-0.3832000,0.0121300,0.0763000
xfoil,r2a-sm5,tip,650.000,144.615,2.500,3.000,0.7200,0.450,0.000,75.0,201000,6,-5.0,0.200000,-0.3528000,0.0107000,0.0837000
xfoil,r2a-sm5,tip,650.000,144.615,2.500,3.000,0.7200,0.450,0.000,75.0,201000,6,-5.0,0.700000,-0.2995000,0.0110100,0.0868000
xfoil,r2a-sm5,tip,650.000,144.615,2.500,3.000,0.7200,0.450,0.000,75.0,201000,6,-5.0,1.200000,-0.2417000,0.0110100,0.0873000
xfoil,r2a-sm5,tip,650.000,144.615,2.500,3.000,0.7200,0.450,0.000,75.0,201000,6,-5.0,1.700000,-0.1766000,0.0111000,0.0863000
xfoil,r2a-sm5,tip,650.000,144.615,2.500,3.000,0.7200,0.450,0.000,75.0,201000,6,-5.0,2.200000,-0.0990000,0.0114100,0.0827000
xfoil,r2a-sm5,tip,650.000,144.615,2.500,3.000,0.7200,0.450,0.000,75.0,201000,6,-5.0,2.700000,-0.0320000,0.0114200,0.0806000
xfoil,r2a-sm5,tip,650.000,144.615,2.500,3.000,0.7200,0.450,0.000,75.0,201000,6,-5.0,3.200000,0.0232000,0.0112400,0.0806000
xfoil,r2a-sm5,tip,650.000,144.615,2.500,3.000,0.7200,0.450,0.000,75.0,201000,6,-5.0,3.700000,0.0793000,0.0111300,0.0803000
xfoil,r2a-sm5,tip,650.000,144.615,2.500,3.000,0.7200,0.450,0.000,75.0,201000,6,-5.0,4.200000,0.1361000,0.0111000,0.0798000
xfoil,r2a-sm5,tip,650.000,144.615,2.500,3.000,0.7200,0.450,0.000,75.0,201000,6,-5.0,4.700000,0.1932000,0.0111500,0.0792000
xfoil,r2a-sm5,tip,650.000,144.615,2.500,3.000,0.7200,0.450,0.000,75.0,201000,6,-5.0,5.200000,0.2503000,0.0112700,0.0785000
xfoil,r2a-sm5,tip,650.000,144.615,2.500,3.000,0.7200,0.450,0.000,75.0,201000,6,-5.0,5.700000,0.3117000,0.0115000,0.0768000
xfoil,r2a-sm5,tip,650.000,144.615,2.500,3.000,0.7200,0.450,0.000,75.0,201000,6,-5.0,6.200000,0.3732000,0.0118200,0.0750000
xfoil,r2a-sm5,tip,650.000,144.615,2.500,3.000,0.7200,0.450,0.000,75.0,201000,6,-5.0,6.700000,0.4343000,0.0122300,0.0732000
xfoil,r2a-sm5,tip,650.000,144.615,2.500,3.000,0.7200,0.450,0.000,75.0,201000,6,-5.0,7.200000,0.4963000,0.0127600,0.0710000
xfoil,r2a-sm5,tip,650.000,144.615,2.500,3.000,0.7200,0.450,0.000,75.0,201000,6,-5.0,7.700000,0.5597000,0.0134600,0.0682000
xfoil,r2a-sm5,tip,650.000,144.615,2.500,3.000,0.7200,0.450,0.000,75.0,201000,6,-5.0,8.200000,0.6223000,0.0144200,0.0653000
xfoil,r2a-sm5,tip,650.000,144.615,2.500,3.000,0.7200,0.450,0.000,75.0,201000,6,-5.0,8.700000,0.6856000,0.0155700,0.0619000
xfoil,r2a-sm5,tip,650.000,144.615,2.500,3.000,0.7200,0.450,0.000,75.0,201000,6,-5.0,9.200000,0.7492000,0.0171400,0.0579000
xfoil,r2a-sm5,tip,650.000,144.615,2.500,3.000,0.7200,0.450,0.000,75.0,201000,6,-5.0,9.700000,0.8079000,0.0198300,0.0539000
xfoil,r2a-sm5,tip,650.000,144.615,2.500,3.000,0.7200,0.450,0.000,75.0,201000,6,-5.0,10.200000,0.8457000,0.0219500,0.0543000
xfoil,r2a-sm5,tip,650.000,144.615,2.500,3.000,0.7200,0.450,0.000,75.0,201000,6,-5.0,10.700000,0.8844000,0.0244600,0.0539000
xfoil,r2a-sm5,tip,650.000,144.615,2.500,3.000,0.7200,0.450,0.000,75.0,201000,6,-5.0,11.200000,0.9186000,0.0276000,0.0529000
xfoil,r2a-sm5,tip,650.000,144.615,2.500,3.000,0.7200,0.450,0.000,75.0,201000,6,-5.0,11.700000,0.9490000,0.0311300,0.0520000
xfoil,r2a-sm5,tip,650.000,144.615,2.500,3.000,0.7200,0.450,0.000,75.0,201000,6,-5.0,12.200000,0.9741000,0.0353900,0.0500000
xfoil,r2a-sm5,tip,650.000,144.615,2.500,3.000,0.7200,0.450,0.000,75.0,201000,6,-5.0,12.700000,0.9861000,0.0401000,0.0489000
xfoil,r2a-sm5,tip,650.000,144.615,2.500,3.000,0.7200,0.450,0.000,75.0,201000,6,-5.0,13.200000,0.9909000,0.0455000,0.0476000
xfoil,r2a-sm5,tip,650.000,144.615,2.500,3.000,0.7200,0.450,0.000,75.0,201000,6,0.0,-5.000000,-0.5337000,0.0226600,0.0164000
xfoil,r2a-sm5,tip,650.000,144.615,2.500,3.000,0.7200,0.450,0.000,75.0,201000,6,0.0,-4.500000,-0.4826000,0.0196600,0.0179000
xfoil,r2a-sm5,tip,650.000,144.615,2.500,3.000,0.7200,0.450,0.000,75.0,201000,6,0.0,-4.000000,-0.4310000,0.0175600,0.0189000
xfoil,r2a-sm5,tip,650.000,144.615,2.500,3.000,0.7200,0.450,0.000,75.0,201000,6,0.0,-3.500000,-0.3792000,0.0158700,0.0202000
xfoil,r2a-sm5,tip,650.000,144.615,2.500,3.000,0.7200,0.450,0.000,75.0,201000,6,0.0,-3.000000,-0.3257000,0.0145900,0.0209000
xfoil,r2a-sm5,tip,650.000,144.615,2.500,3.000,0.7200,0.450,0.000,75.0,201000,6,0.0,-2.500000,-0.2712000,0.0137600,0.0216000
xfoil,r2a-sm5,tip,650.000,144.615,2.500,3.000,0.7200,0.450,0.000,75.0,201000,6,0.0,-2.000000,-0.2218000,0.0116000,0.0222000
xfoil,r2a-sm5,tip,650.000,144.615,2.500,3.000,0.7200,0.450,0.000,75.0,201000,6,0.0,-1.500000,-0.1828000,0.0094400,0.0262000
xfoil,r2a-sm5,tip,650.000,144.615,2.500,3.000,0.7200,0.450,0.000,75.0,201000,6,0.0,-1.000000,-0.0948000,0.0094400,0.0216000
xfoil,r2a-sm5,tip,650.000,144.615,2.500,3.000,0.7200,0.450,0.000,75.0,201000,6,0.0,-0.500000,-0.0104000,0.0095600,0.0159000
xfoil,r2a-sm5,tip,650.000,144.615,2.500,3.000,0.7200,0.450,0.000,75.0,201000,6,0.0,-0.000000,0.0477000,0.0094700,0.0153000
xfoil,r2a-sm5,tip,650.000,144.615,2.500,3.000,0.7200,0.450,0.000,75.0,201000,6,0.0,0.500000,0.1006000,0.0093900,0.0159000
xfoil,r2a-sm5,tip,650.000,144.615,2.500,3.000,0.7200,0.450,0.000,75.0,201000,6,0.0,1.000000,0.1537000,0.0093500,0.0165000
xfoil,r2a-sm5,tip,650.000,144.615,2.500,3.000,0.7200,0.450,0.000,75.0,201000,6,0.0,1.500000,0.2068000,0.0093500,0.0172000
xfoil,r2a-sm5,tip,650.000,144.615,2.500,3.000,0.7200,0.450,0.000,75.0,201000,6,0.0,2.000000,0.2604000,0.0094100,0.0177000
xfoil,r2a-sm5,tip,650.000,144.615,2.500,3.000,0.7200,0.450,0.000,75.0,201000,6,0.0,2.500000,0.3142000,0.0095400,0.0182000
xfoil,r2a-sm5,tip,650.000,144.615,2.500,3.000,0.7200,0.450,0.000,75.0,201000,6,0.0,3.000000,0.3683000,0.0097400,0.0185000
xfoil,r2a-sm5,tip,650.000,144.615,2.500,3.000,0.7200,0.450,0.000,75.0,201000,6,0.0,3.500000,0.4229000,0.0100300,0.0187000
xfoil,r2a-sm5,tip,650.000,144.615,2.500,3.000,0.7200,0.450,0.000,75.0,201000,6,0.0,4.000000,0.4778000,0.0104100,0.0187000
xfoil,r2a-sm5,tip,650.000,144.615,2.500,3.000,0.7200,0.450,0.000,75.0,201000,6,0.0,4.500000,0.5330000,0.0108700,0.0186000
xfoil,r2a-sm5,tip,650.000,144.615,2.500,3.000,0.7200,0.450,0.000,75.0,201000,6,0.0,5.000000,0.5881000,0.0114200,0.0184000
xfoil,r2a-sm5,tip,650.000,144.615,2.500,3.000,0.7200,0.450,0.000,75.0,201000,6,0.0,5.500000,0.6433000,0.0120600,0.0180000
xfoil,r2a-sm5,tip,650.000,144.615,2.500,3.000,0.7200,0.450,0.000,75.0,201000,6,0.0,6.000000,0.6980000,0.0128200,0.0176000
xfoil,r2a-sm5,tip,650.000,144.615,2.500,3.000,0.7200,0.450,0.000,75.0,201000,6,0.0,6.500000,0.7520000,0.0137900,0.0170000
xfoil,r2a-sm5,tip,650.000,144.615,2.500,3.000,0.7200,0.450,0.000,75.0,201000,6,0.0,7.000000,0.8050000,0.0149600,0.0164000
xfoil,r2a-sm5,tip,650.000,144.615,2.500,3.000,0.7200,0.450,0.000,75.0,201000,6,0.0,7.500000,0.8566000,0.0163100,0.0158000
xfoil,r2a-sm5,tip,650.000,144.615,2.500,3.000,0.7200,0.450,0.000,75.0,201000,6,0.0,8.000000,0.9057000,0.0182200,0.0153000
xfoil,r2a-sm5,tip,650.000,144.615,2.500,3.000,0.7200,0.450,0.000,75.0,201000,6,0.0,8.500000,0.9514000,0.0206900,0.0150000
xfoil,r2a-sm5,tip,650.000,144.615,2.500,3.000,0.7200,0.450,0.000,75.0,201000,6,0.0,9.000000,0.9946000,0.0231100,0.0150000
xfoil,r2a-sm5,tip,650.000,144.615,2.500,3.000,0.7200,0.450,0.000,75.0,201000,6,0.0,9.500000,1.0336000,0.0257300,0.0153000
xfoil,r2a-sm5,tip,650.000,144.615,2.500,3.000,0.7200,0.450,0.000,75.0,201000,6,0.0,10.000000,1.0654000,0.0289300,0.0158000
xfoil,r2a-sm5,tip,650.000,144.615,2.500,3.000,0.7200,0.450,0.000,75.0,201000,6,5.0,-7.700000,-0.4372000,0.0313400,-0.0480000
xfoil,r2a-sm5,tip,650.000,144.615,2.500,3.000,0.7200,0.450,0.000,75.0,201000,6,5.0,-7.200000,-0.3936000,0.0257100,-0.0472000
xfoil,r2a-sm5,tip,650.000,144.615,2.500,3.000,0.7200,0.450,0.000,75.0,201000,6,5.0,-6.700000,-0.3454000,0.0214300,-0.0456000
xfoil,r2a-sm5,tip,650.000,144.615,2.500,3.000,0.7200,0.450,0.000,75.0,201000,6,5.0,-6.200000,-0.2955000,0.0188900,-0.0441000
xfoil,r2a-sm5,tip,650.000,144.615,2.500,3.000,0.7200,0.450,0.000,75.0,201000,6,5.0,-5.700000,-0.2456000,0.0168000,-0.0423000
xfoil,r2a-sm5,tip,650.000,144.615,2.500,3.000,0.7200,0.450,0.000,75.0,201000,6,5.0,-5.200000,-0.1953000,0.0151400,-0.0409000
xfoil,r2a-sm5,tip,650.000,144.615,2.500,3.000,0.7200,0.450,0.000,75.0,201000,6,5.0,-4.700000,-0.1434000,0.0140400,-0.0399000
xfoil,r2a-sm5,tip,650.000,144.615,2.500,3.000,0.7200,0.450,0.000,75.0,201000,6,5.0,-4.200000,-0.0912000,0.0131900,-0.0387000
xfoil,r2a-sm5,tip,650.000,144.615,2.500,3.000,0.7200,0.450,0.000,75.0,201000,6,5.0,-3.700000,-0.0404000,0.0112600,-0.0382000
xfoil,r2a-sm5,tip,650.000,144.615,2.500,3.000,0.7200,0.450,0.000,75.0,201000,6,5.0,-3.200000,0.0092000,0.0103200,-0.0368000
xfoil,r2a-sm5,tip,650.000,144.615,2.500,3.000,0.7200,0.450,0.000,75.0,201000,6,5.0,-2.700000,0.0596000,0.0098000,-0.0350000
xfoil,r2a-sm5,tip,650.000,144.615,2.500,3.000,0.7200,0.450,0.000,75.0,201000,6,5.0,-2.200000,0.1113000,0.0093700,-0.0334000
xfoil,r2a-sm5,tip,650.000,144.615,2.500,3.000,0.7200,0.450,0.000,75.0,201000,6,5.0,-1.700000,0.1825000,0.0087500,-0.0355000
xfoil,r2a-sm5,tip,650.000,144.615,2.500,3.000,0.7200,0.450,0.000,75.0,201000,6,5.0,-1.200000,0.2380000,0.0087600,-0.0352000
xfoil,r2a-sm5,tip,650.000,144.615,2.500,3.000,0.7200,0.450,0.000,75.0,201000,6,5.0,-0.700000,0.2936000,0.0087600,-0.0348000
xfoil,r2a-sm5,tip,650.000,144.615,2.500,3.000,0.7200,0.450,0.000,75.0,201000,6,5.0,-0.200000,0.3489000,0.0087800,-0.0343000
xfoil,r2a-sm5,tip,650.000,144.615,2.500,3.000,0.7200,0.450,0.000,75.0,201000,6,5.0,0.300000,0.4034000,0.0088800,-0.0336000
xfoil,r2a-sm5,tip,650.000,144.615,2.500,3.000,0.7200,0.450,0.000,75.0,201000,6,5.0,0.800000,0.4586000,0.0091200,-0.0331000
xfoil,r2a-sm5,tip,650.000,144.615,2.500,3.000,0.7200,0.450,0.000,75.0,201000,6,5.0,1.300000,0.5142000,0.0094200,-0.0329000
xfoil,r2a-sm5,tip,650.000,144.615,2.500,3.000,0.7200,0.450,0.000,75.0,201000,6,5.0,1.800000,0.5698000,0.0097800,-0.0327000
xfoil,r2a-sm5,tip,650.000,144.615,2.500,3.000,0.7200,0.450,0.000,75.0,201000,6,5.0,2.300000,0.6251000,0.0102500,-0.0326000
xfoil,r2a-sm5,tip,650.000,144.615,2.500,3.000,0.7200,0.450,0.000,75.0,201000,6,5.0,2.800000,0.6801000,0.0108100,-0.0326000
xfoil,r2a-sm5,tip,650.000,144.615,2.500,3.000,0.7200,0.450,0.000,75.0,201000,6,5.0,3.300000,0.7347000,0.0114600,-0.0327000
xfoil,r2a-sm5,tip,650.000,144.615,2.500,3.000,0.7200,0.450,0.000,75.0,201000,6,5.0,3.800000,0.7887000,0.0122000,-0.0327000
xfoil,r2a-sm5,tip,650.000,144.615,2.500,3.000,0.7200,0.450,0.000,75.0,201000,6,5.0,4.300000,0.8420000,0.0130300,-0.0326000
xfoil,r2a-sm5,tip,650.000,144.615,2.500,3.000,0.7200,0.450,0.000,75.0,201000,6,5.0,4.800000,0.8938000,0.0140400,-0.0326000
xfoil,r2a-sm5,tip,650.000,144.615,2.500,3.000,0.7200,0.450,0.000,75.0,201000,6,5.0,5.300000,0.9439000,0.0152800,-0.0324000
xfoil,r2a-sm5,tip,650.000,144.615,2.500,3.000,0.7200,0.450,0.000,75.0,201000,6,5.0,5.800000,0.9925000,0.0166700,-0.0322000
xfoil,r2a-sm5,tip,650.000,144.615,2.500,3.000,0.7200,0.450,0.000,75.0,201000,6,5.0,6.300000,1.0394000,0.0182300,-0.0316000
xfoil,r2a-sm5,tip,650.000,144.615,2.500,3.000,0.7200,0.450,0.000,75.0,201000,6,5.0,6.800000,1.0803000,0.0207100,-0.0305000
xfoil,r2a-sm5,tip,650.000,144.615,2.500,3.000,0.7200,0.450,0.000,75.0,201000,10,-5.0,-1.800000,-0.5118000,0.0184500,0.0656000
xfoil,r2a-sm5,tip,650.000,144.615,2.500,3.000,0.7200,0.450,0.000,75.0,201000,10,-5.0,-1.300000,-0.4605000,0.0167700,0.0671000
xfoil,r2a-sm5,tip,650.000,144.615,2.500,3.000,0.7200,0.450,0.000,75.0,201000,10,-5.0,-0.800000,-0.4099000,0.0155700,0.0689000
xfoil,r2a-sm5,tip,650.000,144.615,2.500,3.000,0.7200,0.450,0.000,75.0,201000,10,-5.0,-0.300000,-0.3981000,0.0120400,0.0797000
xfoil,r2a-sm5,tip,650.000,144.615,2.500,3.000,0.7200,0.450,0.000,75.0,201000,10,-5.0,0.200000,-0.1662000,0.0154200,0.0511000
xfoil,r2a-sm5,tip,650.000,144.615,2.500,3.000,0.7200,0.450,0.000,75.0,201000,10,-5.0,0.700000,-0.1135000,0.0151900,0.0515000
xfoil,r2a-sm5,tip,650.000,144.615,2.500,3.000,0.7200,0.450,0.000,75.0,201000,10,-5.0,1.200000,-0.0621000,0.0148600,0.0523000
xfoil,r2a-sm5,tip,650.000,144.615,2.500,3.000,0.7200,0.450,0.000,75.0,201000,10,-5.0,1.700000,-0.0130000,0.0144400,0.0537000
xfoil,r2a-sm5,tip,650.000,144.615,2.500,3.000,0.7200,0.450,0.000,75.0,201000,10,-5.0,2.200000,0.0366000,0.0139700,0.0550000
xfoil,r2a-sm5,tip,650.000,144.615,2.500,3.000,0.7200,0.450,0.000,75.0,201000,10,-5.0,2.700000,0.0863000,0.0135400,0.0564000
xfoil,r2a-sm5,tip,650.000,144.615,2.500,3.000,0.7200,0.450,0.000,75.0,201000,10,-5.0,3.200000,0.1361000,0.0131500,0.0577000
xfoil,r2a-sm5,tip,650.000,144.615,2.500,3.000,0.7200,0.450,0.000,75.0,201000,10,-5.0,3.700000,0.1876000,0.0128400,0.0585000
xfoil,r2a-sm5,tip,650.000,144.615,2.500,3.000,0.7200,0.450,0.000,75.0,201000,10,-5.0,4.200000,0.2394000,0.0126100,0.0592000
xfoil,r2a-sm5,tip,650.000,144.615,2.500,3.000,0.7200,0.450,0.000,75.0,201000,10,-5.0,4.700000,0.2919000,0.0124900,0.0597000
xfoil,r2a-sm5,tip,650.000,144.615,2.500,3.000,0.7200,0.450,0.000,75.0,201000,10,-5.0,5.200000,0.3457000,0.0124700,0.0598000
xfoil,r2a-sm5,tip,650.000,144.615,2.500,3.000,0.7200,0.450,0.000,75.0,201000,10,-5.0,5.700000,0.4000000,0.0125700,0.0597000
xfoil,r2a-sm5,tip,650.000,144.615,2.500,3.000,0.7200,0.450,0.000,75.0,201000,10,-5.0,6.200000,0.4548000,0.0127800,0.0594000
xfoil,r2a-sm5,tip,650.000,144.615,2.500,3.000,0.7200,0.450,0.000,75.0,201000,10,-5.0,6.700000,0.5099000,0.0131100,0.0588000
xfoil,r2a-sm5,tip,650.000,144.615,2.500,3.000,0.7200,0.450,0.000,75.0,201000,10,-5.0,7.200000,0.5651000,0.0135800,0.0580000
xfoil,r2a-sm5,tip,650.000,144.615,2.500,3.000,0.7200,0.450,0.000,75.0,201000,10,-5.0,7.700000,0.6191000,0.0141600,0.0571000
xfoil,r2a-sm5,tip,650.000,144.615,2.500,3.000,0.7200,0.450,0.000,75.0,201000,10,-5.0,8.200000,0.6715000,0.0149500,0.0562000
xfoil,r2a-sm5,tip,650.000,144.615,2.500,3.000,0.7200,0.450,0.000,75.0,201000,10,-5.0,8.700000,0.7215000,0.0158600,0.0555000
xfoil,r2a-sm5,tip,650.000,144.615,2.500,3.000,0.7200,0.450,0.000,75.0,201000,10,-5.0,9.200000,0.7691000,0.0175400,0.0545000
xfoil,r2a-sm5,tip,650.000,144.615,2.500,3.000,0.7200,0.450,0.000,75.0,201000,10,-5.0,9.700000,0.8090000,0.0209500,0.0537000
xfoil,r2a-sm5,tip,650.000,144.615,2.500,3.000,0.7200,0.450,0.000,75.0,201000,10,-5.0,10.200000,0.8424000,0.0237200,0.0552000
xfoil,r2a-sm5,tip,650.000,144.615,2.500,3.000,0.7200,0.450,0.000,75.0,201000,10,-5.0,10.700000,0.8767000,0.0270700,0.0571000
xfoil,r2a-sm5,tip,650.000,144.615,2.500,3.000,0.7200,0.450,0.000,75.0,201000,10,-5.0,11.200000,0.9132000,0.0308100,0.0584000
xfoil,r2a-sm5,tip,650.000,144.615,2.500,3.000,0.7200,0.450,0.000,75.0,201000,10,-5.0,11.700000,0.9442000,0.0361100,0.0591000
xfoil,r2a-sm5,tip,650.000,144.615,2.500,3.000,0.7200,0.450,0.000,75.0,201000,10,-5.0,12.200000,0.9592000,0.0434100,0.0582000
xfoil,r2a-sm5,tip,650.000,144.615,2.500,3.000,0.7200,0.450,0.000,75.0,201000,10,-5.0,12.700000,0.9489000,0.0519700,0.0537000
xfoil,r2a-sm5,tip,650.000,144.615,2.500,3.000,0.7200,0.450,0.000,75.0,201000,10,-5.0,13.200000,0.9189000,0.0615500,0.0483000
xfoil,r2a-sm5,tip,650.000,144.615,2.500,3.000,0.7200,0.450,0.000,75.0,201000,10,0.0,-4.500000,-0.4509000,0.0226200,0.0051000
xfoil,r2a-sm5,tip,650.000,144.615,2.500,3.000,0.7200,0.450,0.000,75.0,201000,10,0.0,-4.000000,-0.4015000,0.0189500,0.0083000
xfoil,r2a-sm5,tip,650.000,144.615,2.500,3.000,0.7200,0.450,0.000,75.0,201000,10,0.0,-3.500000,-0.3513000,0.0166400,0.0106000
xfoil,r2a-sm5,tip,650.000,144.615,2.500,3.000,0.7200,0.450,0.000,75.0,201000,10,0.0,-3.000000,-0.3015000,0.0149500,0.0125000
xfoil,r2a-sm5,tip,650.000,144.615,2.500,3.000,0.7200,0.450,0.000,75.0,201000,10,0.0,-2.500000,-0.2499000,0.0137300,0.0141000
xfoil,r2a-sm5,tip,650.000,144.615,2.500,3.000,0.7200,0.450,0.000,75.0,201000,10,0.0,-2.000000,-0.2219000,0.0096700,0.0201000
xfoil,r2a-sm5,tip,650.000,144.615,2.500,3.000,0.7200,0.450,0.000,75.0,201000,10,0.0,-1.500000,-0.0930000,0.0102100,0.0082000
xfoil,r2a-sm5,tip,650.000,144.615,2.500,3.000,0.7200,0.450,0.000,75.0,201000,10,0.0,-1.000000,-0.0420000,0.0101800,0.0090000
xfoil,r2a-sm5,tip,650.000,144.615,2.500,3.000,0.7200,0.450,0.000,75.0,201000,10,0.0,-0.500000,0.0087000,0.0102100,0.0100000
xfoil,r2a-sm5,tip,650.000,144.615,2.500,3.000,0.7200,0.450,0.000,75.0,201000,10,0.0,-0.000000,0.0599000,0.0102800,0.0109000
xfoil,r2a-sm5,tip,650.000,144.615,2.500,3.000,0.7200,0.450,0.000,75.0,201000,10,0.0,0.500000,0.1114000,0.0103700,0.0119000
xfoil,r2a-sm5,tip,650.000,144.615,2.500,3.000,0.7200,0.450,0.000,75.0,201000,10,0.0,1.000000,0.1626000,0.0104100,0.0130000
xfoil,r2a-sm5,tip,650.000,144.615,2.500,3.000,0.7200,0.450,0.000,75.0,201000,10,0.0,1.500000,0.2143000,0.0103800,0.0141000
xfoil,r2a-sm5,tip,650.000,144.615,2.500,3.000,0.7200,0.450,0.000,75.0,201000,10,0.0,2.000000,0.2662000,0.0102700,0.0153000
xfoil,r2a-sm5,tip,650.000,144.615,2.500,3.000,0.7200,0.450,0.000,75.0,201000,10,0.0,2.500000,0.3186000,0.0102000,0.0164000
xfoil,r2a-sm5,tip,650.000,144.615,2.500,3.000,0.7200,0.450,0.000,75.0,201000,10,0.0,3.000000,0.3714000,0.0102100,0.0173000
xfoil,r2a-sm5,tip,650.000,144.615,2.500,3.000,0.7200,0.450,0.000,75.0,201000,10,0.0,3.500000,0.4252000,0.0103200,0.0180000
xfoil,r2a-sm5,tip,650.000,144.615,2.500,3.000,0.7200,0.450,0.000,75.0,201000,10,0.0,4.000000,0.4795000,0.0105500,0.0185000
xfoil,r2a-sm5,tip,650.000,144.615,2.500,3.000,0.7200,0.450,0.000,75.0,201000,10,0.0,4.500000,0.5342000,0.0109100,0.0187000
xfoil,r2a-sm5,tip,650.000,144.615,2.500,3.000,0.7200,0.450,0.000,75.0,201000,10,0.0,5.000000,0.5890000,0.0114100,0.0187000
xfoil,r2a-sm5,tip,650.000,144.615,2.500,3.000,0.7200,0.450,0.000,75.0,201000,10,0.0,5.500000,0.6440000,0.0120300,0.0185000
xfoil,r2a-sm5,tip,650.000,144.615,2.500,3.000,0.7200,0.450,0.000,75.0,201000,10,0.0,6.000000,0.6988000,0.0127800,0.0182000
xfoil,r2a-sm5,tip,650.000,144.615,2.500,3.000,0.7200,0.450,0.000,75.0,201000,10,0.0,6.500000,0.7530000,0.0136700,0.0177000
xfoil,r2a-sm5,tip,650.000,144.615,2.500,3.000,0.7200,0.450,0.000,75.0,201000,10,0.0,7.000000,0.8063000,0.0147500,0.0170000
xfoil,r2a-sm5,tip,650.000,144.615,2.500,3.000,0.7200,0.450,0.000,75.0,201000,10,0.0,7.500000,0.8586000,0.0159600,0.0164000
xfoil,r2a-sm5,tip,650.000,144.615,2.500,3.000,0.7200,0.450,0.000,75.0,201000,10,0.0,8.000000,0.9060000,0.0186000,0.0156000
xfoil,r2a-sm5,tip,650.000,144.615,2.500,3.000,0.7200,0.450,0.000,75.0,201000,10,0.0,8.500000,0.9477000,0.0220000,0.0157000
xfoil,r2a-sm5,tip,650.000,144.615,2.500,3.000,0.7200,0.450,0.000,75.0,201000,10,0.0,9.000000,0.9878000,0.0251200,0.0168000
xfoil,r2a-sm5,tip,650.000,144.615,2.500,3.000,0.7200,0.450,0.000,75.0,201000,10,0.0,9.500000,1.0260000,0.0289400,0.0182000
xfoil,r2a-sm5,tip,650.000,144.615,2.500,3.000,0.7200,0.450,0.000,75.0,201000,10,0.0,10.000000,1.0654000,0.0331500,0.0198000
xfoil,r2a-sm5,tip,650.000,144.615,2.500,3.000,0.7200,0.450,0.000,75.0,201000,10,5.0,-5.700000,-0.2404000,0.0191100,-0.0507000
xfoil,r2a-sm5,tip,650.000,144.615,2.500,3.000,0.7200,0.450,0.000,75.0,201000,10,5.0,-5.200000,-0.1606000,0.0156800,-0.0548000
xfoil,r2a-sm5,tip,650.000,144.615,2.500,3.000,0.7200,0.450,0.000,75.0,201000,10,5.0,-4.700000,-0.0898000,0.0138000,-0.0576000
xfoil,r2a-sm5,tip,650.000,144.615,2.500,3.000,0.7200,0.450,0.000,75.0,201000,10,5.0,-4.200000,-0.0335000,0.0115500,-0.0578000
xfoil,r2a-sm5,tip,650.000,144.615,2.500,3.000,0.7200,0.450,0.000,75.0,201000,10,5.0,-3.700000,0.0084000,0.0106600,-0.0544000
xfoil,r2a-sm5,tip,650.000,144.615,2.500,3.000,0.7200,0.450,0.000,75.0,201000,10,5.0,-3.200000,0.0476000,0.0103600,-0.0495000
xfoil,r2a-sm5,tip,650.000,144.615,2.500,3.000,0.7200,0.450,0.000,75.0,201000,10,5.0,-2.700000,0.1190000,0.0097400,-0.0508000
xfoil,r2a-sm5,tip,650.000,144.615,2.500,3.000,0.7200,0.450,0.000,75.0,201000,10,5.0,-2.200000,0.1651000,0.0099000,-0.0482000
xfoil,r2a-sm5,tip,650.000,144.615,2.500,3.000,0.7200,0.450,0.000,75.0,201000,10,5.0,-1.700000,0.2123000,0.0100000,-0.0457000
xfoil,r2a-sm5,tip,650.000,144.615,2.500,3.000,0.7200,0.450,0.000,75.0,201000,10,5.0,-1.200000,0.2609000,0.0100400,-0.0434000
xfoil,r2a-sm5,tip,650.000,144.615,2.500,3.000,0.7200,0.450,0.000,75.0,201000,10,5.0,-0.700000,0.3105000,0.0100100,-0.0412000
xfoil,r2a-sm5,tip,650.000,144.615,2.500,3.000,0.7200,0.450,0.000,75.0,201000,10,5.0,-0.200000,0.3625000,0.0099600,-0.0397000
xfoil,r2a-sm5,tip,650.000,144.615,2.500,3.000,0.7200,0.450,0.000,75.0,201000,10,5.0,0.300000,0.4145000,0.0098200,-0.0380000
xfoil,r2a-sm5,tip,650.000,144.615,2.500,3.000,0.7200,0.450,0.000,75.0,201000,10,5.0,0.800000,0.4683000,0.0096800,-0.0368000
xfoil,r2a-sm5,tip,650.000,144.615,2.500,3.000,0.7200,0.450,0.000,75.0,201000,10,5.0,1.300000,0.5214000,0.0096100,-0.0355000
xfoil,r2a-sm5,tip,650.000,144.615,2.500,3.000,0.7200,0.450,0.000,75.0,201000,10,5.0,1.800000,0.5751000,0.0098300,-0.0344000
xfoil,r2a-sm5,tip,650.000,144.615,2.500,3.000,0.7200,0.450,0.000,75.0,201000,10,5.0,2.300000,0.6296000,0.0101600,-0.0338000
xfoil,r2a-sm5,tip,650.000,144.615,2.500,3.000,0.7200,0.450,0.000,75.0,201000,10,5.0,2.800000,0.6842000,0.0105800,-0.0333000
xfoil,r2a-sm5,tip,650.000,144.615,2.500,3.000,0.7200,0.450,0.000,75.0,201000,10,5.0,3.300000,0.7385000,0.0111400,-0.0330000
xfoil,r2a-sm5,tip,650.000,144.615,2.500,3.000,0.7200,0.450,0.000,75.0,201000,10,5.0,3.800000,0.7924000,0.0118600,-0.0327000
xfoil,r2a-sm5,tip,650.000,144.615,2.500,3.000,0.7200,0.450,0.000,75.0,201000,10,5.0,4.300000,0.8454000,0.0127200,-0.0325000
xfoil,r2a-sm5,tip,650.000,144.615,2.500,3.000,0.7200,0.450,0.000,75.0,201000,10,5.0,4.800000,0.8972000,0.0137000,-0.0323000
xfoil,r2a-sm5,tip,650.000,144.615,2.500,3.000,0.7200,0.450,0.000,75.0,201000,10,5.0,5.300000,0.9474000,0.0148500,-0.0321000
xfoil,r2a-sm5,tip,650.000,144.615,2.500,3.000,0.7200,0.450,0.000,75.0,201000,10,5.0,5.800000,0.9962000,0.0161700,-0.0318000
xfoil,r2a-sm5,tip,650.000,144.615,2.500,3.000,0.7200,0.450,0.000,75.0,201000,10,5.0,6.300000,1.0435000,0.0176800,-0.0313000
xfoil,r2a-sm5,tip,650.000,144.615,2.500,3.000,0.7200,0.450,0.000,75.0,201000,10,5.0,6.800000,1.0768000,0.0215700,-0.0295000
xfoil,r2a-sm5,tip,650.000,144.615,2.500,3.000,0.7200,0.450,0.000,95.0,254000,6,-5.0,-1.800000,-0.5359000,0.0163100,0.0740000
xfoil,r2a-sm5,tip,650.000,144.615,2.500,3.000,0.7200,0.450,0.000,95.0,254000,6,-5.0,-1.300000,-0.4833000,0.0151000,0.0750000
xfoil,r2a-sm5,tip,650.000,144.615,2.500,3.000,0.7200,0.450,0.000,95.0,254000,6,-5.0,-0.800000,-0.4296000,0.0141600,0.0759000
xfoil,r2a-sm5,tip,650.000,144.615,2.500,3.000,0.7200,0.450,0.000,95.0,254000,6,-5.0,-0.300000,-0.3822000,0.0121400,0.0774000
xfoil,r2a-sm5,tip,650.000,144.615,2.500,3.000,0.7200,0.450,0.000,95.0,254000,6,-5.0,0.200000,-0.3535000,0.0093800,0.0831000
xfoil,r2a-sm5,tip,650.000,144.615,2.500,3.000,0.7200,0.450,0.000,95.0,254000,6,-5.0,0.700000,-0.3066000,0.0094000,0.0870000
xfoil,r2a-sm5,tip,650.000,144.615,2.500,3.000,0.7200,0.450,0.000,95.0,254000,6,-5.0,1.200000,-0.2533000,0.0094100,0.0886000
xfoil,r2a-sm5,tip,650.000,144.615,2.500,3.000,0.7200,0.450,0.000,95.0,254000,6,-5.0,1.700000,-0.1975000,0.0093800,0.0893000
xfoil,r2a-sm5,tip,650.000,144.615,2.500,3.000,0.7200,0.450,0.000,95.0,254000,6,-5.0,2.200000,-0.1415000,0.0093900,0.0899000
xfoil,r2a-sm5,tip,650.000,144.615,2.500,3.000,0.7200,0.450,0.000,95.0,254000,6,-5.0,2.700000,-0.0790000,0.0095700,0.0894000
xfoil,r2a-sm5,tip,650.000,144.615,2.500,3.000,0.7200,0.450,0.000,95.0,254000,6,-5.0,3.200000,-0.0203000,0.0095400,0.0888000
xfoil,r2a-sm5,tip,650.000,144.615,2.500,3.000,0.7200,0.450,0.000,95.0,254000,6,-5.0,3.700000,0.0374000,0.0095200,0.0882000
xfoil,r2a-sm5,tip,650.000,144.615,2.500,3.000,0.7200,0.450,0.000,95.0,254000,6,-5.0,4.200000,0.0963000,0.0095700,0.0873000
xfoil,r2a-sm5,tip,650.000,144.615,2.500,3.000,0.7200,0.450,0.000,95.0,254000,6,-5.0,4.700000,0.1568000,0.0097000,0.0861000
xfoil,r2a-sm5,tip,650.000,144.615,2.500,3.000,0.7200,0.450,0.000,95.0,254000,6,-5.0,5.200000,0.2177000,0.0099000,0.0846000
xfoil,r2a-sm5,tip,650.000,144.615,2.500,3.000,0.7200,0.450,0.000,95.0,254000,6,-5.0,5.700000,0.2787000,0.0101700,0.0831000
xfoil,r2a-sm5,tip,650.000,144.615,2.500,3.000,0.7200,0.450,0.000,95.0,254000,6,-5.0,6.200000,0.3393000,0.0105000,0.0815000
xfoil,r2a-sm5,tip,650.000,144.615,2.500,3.000,0.7200,0.450,0.000,95.0,254000,6,-5.0,6.700000,0.4020000,0.0109200,0.0794000
xfoil,r2a-sm5,tip,650.000,144.615,2.500,3.000,0.7200,0.450,0.000,95.0,254000,6,-5.0,7.200000,0.4652000,0.0114600,0.0771000
xfoil,r2a-sm5,tip,650.000,144.615,2.500,3.000,0.7200,0.450,0.000,95.0,254000,6,-5.0,7.700000,0.5277000,0.0121700,0.0746000
xfoil,r2a-sm5,tip,650.000,144.615,2.500,3.000,0.7200,0.450,0.000,95.0,254000,6,-5.0,8.200000,0.5920000,0.0130900,0.0714000
xfoil,r2a-sm5,tip,650.000,144.615,2.500,3.000,0.7200,0.450,0.000,95.0,254000,6,-5.0,8.700000,0.6553000,0.0141800,0.0682000
xfoil,r2a-sm5,tip,650.000,144.615,2.500,3.000,0.7200,0.450,0.000,95.0,254000,6,-5.0,9.200000,0.7189000,0.0156100,0.0645000
xfoil,r2a-sm5,tip,650.000,144.615,2.500,3.000,0.7200,0.450,0.000,95.0,254000,6,-5.0,9.700000,0.7830000,0.0179900,0.0599000
xfoil,r2a-sm5,tip,650.000,144.615,2.500,3.000,0.7200,0.450,0.000,95.0,254000,6,-5.0,10.200000,0.8475000,0.0202300,0.0551000
xfoil,r2a-sm5,tip,650.000,144.615,2.500,3.000,0.7200,0.450,0.000,95.0,254000,6,-5.0,10.700000,0.8878000,0.0225700,0.0545000
xfoil,r2a-sm5,tip,650.000,144.615,2.500,3.000,0.7200,0.450,0.000,95.0,254000,6,-5.0,11.200000,0.9257000,0.0252200,0.0537000
xfoil,r2a-sm5,tip,650.000,144.615,2.500,3.000,0.7200,0.450,0.000,95.0,254000,6,-5.0,11.700000,0.9560000,0.0289500,0.0522000
xfoil,r2a-sm5,tip,650.000,144.615,2.500,3.000,0.7200,0.450,0.000,95.0,254000,6,-5.0,12.200000,0.9847000,0.0329400,0.0500000
xfoil,r2a-sm5,tip,650.000,144.615,2.500,3.000,0.7200,0.450,0.000,95.0,254000,6,-5.0,12.700000,1.0000000,0.0375100,0.0483000
xfoil,r2a-sm5,tip,650.000,144.615,2.500,3.000,0.7200,0.450,0.000,95.0,254000,6,-5.0,13.200000,1.0055000,0.0427000,0.0469000
xfoil,r2a-sm5,tip,650.000,144.615,2.500,3.000,0.7200,0.450,0.000,95.0,254000,6,0.0,-5.000000,-0.5454000,0.0218100,0.0190000
xfoil,r2a-sm5,tip,650.000,144.615,2.500,3.000,0.7200,0.450,0.000,95.0,254000,6,0.0,-4.500000,-0.4928000,0.0187700,0.0204000
xfoil,r2a-sm5,tip,650.000,144.615,2.500,3.000,0.7200,0.450,0.000,95.0,254000,6,0.0,-4.000000,-0.4401000,0.0166300,0.0216000
xfoil,r2a-sm5,tip,650.000,144.615,2.500,3.000,0.7200,0.450,0.000,95.0,254000,6,0.0,-3.500000,-0.3870000,0.0150800,0.0225000
xfoil,r2a-sm5,tip,650.000,144.615,2.500,3.000,0.7200,0.450,0.000,95.0,254000,6,0.0,-3.000000,-0.3334000,0.0138000,0.0231000
xfoil,r2a-sm5,tip,650.000,144.615,2.500,3.000,0.7200,0.450,0.000,95.0,254000,6,0.0,-2.500000,-0.2782000,0.0130000,0.0236000
xfoil,r2a-sm5,tip,650.000,144.615,2.500,3.000,0.7200,0.450,0.000,95.0,254000,6,0.0,-2.000000,-0.2242000,0.0117400,0.0240000
xfoil,r2a-sm5,tip,650.000,144.615,2.500,3.000,0.7200,0.450,0.000,95.0,254000,6,0.0,-1.500000,-0.1760000,0.0097600,0.0247000
xfoil,r2a-sm5,tip,650.000,144.615,2.500,3.000,0.7200,0.450,0.000,95.0,254000,6,0.0,-1.000000,-0.1241000,0.0083400,0.0275000
xfoil,r2a-sm5,tip,650.000,144.615,2.500,3.000,0.7200,0.450,0.000,95.0,254000,6,0.0,-0.500000,-0.0410000,0.0084400,0.0224000
xfoil,r2a-sm5,tip,650.000,144.615,2.500,3.000,0.7200,0.450,0.000,95.0,254000,6,0.0,-0.000000,0.0393000,0.0084800,0.0174000
xfoil,r2a-sm5,tip,650.000,144.615,2.500,3.000,0.7200,0.450,0.000,95.0,254000,6,0.0,0.500000,0.0945000,0.0084100,0.0175000
xfoil,r2a-sm5,tip,650.000,144.615,2.500,3.000,0.7200,0.450,0.000,95.0,254000,6,0.0,1.000000,0.1480000,0.0083800,0.0179000
xfoil,r2a-sm5,tip,650.000,144.615,2.500,3.000,0.7200,0.450,0.000,95.0,254000,6,0.0,1.500000,0.2017000,0.0084100,0.0184000
xfoil,r2a-sm5,tip,650.000,144.615,2.500,3.000,0.7200,0.450,0.000,95.0,254000,6,0.0,2.000000,0.2557000,0.0085000,0.0188000
xfoil,r2a-sm5,tip,650.000,144.615,2.500,3.000,0.7200,0.450,0.000,95.0,254000,6,0.0,2.500000,0.3099000,0.0086500,0.0192000
xfoil,r2a-sm5,tip,650.000,144.615,2.500,3.000,0.7200,0.450,0.000,95.0,254000,6,0.0,3.000000,0.3645000,0.0088900,0.0194000
xfoil,r2a-sm5,tip,650.000,144.615,2.500,3.000,0.7200,0.450,0.000,95.0,254000,6,0.0,3.500000,0.4194000,0.0092000,0.0194000
xfoil,r2a-sm5,tip,650.000,144.615,2.500,3.000,0.7200,0.450,0.000,95.0,254000,6,0.0,4.000000,0.4747000,0.0095900,0.0193000
xfoil,r2a-sm5,tip,650.000,144.615,2.500,3.000,0.7200,0.450,0.000,95.0,254000,6,0.0,4.500000,0.5301000,0.0100500,0.0191000
xfoil,r2a-sm5,tip,650.000,144.615,2.500,3.000,0.7200,0.450,0.000,95.0,254000,6,0.0,5.000000,0.5857000,0.0105700,0.0188000
xfoil,r2a-sm5,tip,650.000,144.615,2.500,3.000,0.7200,0.450,0.000,95.0,254000,6,0.0,5.500000,0.6411000,0.0111800,0.0184000
xfoil,r2a-sm5,tip,650.000,144.615,2.500,3.000,0.7200,0.450,0.000,95.0,254000,6,0.0,6.000000,0.6962000,0.0119600,0.0178000
xfoil,r2a-sm5,tip,650.000,144.615,2.500,3.000,0.7200,0.450,0.000,95.0,254000,6,0.0,6.500000,0.7505000,0.0129400,0.0171000
xfoil,r2a-sm5,tip,650.000,144.615,2.500,3.000,0.7200,0.450,0.000,95.0,254000,6,0.0,7.000000,0.8039000,0.0140300,0.0165000
xfoil,r2a-sm5,tip,650.000,144.615,2.500,3.000,0.7200,0.450,0.000,95.0,254000,6,0.0,7.500000,0.8563000,0.0153000,0.0159000
xfoil,r2a-sm5,tip,650.000,144.615,2.500,3.000,0.7200,0.450,0.000,95.0,254000,6,0.0,8.000000,0.9054000,0.0173400,0.0153000
xfoil,r2a-sm5,tip,650.000,144.615,2.500,3.000,0.7200,0.450,0.000,95.0,254000,6,0.0,8.500000,0.9536000,0.0193000,0.0151000
xfoil,r2a-sm5,tip,650.000,144.615,2.500,3.000,0.7200,0.450,0.000,95.0,254000,6,0.0,9.000000,0.9986000,0.0214800,0.0150000
xfoil,r2a-sm5,tip,650.000,144.615,2.500,3.000,0.7200,0.450,0.000,95.0,254000,6,0.0,9.500000,1.0407000,0.0237500,0.0151000
xfoil,r2a-sm5,tip,650.000,144.615,2.500,3.000,0.7200,0.450,0.000,95.0,254000,6,0.0,10.000000,1.0756000,0.0266600,0.0154000
xfoil,r2a-sm5,tip,650.000,144.615,2.500,3.000,0.7200,0.450,0.000,95.0,254000,6,5.0,-7.700000,-0.4606000,0.0327900,-0.0418000
xfoil,r2a-sm5,tip,650.000,144.615,2.500,3.000,0.7200,0.450,0.000,95.0,254000,6,5.0,-7.200000,-0.4169000,0.0250300,-0.0403000
xfoil,r2a-sm5,tip,650.000,144.615,2.500,3.000,0.7200,0.450,0.000,95.0,254000,6,5.0,-6.700000,-0.3683000,0.0209600,-0.0392000
xfoil,r2a-sm5,tip,650.000,144.615,2.500,3.000,0.7200,0.450,0.000,95.0,254000,6,5.0,-6.200000,-0.3167000,0.0180600,-0.0380000
xfoil,r2a-sm5,tip,650.000,144.615,2.500,3.000,0.7200,0.450,0.000,95.0,254000,6,5.0,-5.700000,-0.2644000,0.0160000,-0.0369000
xfoil,r2a-sm5,tip,650.000,144.615,2.500,3.000,0.7200,0.450,0.000,95.0,254000,6,5.0,-5.200000,-0.2122000,0.0143400,-0.0361000
xfoil,r2a-sm5,tip,650.000,144.615,2.500,3.000,0.7200,0.450,0.000,95.0,254000,6,5.0,-4.700000,-0.1587000,0.0131800,-0.0353000
xfoil,r2a-sm5,tip,650.000,144.615,2.500,3.000,0.7200,0.450,0.000,95.0,254000,6,5.0,-4.200000,-0.1046000,0.0123600,-0.0346000
xfoil,r2a-sm5,tip,650.000,144.615,2.500,3.000,0.7200,0.450,0.000,95.0,254000,6,5.0,-3.700000,-0.0503000,0.0112000,-0.0341000
xfoil,r2a-sm5,tip,650.000,144.615,2.500,3.000,0.7200,0.450,0.000,95.0,254000,6,5.0,-3.200000,0.0019000,0.0097400,-0.0340000
xfoil,r2a-sm5,tip,650.000,144.615,2.500,3.000,0.7200,0.450,0.000,95.0,254000,6,5.0,-2.700000,0.0534000,0.0089700,-0.0328000
xfoil,r2a-sm5,tip,650.000,144.615,2.500,3.000,0.7200,0.450,0.000,95.0,254000,6,5.0,-2.200000,0.1069000,0.0086600,-0.0317000
xfoil,r2a-sm5,tip,650.000,144.615,2.500,3.000,0.7200,0.450,0.000,95.0,254000,6,5.0,-1.700000,0.1588000,0.0081000,-0.0302000
xfoil,r2a-sm5,tip,650.000,144.615,2.500,3.000,0.7200,0.450,0.000,95.0,254000,6,5.0,-1.200000,0.2313000,0.0077300,-0.0331000
xfoil,r2a-sm5,tip,650.000,144.615,2.500,3.000,0.7200,0.450,0.000,95.0,254000,6,5.0,-0.700000,0.2874000,0.0077400,-0.0328000
xfoil,r2a-sm5,tip,650.000,144.615,2.500,3.000,0.7200,0.450,0.000,95.0,254000,6,5.0,-0.200000,0.3427000,0.0078300,-0.0323000
xfoil,r2a-sm5,tip,650.000,144.615,2.500,3.000,0.7200,0.450,0.000,95.0,254000,6,5.0,0.300000,0.3986000,0.0080400,-0.0321000
xfoil,r2a-sm5,tip,650.000,144.615,2.500,3.000,0.7200,0.450,0.000,95.0,254000,6,5.0,0.800000,0.4548000,0.0083100,-0.0320000
xfoil,r2a-sm5,tip,650.000,144.615,2.500,3.000,0.7200,0.450,0.000,95.0,254000,6,5.0,1.300000,0.5111000,0.0086200,-0.0320000
xfoil,r2a-sm5,tip,650.000,144.615,2.500,3.000,0.7200,0.450,0.000,95.0,254000,6,5.0,1.800000,0.5672000,0.0090200,-0.0321000
xfoil,r2a-sm5,tip,650.000,144.615,2.500,3.000,0.7200,0.450,0.000,95.0,254000,6,5.0,2.300000,0.6231000,0.0095100,-0.0322000
xfoil,r2a-sm5,tip,650.000,144.615,2.500,3.000,0.7200,0.450,0.000,95.0,254000,6,5.0,2.800000,0.6786000,0.0100700,-0.0324000
xfoil,r2a-sm5,tip,650.000,144.615,2.500,3.000,0.7200,0.450,0.000,95.0,254000,6,5.0,3.300000,0.7337000,0.0107000,-0.0325000
xfoil,r2a-sm5,tip,650.000,144.615,2.500,3.000,0.7200,0.450,0.000,95.0,254000,6,5.0,3.800000,0.7882000,0.0113900,-0.0327000
xfoil,r2a-sm5,tip,650.000,144.615,2.500,3.000,0.7200,0.450,0.000,95.0,254000,6,5.0,4.300000,0.8418000,0.0122100,-0.0328000
xfoil,r2a-sm5,tip,650.000,144.615,2.500,3.000,0.7200,0.450,0.000,95.0,254000,6,5.0,4.800000,0.8938000,0.0132700,-0.0328000
xfoil,r2a-sm5,tip,650.000,144.615,2.500,3.000,0.7200,0.450,0.000,95.0,254000,6,5.0,5.300000,0.9446000,0.0144500,-0.0327000
xfoil,r2a-sm5,tip,650.000,144.615,2.500,3.000,0.7200,0.450,0.000,95.0,254000,6,5.0,5.800000,0.9942000,0.0157200,-0.0325000
xfoil,r2a-sm5,tip,650.000,144.615,2.500,3.000,0.7200,0.450,0.000,95.0,254000,6,5.0,6.300000,1.0408000,0.0174200,-0.0320000
xfoil,r2a-sm5,tip,650.000,144.615,2.500,3.000,0.7200,0.450,0.000,95.0,254000,6,5.0,6.800000,1.0840000,0.0195600,-0.0310000
xfoil,r2a-sm5,tip,650.000,144.615,2.500,3.000,0.7200,0.450,0.000,95.0,254000,10,-5.0,-1.300000,-0.4729000,0.0161900,0.0707000
xfoil,r2a-sm5,tip,650.000,144.615,2.500,3.000,0.7200,0.450,0.000,95.0,254000,10,-5.0,-0.800000,-0.4209000,0.0151100,0.0721000
xfoil,r2a-sm5,tip,650.000,144.615,2.500,3.000,0.7200,0.450,0.000,95.0,254000,10,-5.0,-0.300000,-0.3979000,0.0106700,0.0781000
xfoil,r2a-sm5,tip,650.000,144.615,2.500,3.000,0.7200,0.450,0.000,95.0,254000,10,-5.0,0.200000,-0.3605000,0.0112000,0.0861000
xfoil,r2a-sm5,tip,650.000,144.615,2.500,3.000,0.7200,0.450,0.000,95.0,254000,10,-5.0,0.700000,-0.2101000,0.0134500,0.0718000
xfoil,r2a-sm5,tip,650.000,144.615,2.500,3.000,0.7200,0.450,0.000,95.0,254000,10,-5.0,1.200000,-0.1269000,0.0133300,0.0666000
xfoil,r2a-sm5,tip,650.000,144.615,2.500,3.000,0.7200,0.450,0.000,95.0,254000,10,-5.0,1.700000,-0.0321000,0.0129700,0.0589000
xfoil,r2a-sm5,tip,650.000,144.615,2.500,3.000,0.7200,0.450,0.000,95.0,254000,10,-5.0,2.200000,0.0232000,0.0125400,0.0590000
xfoil,r2a-sm5,tip,650.000,144.615,2.500,3.000,0.7200,0.450,0.000,95.0,254000,10,-5.0,2.700000,0.0744000,0.0121900,0.0599000
xfoil,r2a-sm5,tip,650.000,144.615,2.500,3.000,0.7200,0.450,0.000,95.0,254000,10,-5.0,3.200000,0.1261000,0.0118900,0.0606000
xfoil,r2a-sm5,tip,650.000,144.615,2.500,3.000,0.7200,0.450,0.000,95.0,254000,10,-5.0,3.700000,0.1787000,0.0116500,0.0611000
xfoil,r2a-sm5,tip,650.000,144.615,2.500,3.000,0.7200,0.450,0.000,95.0,254000,10,-5.0,4.200000,0.2320000,0.0115000,0.0614000
xfoil,r2a-sm5,tip,650.000,144.615,2.500,3.000,0.7200,0.450,0.000,95.0,254000,10,-5.0,4.700000,0.2861000,0.0114400,0.0615000
xfoil,r2a-sm5,tip,650.000,144.615,2.500,3.000,0.7200,0.450,0.000,95.0,254000,10,-5.0,5.200000,0.3409000,0.0114700,0.0613000
xfoil,r2a-sm5,tip,650.000,144.615,2.500,3.000,0.7200,0.450,0.000,95.0,254000,10,-5.0,5.700000,0.3961000,0.0115900,0.0609000
xfoil,r2a-sm5,tip,650.000,144.615,2.500,3.000,0.7200,0.450,0.000,95.0,254000,10,-5.0,6.200000,0.4517000,0.0118000,0.0603000
xfoil,r2a-sm5,tip,650.000,144.615,2.500,3.000,0.7200,0.450,0.000,95.0,254000,10,-5.0,6.700000,0.5074000,0.0121100,0.0595000
xfoil,r2a-sm5,tip,650.000,144.615,2.500,3.000,0.7200,0.450,0.000,95.0,254000,10,-5.0,7.200000,0.5632000,0.0125300,0.0585000
xfoil,r2a-sm5,tip,650.000,144.615,2.500,3.000,0.7200,0.450,0.000,95.0,254000,10,-5.0,7.700000,0.6190000,0.0131200,0.0573000
xfoil,r2a-sm5,tip,650.000,144.615,2.500,3.000,0.7200,0.450,0.000,95.0,254000,10,-5.0,8.200000,0.6733000,0.0138700,0.0561000
xfoil,r2a-sm5,tip,650.000,144.615,2.500,3.000,0.7200,0.450,0.000,95.0,254000,10,-5.0,8.700000,0.7250000,0.0147500,0.0552000
xfoil,r2a-sm5,tip,650.000,144.615,2.500,3.000,0.7200,0.450,0.000,95.0,254000,10,-5.0,9.200000,0.7775000,0.0172400,0.0527000
xfoil,r2a-sm5,tip,650.000,144.615,2.500,3.000,0.7200,0.450,0.000,95.0,254000,10,-5.0,9.700000,0.8189000,0.0200100,0.0521000
xfoil,r2a-sm5,tip,650.000,144.615,2.500,3.000,0.7200,0.450,0.000,95.0,254000,10,-5.0,10.200000,0.8476000,0.0220100,0.0547000
xfoil,r2a-sm5,tip,650.000,144.615,2.500,3.000,0.7200,0.450,0.000,95.0,254000,10,-5.0,10.700000,0.8801000,0.0249500,0.0561000
xfoil,r2a-sm5,tip,650.000,144.615,2.500,3.000,0.7200,0.450,0.000,95.0,254000,10,-5.0,11.200000,0.9157000,0.0283300,0.0577000
xfoil,r2a-sm5,tip,650.000,144.615,2.500,3.000,0.7200,0.450,0.000,95.0,254000,10,-5.0,11.700000,0.9495000,0.0326900,0.0586000
xfoil,r2a-sm5,tip,650.000,144.615,2.500,3.000,0.7200,0.450,0.000,95.0,254000,10,-5.0,12.200000,0.9739000,0.0381900,0.0583000
xfoil,r2a-sm5,tip,650.000,144.615,2.500,3.000,0.7200,0.450,0.000,95.0,254000,10,-5.0,12.700000,0.9768000,0.0461300,0.0550000
xfoil,r2a-sm5,tip,650.000,144.615,2.500,3.000,0.7200,0.450,0.000,95.0,254000,10,-5.0,13.200000,0.9528000,0.0549800,0.0507000
xfoil,r2a-sm5,tip,650.000,144.615,2.500,3.000,0.7200,0.450,0.000,95.0,254000,10,0.0,-2.500000,-0.2665000,0.0131200,0.0191000
xfoil,r2a-sm5,tip,650.000,144.615,2.500,3.000,0.7200,0.450,0.000,95.0,254000,10,0.0,-2.000000,-0.2201000,0.0104000,0.0204000
xfoil,r2a-sm5,tip,650.000,144.615,2.500,3.000,0.7200,0.450,0.000,95.0,254000,10,0.0,-1.500000,-0.1575000,0.0088600,0.0219000
xfoil,r2a-sm5,tip,650.000,144.615,2.500,3.000,0.7200,0.450,0.000,95.0,254000,10,0.0,-1.000000,-0.0554000,0.0092100,0.0128000
xfoil,r2a-sm5,tip,650.000,144.615,2.500,3.000,0.7200,0.450,0.000,95.0,254000,10,0.0,-0.500000,-0.0031000,0.0091900,0.0134000
xfoil,r2a-sm5,tip,650.000,144.615,2.500,3.000,0.7200,0.450,0.000,95.0,254000,10,0.0,-0.000000,0.0490000,0.0092000,0.0141000
xfoil,r2a-sm5,tip,650.000,144.615,2.500,3.000,0.7200,0.450,0.000,95.0,254000,10,0.0,0.500000,0.1011000,0.0091700,0.0149000
xfoil,r2a-sm5,tip,650.000,144.615,2.500,3.000,0.7200,0.450,0.000,95.0,254000,10,0.0,1.000000,0.1533000,0.0091000,0.0158000
xfoil,r2a-sm5,tip,650.000,144.615,2.500,3.000,0.7200,0.450,0.000,95.0,254000,10,0.0,1.500000,0.2057000,0.0090000,0.0168000
xfoil,r2a-sm5,tip,650.000,144.615,2.500,3.000,0.7200,0.450,0.000,95.0,254000,10,0.0,2.000000,0.2588000,0.0089300,0.0176000
xfoil,r2a-sm5,tip,650.000,144.615,2.500,3.000,0.7200,0.450,0.000,95.0,254000,10,0.0,2.500000,0.3121000,0.0089300,0.0183000
xfoil,r2a-sm5,tip,650.000,144.615,2.500,3.000,0.7200,0.450,0.000,95.0,254000,10,0.0,3.000000,0.3659000,0.0090200,0.0189000
xfoil,r2a-sm5,tip,650.000,144.615,2.500,3.000,0.7200,0.450,0.000,95.0,254000,10,0.0,3.500000,0.4204000,0.0091900,0.0193000
xfoil,r2a-sm5,tip,650.000,144.615,2.500,3.000,0.7200,0.450,0.000,95.0,254000,10,0.0,4.000000,0.4754000,0.0094800,0.0195000
xfoil,r2a-sm5,tip,650.000,144.615,2.500,3.000,0.7200,0.450,0.000,95.0,254000,10,0.0,4.500000,0.5307000,0.0098700,0.0194000
xfoil,r2a-sm5,tip,650.000,144.615,2.500,3.000,0.7200,0.450,0.000,95.0,254000,10,0.0,5.000000,0.5862000,0.0103600,0.0192000
xfoil,r2a-sm5,tip,650.000,144.615,2.500,3.000,0.7200,0.450,0.000,95.0,254000,10,0.0,5.500000,0.6417000,0.0109600,0.0189000
xfoil,r2a-sm5,tip,650.000,144.615,2.500,3.000,0.7200,0.450,0.000,95.0,254000,10,0.0,6.000000,0.6969000,0.0116800,0.0184000
xfoil,r2a-sm5,tip,650.000,144.615,2.500,3.000,0.7200,0.450,0.000,95.0,254000,10,0.0,6.500000,0.7517000,0.0125400,0.0178000
xfoil,r2a-sm5,tip,650.000,144.615,2.500,3.000,0.7200,0.450,0.000,95.0,254000,10,0.0,7.000000,0.8056000,0.0135800,0.0171000
xfoil,r2a-sm5,tip,650.000,144.615,2.500,3.000,0.7200,0.450,0.000,95.0,254000,10,0.0,7.500000,0.8585000,0.0147500,0.0165000
xfoil,r2a-sm5,tip,650.000,144.615,2.500,3.000,0.7200,0.450,0.000,95.0,254000,10,0.0,8.000000,0.9063000,0.0175800,0.0157000
xfoil,r2a-sm5,tip,650.000,144.615,2.500,3.000,0.7200,0.450,0.000,95.0,254000,10,0.0,8.500000,0.9497000,0.0206800,0.0156000
xfoil,r2a-sm5,tip,650.000,144.615,2.500,3.000,0.7200,0.450,0.000,95.0,254000,10,0.0,9.000000,0.9928000,0.0231400,0.0162000
xfoil,r2a-sm5,tip,650.000,144.615,2.500,3.000,0.7200,0.450,0.000,95.0,254000,10,0.0,9.500000,1.0291000,0.0268900,0.0175000
xfoil,r2a-sm5,tip,650.000,144.615,2.500,3.000,0.7200,0.450,0.000,95.0,254000,10,0.0,10.000000,1.0685000,0.0304200,0.0189000
xfoil,r2a-sm5,tip,650.000,144.615,2.500,3.000,0.7200,0.450,0.000,95.0,254000,10,5.0,-5.700000,-0.2013000,0.0167800,-0.0562000
xfoil,r2a-sm5,tip,650.000,144.615,2.500,3.000,0.7200,0.450,0.000,95.0,254000,10,5.0,-5.200000,-0.1507000,0.0146500,-0.0542000
xfoil,r2a-sm5,tip,650.000,144.615,2.500,3.000,0.7200,0.450,0.000,95.0,254000,10,5.0,-4.700000,-0.1053000,0.0134300,-0.0513000
xfoil,r2a-sm5,tip,650.000,144.615,2.500,3.000,0.7200,0.450,0.000,95.0,254000,10,5.0,-4.200000,-0.0593000,0.0124600,-0.0486000
xfoil,r2a-sm5,tip,650.000,144.615,2.500,3.000,0.7200,0.450,0.000,95.0,254000,10,5.0,-3.700000,-0.0171000,0.0102500,-0.0461000
xfoil,r2a-sm5,tip,650.000,144.615,2.500,3.000,0.7200,0.450,0.000,95.0,254000,10,5.0,-3.200000,0.0262000,0.0096700,-0.0426000
xfoil,r2a-sm5,tip,650.000,144.615,2.500,3.000,0.7200,0.450,0.000,95.0,254000,10,5.0,-2.700000,0.0669000,0.0089500,-0.0379000
xfoil,r2a-sm5,tip,650.000,144.615,2.500,3.000,0.7200,0.450,0.000,95.0,254000,10,5.0,-2.200000,0.1398000,0.0086100,-0.0405000
xfoil,r2a-sm5,tip,650.000,144.615,2.500,3.000,0.7200,0.450,0.000,95.0,254000,10,5.0,-1.700000,0.1915000,0.0086200,-0.0391000
xfoil,r2a-sm5,tip,650.000,144.615,2.500,3.000,0.7200,0.450,0.000,95.0,254000,10,5.0,-1.200000,0.2438000,0.0086000,-0.0378000
xfoil,r2a-sm5,tip,650.000,144.615,2.500,3.000,0.7200,0.450,0.000,95.0,254000,10,5.0,-0.700000,0.2969000,0.0085600,-0.0366000
xfoil,r2a-sm5,tip,650.000,144.615,2.500,3.000,0.7200,0.450,0.000,95.0,254000,10,5.0,-0.200000,0.3513000,0.0084900,-0.0357000
xfoil,r2a-sm5,tip,650.000,144.615,2.500,3.000,0.7200,0.450,0.000,95.0,254000,10,5.0,0.300000,0.4061000,0.0084000,-0.0349000
xfoil,r2a-sm5,tip,650.000,144.615,2.500,3.000,0.7200,0.450,0.000,95.0,254000,10,5.0,0.800000,0.4609000,0.0083500,-0.0341000
xfoil,r2a-sm5,tip,650.000,144.615,2.500,3.000,0.7200,0.450,0.000,95.0,254000,10,5.0,1.300000,0.5154000,0.0085200,-0.0333000
xfoil,r2a-sm5,tip,650.000,144.615,2.500,3.000,0.7200,0.450,0.000,95.0,254000,10,5.0,1.800000,0.5707000,0.0088300,-0.0329000
xfoil,r2a-sm5,tip,650.000,144.615,2.500,3.000,0.7200,0.450,0.000,95.0,254000,10,5.0,2.300000,0.6263000,0.0091700,-0.0327000
xfoil,r2a-sm5,tip,650.000,144.615,2.500,3.000,0.7200,0.450,0.000,95.0,254000,10,5.0,2.800000,0.6817000,0.0096300,-0.0326000
xfoil,r2a-sm5,tip,650.000,144.615,2.500,3.000,0.7200,0.450,0.000,95.0,254000,10,5.0,3.300000,0.7367000,0.0102100,-0.0325000
xfoil,r2a-sm5,tip,650.000,144.615,2.500,3.000,0.7200,0.450,0.000,95.0,254000,10,5.0,3.800000,0.7912000,0.0109200,-0.0325000
xfoil,r2a-sm5,tip,650.000,144.615,2.500,3.000,0.7200,0.450,0.000,95.0,254000,10,5.0,4.300000,0.8449000,0.0117300,-0.0325000
xfoil,r2a-sm5,tip,650.000,144.615,2.500,3.000,0.7200,0.450,0.000,95.0,254000,10,5.0,4.800000,0.8973000,0.0126900,-0.0325000
xfoil,r2a-sm5,tip,650.000,144.615,2.500,3.000,0.7200,0.450,0.000,95.0,254000,10,5.0,5.300000,0.9485000,0.0138100,-0.0325000
xfoil,r2a-sm5,tip,650.000,144.615,2.500,3.000,0.7200,0.450,0.000,95.0,254000,10,5.0,5.800000,0.9983000,0.0150600,-0.0323000
xfoil,r2a-sm5,tip,650.000,144.615,2.500,3.000,0.7200,0.450,0.000,95.0,254000,10,5.0,6.300000,1.0456000,0.0166700,-0.0319000
xfoil,r2a-sm5,tip,650.000,144.615,2.500,3.000,0.7200,0.450,0.000,95.0,254000,10,5.0,6.800000,1.0823000,0.0201600,-0.0302000
xfoil,r2a-sm5,tip,650.000,144.615,2.500,3.000,0.7200,0.450,0.000,105.0,281000,6,-5.0,-1.800000,-0.5387000,0.0158600,0.0748000
xfoil,r2a-sm5,tip,650.000,144.615,2.500,3.000,0.7200,0.450,0.000,105.0,281000,6,-5.0,-1.300000,-0.4861000,0.0146700,0.0758000
xfoil,r2a-sm5,tip,650.000,144.615,2.500,3.000,0.7200,0.450,0.000,105.0,281000,6,-5.0,-0.800000,-0.4325000,0.0137100,0.0767000
xfoil,r2a-sm5,tip,650.000,144.615,2.500,3.000,0.7200,0.450,0.000,105.0,281000,6,-5.0,-0.300000,-0.3823000,0.0121600,0.0779000
xfoil,r2a-sm5,tip,650.000,144.615,2.500,3.000,0.7200,0.450,0.000,105.0,281000,6,-5.0,0.200000,-0.3527000,0.0089400,0.0828000
xfoil,r2a-sm5,tip,650.000,144.615,2.500,3.000,0.7200,0.450,0.000,105.0,281000,6,-5.0,0.700000,-0.3059000,0.0088800,0.0864000
xfoil,r2a-sm5,tip,650.000,144.615,2.500,3.000,0.7200,0.450,0.000,105.0,281000,6,-5.0,1.200000,-0.2538000,0.0088900,0.0883000
xfoil,r2a-sm5,tip,650.000,144.615,2.500,3.000,0.7200,0.450,0.000,105.0,281000,6,-5.0,1.700000,-0.1985000,0.0088600,0.0891000
xfoil,r2a-sm5,tip,650.000,144.615,2.500,3.000,0.7200,0.450,0.000,105.0,281000,6,-5.0,2.200000,-0.1429000,0.0088600,0.0897000
xfoil,r2a-sm5,tip,650.000,144.615,2.500,3.000,0.7200,0.450,0.000,105.0,281000,6,-5.0,2.700000,-0.0865000,0.0089500,0.0904000
xfoil,r2a-sm5,tip,650.000,144.615,2.500,3.000,0.7200,0.450,0.000,105.0,281000,6,-5.0,3.200000,-0.0292000,0.0089600,0.0902000
xfoil,r2a-sm5,tip,650.000,144.615,2.500,3.000,0.7200,0.450,0.000,105.0,281000,6,-5.0,3.700000,0.0303000,0.0089900,0.0893000
xfoil,r2a-sm5,tip,650.000,144.615,2.500,3.000,0.7200,0.450,0.000,105.0,281000,6,-5.0,4.200000,0.0901000,0.0090700,0.0883000
xfoil,r2a-sm5,tip,650.000,144.615,2.500,3.000,0.7200,0.450,0.000,105.0,281000,6,-5.0,4.700000,0.1501000,0.0092200,0.0871000
xfoil,r2a-sm5,tip,650.000,144.615,2.500,3.000,0.7200,0.450,0.000,105.0,281000,6,-5.0,5.200000,0.2103000,0.0094300,0.0858000
xfoil,r2a-sm5,tip,650.000,144.615,2.500,3.000,0.7200,0.450,0.000,105.0,281000,6,-5.0,5.700000,0.2705000,0.0097000,0.0845000
xfoil,r2a-sm5,tip,650.000,144.615,2.500,3.000,0.7200,0.450,0.000,105.0,281000,6,-5.0,6.200000,0.3312000,0.0100300,0.0830000
xfoil,r2a-sm5,tip,650.000,144.615,2.500,3.000,0.7200,0.450,0.000,105.0,281000,6,-5.0,6.700000,0.3935000,0.0104600,0.0810000
xfoil,r2a-sm5,tip,650.000,144.615,2.500,3.000,0.7200,0.450,0.000,105.0,281000,6,-5.0,7.200000,0.4556000,0.0109800,0.0789000
xfoil,r2a-sm5,tip,650.000,144.615,2.500,3.000,0.7200,0.450,0.000,105.0,281000,6,-5.0,7.700000,0.5187000,0.0117100,0.0763000
xfoil,r2a-sm5,tip,650.000,144.615,2.500,3.000,0.7200,0.450,0.000,105.0,281000,6,-5.0,8.200000,0.5823000,0.0126100,0.0733000
xfoil,r2a-sm5,tip,650.000,144.615,2.500,3.000,0.7200,0.450,0.000,105.0,281000,6,-5.0,8.700000,0.6462000,0.0136800,0.0700000
xfoil,r2a-sm5,tip,650.000,144.615,2.500,3.000,0.7200,0.450,0.000,105.0,281000,6,-5.0,9.200000,0.7098000,0.0151000,0.0665000
xfoil,r2a-sm5,tip,650.000,144.615,2.500,3.000,0.7200,0.450,0.000,105.0,281000,6,-5.0,9.700000,0.7735000,0.0173200,0.0621000
xfoil,r2a-sm5,tip,650.000,144.615,2.500,3.000,0.7200,0.450,0.000,105.0,281000,6,-5.0,10.200000,0.8374000,0.0194400,0.0576000
xfoil,r2a-sm5,tip,650.000,144.615,2.500,3.000,0.7200,0.450,0.000,105.0,281000,6,-5.0,10.700000,0.8894000,0.0217100,0.0549000
xfoil,r2a-sm5,tip,650.000,144.615,2.500,3.000,0.7200,0.450,0.000,105.0,281000,6,-5.0,11.200000,0.9260000,0.0247200,0.0538000
xfoil,r2a-sm5,tip,650.000,144.615,2.500,3.000,0.7200,0.450,0.000,105.0,281000,6,-5.0,11.700000,0.9608000,0.0278000,0.0526000
xfoil,r2a-sm5,tip,650.000,144.615,2.500,3.000,0.7200,0.450,0.000,105.0,281000,6,-5.0,12.200000,0.9904000,0.0317800,0.0501000
xfoil,r2a-sm5,tip,650.000,144.615,2.500,3.000,0.7200,0.450,0.000,105.0,281000,6,-5.0,12.700000,1.0076000,0.0362900,0.0478000
xfoil,r2a-sm5,tip,650.000,144.615,2.500,3.000,0.7200,0.450,0.000,105.0,281000,6,-5.0,13.200000,1.0143000,0.0412100,0.0464000
xfoil,r2a-sm5,tip,650.000,144.615,2.500,3.000,0.7200,0.450,0.000,105.0,281000,6,0.0,-5.000000,-0.5488000,0.0211400,0.0201000
xfoil,r2a-sm5,tip,650.000,144.615,2.500,3.000,0.7200,0.450,0.000,105.0,281000,6,0.0,-4.500000,-0.4960000,0.0182400,0.0214000
xfoil,r2a-sm5,tip,650.000,144.615,2.500,3.000,0.7200,0.450,0.000,105.0,281000,6,0.0,-4.000000,-0.4432000,0.0161900,0.0225000
xfoil,r2a-sm5,tip,650.000,144.615,2.500,3.000,0.7200,0.450,0.000,105.0,281000,6,0.0,-3.500000,-0.3899000,0.0147700,0.0233000
xfoil,r2a-sm5,tip,650.000,144.615,2.500,3.000,0.7200,0.450,0.000,105.0,281000,6,0.0,-3.000000,-0.3359000,0.0135200,0.0239000
xfoil,r2a-sm5,tip,650.000,144.615,2.500,3.000,0.7200,0.450,0.000,105.0,281000,6,0.0,-2.500000,-0.2805000,0.0126900,0.0243000
xfoil,r2a-sm5,tip,650.000,144.615,2.500,3.000,0.7200,0.450,0.000,105.0,281000,6,0.0,-2.000000,-0.2254000,0.0118000,0.0247000
xfoil,r2a-sm5,tip,650.000,144.615,2.500,3.000,0.7200,0.450,0.000,105.0,281000,6,0.0,-1.500000,-0.1761000,0.0096800,0.0251000
xfoil,r2a-sm5,tip,650.000,144.615,2.500,3.000,0.7200,0.450,0.000,105.0,281000,6,0.0,-1.000000,-0.1353000,0.0079600,0.0294000
xfoil,r2a-sm5,tip,650.000,144.615,2.500,3.000,0.7200,0.450,0.000,105.0,281000,6,0.0,-0.500000,-0.0514000,0.0079900,0.0245000
xfoil,r2a-sm5,tip,650.000,144.615,2.500,3.000,0.7200,0.450,0.000,105.0,281000,6,0.0,-0.000000,0.0263000,0.0080500,0.0201000
xfoil,r2a-sm5,tip,650.000,144.615,2.500,3.000,0.7200,0.450,0.000,105.0,281000,6,0.0,0.500000,0.0923000,0.0080400,0.0180000
xfoil,r2a-sm5,tip,650.000,144.615,2.500,3.000,0.7200,0.450,0.000,105.0,281000,6,0.0,1.000000,0.1460000,0.0080200,0.0184000
xfoil,r2a-sm5,tip,650.000,144.615,2.500,3.000,0.7200,0.450,0.000,105.0,281000,6,0.0,1.500000,0.1999000,0.0080600,0.0189000
xfoil,r2a-sm5,tip,650.000,144.615,2.500,3.000,0.7200,0.450,0.000,105.0,281000,6,0.0,2.000000,0.2540000,0.0081600,0.0192000
xfoil,r2a-sm5,tip,650.000,144.615,2.500,3.000,0.7200,0.450,0.000,105.0,281000,6,0.0,2.500000,0.3084000,0.0083300,0.0195000
xfoil,r2a-sm5,tip,650.000,144.615,2.500,3.000,0.7200,0.450,0.000,105.0,281000,6,0.0,3.000000,0.3630000,0.0085700,0.0197000
xfoil,r2a-sm5,tip,650.000,144.615,2.500,3.000,0.7200,0.450,0.000,105.0,281000,6,0.0,3.500000,0.4181000,0.0088900,0.0197000
xfoil,r2a-sm5,tip,650.000,144.615,2.500,3.000,0.7200,0.450,0.000,105.0,281000,6,0.0,4.000000,0.4735000,0.0092800,0.0196000
xfoil,r2a-sm5,tip,650.000,144.615,2.500,3.000,0.7200,0.450,0.000,105.0,281000,6,0.0,4.500000,0.5290000,0.0097300,0.0193000
xfoil,r2a-sm5,tip,650.000,144.615,2.500,3.000,0.7200,0.450,0.000,105.0,281000,6,0.0,5.000000,0.5847000,0.0102400,0.0190000
xfoil,r2a-sm5,tip,650.000,144.615,2.500,3.000,0.7200,0.450,0.000,105.0,281000,6,0.0,5.500000,0.6402000,0.0108400,0.0185000
xfoil,r2a-sm5,tip,650.000,144.615,2.500,3.000,0.7200,0.450,0.000,105.0,281000,6,0.0,6.000000,0.6954000,0.0116400,0.0179000
xfoil,r2a-sm5,tip,650.000,144.615,2.500,3.000,0.7200,0.450,0.000,105.0,281000,6,0.0,6.500000,0.7498000,0.0126000,0.0172000
xfoil,r2a-sm5,tip,650.000,144.615,2.500,3.000,0.7200,0.450,0.000,105.0,281000,6,0.0,7.000000,0.8035000,0.0136700,0.0166000
xfoil,r2a-sm5,tip,650.000,144.615,2.500,3.000,0.7200,0.450,0.000,105.0,281000,6,0.0,7.500000,0.8560000,0.0149300,0.0160000
xfoil,r2a-sm5,tip,650.000,144.615,2.500,3.000,0.7200,0.450,0.000,105.0,281000,6,0.0,8.000000,0.9054000,0.0169600,0.0154000
xfoil,r2a-sm5,tip,650.000,144.615,2.500,3.000,0.7200,0.450,0.000,105.0,281000,6,0.0,8.500000,0.9544000,0.0187400,0.0152000
xfoil,r2a-sm5,tip,650.000,144.615,2.500,3.000,0.7200,0.450,0.000,105.0,281000,6,0.0,9.000000,1.0008000,0.0207100,0.0151000
xfoil,r2a-sm5,tip,650.000,144.615,2.500,3.000,0.7200,0.450,0.000,105.0,281000,6,0.0,9.500000,1.0427000,0.0230700,0.0151000
xfoil,r2a-sm5,tip,650.000,144.615,2.500,3.000,0.7200,0.450,0.000,105.0,281000,6,0.0,10.000000,1.0783000,0.0259800,0.0154000
xfoil,r2a-sm5,tip,650.000,144.615,2.500,3.000,0.7200,0.450,0.000,105.0,281000,6,5.0,-7.200000,-0.4257000,0.0250700,-0.0382000
xfoil,r2a-sm5,tip,650.000,144.615,2.500,3.000,0.7200,0.450,0.000,105.0,281000,6,5.0,-6.700000,-0.3761000,0.0206500,-0.0372000
xfoil,r2a-sm5,tip,650.000,144.615,2.500,3.000,0.7200,0.450,0.000,105.0,281000,6,5.0,-6.200000,-0.3239000,0.0176600,-0.0360000
xfoil,r2a-sm5,tip,650.000,144.615,2.500,3.000,0.7200,0.450,0.000,105.0,281000,6,5.0,-5.700000,-0.2711000,0.0157100,-0.0351000
xfoil,r2a-sm5,tip,650.000,144.615,2.500,3.000,0.7200,0.450,0.000,105.0,281000,6,5.0,-5.200000,-0.2177000,0.0141600,-0.0343000
xfoil,r2a-sm5,tip,650.000,144.615,2.500,3.000,0.7200,0.450,0.000,105.0,281000,6,5.0,-4.700000,-0.1639000,0.0128200,-0.0338000
xfoil,r2a-sm5,tip,650.000,144.615,2.500,3.000,0.7200,0.450,0.000,105.0,281000,6,5.0,-4.200000,-0.1089000,0.0120000,-0.0333000
xfoil,r2a-sm5,tip,650.000,144.615,2.500,3.000,0.7200,0.450,0.000,105.0,281000,6,5.0,-3.700000,-0.0539000,0.0112000,-0.0327000
xfoil,r2a-sm5,tip,650.000,144.615,2.500,3.000,0.7200,0.450,0.000,105.0,281000,6,5.0,-3.200000,-0.0010000,0.0094900,-0.0329000
xfoil,r2a-sm5,tip,650.000,144.615,2.500,3.000,0.7200,0.450,0.000,105.0,281000,6,5.0,-2.700000,0.0514000,0.0087000,-0.0320000
xfoil,r2a-sm5,tip,650.000,144.615,2.500,3.000,0.7200,0.450,0.000,105.0,281000,6,5.0,-2.200000,0.1056000,0.0083400,-0.0312000
xfoil,r2a-sm5,tip,650.000,144.615,2.500,3.000,0.7200,0.450,0.000,105.0,281000,6,5.0,-1.700000,0.1597000,0.0079500,-0.0304000
xfoil,r2a-sm5,tip,650.000,144.615,2.500,3.000,0.7200,0.450,0.000,105.0,281000,6,5.0,-1.200000,0.2289000,0.0073300,-0.0324000
xfoil,r2a-sm5,tip,650.000,144.615,2.500,3.000,0.7200,0.450,0.000,105.0,281000,6,5.0,-0.700000,0.2850000,0.0073600,-0.0321000
xfoil,r2a-sm5,tip,650.000,144.615,2.500,3.000,0.7200,0.450,0.000,105.0,281000,6,5.0,-0.200000,0.3407000,0.0075100,-0.0317000
xfoil,r2a-sm5,tip,650.000,144.615,2.500,3.000,0.7200,0.450,0.000,105.0,281000,6,5.0,0.300000,0.3970000,0.0077400,-0.0317000
xfoil,r2a-sm5,tip,650.000,144.615,2.500,3.000,0.7200,0.450,0.000,105.0,281000,6,5.0,0.800000,0.4535000,0.0080000,-0.0317000
xfoil,r2a-sm5,tip,650.000,144.615,2.500,3.000,0.7200,0.450,0.000,105.0,281000,6,5.0,1.300000,0.5100000,0.0083300,-0.0317000
xfoil,r2a-sm5,tip,650.000,144.615,2.500,3.000,0.7200,0.450,0.000,105.0,281000,6,5.0,1.800000,0.5663000,0.0087300,-0.0319000
xfoil,r2a-sm5,tip,650.000,144.615,2.500,3.000,0.7200,0.450,0.000,105.0,281000,6,5.0,2.300000,0.6223000,0.0092200,-0.0321000
xfoil,r2a-sm5,tip,650.000,144.615,2.500,3.000,0.7200,0.450,0.000,105.0,281000,6,5.0,2.800000,0.6780000,0.0097800,-0.0323000
xfoil,r2a-sm5,tip,650.000,144.615,2.500,3.000,0.7200,0.450,0.000,105.0,281000,6,5.0,3.300000,0.7333000,0.0104000,-0.0325000
xfoil,r2a-sm5,tip,650.000,144.615,2.500,3.000,0.7200,0.450,0.000,105.0,281000,6,5.0,3.800000,0.7880000,0.0110800,-0.0327000
xfoil,r2a-sm5,tip,650.000,144.615,2.500,3.000,0.7200,0.450,0.000,105.0,281000,6,5.0,4.300000,0.8417000,0.0119100,-0.0328000
xfoil,r2a-sm5,tip,650.000,144.615,2.500,3.000,0.7200,0.450,0.000,105.0,281000,6,5.0,4.800000,0.8939000,0.0129700,-0.0329000
xfoil,r2a-sm5,tip,650.000,144.615,2.500,3.000,0.7200,0.450,0.000,105.0,281000,6,5.0,5.300000,0.9450000,0.0141100,-0.0328000
xfoil,r2a-sm5,tip,650.000,144.615,2.500,3.000,0.7200,0.450,0.000,105.0,281000,6,5.0,5.800000,0.9949000,0.0153600,-0.0326000
xfoil,r2a-sm5,tip,650.000,144.615,2.500,3.000,0.7200,0.450,0.000,105.0,281000,6,5.0,6.300000,1.0411000,0.0171500,-0.0321000
xfoil,r2a-sm5,tip,650.000,144.615,2.500,3.000,0.7200,0.450,0.000,105.0,281000,6,5.0,6.800000,1.0859000,0.0190600,-0.0312000
xfoil,r2a-sm5,tip,650.000,144.615,2.500,3.000,0.7200,0.450,0.000,105.0,281000,10,-5.0,-1.800000,-0.5292000,0.0173300,0.0707000
xfoil,r2a-sm5,tip,650.000,144.615,2.500,3.000,0.7200,0.450,0.000,105.0,281000,10,-5.0,-1.300000,-0.4778000,0.0157800,0.0721000
xfoil,r2a-sm5,tip,650.000,144.615,2.500,3.000,0.7200,0.450,0.000,105.0,281000,10,-5.0,-0.800000,-0.4251000,0.0146700,0.0733000
xfoil,r2a-sm5,tip,650.000,144.615,2.500,3.000,0.7200,0.450,0.000,105.0,281000,10,-5.0,-0.300000,-0.3879000,0.0113700,0.0764000
xfoil,r2a-sm5,tip,650.000,144.615,2.500,3.000,0.7200,0.450,0.000,105.0,281000,10,-5.0,0.200000,-0.3620000,0.0103500,0.0856000
xfoil,r2a-sm5,tip,650.000,144.615,2.500,3.000,0.7200,0.450,0.000,105.0,281000,10,-5.0,0.700000,-0.2636000,0.0120400,0.0820000
xfoil,r2a-sm5,tip,650.000,144.615,2.500,3.000,0.7200,0.450,0.000,105.0,281000,10,-5.0,1.200000,-0.1806000,0.0122100,0.0774000
xfoil,r2a-sm5,tip,650.000,144.615,2.500,3.000,0.7200,0.450,0.000,105.0,281000,10,-5.0,1.700000,-0.0993000,0.0121300,0.0726000
xfoil,r2a-sm5,tip,650.000,144.615,2.500,3.000,0.7200,0.450,0.000,105.0,281000,10,-5.0,2.200000,-0.0106000,0.0120000,0.0662000
xfoil,r2a-sm5,tip,650.000,144.615,2.500,3.000,0.7200,0.450,0.000,105.0,281000,10,-5.0,2.700000,0.0701000,0.0117200,0.0612000
xfoil,r2a-sm5,tip,650.000,144.615,2.500,3.000,0.7200,0.450,0.000,105.0,281000,10,-5.0,3.200000,0.1228000,0.0114500,0.0616000
xfoil,r2a-sm5,tip,650.000,144.615,2.500,3.000,0.7200,0.450,0.000,105.0,281000,10,-5.0,3.700000,0.1759000,0.0112400,0.0620000
xfoil,r2a-sm5,tip,650.000,144.615,2.500,3.000,0.7200,0.450,0.000,105.0,281000,10,-5.0,4.200000,0.2297000,0.0111100,0.0621000
xfoil,r2a-sm5,tip,650.000,144.615,2.500,3.000,0.7200,0.450,0.000,105.0,281000,10,-5.0,4.700000,0.2843000,0.0110800,0.0620000
xfoil,r2a-sm5,tip,650.000,144.615,2.500,3.000,0.7200,0.450,0.000,105.0,281000,10,-5.0,5.200000,0.3382000,0.0111100,0.0620000
xfoil,r2a-sm5,tip,650.000,144.615,2.500,3.000,0.7200,0.450,0.000,105.0,281000,10,-5.0,5.700000,0.3920000,0.0112200,0.0618000
xfoil,r2a-sm5,tip,650.000,144.615,2.500,3.000,0.7200,0.450,0.000,105.0,281000,10,-5.0,6.200000,0.4474000,0.0114200,0.0613000
xfoil,r2a-sm5,tip,650.000,144.615,2.500,3.000,0.7200,0.450,0.000,105.0,281000,10,-5.0,7.200000,0.5623000,0.0121500,0.0588000
xfoil,r2a-sm5,tip,650.000,144.615,2.500,3.000,0.7200,0.450,0.000,105.0,281000,10,-5.0,7.700000,0.6187000,0.0127400,0.0574000
xfoil,r2a-sm5,tip,650.000,144.615,2.500,3.000,0.7200,0.450,0.000,105.0,281000,10,-5.0,8.200000,0.6739000,0.0134900,0.0561000
xfoil,r2a-sm5,tip,650.000,144.615,2.500,3.000,0.7200,0.450,0.000,105.0,281000,10,-5.0,8.700000,0.7263000,0.0143500,0.0551000
xfoil,r2a-sm5,tip,650.000,144.615,2.500,3.000,0.7200,0.450,0.000,105.0,281000,10,-5.0,9.200000,0.7807000,0.0169700,0.0523000
xfoil,r2a-sm5,tip,650.000,144.615,2.500,3.000,0.7200,0.450,0.000,105.0,281000,10,-5.0,9.700000,0.8246000,0.0192200,0.0517000
xfoil,r2a-sm5,tip,650.000,144.615,2.500,3.000,0.7200,0.450,0.000,105.0,281000,10,-5.0,10.200000,0.8507000,0.0215000,0.0541000
xfoil,r2a-sm5,tip,650.000,144.615,2.500,3.000,0.7200,0.450,0.000,105.0,281000,10,-5.0,10.700000,0.8828000,0.0239800,0.0559000
xfoil,r2a-sm5,tip,650.000,144.615,2.500,3.000,0.7200,0.450,0.000,105.0,281000,10,-5.0,11.200000,0.9187000,0.0270000,0.0572000
xfoil,r2a-sm5,tip,650.000,144.615,2.500,3.000,0.7200,0.450,0.000,105.0,281000,10,-5.0,11.700000,0.9534000,0.0307400,0.0582000
xfoil,r2a-sm5,tip,650.000,144.615,2.500,3.000,0.7200,0.450,0.000,105.0,281000,10,-5.0,12.200000,0.9832000,0.0357500,0.0587000
xfoil,r2a-sm5,tip,650.000,144.615,2.500,3.000,0.7200,0.450,0.000,105.0,281000,10,-5.0,12.700000,1.0009000,0.0419200,0.0578000
xfoil,r2a-sm5,tip,650.000,144.615,2.500,3.000,0.7200,0.450,0.000,105.0,281000,10,-5.0,13.200000,0.9662000,0.0522800,0.0512000
xfoil,r2a-sm5,tip,650.000,144.615,2.500,3.000,0.7200,0.450,0.000,105.0,281000,10,0.0,-4.000000,-0.4302000,0.0189700,0.0169000
xfoil,r2a-sm5,tip,650.000,144.615,2.500,3.000,0.7200,0.450,0.000,105.0,281000,10,0.0,-3.500000,-0.3776000,0.0158100,0.0184000
xfoil,r2a-sm5,tip,650.000,144.615,2.500,3.000,0.7200,0.450,0.000,105.0,281000,10,0.0,-3.000000,-0.3250000,0.0140500,0.0197000
xfoil,r2a-sm5,tip,650.000,144.615,2.500,3.000,0.7200,0.450,0.000,105.0,281000,10,0.0,-2.500000,-0.2719000,0.0128600,0.0208000
xfoil,r2a-sm5,tip,650.000,144.615,2.500,3.000,0.7200,0.450,0.000,105.0,281000,10,0.0,-2.000000,-0.2223000,0.0104900,0.0216000
xfoil,r2a-sm5,tip,650.000,144.615,2.500,3.000,0.7200,0.450,0.000,105.0,281000,10,0.0,-1.500000,-0.1806000,0.0083100,0.0264000
xfoil,r2a-sm5,tip,650.000,144.615,2.500,3.000,0.7200,0.450,0.000,105.0,281000,10,0.0,-1.000000,-0.0599000,0.0088500,0.0141000
xfoil,r2a-sm5,tip,650.000,144.615,2.500,3.000,0.7200,0.450,0.000,105.0,281000,10,0.0,-0.500000,-0.0071000,0.0088000,0.0146000
xfoil,r2a-sm5,tip,650.000,144.615,2.500,3.000,0.7200,0.450,0.000,105.0,281000,10,0.0,-0.000000,0.0453000,0.0087600,0.0152000
xfoil,r2a-sm5,tip,650.000,144.615,2.500,3.000,0.7200,0.450,0.000,105.0,281000,10,0.0,0.500000,0.0977000,0.0086900,0.0159000
xfoil,r2a-sm5,tip,650.000,144.615,2.500,3.000,0.7200,0.450,0.000,105.0,281000,10,0.0,1.000000,0.1503000,0.0085900,0.0167000
xfoil,r2a-sm5,tip,650.000,144.615,2.500,3.000,0.7200,0.450,0.000,105.0,281000,10,0.0,1.500000,0.2029000,0.0084900,0.0176000
xfoil,r2a-sm5,tip,650.000,144.615,2.500,3.000,0.7200,0.450,0.000,105.0,281000,10,0.0,2.000000,0.2563000,0.0084500,0.0183000
xfoil,r2a-sm5,tip,650.000,144.615,2.500,3.000,0.7200,0.450,0.000,105.0,281000,10,0.0,2.500000,0.3100000,0.0084800,0.0189000
xfoil,r2a-sm5,tip,650.000,144.615,2.500,3.000,0.7200,0.450,0.000,105.0,281000,10,0.0,3.000000,0.3640000,0.0085900,0.0194000
xfoil,r2a-sm5,tip,650.000,144.615,2.500,3.000,0.7200,0.450,0.000,105.0,281000,10,0.0,4.000000,0.4740000,0.0090900,0.0198000
xfoil,r2a-sm5,tip,650.000,144.615,2.500,3.000,0.7200,0.450,0.000,105.0,281000,10,0.0,4.500000,0.5294000,0.0094900,0.0197000
xfoil,r2a-sm5,tip,650.000,144.615,2.500,3.000,0.7200,0.450,0.000,105.0,281000,10,0.0,5.000000,0.5851000,0.0099800,0.0194000
xfoil,r2a-sm5,tip,650.000,144.615,2.500,3.000,0.7200,0.450,0.000,105.0,281000,10,0.0,5.500000,0.6408000,0.0105600,0.0191000
xfoil,r2a-sm5,tip,650.000,144.615,2.500,3.000,0.7200,0.450,0.000,105.0,281000,10,0.0,6.000000,0.6962000,0.0112700,0.0185000
xfoil,r2a-sm5,tip,650.000,144.615,2.500,3.000,0.7200,0.450,0.000,105.0,281000,10,0.0,6.500000,0.7511000,0.0121200,0.0179000
xfoil,r2a-sm5,tip,650.000,144.615,2.500,3.000,0.7200,0.450,0.000,105.0,281000,10,0.0,7.000000,0.8052000,0.0131600,0.0172000
xfoil,r2a-sm5,tip,650.000,144.615,2.500,3.000,0.7200,0.450,0.000,105.0,281000,10,0.0,7.500000,0.8584000,0.0143000,0.0166000
xfoil,r2a-sm5,tip,650.000,144.615,2.500,3.000,0.7200,0.450,0.000,105.0,281000,10,0.0,8.000000,0.9062000,0.0172200,0.0157000
xfoil,r2a-sm5,tip,650.000,144.615,2.500,3.000,0.7200,0.450,0.000,105.0,281000,10,0.0,8.500000,0.9525000,0.0197400,0.0156000
xfoil,r2a-sm5,tip,650.000,144.615,2.500,3.000,0.7200,0.450,0.000,105.0,281000,10,0.0,9.000000,0.9930000,0.0227300,0.0160000
xfoil,r2a-sm5,tip,650.000,144.615,2.500,3.000,0.7200,0.450,0.000,105.0,281000,10,0.0,9.500000,1.0332000,0.0255600,0.0171000
xfoil,r2a-sm5,tip,650.000,144.615,2.500,3.000,0.7200,0.450,0.000,105.0,281000,10,0.0,10.000000,1.0714000,0.0288600,0.0184000
xfoil,r2a-sm5,tip,650.000,144.615,2.500,3.000,0.7200,0.450,0.000,105.0,281000,10,5.0,-6.200000,-0.2634000,0.0203100,-0.0559000
xfoil,r2a-sm5,tip,650.000,144.615,2.500,3.000,0.7200,0.450,0.000,105.0,281000,10,5.0,-5.700000,-0.2122000,0.0162500,-0.0529000
xfoil,r2a-sm5,tip,650.000,144.615,2.500,3.000,0.7200,0.450,0.000,105.0,281000,10,5.0,-5.200000,-0.1658000,0.0144600,-0.0501000
xfoil,r2a-sm5,tip,650.000,144.615,2.500,3.000,0.7200,0.450,0.000,105.0,281000,10,5.0,-4.700000,-0.1206000,0.0131600,-0.0471000
xfoil,r2a-sm5,tip,650.000,144.615,2.500,3.000,0.7200,0.450,0.000,105.0,281000,10,5.0,-4.200000,-0.0737000,0.0122700,-0.0444000
xfoil,r2a-sm5,tip,650.000,144.615,2.500,3.000,0.7200,0.450,0.000,105.0,281000,10,5.0,-3.700000,-0.0270000,0.0102000,-0.0428000
xfoil,r2a-sm5,tip,650.000,144.615,2.500,3.000,0.7200,0.450,0.000,105.0,281000,10,5.0,-3.200000,0.0183000,0.0093300,-0.0401000
xfoil,r2a-sm5,tip,650.000,144.615,2.500,3.000,0.7200,0.450,0.000,105.0,281000,10,5.0,-2.700000,0.0627000,0.0087500,-0.0365000
xfoil,r2a-sm5,tip,650.000,144.615,2.500,3.000,0.7200,0.450,0.000,105.0,281000,10,5.0,-2.200000,0.1322000,0.0081000,-0.0382000
xfoil,r2a-sm5,tip,650.000,144.615,2.500,3.000,0.7200,0.450,0.000,105.0,281000,10,5.0,-1.700000,0.1851000,0.0081000,-0.0371000
xfoil,r2a-sm5,tip,650.000,144.615,2.500,3.000,0.7200,0.450,0.000,105.0,281000,10,5.0,-1.200000,0.2386000,0.0080700,-0.0361000
xfoil,r2a-sm5,tip,650.000,144.615,2.500,3.000,0.7200,0.450,0.000,105.0,281000,10,5.0,-0.700000,0.2928000,0.0080200,-0.0352000
xfoil,r2a-sm5,tip,650.000,144.615,2.500,3.000,0.7200,0.450,0.000,105.0,281000,10,5.0,-0.200000,0.3477000,0.0079600,-0.0345000
xfoil,r2a-sm5,tip,650.000,144.615,2.500,3.000,0.7200,0.450,0.000,105.0,281000,10,5.0,0.300000,0.4033000,0.0078900,-0.0339000
xfoil,r2a-sm5,tip,650.000,144.615,2.500,3.000,0.7200,0.450,0.000,105.0,281000,10,5.0,0.800000,0.4583000,0.0079100,-0.0332000
xfoil,r2a-sm5,tip,650.000,144.615,2.500,3.000,0.7200,0.450,0.000,105.0,281000,10,5.0,1.300000,0.5133000,0.0081600,-0.0327000
xfoil,r2a-sm5,tip,650.000,144.615,2.500,3.000,0.7200,0.450,0.000,105.0,281000,10,5.0,1.800000,0.5693000,0.0084500,-0.0325000
xfoil,r2a-sm5,tip,650.000,144.615,2.500,3.000,0.7200,0.450,0.000,105.0,281000,10,5.0,2.300000,0.6252000,0.0088100,-0.0324000
xfoil,r2a-sm5,tip,650.000,144.615,2.500,3.000,0.7200,0.450,0.000,105.0,281000,10,5.0,2.800000,0.6808000,0.0092900,-0.0324000
xfoil,r2a-sm5,tip,650.000,144.615,2.500,3.000,0.7200,0.450,0.000,105.0,281000,10,5.0,3.300000,0.7361000,0.0098800,-0.0324000
xfoil,r2a-sm5,tip,650.000,144.615,2.500,3.000,0.7200,0.450,0.000,105.0,281000,10,5.0,3.800000,0.7908000,0.0105600,-0.0325000
xfoil,r2a-sm5,tip,650.000,144.615,2.500,3.000,0.7200,0.450,0.000,105.0,281000,10,5.0,4.300000,0.8446000,0.0113800,-0.0326000
xfoil,r2a-sm5,tip,650.000,144.615,2.500,3.000,0.7200,0.450,0.000,105.0,281000,10,5.0,4.800000,0.8973000,0.0123300,-0.0326000
xfoil,r2a-sm5,tip,650.000,144.615,2.500,3.000,0.7200,0.450,0.000,105.0,281000,10,5.0,5.300000,0.9489000,0.0134100,-0.0326000
xfoil,r2a-sm5,tip,650.000,144.615,2.500,3.000,0.7200,0.450,0.000,105.0,281000,10,5.0,5.800000,0.9991000,0.0146500,-0.0324000
xfoil,r2a-sm5,tip,650.000,144.615,2.500,3.000,0.7200,0.450,0.000,105.0,281000,10,5.0,6.300000,1.0455000,0.0164700,-0.0320000
xfoil,r2a-sm5,tip,650.000,144.615,2.500,3.000,0.7200,0.450,0.000,105.0,281000,10,5.0,6.800000,1.0830000,0.0198200,-0.0304000
